ISO-10303-21;
HEADER;
FILE_DESCRIPTION(('Open CASCADE Model'),'2;1');
FILE_NAME('Open CASCADE Shape Model','2026-10-08T18:28:12',('Author'),(
    'Open CASCADE'),'Open CASCADE STEP processor 7.8','Open CASCADE 7.8'
  ,'Unknown');
FILE_SCHEMA(('AUTOMOTIVE_DESIGN { 1 0 10303 214 1 1 1 1 }'));
ENDSEC;
DATA;
#1 = APPLICATION_PROTOCOL_DEFINITION('international standard',
  'automotive_design',2000,#2);
#2 = APPLICATION_CONTEXT(
  'core data for automotive mechanical design processes');
#3 = SHAPE_DEFINITION_REPRESENTATION(#4,#10);
#4 = PRODUCT_DEFINITION_SHAPE('','',#5);
#5 = PRODUCT_DEFINITION('design','',#6,#9);
#6 = PRODUCT_DEFINITION_FORMATION('','',#7);
#7 = PRODUCT('Open CASCADE STEP translator 7.8 4',
  'Open CASCADE STEP translator 7.8 4','',(#8));
#8 = PRODUCT_CONTEXT('',#2,'mechanical');
#9 = PRODUCT_DEFINITION_CONTEXT('part definition',#2,'design');
#10 = ADVANCED_BREP_SHAPE_REPRESENTATION('',(#11,#15),#15121);
#11 = AXIS2_PLACEMENT_3D('',#12,#13,#14);
#12 = CARTESIAN_POINT('',(0.,0.,0.));
#13 = DIRECTION('',(0.,0.,1.));
#14 = DIRECTION('',(1.,0.,-0.));
#15 = MANIFOLD_SOLID_BREP('',#16);
#16 = CLOSED_SHELL('',(#17,#105,#5641,#10217,#10244,#10271,#10316,#10361
    ,#10406,#10451,#10496,#10541,#10586,#10631,#10676,#10721,#10766,
    #10811,#10856,#10901,#10946,#10991,#11036,#11081,#11126,#11171,
    #11216,#11261,#11306,#11351,#11396,#11441,#11486,#11531,#11576,
    #11621,#11666,#11711,#11756,#11801,#11846,#11891,#11936,#11981,
    #12026,#12071,#12116,#12161,#12206,#12251,#12296,#12341,#12386,
    #12431,#12458,#12485,#12510,#12535,#12560,#12585,#12610,#12635,
    #12660,#12685,#12710,#12735,#12760,#12785,#12810,#12835,#12860,
    #12885,#12910,#12935,#12960,#12985,#13010,#13035,#13060,#13085,
    #13110,#13135,#13160,#13185,#13210,#13235,#13260,#13285,#13310,
    #13335,#13360,#13385,#13410,#13435,#13460,#13485,#13510,#13535,
    #13560,#13585,#13610,#13635,#13642,#13649,#13674,#13699,#13706,
    #13713,#13738,#13763,#13788,#13813,#13838,#13863,#13888,#13913,
    #13938,#13963,#13988,#14013,#14038,#14063,#14088,#14113,#14138,
    #14163,#14188,#14213,#14238,#14263,#14288,#14313,#14338,#14363,
    #14388,#14413,#14438,#14463,#14488,#14513,#14538,#14563,#14588,
    #14613,#14638,#14663,#14688,#14713,#14738,#14763,#14788,#14813,
    #14820,#14827,#14834,#14841,#14848,#14855,#14862,#14869,#14876,
    #14883,#14890,#14897,#14904,#14911,#14918,#14925,#14932,#14939,
    #14946,#14953,#14960,#14967,#14974,#14981,#14988,#14995,#15002,
    #15009,#15016,#15023,#15030,#15037,#15044,#15051,#15058,#15065,
    #15072,#15079,#15086,#15093,#15100,#15107,#15114));
#17 = ADVANCED_FACE('',(#18),#31,.T.);
#18 = FACE_BOUND('',#19,.T.);
#19 = EDGE_LOOP('',(#20,#54,#77,#104));
#20 = ORIENTED_EDGE('',*,*,#21,.F.);
#21 = EDGE_CURVE('',#22,#22,#24,.T.);
#22 = VERTEX_POINT('',#23);
#23 = CARTESIAN_POINT('',(-1.836970198721E-14,-15.6,75.));
#24 = SURFACE_CURVE('',#25,(#30,#42),.PCURVE_S1.);
#25 = CIRCLE('',#26,75.);
#26 = AXIS2_PLACEMENT_3D('',#27,#28,#29);
#27 = CARTESIAN_POINT('',(0.,-15.6,0.));
#28 = DIRECTION('',(0.,1.,0.));
#29 = DIRECTION('',(0.,-0.,1.));
#30 = PCURVE('',#31,#36);
#31 = CYLINDRICAL_SURFACE('',#32,75.);
#32 = AXIS2_PLACEMENT_3D('',#33,#34,#35);
#33 = CARTESIAN_POINT('',(0.,-18.,0.));
#34 = DIRECTION('',(0.,1.,0.));
#35 = DIRECTION('',(0.,-0.,1.));
#36 = DEFINITIONAL_REPRESENTATION('',(#37),#41);
#37 = LINE('',#38,#39);
#38 = CARTESIAN_POINT('',(0.,2.4));
#39 = VECTOR('',#40,1.);
#40 = DIRECTION('',(1.,0.));
#41 = ( GEOMETRIC_REPRESENTATION_CONTEXT(2) 
PARAMETRIC_REPRESENTATION_CONTEXT() REPRESENTATION_CONTEXT('2D SPACE',''
  ) );
#42 = PCURVE('',#43,#48);
#43 = PLANE('',#44);
#44 = AXIS2_PLACEMENT_3D('',#45,#46,#47);
#45 = CARTESIAN_POINT('',(0.,-15.6,0.));
#46 = DIRECTION('',(0.,1.,0.));
#47 = DIRECTION('',(0.,-0.,1.));
#48 = DEFINITIONAL_REPRESENTATION('',(#49),#53);
#49 = CIRCLE('',#50,75.);
#50 = AXIS2_PLACEMENT_2D('',#51,#52);
#51 = CARTESIAN_POINT('',(0.,0.));
#52 = DIRECTION('',(1.,0.));
#53 = ( GEOMETRIC_REPRESENTATION_CONTEXT(2) 
PARAMETRIC_REPRESENTATION_CONTEXT() REPRESENTATION_CONTEXT('2D SPACE',''
  ) );
#54 = ORIENTED_EDGE('',*,*,#55,.F.);
#55 = EDGE_CURVE('',#56,#22,#58,.T.);
#56 = VERTEX_POINT('',#57);
#57 = CARTESIAN_POINT('',(-1.836970198721E-14,-18.,75.));
#58 = SEAM_CURVE('',#59,(#63,#70),.PCURVE_S1.);
#59 = LINE('',#60,#61);
#60 = CARTESIAN_POINT('',(-1.836970198721E-14,-18.,75.));
#61 = VECTOR('',#62,1.);
#62 = DIRECTION('',(0.,1.,0.));
#63 = PCURVE('',#31,#64);
#64 = DEFINITIONAL_REPRESENTATION('',(#65),#69);
#65 = LINE('',#66,#67);
#66 = CARTESIAN_POINT('',(6.28318530718,-0.));
#67 = VECTOR('',#68,1.);
#68 = DIRECTION('',(0.,1.));
#69 = ( GEOMETRIC_REPRESENTATION_CONTEXT(2) 
PARAMETRIC_REPRESENTATION_CONTEXT() REPRESENTATION_CONTEXT('2D SPACE',''
  ) );
#70 = PCURVE('',#31,#71);
#71 = DEFINITIONAL_REPRESENTATION('',(#72),#76);
#72 = LINE('',#73,#74);
#73 = CARTESIAN_POINT('',(0.,-0.));
#74 = VECTOR('',#75,1.);
#75 = DIRECTION('',(0.,1.));
#76 = ( GEOMETRIC_REPRESENTATION_CONTEXT(2) 
PARAMETRIC_REPRESENTATION_CONTEXT() REPRESENTATION_CONTEXT('2D SPACE',''
  ) );
#77 = ORIENTED_EDGE('',*,*,#78,.T.);
#78 = EDGE_CURVE('',#56,#56,#79,.T.);
#79 = SURFACE_CURVE('',#80,(#85,#92),.PCURVE_S1.);
#80 = CIRCLE('',#81,75.);
#81 = AXIS2_PLACEMENT_3D('',#82,#83,#84);
#82 = CARTESIAN_POINT('',(0.,-18.,0.));
#83 = DIRECTION('',(0.,1.,0.));
#84 = DIRECTION('',(0.,-0.,1.));
#85 = PCURVE('',#31,#86);
#86 = DEFINITIONAL_REPRESENTATION('',(#87),#91);
#87 = LINE('',#88,#89);
#88 = CARTESIAN_POINT('',(0.,0.));
#89 = VECTOR('',#90,1.);
#90 = DIRECTION('',(1.,0.));
#91 = ( GEOMETRIC_REPRESENTATION_CONTEXT(2) 
PARAMETRIC_REPRESENTATION_CONTEXT() REPRESENTATION_CONTEXT('2D SPACE',''
  ) );
#92 = PCURVE('',#93,#98);
#93 = PLANE('',#94);
#94 = AXIS2_PLACEMENT_3D('',#95,#96,#97);
#95 = CARTESIAN_POINT('',(0.,-18.,0.));
#96 = DIRECTION('',(0.,1.,0.));
#97 = DIRECTION('',(0.,-0.,1.));
#98 = DEFINITIONAL_REPRESENTATION('',(#99),#103);
#99 = CIRCLE('',#100,75.);
#100 = AXIS2_PLACEMENT_2D('',#101,#102);
#101 = CARTESIAN_POINT('',(0.,0.));
#102 = DIRECTION('',(1.,0.));
#103 = ( GEOMETRIC_REPRESENTATION_CONTEXT(2) 
PARAMETRIC_REPRESENTATION_CONTEXT() REPRESENTATION_CONTEXT('2D SPACE',''
  ) );
#104 = ORIENTED_EDGE('',*,*,#55,.T.);
#105 = ADVANCED_FACE('',(#106,#109,#140,#171,#286,#401,#516,#631,#746,
    #861,#976,#1091,#1206,#1321,#1436,#1551,#1666,#1781,#1896,#2011,
    #2126,#2241,#2356,#2471,#2586,#2701,#2788,#2875,#2962,#3049,#3164,
    #3279,#3394,#3509,#3624,#3739,#3854,#3969,#4084,#4199,#4314,#4429,
    #4544,#4659,#4774,#4889,#5004,#5119,#5234,#5349,#5464,#5579,#5610),
  #43,.T.);
#106 = FACE_BOUND('',#107,.T.);
#107 = EDGE_LOOP('',(#108));
#108 = ORIENTED_EDGE('',*,*,#21,.T.);
#109 = FACE_BOUND('',#110,.T.);
#110 = EDGE_LOOP('',(#111));
#111 = ORIENTED_EDGE('',*,*,#112,.F.);
#112 = EDGE_CURVE('',#113,#113,#115,.T.);
#113 = VERTEX_POINT('',#114);
#114 = CARTESIAN_POINT('',(-72.,-15.6,1.1));
#115 = SURFACE_CURVE('',#116,(#121,#128),.PCURVE_S1.);
#116 = CIRCLE('',#117,1.1);
#117 = AXIS2_PLACEMENT_3D('',#118,#119,#120);
#118 = CARTESIAN_POINT('',(-72.,-15.6,0.));
#119 = DIRECTION('',(0.,1.,0.));
#120 = DIRECTION('',(0.,-0.,1.));
#121 = PCURVE('',#43,#122);
#122 = DEFINITIONAL_REPRESENTATION('',(#123),#127);
#123 = CIRCLE('',#124,1.1);
#124 = AXIS2_PLACEMENT_2D('',#125,#126);
#125 = CARTESIAN_POINT('',(0.,-72.));
#126 = DIRECTION('',(1.,0.));
#127 = ( GEOMETRIC_REPRESENTATION_CONTEXT(2) 
PARAMETRIC_REPRESENTATION_CONTEXT() REPRESENTATION_CONTEXT('2D SPACE',''
  ) );
#128 = PCURVE('',#129,#134);
#129 = CYLINDRICAL_SURFACE('',#130,1.1);
#130 = AXIS2_PLACEMENT_3D('',#131,#132,#133);
#131 = CARTESIAN_POINT('',(-72.,-18.1,0.));
#132 = DIRECTION('',(0.,1.,0.));
#133 = DIRECTION('',(0.,-0.,1.));
#134 = DEFINITIONAL_REPRESENTATION('',(#135),#139);
#135 = LINE('',#136,#137);
#136 = CARTESIAN_POINT('',(0.,2.5));
#137 = VECTOR('',#138,1.);
#138 = DIRECTION('',(1.,0.));
#139 = ( GEOMETRIC_REPRESENTATION_CONTEXT(2) 
PARAMETRIC_REPRESENTATION_CONTEXT() REPRESENTATION_CONTEXT('2D SPACE',''
  ) );
#140 = FACE_BOUND('',#141,.T.);
#141 = EDGE_LOOP('',(#142));
#142 = ORIENTED_EDGE('',*,*,#143,.F.);
#143 = EDGE_CURVE('',#144,#144,#146,.T.);
#144 = VERTEX_POINT('',#145);
#145 = CARTESIAN_POINT('',(-2.694222958124E-16,-15.6,-70.9));
#146 = SURFACE_CURVE('',#147,(#152,#159),.PCURVE_S1.);
#147 = CIRCLE('',#148,1.1);
#148 = AXIS2_PLACEMENT_3D('',#149,#150,#151);
#149 = CARTESIAN_POINT('',(0.,-15.6,-72.));
#150 = DIRECTION('',(0.,1.,0.));
#151 = DIRECTION('',(0.,-0.,1.));
#152 = PCURVE('',#43,#153);
#153 = DEFINITIONAL_REPRESENTATION('',(#154),#158);
#154 = CIRCLE('',#155,1.1);
#155 = AXIS2_PLACEMENT_2D('',#156,#157);
#156 = CARTESIAN_POINT('',(-72.,0.));
#157 = DIRECTION('',(1.,0.));
#158 = ( GEOMETRIC_REPRESENTATION_CONTEXT(2) 
PARAMETRIC_REPRESENTATION_CONTEXT() REPRESENTATION_CONTEXT('2D SPACE',''
  ) );
#159 = PCURVE('',#160,#165);
#160 = CYLINDRICAL_SURFACE('',#161,1.1);
#161 = AXIS2_PLACEMENT_3D('',#162,#163,#164);
#162 = CARTESIAN_POINT('',(0.,-18.1,-72.));
#163 = DIRECTION('',(0.,1.,0.));
#164 = DIRECTION('',(0.,-0.,1.));
#165 = DEFINITIONAL_REPRESENTATION('',(#166),#170);
#166 = LINE('',#167,#168);
#167 = CARTESIAN_POINT('',(0.,2.5));
#168 = VECTOR('',#169,1.);
#169 = DIRECTION('',(1.,0.));
#170 = ( GEOMETRIC_REPRESENTATION_CONTEXT(2) 
PARAMETRIC_REPRESENTATION_CONTEXT() REPRESENTATION_CONTEXT('2D SPACE',''
  ) );
#171 = FACE_BOUND('',#172,.T.);
#172 = EDGE_LOOP('',(#173,#204,#232,#260));
#173 = ORIENTED_EDGE('',*,*,#174,.F.);
#174 = EDGE_CURVE('',#175,#177,#179,.T.);
#175 = VERTEX_POINT('',#176);
#176 = CARTESIAN_POINT('',(0.6,-15.6,68.997391255032));
#177 = VERTEX_POINT('',#178);
#178 = CARTESIAN_POINT('',(5.399999999998,-15.6,68.78837111024));
#179 = SURFACE_CURVE('',#180,(#185,#192),.PCURVE_S1.);
#180 = CIRCLE('',#181,69.);
#181 = AXIS2_PLACEMENT_3D('',#182,#183,#184);
#182 = CARTESIAN_POINT('',(0.,-15.6,0.));
#183 = DIRECTION('',(0.,1.,0.));
#184 = DIRECTION('',(0.,-0.,1.));
#185 = PCURVE('',#43,#186);
#186 = DEFINITIONAL_REPRESENTATION('',(#187),#191);
#187 = CIRCLE('',#188,69.);
#188 = AXIS2_PLACEMENT_2D('',#189,#190);
#189 = CARTESIAN_POINT('',(0.,0.));
#190 = DIRECTION('',(1.,0.));
#191 = ( GEOMETRIC_REPRESENTATION_CONTEXT(2) 
PARAMETRIC_REPRESENTATION_CONTEXT() REPRESENTATION_CONTEXT('2D SPACE',''
  ) );
#192 = PCURVE('',#193,#198);
#193 = CYLINDRICAL_SURFACE('',#194,69.);
#194 = AXIS2_PLACEMENT_3D('',#195,#196,#197);
#195 = CARTESIAN_POINT('',(0.,-18.1,0.));
#196 = DIRECTION('',(0.,1.,0.));
#197 = DIRECTION('',(0.,-0.,1.));
#198 = DEFINITIONAL_REPRESENTATION('',(#199),#203);
#199 = LINE('',#200,#201);
#200 = CARTESIAN_POINT('',(0.,2.5));
#201 = VECTOR('',#202,1.);
#202 = DIRECTION('',(1.,0.));
#203 = ( GEOMETRIC_REPRESENTATION_CONTEXT(2) 
PARAMETRIC_REPRESENTATION_CONTEXT() REPRESENTATION_CONTEXT('2D SPACE',''
  ) );
#204 = ORIENTED_EDGE('',*,*,#205,.F.);
#205 = EDGE_CURVE('',#206,#175,#208,.T.);
#206 = VERTEX_POINT('',#207);
#207 = CARTESIAN_POINT('',(0.6,-15.6,0.6));
#208 = SURFACE_CURVE('',#209,(#213,#220),.PCURVE_S1.);
#209 = LINE('',#210,#211);
#210 = CARTESIAN_POINT('',(0.6,-15.6,-70.));
#211 = VECTOR('',#212,1.);
#212 = DIRECTION('',(0.,0.,1.));
#213 = PCURVE('',#43,#214);
#214 = DEFINITIONAL_REPRESENTATION('',(#215),#219);
#215 = LINE('',#216,#217);
#216 = CARTESIAN_POINT('',(-70.,0.6));
#217 = VECTOR('',#218,1.);
#218 = DIRECTION('',(1.,0.));
#219 = ( GEOMETRIC_REPRESENTATION_CONTEXT(2) 
PARAMETRIC_REPRESENTATION_CONTEXT() REPRESENTATION_CONTEXT('2D SPACE',''
  ) );
#220 = PCURVE('',#221,#226);
#221 = PLANE('',#222);
#222 = AXIS2_PLACEMENT_3D('',#223,#224,#225);
#223 = CARTESIAN_POINT('',(0.6,-18.,-70.));
#224 = DIRECTION('',(1.,0.,0.));
#225 = DIRECTION('',(0.,0.,1.));
#226 = DEFINITIONAL_REPRESENTATION('',(#227),#231);
#227 = LINE('',#228,#229);
#228 = CARTESIAN_POINT('',(0.,-2.4));
#229 = VECTOR('',#230,1.);
#230 = DIRECTION('',(1.,0.));
#231 = ( GEOMETRIC_REPRESENTATION_CONTEXT(2) 
PARAMETRIC_REPRESENTATION_CONTEXT() REPRESENTATION_CONTEXT('2D SPACE',''
  ) );
#232 = ORIENTED_EDGE('',*,*,#233,.T.);
#233 = EDGE_CURVE('',#206,#234,#236,.T.);
#234 = VERTEX_POINT('',#235);
#235 = CARTESIAN_POINT('',(5.4,-15.6,0.6));
#236 = SURFACE_CURVE('',#237,(#241,#248),.PCURVE_S1.);
#237 = LINE('',#238,#239);
#238 = CARTESIAN_POINT('',(-70.,-15.6,0.6));
#239 = VECTOR('',#240,1.);
#240 = DIRECTION('',(1.,0.,0.));
#241 = PCURVE('',#43,#242);
#242 = DEFINITIONAL_REPRESENTATION('',(#243),#247);
#243 = LINE('',#244,#245);
#244 = CARTESIAN_POINT('',(0.6,-70.));
#245 = VECTOR('',#246,1.);
#246 = DIRECTION('',(0.,1.));
#247 = ( GEOMETRIC_REPRESENTATION_CONTEXT(2) 
PARAMETRIC_REPRESENTATION_CONTEXT() REPRESENTATION_CONTEXT('2D SPACE',''
  ) );
#248 = PCURVE('',#249,#254);
#249 = PLANE('',#250);
#250 = AXIS2_PLACEMENT_3D('',#251,#252,#253);
#251 = CARTESIAN_POINT('',(-70.,-18.,0.6));
#252 = DIRECTION('',(0.,0.,1.));
#253 = DIRECTION('',(1.,0.,0.));
#254 = DEFINITIONAL_REPRESENTATION('',(#255),#259);
#255 = LINE('',#256,#257);
#256 = CARTESIAN_POINT('',(0.,2.4));
#257 = VECTOR('',#258,1.);
#258 = DIRECTION('',(1.,0.));
#259 = ( GEOMETRIC_REPRESENTATION_CONTEXT(2) 
PARAMETRIC_REPRESENTATION_CONTEXT() REPRESENTATION_CONTEXT('2D SPACE',''
  ) );
#260 = ORIENTED_EDGE('',*,*,#261,.T.);
#261 = EDGE_CURVE('',#234,#177,#262,.T.);
#262 = SURFACE_CURVE('',#263,(#267,#274),.PCURVE_S1.);
#263 = LINE('',#264,#265);
#264 = CARTESIAN_POINT('',(5.4,-15.6,-70.));
#265 = VECTOR('',#266,1.);
#266 = DIRECTION('',(0.,0.,1.));
#267 = PCURVE('',#43,#268);
#268 = DEFINITIONAL_REPRESENTATION('',(#269),#273);
#269 = LINE('',#270,#271);
#270 = CARTESIAN_POINT('',(-70.,5.4));
#271 = VECTOR('',#272,1.);
#272 = DIRECTION('',(1.,0.));
#273 = ( GEOMETRIC_REPRESENTATION_CONTEXT(2) 
PARAMETRIC_REPRESENTATION_CONTEXT() REPRESENTATION_CONTEXT('2D SPACE',''
  ) );
#274 = PCURVE('',#275,#280);
#275 = PLANE('',#276);
#276 = AXIS2_PLACEMENT_3D('',#277,#278,#279);
#277 = CARTESIAN_POINT('',(5.4,-18.,-70.));
#278 = DIRECTION('',(1.,0.,0.));
#279 = DIRECTION('',(0.,0.,1.));
#280 = DEFINITIONAL_REPRESENTATION('',(#281),#285);
#281 = LINE('',#282,#283);
#282 = CARTESIAN_POINT('',(0.,-2.4));
#283 = VECTOR('',#284,1.);
#284 = DIRECTION('',(1.,0.));
#285 = ( GEOMETRIC_REPRESENTATION_CONTEXT(2) 
PARAMETRIC_REPRESENTATION_CONTEXT() REPRESENTATION_CONTEXT('2D SPACE',''
  ) );
#286 = FACE_BOUND('',#287,.T.);
#287 = EDGE_LOOP('',(#288,#319,#347,#375));
#288 = ORIENTED_EDGE('',*,*,#289,.F.);
#289 = EDGE_CURVE('',#290,#292,#294,.T.);
#290 = VERTEX_POINT('',#291);
#291 = CARTESIAN_POINT('',(-5.399999999998,-15.6,68.78837111024));
#292 = VERTEX_POINT('',#293);
#293 = CARTESIAN_POINT('',(-0.6,-15.6,68.997391255032));
#294 = SURFACE_CURVE('',#295,(#300,#307),.PCURVE_S1.);
#295 = CIRCLE('',#296,69.);
#296 = AXIS2_PLACEMENT_3D('',#297,#298,#299);
#297 = CARTESIAN_POINT('',(0.,-15.6,0.));
#298 = DIRECTION('',(0.,1.,0.));
#299 = DIRECTION('',(0.,-0.,1.));
#300 = PCURVE('',#43,#301);
#301 = DEFINITIONAL_REPRESENTATION('',(#302),#306);
#302 = CIRCLE('',#303,69.);
#303 = AXIS2_PLACEMENT_2D('',#304,#305);
#304 = CARTESIAN_POINT('',(0.,0.));
#305 = DIRECTION('',(1.,0.));
#306 = ( GEOMETRIC_REPRESENTATION_CONTEXT(2) 
PARAMETRIC_REPRESENTATION_CONTEXT() REPRESENTATION_CONTEXT('2D SPACE',''
  ) );
#307 = PCURVE('',#308,#313);
#308 = CYLINDRICAL_SURFACE('',#309,69.);
#309 = AXIS2_PLACEMENT_3D('',#310,#311,#312);
#310 = CARTESIAN_POINT('',(0.,-18.1,0.));
#311 = DIRECTION('',(0.,1.,0.));
#312 = DIRECTION('',(0.,-0.,1.));
#313 = DEFINITIONAL_REPRESENTATION('',(#314),#318);
#314 = LINE('',#315,#316);
#315 = CARTESIAN_POINT('',(0.,2.5));
#316 = VECTOR('',#317,1.);
#317 = DIRECTION('',(1.,0.));
#318 = ( GEOMETRIC_REPRESENTATION_CONTEXT(2) 
PARAMETRIC_REPRESENTATION_CONTEXT() REPRESENTATION_CONTEXT('2D SPACE',''
  ) );
#319 = ORIENTED_EDGE('',*,*,#320,.F.);
#320 = EDGE_CURVE('',#321,#290,#323,.T.);
#321 = VERTEX_POINT('',#322);
#322 = CARTESIAN_POINT('',(-5.4,-15.6,0.6));
#323 = SURFACE_CURVE('',#324,(#328,#335),.PCURVE_S1.);
#324 = LINE('',#325,#326);
#325 = CARTESIAN_POINT('',(-5.4,-15.6,-70.));
#326 = VECTOR('',#327,1.);
#327 = DIRECTION('',(0.,0.,1.));
#328 = PCURVE('',#43,#329);
#329 = DEFINITIONAL_REPRESENTATION('',(#330),#334);
#330 = LINE('',#331,#332);
#331 = CARTESIAN_POINT('',(-70.,-5.4));
#332 = VECTOR('',#333,1.);
#333 = DIRECTION('',(1.,0.));
#334 = ( GEOMETRIC_REPRESENTATION_CONTEXT(2) 
PARAMETRIC_REPRESENTATION_CONTEXT() REPRESENTATION_CONTEXT('2D SPACE',''
  ) );
#335 = PCURVE('',#336,#341);
#336 = PLANE('',#337);
#337 = AXIS2_PLACEMENT_3D('',#338,#339,#340);
#338 = CARTESIAN_POINT('',(-5.4,-18.,-70.));
#339 = DIRECTION('',(1.,0.,0.));
#340 = DIRECTION('',(0.,0.,1.));
#341 = DEFINITIONAL_REPRESENTATION('',(#342),#346);
#342 = LINE('',#343,#344);
#343 = CARTESIAN_POINT('',(0.,-2.4));
#344 = VECTOR('',#345,1.);
#345 = DIRECTION('',(1.,0.));
#346 = ( GEOMETRIC_REPRESENTATION_CONTEXT(2) 
PARAMETRIC_REPRESENTATION_CONTEXT() REPRESENTATION_CONTEXT('2D SPACE',''
  ) );
#347 = ORIENTED_EDGE('',*,*,#348,.T.);
#348 = EDGE_CURVE('',#321,#349,#351,.T.);
#349 = VERTEX_POINT('',#350);
#350 = CARTESIAN_POINT('',(-0.6,-15.6,0.6));
#351 = SURFACE_CURVE('',#352,(#356,#363),.PCURVE_S1.);
#352 = LINE('',#353,#354);
#353 = CARTESIAN_POINT('',(-70.,-15.6,0.6));
#354 = VECTOR('',#355,1.);
#355 = DIRECTION('',(1.,0.,0.));
#356 = PCURVE('',#43,#357);
#357 = DEFINITIONAL_REPRESENTATION('',(#358),#362);
#358 = LINE('',#359,#360);
#359 = CARTESIAN_POINT('',(0.6,-70.));
#360 = VECTOR('',#361,1.);
#361 = DIRECTION('',(0.,1.));
#362 = ( GEOMETRIC_REPRESENTATION_CONTEXT(2) 
PARAMETRIC_REPRESENTATION_CONTEXT() REPRESENTATION_CONTEXT('2D SPACE',''
  ) );
#363 = PCURVE('',#364,#369);
#364 = PLANE('',#365);
#365 = AXIS2_PLACEMENT_3D('',#366,#367,#368);
#366 = CARTESIAN_POINT('',(-70.,-18.,0.6));
#367 = DIRECTION('',(0.,0.,1.));
#368 = DIRECTION('',(1.,0.,0.));
#369 = DEFINITIONAL_REPRESENTATION('',(#370),#374);
#370 = LINE('',#371,#372);
#371 = CARTESIAN_POINT('',(0.,2.4));
#372 = VECTOR('',#373,1.);
#373 = DIRECTION('',(1.,0.));
#374 = ( GEOMETRIC_REPRESENTATION_CONTEXT(2) 
PARAMETRIC_REPRESENTATION_CONTEXT() REPRESENTATION_CONTEXT('2D SPACE',''
  ) );
#375 = ORIENTED_EDGE('',*,*,#376,.T.);
#376 = EDGE_CURVE('',#349,#292,#377,.T.);
#377 = SURFACE_CURVE('',#378,(#382,#389),.PCURVE_S1.);
#378 = LINE('',#379,#380);
#379 = CARTESIAN_POINT('',(-0.6,-15.6,-70.));
#380 = VECTOR('',#381,1.);
#381 = DIRECTION('',(0.,0.,1.));
#382 = PCURVE('',#43,#383);
#383 = DEFINITIONAL_REPRESENTATION('',(#384),#388);
#384 = LINE('',#385,#386);
#385 = CARTESIAN_POINT('',(-70.,-0.6));
#386 = VECTOR('',#387,1.);
#387 = DIRECTION('',(1.,0.));
#388 = ( GEOMETRIC_REPRESENTATION_CONTEXT(2) 
PARAMETRIC_REPRESENTATION_CONTEXT() REPRESENTATION_CONTEXT('2D SPACE',''
  ) );
#389 = PCURVE('',#390,#395);
#390 = PLANE('',#391);
#391 = AXIS2_PLACEMENT_3D('',#392,#393,#394);
#392 = CARTESIAN_POINT('',(-0.6,-18.,-70.));
#393 = DIRECTION('',(1.,0.,0.));
#394 = DIRECTION('',(0.,0.,1.));
#395 = DEFINITIONAL_REPRESENTATION('',(#396),#400);
#396 = LINE('',#397,#398);
#397 = CARTESIAN_POINT('',(0.,-2.4));
#398 = VECTOR('',#399,1.);
#399 = DIRECTION('',(1.,0.));
#400 = ( GEOMETRIC_REPRESENTATION_CONTEXT(2) 
PARAMETRIC_REPRESENTATION_CONTEXT() REPRESENTATION_CONTEXT('2D SPACE',''
  ) );
#401 = FACE_BOUND('',#402,.T.);
#402 = EDGE_LOOP('',(#403,#434,#462,#490));
#403 = ORIENTED_EDGE('',*,*,#404,.F.);
#404 = EDGE_CURVE('',#405,#407,#409,.T.);
#405 = VERTEX_POINT('',#406);
#406 = CARTESIAN_POINT('',(6.6,-15.6,68.68362250202));
#407 = VERTEX_POINT('',#408);
#408 = CARTESIAN_POINT('',(11.399999999999,-15.6,68.051745018038));
#409 = SURFACE_CURVE('',#410,(#415,#422),.PCURVE_S1.);
#410 = CIRCLE('',#411,69.);
#411 = AXIS2_PLACEMENT_3D('',#412,#413,#414);
#412 = CARTESIAN_POINT('',(0.,-15.6,0.));
#413 = DIRECTION('',(0.,1.,0.));
#414 = DIRECTION('',(0.,-0.,1.));
#415 = PCURVE('',#43,#416);
#416 = DEFINITIONAL_REPRESENTATION('',(#417),#421);
#417 = CIRCLE('',#418,69.);
#418 = AXIS2_PLACEMENT_2D('',#419,#420);
#419 = CARTESIAN_POINT('',(0.,0.));
#420 = DIRECTION('',(1.,0.));
#421 = ( GEOMETRIC_REPRESENTATION_CONTEXT(2) 
PARAMETRIC_REPRESENTATION_CONTEXT() REPRESENTATION_CONTEXT('2D SPACE',''
  ) );
#422 = PCURVE('',#423,#428);
#423 = CYLINDRICAL_SURFACE('',#424,69.);
#424 = AXIS2_PLACEMENT_3D('',#425,#426,#427);
#425 = CARTESIAN_POINT('',(0.,-18.1,0.));
#426 = DIRECTION('',(0.,1.,0.));
#427 = DIRECTION('',(0.,-0.,1.));
#428 = DEFINITIONAL_REPRESENTATION('',(#429),#433);
#429 = LINE('',#430,#431);
#430 = CARTESIAN_POINT('',(0.,2.5));
#431 = VECTOR('',#432,1.);
#432 = DIRECTION('',(1.,0.));
#433 = ( GEOMETRIC_REPRESENTATION_CONTEXT(2) 
PARAMETRIC_REPRESENTATION_CONTEXT() REPRESENTATION_CONTEXT('2D SPACE',''
  ) );
#434 = ORIENTED_EDGE('',*,*,#435,.F.);
#435 = EDGE_CURVE('',#436,#405,#438,.T.);
#436 = VERTEX_POINT('',#437);
#437 = CARTESIAN_POINT('',(6.6,-15.6,0.6));
#438 = SURFACE_CURVE('',#439,(#443,#450),.PCURVE_S1.);
#439 = LINE('',#440,#441);
#440 = CARTESIAN_POINT('',(6.6,-15.6,-70.));
#441 = VECTOR('',#442,1.);
#442 = DIRECTION('',(0.,0.,1.));
#443 = PCURVE('',#43,#444);
#444 = DEFINITIONAL_REPRESENTATION('',(#445),#449);
#445 = LINE('',#446,#447);
#446 = CARTESIAN_POINT('',(-70.,6.6));
#447 = VECTOR('',#448,1.);
#448 = DIRECTION('',(1.,0.));
#449 = ( GEOMETRIC_REPRESENTATION_CONTEXT(2) 
PARAMETRIC_REPRESENTATION_CONTEXT() REPRESENTATION_CONTEXT('2D SPACE',''
  ) );
#450 = PCURVE('',#451,#456);
#451 = PLANE('',#452);
#452 = AXIS2_PLACEMENT_3D('',#453,#454,#455);
#453 = CARTESIAN_POINT('',(6.6,-18.,-70.));
#454 = DIRECTION('',(1.,0.,0.));
#455 = DIRECTION('',(0.,0.,1.));
#456 = DEFINITIONAL_REPRESENTATION('',(#457),#461);
#457 = LINE('',#458,#459);
#458 = CARTESIAN_POINT('',(0.,-2.4));
#459 = VECTOR('',#460,1.);
#460 = DIRECTION('',(1.,0.));
#461 = ( GEOMETRIC_REPRESENTATION_CONTEXT(2) 
PARAMETRIC_REPRESENTATION_CONTEXT() REPRESENTATION_CONTEXT('2D SPACE',''
  ) );
#462 = ORIENTED_EDGE('',*,*,#463,.T.);
#463 = EDGE_CURVE('',#436,#464,#466,.T.);
#464 = VERTEX_POINT('',#465);
#465 = CARTESIAN_POINT('',(11.4,-15.6,0.6));
#466 = SURFACE_CURVE('',#467,(#471,#478),.PCURVE_S1.);
#467 = LINE('',#468,#469);
#468 = CARTESIAN_POINT('',(-70.,-15.6,0.6));
#469 = VECTOR('',#470,1.);
#470 = DIRECTION('',(1.,0.,0.));
#471 = PCURVE('',#43,#472);
#472 = DEFINITIONAL_REPRESENTATION('',(#473),#477);
#473 = LINE('',#474,#475);
#474 = CARTESIAN_POINT('',(0.6,-70.));
#475 = VECTOR('',#476,1.);
#476 = DIRECTION('',(0.,1.));
#477 = ( GEOMETRIC_REPRESENTATION_CONTEXT(2) 
PARAMETRIC_REPRESENTATION_CONTEXT() REPRESENTATION_CONTEXT('2D SPACE',''
  ) );
#478 = PCURVE('',#479,#484);
#479 = PLANE('',#480);
#480 = AXIS2_PLACEMENT_3D('',#481,#482,#483);
#481 = CARTESIAN_POINT('',(-70.,-18.,0.6));
#482 = DIRECTION('',(0.,0.,1.));
#483 = DIRECTION('',(1.,0.,0.));
#484 = DEFINITIONAL_REPRESENTATION('',(#485),#489);
#485 = LINE('',#486,#487);
#486 = CARTESIAN_POINT('',(0.,2.4));
#487 = VECTOR('',#488,1.);
#488 = DIRECTION('',(1.,0.));
#489 = ( GEOMETRIC_REPRESENTATION_CONTEXT(2) 
PARAMETRIC_REPRESENTATION_CONTEXT() REPRESENTATION_CONTEXT('2D SPACE',''
  ) );
#490 = ORIENTED_EDGE('',*,*,#491,.T.);
#491 = EDGE_CURVE('',#464,#407,#492,.T.);
#492 = SURFACE_CURVE('',#493,(#497,#504),.PCURVE_S1.);
#493 = LINE('',#494,#495);
#494 = CARTESIAN_POINT('',(11.4,-15.6,-70.));
#495 = VECTOR('',#496,1.);
#496 = DIRECTION('',(0.,0.,1.));
#497 = PCURVE('',#43,#498);
#498 = DEFINITIONAL_REPRESENTATION('',(#499),#503);
#499 = LINE('',#500,#501);
#500 = CARTESIAN_POINT('',(-70.,11.4));
#501 = VECTOR('',#502,1.);
#502 = DIRECTION('',(1.,0.));
#503 = ( GEOMETRIC_REPRESENTATION_CONTEXT(2) 
PARAMETRIC_REPRESENTATION_CONTEXT() REPRESENTATION_CONTEXT('2D SPACE',''
  ) );
#504 = PCURVE('',#505,#510);
#505 = PLANE('',#506);
#506 = AXIS2_PLACEMENT_3D('',#507,#508,#509);
#507 = CARTESIAN_POINT('',(11.4,-18.,-70.));
#508 = DIRECTION('',(1.,0.,0.));
#509 = DIRECTION('',(0.,0.,1.));
#510 = DEFINITIONAL_REPRESENTATION('',(#511),#515);
#511 = LINE('',#512,#513);
#512 = CARTESIAN_POINT('',(0.,-2.4));
#513 = VECTOR('',#514,1.);
#514 = DIRECTION('',(1.,0.));
#515 = ( GEOMETRIC_REPRESENTATION_CONTEXT(2) 
PARAMETRIC_REPRESENTATION_CONTEXT() REPRESENTATION_CONTEXT('2D SPACE',''
  ) );
#516 = FACE_BOUND('',#517,.T.);
#517 = EDGE_LOOP('',(#518,#549,#577,#605));
#518 = ORIENTED_EDGE('',*,*,#519,.F.);
#519 = EDGE_CURVE('',#520,#522,#524,.T.);
#520 = VERTEX_POINT('',#521);
#521 = CARTESIAN_POINT('',(-11.39999999999,-15.6,68.051745018038));
#522 = VERTEX_POINT('',#523);
#523 = CARTESIAN_POINT('',(-6.6,-15.6,68.68362250202));
#524 = SURFACE_CURVE('',#525,(#530,#537),.PCURVE_S1.);
#525 = CIRCLE('',#526,69.);
#526 = AXIS2_PLACEMENT_3D('',#527,#528,#529);
#527 = CARTESIAN_POINT('',(0.,-15.6,0.));
#528 = DIRECTION('',(0.,1.,0.));
#529 = DIRECTION('',(0.,-0.,1.));
#530 = PCURVE('',#43,#531);
#531 = DEFINITIONAL_REPRESENTATION('',(#532),#536);
#532 = CIRCLE('',#533,69.);
#533 = AXIS2_PLACEMENT_2D('',#534,#535);
#534 = CARTESIAN_POINT('',(0.,0.));
#535 = DIRECTION('',(1.,0.));
#536 = ( GEOMETRIC_REPRESENTATION_CONTEXT(2) 
PARAMETRIC_REPRESENTATION_CONTEXT() REPRESENTATION_CONTEXT('2D SPACE',''
  ) );
#537 = PCURVE('',#538,#543);
#538 = CYLINDRICAL_SURFACE('',#539,69.);
#539 = AXIS2_PLACEMENT_3D('',#540,#541,#542);
#540 = CARTESIAN_POINT('',(0.,-18.1,0.));
#541 = DIRECTION('',(0.,1.,0.));
#542 = DIRECTION('',(0.,-0.,1.));
#543 = DEFINITIONAL_REPRESENTATION('',(#544),#548);
#544 = LINE('',#545,#546);
#545 = CARTESIAN_POINT('',(0.,2.5));
#546 = VECTOR('',#547,1.);
#547 = DIRECTION('',(1.,0.));
#548 = ( GEOMETRIC_REPRESENTATION_CONTEXT(2) 
PARAMETRIC_REPRESENTATION_CONTEXT() REPRESENTATION_CONTEXT('2D SPACE',''
  ) );
#549 = ORIENTED_EDGE('',*,*,#550,.F.);
#550 = EDGE_CURVE('',#551,#520,#553,.T.);
#551 = VERTEX_POINT('',#552);
#552 = CARTESIAN_POINT('',(-11.4,-15.6,0.6));
#553 = SURFACE_CURVE('',#554,(#558,#565),.PCURVE_S1.);
#554 = LINE('',#555,#556);
#555 = CARTESIAN_POINT('',(-11.4,-15.6,-70.));
#556 = VECTOR('',#557,1.);
#557 = DIRECTION('',(0.,0.,1.));
#558 = PCURVE('',#43,#559);
#559 = DEFINITIONAL_REPRESENTATION('',(#560),#564);
#560 = LINE('',#561,#562);
#561 = CARTESIAN_POINT('',(-70.,-11.4));
#562 = VECTOR('',#563,1.);
#563 = DIRECTION('',(1.,0.));
#564 = ( GEOMETRIC_REPRESENTATION_CONTEXT(2) 
PARAMETRIC_REPRESENTATION_CONTEXT() REPRESENTATION_CONTEXT('2D SPACE',''
  ) );
#565 = PCURVE('',#566,#571);
#566 = PLANE('',#567);
#567 = AXIS2_PLACEMENT_3D('',#568,#569,#570);
#568 = CARTESIAN_POINT('',(-11.4,-18.,-70.));
#569 = DIRECTION('',(1.,0.,0.));
#570 = DIRECTION('',(0.,0.,1.));
#571 = DEFINITIONAL_REPRESENTATION('',(#572),#576);
#572 = LINE('',#573,#574);
#573 = CARTESIAN_POINT('',(0.,-2.4));
#574 = VECTOR('',#575,1.);
#575 = DIRECTION('',(1.,0.));
#576 = ( GEOMETRIC_REPRESENTATION_CONTEXT(2) 
PARAMETRIC_REPRESENTATION_CONTEXT() REPRESENTATION_CONTEXT('2D SPACE',''
  ) );
#577 = ORIENTED_EDGE('',*,*,#578,.T.);
#578 = EDGE_CURVE('',#551,#579,#581,.T.);
#579 = VERTEX_POINT('',#580);
#580 = CARTESIAN_POINT('',(-6.6,-15.6,0.6));
#581 = SURFACE_CURVE('',#582,(#586,#593),.PCURVE_S1.);
#582 = LINE('',#583,#584);
#583 = CARTESIAN_POINT('',(-70.,-15.6,0.6));
#584 = VECTOR('',#585,1.);
#585 = DIRECTION('',(1.,0.,0.));
#586 = PCURVE('',#43,#587);
#587 = DEFINITIONAL_REPRESENTATION('',(#588),#592);
#588 = LINE('',#589,#590);
#589 = CARTESIAN_POINT('',(0.6,-70.));
#590 = VECTOR('',#591,1.);
#591 = DIRECTION('',(0.,1.));
#592 = ( GEOMETRIC_REPRESENTATION_CONTEXT(2) 
PARAMETRIC_REPRESENTATION_CONTEXT() REPRESENTATION_CONTEXT('2D SPACE',''
  ) );
#593 = PCURVE('',#594,#599);
#594 = PLANE('',#595);
#595 = AXIS2_PLACEMENT_3D('',#596,#597,#598);
#596 = CARTESIAN_POINT('',(-70.,-18.,0.6));
#597 = DIRECTION('',(0.,0.,1.));
#598 = DIRECTION('',(1.,0.,0.));
#599 = DEFINITIONAL_REPRESENTATION('',(#600),#604);
#600 = LINE('',#601,#602);
#601 = CARTESIAN_POINT('',(0.,2.4));
#602 = VECTOR('',#603,1.);
#603 = DIRECTION('',(1.,0.));
#604 = ( GEOMETRIC_REPRESENTATION_CONTEXT(2) 
PARAMETRIC_REPRESENTATION_CONTEXT() REPRESENTATION_CONTEXT('2D SPACE',''
  ) );
#605 = ORIENTED_EDGE('',*,*,#606,.T.);
#606 = EDGE_CURVE('',#579,#522,#607,.T.);
#607 = SURFACE_CURVE('',#608,(#612,#619),.PCURVE_S1.);
#608 = LINE('',#609,#610);
#609 = CARTESIAN_POINT('',(-6.6,-15.6,-70.));
#610 = VECTOR('',#611,1.);
#611 = DIRECTION('',(0.,0.,1.));
#612 = PCURVE('',#43,#613);
#613 = DEFINITIONAL_REPRESENTATION('',(#614),#618);
#614 = LINE('',#615,#616);
#615 = CARTESIAN_POINT('',(-70.,-6.6));
#616 = VECTOR('',#617,1.);
#617 = DIRECTION('',(1.,0.));
#618 = ( GEOMETRIC_REPRESENTATION_CONTEXT(2) 
PARAMETRIC_REPRESENTATION_CONTEXT() REPRESENTATION_CONTEXT('2D SPACE',''
  ) );
#619 = PCURVE('',#620,#625);
#620 = PLANE('',#621);
#621 = AXIS2_PLACEMENT_3D('',#622,#623,#624);
#622 = CARTESIAN_POINT('',(-6.6,-18.,-70.));
#623 = DIRECTION('',(1.,0.,0.));
#624 = DIRECTION('',(0.,0.,1.));
#625 = DEFINITIONAL_REPRESENTATION('',(#626),#630);
#626 = LINE('',#627,#628);
#627 = CARTESIAN_POINT('',(0.,-2.4));
#628 = VECTOR('',#629,1.);
#629 = DIRECTION('',(1.,0.));
#630 = ( GEOMETRIC_REPRESENTATION_CONTEXT(2) 
PARAMETRIC_REPRESENTATION_CONTEXT() REPRESENTATION_CONTEXT('2D SPACE',''
  ) );
#631 = FACE_BOUND('',#632,.T.);
#632 = EDGE_LOOP('',(#633,#664,#692,#720));
#633 = ORIENTED_EDGE('',*,*,#634,.F.);
#634 = EDGE_CURVE('',#635,#637,#639,.T.);
#635 = VERTEX_POINT('',#636);
#636 = CARTESIAN_POINT('',(12.600000000001,-15.6,67.839811320492));
#637 = VERTEX_POINT('',#638);
#638 = CARTESIAN_POINT('',(17.399999999999,-15.6,66.770053167569));
#639 = SURFACE_CURVE('',#640,(#645,#652),.PCURVE_S1.);
#640 = CIRCLE('',#641,69.);
#641 = AXIS2_PLACEMENT_3D('',#642,#643,#644);
#642 = CARTESIAN_POINT('',(0.,-15.6,0.));
#643 = DIRECTION('',(0.,1.,0.));
#644 = DIRECTION('',(0.,-0.,1.));
#645 = PCURVE('',#43,#646);
#646 = DEFINITIONAL_REPRESENTATION('',(#647),#651);
#647 = CIRCLE('',#648,69.);
#648 = AXIS2_PLACEMENT_2D('',#649,#650);
#649 = CARTESIAN_POINT('',(0.,0.));
#650 = DIRECTION('',(1.,0.));
#651 = ( GEOMETRIC_REPRESENTATION_CONTEXT(2) 
PARAMETRIC_REPRESENTATION_CONTEXT() REPRESENTATION_CONTEXT('2D SPACE',''
  ) );
#652 = PCURVE('',#653,#658);
#653 = CYLINDRICAL_SURFACE('',#654,69.);
#654 = AXIS2_PLACEMENT_3D('',#655,#656,#657);
#655 = CARTESIAN_POINT('',(0.,-18.1,0.));
#656 = DIRECTION('',(0.,1.,0.));
#657 = DIRECTION('',(0.,-0.,1.));
#658 = DEFINITIONAL_REPRESENTATION('',(#659),#663);
#659 = LINE('',#660,#661);
#660 = CARTESIAN_POINT('',(0.,2.5));
#661 = VECTOR('',#662,1.);
#662 = DIRECTION('',(1.,0.));
#663 = ( GEOMETRIC_REPRESENTATION_CONTEXT(2) 
PARAMETRIC_REPRESENTATION_CONTEXT() REPRESENTATION_CONTEXT('2D SPACE',''
  ) );
#664 = ORIENTED_EDGE('',*,*,#665,.F.);
#665 = EDGE_CURVE('',#666,#635,#668,.T.);
#666 = VERTEX_POINT('',#667);
#667 = CARTESIAN_POINT('',(12.6,-15.6,0.6));
#668 = SURFACE_CURVE('',#669,(#673,#680),.PCURVE_S1.);
#669 = LINE('',#670,#671);
#670 = CARTESIAN_POINT('',(12.6,-15.6,-70.));
#671 = VECTOR('',#672,1.);
#672 = DIRECTION('',(0.,0.,1.));
#673 = PCURVE('',#43,#674);
#674 = DEFINITIONAL_REPRESENTATION('',(#675),#679);
#675 = LINE('',#676,#677);
#676 = CARTESIAN_POINT('',(-70.,12.6));
#677 = VECTOR('',#678,1.);
#678 = DIRECTION('',(1.,0.));
#679 = ( GEOMETRIC_REPRESENTATION_CONTEXT(2) 
PARAMETRIC_REPRESENTATION_CONTEXT() REPRESENTATION_CONTEXT('2D SPACE',''
  ) );
#680 = PCURVE('',#681,#686);
#681 = PLANE('',#682);
#682 = AXIS2_PLACEMENT_3D('',#683,#684,#685);
#683 = CARTESIAN_POINT('',(12.6,-18.,-70.));
#684 = DIRECTION('',(1.,0.,0.));
#685 = DIRECTION('',(0.,0.,1.));
#686 = DEFINITIONAL_REPRESENTATION('',(#687),#691);
#687 = LINE('',#688,#689);
#688 = CARTESIAN_POINT('',(0.,-2.4));
#689 = VECTOR('',#690,1.);
#690 = DIRECTION('',(1.,0.));
#691 = ( GEOMETRIC_REPRESENTATION_CONTEXT(2) 
PARAMETRIC_REPRESENTATION_CONTEXT() REPRESENTATION_CONTEXT('2D SPACE',''
  ) );
#692 = ORIENTED_EDGE('',*,*,#693,.T.);
#693 = EDGE_CURVE('',#666,#694,#696,.T.);
#694 = VERTEX_POINT('',#695);
#695 = CARTESIAN_POINT('',(17.4,-15.6,0.6));
#696 = SURFACE_CURVE('',#697,(#701,#708),.PCURVE_S1.);
#697 = LINE('',#698,#699);
#698 = CARTESIAN_POINT('',(-70.,-15.6,0.6));
#699 = VECTOR('',#700,1.);
#700 = DIRECTION('',(1.,0.,0.));
#701 = PCURVE('',#43,#702);
#702 = DEFINITIONAL_REPRESENTATION('',(#703),#707);
#703 = LINE('',#704,#705);
#704 = CARTESIAN_POINT('',(0.6,-70.));
#705 = VECTOR('',#706,1.);
#706 = DIRECTION('',(0.,1.));
#707 = ( GEOMETRIC_REPRESENTATION_CONTEXT(2) 
PARAMETRIC_REPRESENTATION_CONTEXT() REPRESENTATION_CONTEXT('2D SPACE',''
  ) );
#708 = PCURVE('',#709,#714);
#709 = PLANE('',#710);
#710 = AXIS2_PLACEMENT_3D('',#711,#712,#713);
#711 = CARTESIAN_POINT('',(-70.,-18.,0.6));
#712 = DIRECTION('',(0.,0.,1.));
#713 = DIRECTION('',(1.,0.,0.));
#714 = DEFINITIONAL_REPRESENTATION('',(#715),#719);
#715 = LINE('',#716,#717);
#716 = CARTESIAN_POINT('',(0.,2.4));
#717 = VECTOR('',#718,1.);
#718 = DIRECTION('',(1.,0.));
#719 = ( GEOMETRIC_REPRESENTATION_CONTEXT(2) 
PARAMETRIC_REPRESENTATION_CONTEXT() REPRESENTATION_CONTEXT('2D SPACE',''
  ) );
#720 = ORIENTED_EDGE('',*,*,#721,.T.);
#721 = EDGE_CURVE('',#694,#637,#722,.T.);
#722 = SURFACE_CURVE('',#723,(#727,#734),.PCURVE_S1.);
#723 = LINE('',#724,#725);
#724 = CARTESIAN_POINT('',(17.4,-15.6,-70.));
#725 = VECTOR('',#726,1.);
#726 = DIRECTION('',(0.,0.,1.));
#727 = PCURVE('',#43,#728);
#728 = DEFINITIONAL_REPRESENTATION('',(#729),#733);
#729 = LINE('',#730,#731);
#730 = CARTESIAN_POINT('',(-70.,17.4));
#731 = VECTOR('',#732,1.);
#732 = DIRECTION('',(1.,0.));
#733 = ( GEOMETRIC_REPRESENTATION_CONTEXT(2) 
PARAMETRIC_REPRESENTATION_CONTEXT() REPRESENTATION_CONTEXT('2D SPACE',''
  ) );
#734 = PCURVE('',#735,#740);
#735 = PLANE('',#736);
#736 = AXIS2_PLACEMENT_3D('',#737,#738,#739);
#737 = CARTESIAN_POINT('',(17.4,-18.,-70.));
#738 = DIRECTION('',(1.,0.,0.));
#739 = DIRECTION('',(0.,0.,1.));
#740 = DEFINITIONAL_REPRESENTATION('',(#741),#745);
#741 = LINE('',#742,#743);
#742 = CARTESIAN_POINT('',(0.,-2.4));
#743 = VECTOR('',#744,1.);
#744 = DIRECTION('',(1.,0.));
#745 = ( GEOMETRIC_REPRESENTATION_CONTEXT(2) 
PARAMETRIC_REPRESENTATION_CONTEXT() REPRESENTATION_CONTEXT('2D SPACE',''
  ) );
#746 = FACE_BOUND('',#747,.T.);
#747 = EDGE_LOOP('',(#748,#779,#807,#835));
#748 = ORIENTED_EDGE('',*,*,#749,.F.);
#749 = EDGE_CURVE('',#750,#752,#754,.T.);
#750 = VERTEX_POINT('',#751);
#751 = CARTESIAN_POINT('',(-17.39999999999,-15.6,66.770053167569));
#752 = VERTEX_POINT('',#753);
#753 = CARTESIAN_POINT('',(-12.6,-15.6,67.839811320492));
#754 = SURFACE_CURVE('',#755,(#760,#767),.PCURVE_S1.);
#755 = CIRCLE('',#756,69.);
#756 = AXIS2_PLACEMENT_3D('',#757,#758,#759);
#757 = CARTESIAN_POINT('',(0.,-15.6,0.));
#758 = DIRECTION('',(0.,1.,0.));
#759 = DIRECTION('',(0.,-0.,1.));
#760 = PCURVE('',#43,#761);
#761 = DEFINITIONAL_REPRESENTATION('',(#762),#766);
#762 = CIRCLE('',#763,69.);
#763 = AXIS2_PLACEMENT_2D('',#764,#765);
#764 = CARTESIAN_POINT('',(0.,0.));
#765 = DIRECTION('',(1.,0.));
#766 = ( GEOMETRIC_REPRESENTATION_CONTEXT(2) 
PARAMETRIC_REPRESENTATION_CONTEXT() REPRESENTATION_CONTEXT('2D SPACE',''
  ) );
#767 = PCURVE('',#768,#773);
#768 = CYLINDRICAL_SURFACE('',#769,69.);
#769 = AXIS2_PLACEMENT_3D('',#770,#771,#772);
#770 = CARTESIAN_POINT('',(0.,-18.1,0.));
#771 = DIRECTION('',(0.,1.,0.));
#772 = DIRECTION('',(0.,-0.,1.));
#773 = DEFINITIONAL_REPRESENTATION('',(#774),#778);
#774 = LINE('',#775,#776);
#775 = CARTESIAN_POINT('',(0.,2.5));
#776 = VECTOR('',#777,1.);
#777 = DIRECTION('',(1.,0.));
#778 = ( GEOMETRIC_REPRESENTATION_CONTEXT(2) 
PARAMETRIC_REPRESENTATION_CONTEXT() REPRESENTATION_CONTEXT('2D SPACE',''
  ) );
#779 = ORIENTED_EDGE('',*,*,#780,.F.);
#780 = EDGE_CURVE('',#781,#750,#783,.T.);
#781 = VERTEX_POINT('',#782);
#782 = CARTESIAN_POINT('',(-17.4,-15.6,0.6));
#783 = SURFACE_CURVE('',#784,(#788,#795),.PCURVE_S1.);
#784 = LINE('',#785,#786);
#785 = CARTESIAN_POINT('',(-17.4,-15.6,-70.));
#786 = VECTOR('',#787,1.);
#787 = DIRECTION('',(0.,0.,1.));
#788 = PCURVE('',#43,#789);
#789 = DEFINITIONAL_REPRESENTATION('',(#790),#794);
#790 = LINE('',#791,#792);
#791 = CARTESIAN_POINT('',(-70.,-17.4));
#792 = VECTOR('',#793,1.);
#793 = DIRECTION('',(1.,0.));
#794 = ( GEOMETRIC_REPRESENTATION_CONTEXT(2) 
PARAMETRIC_REPRESENTATION_CONTEXT() REPRESENTATION_CONTEXT('2D SPACE',''
  ) );
#795 = PCURVE('',#796,#801);
#796 = PLANE('',#797);
#797 = AXIS2_PLACEMENT_3D('',#798,#799,#800);
#798 = CARTESIAN_POINT('',(-17.4,-18.,-70.));
#799 = DIRECTION('',(1.,0.,0.));
#800 = DIRECTION('',(0.,0.,1.));
#801 = DEFINITIONAL_REPRESENTATION('',(#802),#806);
#802 = LINE('',#803,#804);
#803 = CARTESIAN_POINT('',(0.,-2.4));
#804 = VECTOR('',#805,1.);
#805 = DIRECTION('',(1.,0.));
#806 = ( GEOMETRIC_REPRESENTATION_CONTEXT(2) 
PARAMETRIC_REPRESENTATION_CONTEXT() REPRESENTATION_CONTEXT('2D SPACE',''
  ) );
#807 = ORIENTED_EDGE('',*,*,#808,.T.);
#808 = EDGE_CURVE('',#781,#809,#811,.T.);
#809 = VERTEX_POINT('',#810);
#810 = CARTESIAN_POINT('',(-12.6,-15.6,0.6));
#811 = SURFACE_CURVE('',#812,(#816,#823),.PCURVE_S1.);
#812 = LINE('',#813,#814);
#813 = CARTESIAN_POINT('',(-70.,-15.6,0.6));
#814 = VECTOR('',#815,1.);
#815 = DIRECTION('',(1.,0.,0.));
#816 = PCURVE('',#43,#817);
#817 = DEFINITIONAL_REPRESENTATION('',(#818),#822);
#818 = LINE('',#819,#820);
#819 = CARTESIAN_POINT('',(0.6,-70.));
#820 = VECTOR('',#821,1.);
#821 = DIRECTION('',(0.,1.));
#822 = ( GEOMETRIC_REPRESENTATION_CONTEXT(2) 
PARAMETRIC_REPRESENTATION_CONTEXT() REPRESENTATION_CONTEXT('2D SPACE',''
  ) );
#823 = PCURVE('',#824,#829);
#824 = PLANE('',#825);
#825 = AXIS2_PLACEMENT_3D('',#826,#827,#828);
#826 = CARTESIAN_POINT('',(-70.,-18.,0.6));
#827 = DIRECTION('',(0.,0.,1.));
#828 = DIRECTION('',(1.,0.,0.));
#829 = DEFINITIONAL_REPRESENTATION('',(#830),#834);
#830 = LINE('',#831,#832);
#831 = CARTESIAN_POINT('',(0.,2.4));
#832 = VECTOR('',#833,1.);
#833 = DIRECTION('',(1.,0.));
#834 = ( GEOMETRIC_REPRESENTATION_CONTEXT(2) 
PARAMETRIC_REPRESENTATION_CONTEXT() REPRESENTATION_CONTEXT('2D SPACE',''
  ) );
#835 = ORIENTED_EDGE('',*,*,#836,.T.);
#836 = EDGE_CURVE('',#809,#752,#837,.T.);
#837 = SURFACE_CURVE('',#838,(#842,#849),.PCURVE_S1.);
#838 = LINE('',#839,#840);
#839 = CARTESIAN_POINT('',(-12.6,-15.6,-70.));
#840 = VECTOR('',#841,1.);
#841 = DIRECTION('',(0.,0.,1.));
#842 = PCURVE('',#43,#843);
#843 = DEFINITIONAL_REPRESENTATION('',(#844),#848);
#844 = LINE('',#845,#846);
#845 = CARTESIAN_POINT('',(-70.,-12.6));
#846 = VECTOR('',#847,1.);
#847 = DIRECTION('',(1.,0.));
#848 = ( GEOMETRIC_REPRESENTATION_CONTEXT(2) 
PARAMETRIC_REPRESENTATION_CONTEXT() REPRESENTATION_CONTEXT('2D SPACE',''
  ) );
#849 = PCURVE('',#850,#855);
#850 = PLANE('',#851);
#851 = AXIS2_PLACEMENT_3D('',#852,#853,#854);
#852 = CARTESIAN_POINT('',(-12.6,-18.,-70.));
#853 = DIRECTION('',(1.,0.,0.));
#854 = DIRECTION('',(0.,0.,1.));
#855 = DEFINITIONAL_REPRESENTATION('',(#856),#860);
#856 = LINE('',#857,#858);
#857 = CARTESIAN_POINT('',(0.,-2.4));
#858 = VECTOR('',#859,1.);
#859 = DIRECTION('',(1.,0.));
#860 = ( GEOMETRIC_REPRESENTATION_CONTEXT(2) 
PARAMETRIC_REPRESENTATION_CONTEXT() REPRESENTATION_CONTEXT('2D SPACE',''
  ) );
#861 = FACE_BOUND('',#862,.T.);
#862 = EDGE_LOOP('',(#863,#894,#922,#950));
#863 = ORIENTED_EDGE('',*,*,#864,.F.);
#864 = EDGE_CURVE('',#865,#867,#869,.T.);
#865 = VERTEX_POINT('',#866);
#866 = CARTESIAN_POINT('',(18.600000000001,-15.6,66.445767359554));
#867 = VERTEX_POINT('',#868);
#868 = CARTESIAN_POINT('',(23.399999999999,-15.6,64.911016014234));
#869 = SURFACE_CURVE('',#870,(#875,#882),.PCURVE_S1.);
#870 = CIRCLE('',#871,69.);
#871 = AXIS2_PLACEMENT_3D('',#872,#873,#874);
#872 = CARTESIAN_POINT('',(0.,-15.6,0.));
#873 = DIRECTION('',(0.,1.,0.));
#874 = DIRECTION('',(0.,-0.,1.));
#875 = PCURVE('',#43,#876);
#876 = DEFINITIONAL_REPRESENTATION('',(#877),#881);
#877 = CIRCLE('',#878,69.);
#878 = AXIS2_PLACEMENT_2D('',#879,#880);
#879 = CARTESIAN_POINT('',(0.,0.));
#880 = DIRECTION('',(1.,0.));
#881 = ( GEOMETRIC_REPRESENTATION_CONTEXT(2) 
PARAMETRIC_REPRESENTATION_CONTEXT() REPRESENTATION_CONTEXT('2D SPACE',''
  ) );
#882 = PCURVE('',#883,#888);
#883 = CYLINDRICAL_SURFACE('',#884,69.);
#884 = AXIS2_PLACEMENT_3D('',#885,#886,#887);
#885 = CARTESIAN_POINT('',(0.,-18.1,0.));
#886 = DIRECTION('',(0.,1.,0.));
#887 = DIRECTION('',(0.,-0.,1.));
#888 = DEFINITIONAL_REPRESENTATION('',(#889),#893);
#889 = LINE('',#890,#891);
#890 = CARTESIAN_POINT('',(0.,2.5));
#891 = VECTOR('',#892,1.);
#892 = DIRECTION('',(1.,0.));
#893 = ( GEOMETRIC_REPRESENTATION_CONTEXT(2) 
PARAMETRIC_REPRESENTATION_CONTEXT() REPRESENTATION_CONTEXT('2D SPACE',''
  ) );
#894 = ORIENTED_EDGE('',*,*,#895,.F.);
#895 = EDGE_CURVE('',#896,#865,#898,.T.);
#896 = VERTEX_POINT('',#897);
#897 = CARTESIAN_POINT('',(18.6,-15.6,0.6));
#898 = SURFACE_CURVE('',#899,(#903,#910),.PCURVE_S1.);
#899 = LINE('',#900,#901);
#900 = CARTESIAN_POINT('',(18.6,-15.6,-70.));
#901 = VECTOR('',#902,1.);
#902 = DIRECTION('',(0.,0.,1.));
#903 = PCURVE('',#43,#904);
#904 = DEFINITIONAL_REPRESENTATION('',(#905),#909);
#905 = LINE('',#906,#907);
#906 = CARTESIAN_POINT('',(-70.,18.6));
#907 = VECTOR('',#908,1.);
#908 = DIRECTION('',(1.,0.));
#909 = ( GEOMETRIC_REPRESENTATION_CONTEXT(2) 
PARAMETRIC_REPRESENTATION_CONTEXT() REPRESENTATION_CONTEXT('2D SPACE',''
  ) );
#910 = PCURVE('',#911,#916);
#911 = PLANE('',#912);
#912 = AXIS2_PLACEMENT_3D('',#913,#914,#915);
#913 = CARTESIAN_POINT('',(18.6,-18.,-70.));
#914 = DIRECTION('',(1.,0.,0.));
#915 = DIRECTION('',(0.,0.,1.));
#916 = DEFINITIONAL_REPRESENTATION('',(#917),#921);
#917 = LINE('',#918,#919);
#918 = CARTESIAN_POINT('',(0.,-2.4));
#919 = VECTOR('',#920,1.);
#920 = DIRECTION('',(1.,0.));
#921 = ( GEOMETRIC_REPRESENTATION_CONTEXT(2) 
PARAMETRIC_REPRESENTATION_CONTEXT() REPRESENTATION_CONTEXT('2D SPACE',''
  ) );
#922 = ORIENTED_EDGE('',*,*,#923,.T.);
#923 = EDGE_CURVE('',#896,#924,#926,.T.);
#924 = VERTEX_POINT('',#925);
#925 = CARTESIAN_POINT('',(23.4,-15.6,0.6));
#926 = SURFACE_CURVE('',#927,(#931,#938),.PCURVE_S1.);
#927 = LINE('',#928,#929);
#928 = CARTESIAN_POINT('',(-70.,-15.6,0.6));
#929 = VECTOR('',#930,1.);
#930 = DIRECTION('',(1.,0.,0.));
#931 = PCURVE('',#43,#932);
#932 = DEFINITIONAL_REPRESENTATION('',(#933),#937);
#933 = LINE('',#934,#935);
#934 = CARTESIAN_POINT('',(0.6,-70.));
#935 = VECTOR('',#936,1.);
#936 = DIRECTION('',(0.,1.));
#937 = ( GEOMETRIC_REPRESENTATION_CONTEXT(2) 
PARAMETRIC_REPRESENTATION_CONTEXT() REPRESENTATION_CONTEXT('2D SPACE',''
  ) );
#938 = PCURVE('',#939,#944);
#939 = PLANE('',#940);
#940 = AXIS2_PLACEMENT_3D('',#941,#942,#943);
#941 = CARTESIAN_POINT('',(-70.,-18.,0.6));
#942 = DIRECTION('',(0.,0.,1.));
#943 = DIRECTION('',(1.,0.,0.));
#944 = DEFINITIONAL_REPRESENTATION('',(#945),#949);
#945 = LINE('',#946,#947);
#946 = CARTESIAN_POINT('',(0.,2.4));
#947 = VECTOR('',#948,1.);
#948 = DIRECTION('',(1.,0.));
#949 = ( GEOMETRIC_REPRESENTATION_CONTEXT(2) 
PARAMETRIC_REPRESENTATION_CONTEXT() REPRESENTATION_CONTEXT('2D SPACE',''
  ) );
#950 = ORIENTED_EDGE('',*,*,#951,.T.);
#951 = EDGE_CURVE('',#924,#867,#952,.T.);
#952 = SURFACE_CURVE('',#953,(#957,#964),.PCURVE_S1.);
#953 = LINE('',#954,#955);
#954 = CARTESIAN_POINT('',(23.4,-15.6,-70.));
#955 = VECTOR('',#956,1.);
#956 = DIRECTION('',(0.,0.,1.));
#957 = PCURVE('',#43,#958);
#958 = DEFINITIONAL_REPRESENTATION('',(#959),#963);
#959 = LINE('',#960,#961);
#960 = CARTESIAN_POINT('',(-70.,23.4));
#961 = VECTOR('',#962,1.);
#962 = DIRECTION('',(1.,0.));
#963 = ( GEOMETRIC_REPRESENTATION_CONTEXT(2) 
PARAMETRIC_REPRESENTATION_CONTEXT() REPRESENTATION_CONTEXT('2D SPACE',''
  ) );
#964 = PCURVE('',#965,#970);
#965 = PLANE('',#966);
#966 = AXIS2_PLACEMENT_3D('',#967,#968,#969);
#967 = CARTESIAN_POINT('',(23.4,-18.,-70.));
#968 = DIRECTION('',(1.,0.,0.));
#969 = DIRECTION('',(0.,0.,1.));
#970 = DEFINITIONAL_REPRESENTATION('',(#971),#975);
#971 = LINE('',#972,#973);
#972 = CARTESIAN_POINT('',(0.,-2.4));
#973 = VECTOR('',#974,1.);
#974 = DIRECTION('',(1.,0.));
#975 = ( GEOMETRIC_REPRESENTATION_CONTEXT(2) 
PARAMETRIC_REPRESENTATION_CONTEXT() REPRESENTATION_CONTEXT('2D SPACE',''
  ) );
#976 = FACE_BOUND('',#977,.T.);
#977 = EDGE_LOOP('',(#978,#1009,#1037,#1065));
#978 = ORIENTED_EDGE('',*,*,#979,.F.);
#979 = EDGE_CURVE('',#980,#982,#984,.T.);
#980 = VERTEX_POINT('',#981);
#981 = CARTESIAN_POINT('',(-23.39999999999,-15.6,64.911016014234));
#982 = VERTEX_POINT('',#983);
#983 = CARTESIAN_POINT('',(-18.6,-15.6,66.445767359554));
#984 = SURFACE_CURVE('',#985,(#990,#997),.PCURVE_S1.);
#985 = CIRCLE('',#986,69.);
#986 = AXIS2_PLACEMENT_3D('',#987,#988,#989);
#987 = CARTESIAN_POINT('',(0.,-15.6,0.));
#988 = DIRECTION('',(0.,1.,0.));
#989 = DIRECTION('',(0.,-0.,1.));
#990 = PCURVE('',#43,#991);
#991 = DEFINITIONAL_REPRESENTATION('',(#992),#996);
#992 = CIRCLE('',#993,69.);
#993 = AXIS2_PLACEMENT_2D('',#994,#995);
#994 = CARTESIAN_POINT('',(0.,0.));
#995 = DIRECTION('',(1.,0.));
#996 = ( GEOMETRIC_REPRESENTATION_CONTEXT(2) 
PARAMETRIC_REPRESENTATION_CONTEXT() REPRESENTATION_CONTEXT('2D SPACE',''
  ) );
#997 = PCURVE('',#998,#1003);
#998 = CYLINDRICAL_SURFACE('',#999,69.);
#999 = AXIS2_PLACEMENT_3D('',#1000,#1001,#1002);
#1000 = CARTESIAN_POINT('',(0.,-18.1,0.));
#1001 = DIRECTION('',(0.,1.,0.));
#1002 = DIRECTION('',(0.,-0.,1.));
#1003 = DEFINITIONAL_REPRESENTATION('',(#1004),#1008);
#1004 = LINE('',#1005,#1006);
#1005 = CARTESIAN_POINT('',(0.,2.5));
#1006 = VECTOR('',#1007,1.);
#1007 = DIRECTION('',(1.,0.));
#1008 = ( GEOMETRIC_REPRESENTATION_CONTEXT(2) 
PARAMETRIC_REPRESENTATION_CONTEXT() REPRESENTATION_CONTEXT('2D SPACE',''
  ) );
#1009 = ORIENTED_EDGE('',*,*,#1010,.F.);
#1010 = EDGE_CURVE('',#1011,#980,#1013,.T.);
#1011 = VERTEX_POINT('',#1012);
#1012 = CARTESIAN_POINT('',(-23.4,-15.6,0.6));
#1013 = SURFACE_CURVE('',#1014,(#1018,#1025),.PCURVE_S1.);
#1014 = LINE('',#1015,#1016);
#1015 = CARTESIAN_POINT('',(-23.4,-15.6,-70.));
#1016 = VECTOR('',#1017,1.);
#1017 = DIRECTION('',(0.,0.,1.));
#1018 = PCURVE('',#43,#1019);
#1019 = DEFINITIONAL_REPRESENTATION('',(#1020),#1024);
#1020 = LINE('',#1021,#1022);
#1021 = CARTESIAN_POINT('',(-70.,-23.4));
#1022 = VECTOR('',#1023,1.);
#1023 = DIRECTION('',(1.,0.));
#1024 = ( GEOMETRIC_REPRESENTATION_CONTEXT(2) 
PARAMETRIC_REPRESENTATION_CONTEXT() REPRESENTATION_CONTEXT('2D SPACE',''
  ) );
#1025 = PCURVE('',#1026,#1031);
#1026 = PLANE('',#1027);
#1027 = AXIS2_PLACEMENT_3D('',#1028,#1029,#1030);
#1028 = CARTESIAN_POINT('',(-23.4,-18.,-70.));
#1029 = DIRECTION('',(1.,0.,0.));
#1030 = DIRECTION('',(0.,0.,1.));
#1031 = DEFINITIONAL_REPRESENTATION('',(#1032),#1036);
#1032 = LINE('',#1033,#1034);
#1033 = CARTESIAN_POINT('',(0.,-2.4));
#1034 = VECTOR('',#1035,1.);
#1035 = DIRECTION('',(1.,0.));
#1036 = ( GEOMETRIC_REPRESENTATION_CONTEXT(2) 
PARAMETRIC_REPRESENTATION_CONTEXT() REPRESENTATION_CONTEXT('2D SPACE',''
  ) );
#1037 = ORIENTED_EDGE('',*,*,#1038,.T.);
#1038 = EDGE_CURVE('',#1011,#1039,#1041,.T.);
#1039 = VERTEX_POINT('',#1040);
#1040 = CARTESIAN_POINT('',(-18.6,-15.6,0.6));
#1041 = SURFACE_CURVE('',#1042,(#1046,#1053),.PCURVE_S1.);
#1042 = LINE('',#1043,#1044);
#1043 = CARTESIAN_POINT('',(-70.,-15.6,0.6));
#1044 = VECTOR('',#1045,1.);
#1045 = DIRECTION('',(1.,0.,0.));
#1046 = PCURVE('',#43,#1047);
#1047 = DEFINITIONAL_REPRESENTATION('',(#1048),#1052);
#1048 = LINE('',#1049,#1050);
#1049 = CARTESIAN_POINT('',(0.6,-70.));
#1050 = VECTOR('',#1051,1.);
#1051 = DIRECTION('',(0.,1.));
#1052 = ( GEOMETRIC_REPRESENTATION_CONTEXT(2) 
PARAMETRIC_REPRESENTATION_CONTEXT() REPRESENTATION_CONTEXT('2D SPACE',''
  ) );
#1053 = PCURVE('',#1054,#1059);
#1054 = PLANE('',#1055);
#1055 = AXIS2_PLACEMENT_3D('',#1056,#1057,#1058);
#1056 = CARTESIAN_POINT('',(-70.,-18.,0.6));
#1057 = DIRECTION('',(0.,0.,1.));
#1058 = DIRECTION('',(1.,0.,0.));
#1059 = DEFINITIONAL_REPRESENTATION('',(#1060),#1064);
#1060 = LINE('',#1061,#1062);
#1061 = CARTESIAN_POINT('',(0.,2.4));
#1062 = VECTOR('',#1063,1.);
#1063 = DIRECTION('',(1.,0.));
#1064 = ( GEOMETRIC_REPRESENTATION_CONTEXT(2) 
PARAMETRIC_REPRESENTATION_CONTEXT() REPRESENTATION_CONTEXT('2D SPACE',''
  ) );
#1065 = ORIENTED_EDGE('',*,*,#1066,.T.);
#1066 = EDGE_CURVE('',#1039,#982,#1067,.T.);
#1067 = SURFACE_CURVE('',#1068,(#1072,#1079),.PCURVE_S1.);
#1068 = LINE('',#1069,#1070);
#1069 = CARTESIAN_POINT('',(-18.6,-15.6,-70.));
#1070 = VECTOR('',#1071,1.);
#1071 = DIRECTION('',(0.,0.,1.));
#1072 = PCURVE('',#43,#1073);
#1073 = DEFINITIONAL_REPRESENTATION('',(#1074),#1078);
#1074 = LINE('',#1075,#1076);
#1075 = CARTESIAN_POINT('',(-70.,-18.6));
#1076 = VECTOR('',#1077,1.);
#1077 = DIRECTION('',(1.,0.));
#1078 = ( GEOMETRIC_REPRESENTATION_CONTEXT(2) 
PARAMETRIC_REPRESENTATION_CONTEXT() REPRESENTATION_CONTEXT('2D SPACE',''
  ) );
#1079 = PCURVE('',#1080,#1085);
#1080 = PLANE('',#1081);
#1081 = AXIS2_PLACEMENT_3D('',#1082,#1083,#1084);
#1082 = CARTESIAN_POINT('',(-18.6,-18.,-70.));
#1083 = DIRECTION('',(1.,0.,0.));
#1084 = DIRECTION('',(0.,0.,1.));
#1085 = DEFINITIONAL_REPRESENTATION('',(#1086),#1090);
#1086 = LINE('',#1087,#1088);
#1087 = CARTESIAN_POINT('',(0.,-2.4));
#1088 = VECTOR('',#1089,1.);
#1089 = DIRECTION('',(1.,0.));
#1090 = ( GEOMETRIC_REPRESENTATION_CONTEXT(2) 
PARAMETRIC_REPRESENTATION_CONTEXT() REPRESENTATION_CONTEXT('2D SPACE',''
  ) );
#1091 = FACE_BOUND('',#1092,.T.);
#1092 = EDGE_LOOP('',(#1093,#1124,#1152,#1180));
#1093 = ORIENTED_EDGE('',*,*,#1094,.F.);
#1094 = EDGE_CURVE('',#1095,#1097,#1099,.T.);
#1095 = VERTEX_POINT('',#1096);
#1096 = CARTESIAN_POINT('',(24.600000000002,-15.6,64.465804889103));
#1097 = VERTEX_POINT('',#1098);
#1098 = CARTESIAN_POINT('',(29.4,-15.6,62.423072657471));
#1099 = SURFACE_CURVE('',#1100,(#1105,#1112),.PCURVE_S1.);
#1100 = CIRCLE('',#1101,69.);
#1101 = AXIS2_PLACEMENT_3D('',#1102,#1103,#1104);
#1102 = CARTESIAN_POINT('',(0.,-15.6,0.));
#1103 = DIRECTION('',(0.,1.,0.));
#1104 = DIRECTION('',(0.,-0.,1.));
#1105 = PCURVE('',#43,#1106);
#1106 = DEFINITIONAL_REPRESENTATION('',(#1107),#1111);
#1107 = CIRCLE('',#1108,69.);
#1108 = AXIS2_PLACEMENT_2D('',#1109,#1110);
#1109 = CARTESIAN_POINT('',(0.,0.));
#1110 = DIRECTION('',(1.,0.));
#1111 = ( GEOMETRIC_REPRESENTATION_CONTEXT(2) 
PARAMETRIC_REPRESENTATION_CONTEXT() REPRESENTATION_CONTEXT('2D SPACE',''
  ) );
#1112 = PCURVE('',#1113,#1118);
#1113 = CYLINDRICAL_SURFACE('',#1114,69.);
#1114 = AXIS2_PLACEMENT_3D('',#1115,#1116,#1117);
#1115 = CARTESIAN_POINT('',(0.,-18.1,0.));
#1116 = DIRECTION('',(0.,1.,0.));
#1117 = DIRECTION('',(0.,-0.,1.));
#1118 = DEFINITIONAL_REPRESENTATION('',(#1119),#1123);
#1119 = LINE('',#1120,#1121);
#1120 = CARTESIAN_POINT('',(0.,2.5));
#1121 = VECTOR('',#1122,1.);
#1122 = DIRECTION('',(1.,0.));
#1123 = ( GEOMETRIC_REPRESENTATION_CONTEXT(2) 
PARAMETRIC_REPRESENTATION_CONTEXT() REPRESENTATION_CONTEXT('2D SPACE',''
  ) );
#1124 = ORIENTED_EDGE('',*,*,#1125,.F.);
#1125 = EDGE_CURVE('',#1126,#1095,#1128,.T.);
#1126 = VERTEX_POINT('',#1127);
#1127 = CARTESIAN_POINT('',(24.6,-15.6,0.6));
#1128 = SURFACE_CURVE('',#1129,(#1133,#1140),.PCURVE_S1.);
#1129 = LINE('',#1130,#1131);
#1130 = CARTESIAN_POINT('',(24.6,-15.6,-70.));
#1131 = VECTOR('',#1132,1.);
#1132 = DIRECTION('',(0.,0.,1.));
#1133 = PCURVE('',#43,#1134);
#1134 = DEFINITIONAL_REPRESENTATION('',(#1135),#1139);
#1135 = LINE('',#1136,#1137);
#1136 = CARTESIAN_POINT('',(-70.,24.6));
#1137 = VECTOR('',#1138,1.);
#1138 = DIRECTION('',(1.,0.));
#1139 = ( GEOMETRIC_REPRESENTATION_CONTEXT(2) 
PARAMETRIC_REPRESENTATION_CONTEXT() REPRESENTATION_CONTEXT('2D SPACE',''
  ) );
#1140 = PCURVE('',#1141,#1146);
#1141 = PLANE('',#1142);
#1142 = AXIS2_PLACEMENT_3D('',#1143,#1144,#1145);
#1143 = CARTESIAN_POINT('',(24.6,-18.,-70.));
#1144 = DIRECTION('',(1.,0.,0.));
#1145 = DIRECTION('',(0.,0.,1.));
#1146 = DEFINITIONAL_REPRESENTATION('',(#1147),#1151);
#1147 = LINE('',#1148,#1149);
#1148 = CARTESIAN_POINT('',(0.,-2.4));
#1149 = VECTOR('',#1150,1.);
#1150 = DIRECTION('',(1.,0.));
#1151 = ( GEOMETRIC_REPRESENTATION_CONTEXT(2) 
PARAMETRIC_REPRESENTATION_CONTEXT() REPRESENTATION_CONTEXT('2D SPACE',''
  ) );
#1152 = ORIENTED_EDGE('',*,*,#1153,.T.);
#1153 = EDGE_CURVE('',#1126,#1154,#1156,.T.);
#1154 = VERTEX_POINT('',#1155);
#1155 = CARTESIAN_POINT('',(29.4,-15.6,0.6));
#1156 = SURFACE_CURVE('',#1157,(#1161,#1168),.PCURVE_S1.);
#1157 = LINE('',#1158,#1159);
#1158 = CARTESIAN_POINT('',(-70.,-15.6,0.6));
#1159 = VECTOR('',#1160,1.);
#1160 = DIRECTION('',(1.,0.,0.));
#1161 = PCURVE('',#43,#1162);
#1162 = DEFINITIONAL_REPRESENTATION('',(#1163),#1167);
#1163 = LINE('',#1164,#1165);
#1164 = CARTESIAN_POINT('',(0.6,-70.));
#1165 = VECTOR('',#1166,1.);
#1166 = DIRECTION('',(0.,1.));
#1167 = ( GEOMETRIC_REPRESENTATION_CONTEXT(2) 
PARAMETRIC_REPRESENTATION_CONTEXT() REPRESENTATION_CONTEXT('2D SPACE',''
  ) );
#1168 = PCURVE('',#1169,#1174);
#1169 = PLANE('',#1170);
#1170 = AXIS2_PLACEMENT_3D('',#1171,#1172,#1173);
#1171 = CARTESIAN_POINT('',(-70.,-18.,0.6));
#1172 = DIRECTION('',(0.,0.,1.));
#1173 = DIRECTION('',(1.,0.,0.));
#1174 = DEFINITIONAL_REPRESENTATION('',(#1175),#1179);
#1175 = LINE('',#1176,#1177);
#1176 = CARTESIAN_POINT('',(0.,2.4));
#1177 = VECTOR('',#1178,1.);
#1178 = DIRECTION('',(1.,0.));
#1179 = ( GEOMETRIC_REPRESENTATION_CONTEXT(2) 
PARAMETRIC_REPRESENTATION_CONTEXT() REPRESENTATION_CONTEXT('2D SPACE',''
  ) );
#1180 = ORIENTED_EDGE('',*,*,#1181,.T.);
#1181 = EDGE_CURVE('',#1154,#1097,#1182,.T.);
#1182 = SURFACE_CURVE('',#1183,(#1187,#1194),.PCURVE_S1.);
#1183 = LINE('',#1184,#1185);
#1184 = CARTESIAN_POINT('',(29.4,-15.6,-70.));
#1185 = VECTOR('',#1186,1.);
#1186 = DIRECTION('',(0.,0.,1.));
#1187 = PCURVE('',#43,#1188);
#1188 = DEFINITIONAL_REPRESENTATION('',(#1189),#1193);
#1189 = LINE('',#1190,#1191);
#1190 = CARTESIAN_POINT('',(-70.,29.4));
#1191 = VECTOR('',#1192,1.);
#1192 = DIRECTION('',(1.,0.));
#1193 = ( GEOMETRIC_REPRESENTATION_CONTEXT(2) 
PARAMETRIC_REPRESENTATION_CONTEXT() REPRESENTATION_CONTEXT('2D SPACE',''
  ) );
#1194 = PCURVE('',#1195,#1200);
#1195 = PLANE('',#1196);
#1196 = AXIS2_PLACEMENT_3D('',#1197,#1198,#1199);
#1197 = CARTESIAN_POINT('',(29.4,-18.,-70.));
#1198 = DIRECTION('',(1.,0.,0.));
#1199 = DIRECTION('',(0.,0.,1.));
#1200 = DEFINITIONAL_REPRESENTATION('',(#1201),#1205);
#1201 = LINE('',#1202,#1203);
#1202 = CARTESIAN_POINT('',(0.,-2.4));
#1203 = VECTOR('',#1204,1.);
#1204 = DIRECTION('',(1.,0.));
#1205 = ( GEOMETRIC_REPRESENTATION_CONTEXT(2) 
PARAMETRIC_REPRESENTATION_CONTEXT() REPRESENTATION_CONTEXT('2D SPACE',''
  ) );
#1206 = FACE_BOUND('',#1207,.T.);
#1207 = EDGE_LOOP('',(#1208,#1239,#1267,#1295));
#1208 = ORIENTED_EDGE('',*,*,#1209,.F.);
#1209 = EDGE_CURVE('',#1210,#1212,#1214,.T.);
#1210 = VERTEX_POINT('',#1211);
#1211 = CARTESIAN_POINT('',(-29.4,-15.6,62.423072657471));
#1212 = VERTEX_POINT('',#1213);
#1213 = CARTESIAN_POINT('',(-24.6,-15.6,64.465804889103));
#1214 = SURFACE_CURVE('',#1215,(#1220,#1227),.PCURVE_S1.);
#1215 = CIRCLE('',#1216,69.);
#1216 = AXIS2_PLACEMENT_3D('',#1217,#1218,#1219);
#1217 = CARTESIAN_POINT('',(0.,-15.6,0.));
#1218 = DIRECTION('',(0.,1.,0.));
#1219 = DIRECTION('',(0.,-0.,1.));
#1220 = PCURVE('',#43,#1221);
#1221 = DEFINITIONAL_REPRESENTATION('',(#1222),#1226);
#1222 = CIRCLE('',#1223,69.);
#1223 = AXIS2_PLACEMENT_2D('',#1224,#1225);
#1224 = CARTESIAN_POINT('',(0.,0.));
#1225 = DIRECTION('',(1.,0.));
#1226 = ( GEOMETRIC_REPRESENTATION_CONTEXT(2) 
PARAMETRIC_REPRESENTATION_CONTEXT() REPRESENTATION_CONTEXT('2D SPACE',''
  ) );
#1227 = PCURVE('',#1228,#1233);
#1228 = CYLINDRICAL_SURFACE('',#1229,69.);
#1229 = AXIS2_PLACEMENT_3D('',#1230,#1231,#1232);
#1230 = CARTESIAN_POINT('',(0.,-18.1,0.));
#1231 = DIRECTION('',(0.,1.,0.));
#1232 = DIRECTION('',(0.,-0.,1.));
#1233 = DEFINITIONAL_REPRESENTATION('',(#1234),#1238);
#1234 = LINE('',#1235,#1236);
#1235 = CARTESIAN_POINT('',(0.,2.5));
#1236 = VECTOR('',#1237,1.);
#1237 = DIRECTION('',(1.,0.));
#1238 = ( GEOMETRIC_REPRESENTATION_CONTEXT(2) 
PARAMETRIC_REPRESENTATION_CONTEXT() REPRESENTATION_CONTEXT('2D SPACE',''
  ) );
#1239 = ORIENTED_EDGE('',*,*,#1240,.F.);
#1240 = EDGE_CURVE('',#1241,#1210,#1243,.T.);
#1241 = VERTEX_POINT('',#1242);
#1242 = CARTESIAN_POINT('',(-29.4,-15.6,0.6));
#1243 = SURFACE_CURVE('',#1244,(#1248,#1255),.PCURVE_S1.);
#1244 = LINE('',#1245,#1246);
#1245 = CARTESIAN_POINT('',(-29.4,-15.6,-70.));
#1246 = VECTOR('',#1247,1.);
#1247 = DIRECTION('',(0.,0.,1.));
#1248 = PCURVE('',#43,#1249);
#1249 = DEFINITIONAL_REPRESENTATION('',(#1250),#1254);
#1250 = LINE('',#1251,#1252);
#1251 = CARTESIAN_POINT('',(-70.,-29.4));
#1252 = VECTOR('',#1253,1.);
#1253 = DIRECTION('',(1.,0.));
#1254 = ( GEOMETRIC_REPRESENTATION_CONTEXT(2) 
PARAMETRIC_REPRESENTATION_CONTEXT() REPRESENTATION_CONTEXT('2D SPACE',''
  ) );
#1255 = PCURVE('',#1256,#1261);
#1256 = PLANE('',#1257);
#1257 = AXIS2_PLACEMENT_3D('',#1258,#1259,#1260);
#1258 = CARTESIAN_POINT('',(-29.4,-18.,-70.));
#1259 = DIRECTION('',(1.,0.,0.));
#1260 = DIRECTION('',(0.,0.,1.));
#1261 = DEFINITIONAL_REPRESENTATION('',(#1262),#1266);
#1262 = LINE('',#1263,#1264);
#1263 = CARTESIAN_POINT('',(0.,-2.4));
#1264 = VECTOR('',#1265,1.);
#1265 = DIRECTION('',(1.,0.));
#1266 = ( GEOMETRIC_REPRESENTATION_CONTEXT(2) 
PARAMETRIC_REPRESENTATION_CONTEXT() REPRESENTATION_CONTEXT('2D SPACE',''
  ) );
#1267 = ORIENTED_EDGE('',*,*,#1268,.T.);
#1268 = EDGE_CURVE('',#1241,#1269,#1271,.T.);
#1269 = VERTEX_POINT('',#1270);
#1270 = CARTESIAN_POINT('',(-24.6,-15.6,0.6));
#1271 = SURFACE_CURVE('',#1272,(#1276,#1283),.PCURVE_S1.);
#1272 = LINE('',#1273,#1274);
#1273 = CARTESIAN_POINT('',(-70.,-15.6,0.6));
#1274 = VECTOR('',#1275,1.);
#1275 = DIRECTION('',(1.,0.,0.));
#1276 = PCURVE('',#43,#1277);
#1277 = DEFINITIONAL_REPRESENTATION('',(#1278),#1282);
#1278 = LINE('',#1279,#1280);
#1279 = CARTESIAN_POINT('',(0.6,-70.));
#1280 = VECTOR('',#1281,1.);
#1281 = DIRECTION('',(0.,1.));
#1282 = ( GEOMETRIC_REPRESENTATION_CONTEXT(2) 
PARAMETRIC_REPRESENTATION_CONTEXT() REPRESENTATION_CONTEXT('2D SPACE',''
  ) );
#1283 = PCURVE('',#1284,#1289);
#1284 = PLANE('',#1285);
#1285 = AXIS2_PLACEMENT_3D('',#1286,#1287,#1288);
#1286 = CARTESIAN_POINT('',(-70.,-18.,0.6));
#1287 = DIRECTION('',(0.,0.,1.));
#1288 = DIRECTION('',(1.,0.,0.));
#1289 = DEFINITIONAL_REPRESENTATION('',(#1290),#1294);
#1290 = LINE('',#1291,#1292);
#1291 = CARTESIAN_POINT('',(0.,2.4));
#1292 = VECTOR('',#1293,1.);
#1293 = DIRECTION('',(1.,0.));
#1294 = ( GEOMETRIC_REPRESENTATION_CONTEXT(2) 
PARAMETRIC_REPRESENTATION_CONTEXT() REPRESENTATION_CONTEXT('2D SPACE',''
  ) );
#1295 = ORIENTED_EDGE('',*,*,#1296,.T.);
#1296 = EDGE_CURVE('',#1269,#1212,#1297,.T.);
#1297 = SURFACE_CURVE('',#1298,(#1302,#1309),.PCURVE_S1.);
#1298 = LINE('',#1299,#1300);
#1299 = CARTESIAN_POINT('',(-24.6,-15.6,-70.));
#1300 = VECTOR('',#1301,1.);
#1301 = DIRECTION('',(0.,0.,1.));
#1302 = PCURVE('',#43,#1303);
#1303 = DEFINITIONAL_REPRESENTATION('',(#1304),#1308);
#1304 = LINE('',#1305,#1306);
#1305 = CARTESIAN_POINT('',(-70.,-24.6));
#1306 = VECTOR('',#1307,1.);
#1307 = DIRECTION('',(1.,0.));
#1308 = ( GEOMETRIC_REPRESENTATION_CONTEXT(2) 
PARAMETRIC_REPRESENTATION_CONTEXT() REPRESENTATION_CONTEXT('2D SPACE',''
  ) );
#1309 = PCURVE('',#1310,#1315);
#1310 = PLANE('',#1311);
#1311 = AXIS2_PLACEMENT_3D('',#1312,#1313,#1314);
#1312 = CARTESIAN_POINT('',(-24.6,-18.,-70.));
#1313 = DIRECTION('',(1.,0.,0.));
#1314 = DIRECTION('',(0.,0.,1.));
#1315 = DEFINITIONAL_REPRESENTATION('',(#1316),#1320);
#1316 = LINE('',#1317,#1318);
#1317 = CARTESIAN_POINT('',(0.,-2.4));
#1318 = VECTOR('',#1319,1.);
#1319 = DIRECTION('',(1.,0.));
#1320 = ( GEOMETRIC_REPRESENTATION_CONTEXT(2) 
PARAMETRIC_REPRESENTATION_CONTEXT() REPRESENTATION_CONTEXT('2D SPACE',''
  ) );
#1321 = FACE_BOUND('',#1322,.T.);
#1322 = EDGE_LOOP('',(#1323,#1354,#1382,#1410));
#1323 = ORIENTED_EDGE('',*,*,#1324,.F.);
#1324 = EDGE_CURVE('',#1325,#1327,#1329,.T.);
#1325 = VERTEX_POINT('',#1326);
#1326 = CARTESIAN_POINT('',(30.600000000001,-15.6,61.84367388828));
#1327 = VERTEX_POINT('',#1328);
#1328 = CARTESIAN_POINT('',(35.399999999999,-15.6,59.227020860416));
#1329 = SURFACE_CURVE('',#1330,(#1335,#1342),.PCURVE_S1.);
#1330 = CIRCLE('',#1331,69.);
#1331 = AXIS2_PLACEMENT_3D('',#1332,#1333,#1334);
#1332 = CARTESIAN_POINT('',(0.,-15.6,0.));
#1333 = DIRECTION('',(0.,1.,0.));
#1334 = DIRECTION('',(0.,-0.,1.));
#1335 = PCURVE('',#43,#1336);
#1336 = DEFINITIONAL_REPRESENTATION('',(#1337),#1341);
#1337 = CIRCLE('',#1338,69.);
#1338 = AXIS2_PLACEMENT_2D('',#1339,#1340);
#1339 = CARTESIAN_POINT('',(0.,0.));
#1340 = DIRECTION('',(1.,0.));
#1341 = ( GEOMETRIC_REPRESENTATION_CONTEXT(2) 
PARAMETRIC_REPRESENTATION_CONTEXT() REPRESENTATION_CONTEXT('2D SPACE',''
  ) );
#1342 = PCURVE('',#1343,#1348);
#1343 = CYLINDRICAL_SURFACE('',#1344,69.);
#1344 = AXIS2_PLACEMENT_3D('',#1345,#1346,#1347);
#1345 = CARTESIAN_POINT('',(0.,-18.1,0.));
#1346 = DIRECTION('',(0.,1.,0.));
#1347 = DIRECTION('',(0.,-0.,1.));
#1348 = DEFINITIONAL_REPRESENTATION('',(#1349),#1353);
#1349 = LINE('',#1350,#1351);
#1350 = CARTESIAN_POINT('',(0.,2.5));
#1351 = VECTOR('',#1352,1.);
#1352 = DIRECTION('',(1.,0.));
#1353 = ( GEOMETRIC_REPRESENTATION_CONTEXT(2) 
PARAMETRIC_REPRESENTATION_CONTEXT() REPRESENTATION_CONTEXT('2D SPACE',''
  ) );
#1354 = ORIENTED_EDGE('',*,*,#1355,.F.);
#1355 = EDGE_CURVE('',#1356,#1325,#1358,.T.);
#1356 = VERTEX_POINT('',#1357);
#1357 = CARTESIAN_POINT('',(30.6,-15.6,0.6));
#1358 = SURFACE_CURVE('',#1359,(#1363,#1370),.PCURVE_S1.);
#1359 = LINE('',#1360,#1361);
#1360 = CARTESIAN_POINT('',(30.6,-15.6,-70.));
#1361 = VECTOR('',#1362,1.);
#1362 = DIRECTION('',(0.,0.,1.));
#1363 = PCURVE('',#43,#1364);
#1364 = DEFINITIONAL_REPRESENTATION('',(#1365),#1369);
#1365 = LINE('',#1366,#1367);
#1366 = CARTESIAN_POINT('',(-70.,30.6));
#1367 = VECTOR('',#1368,1.);
#1368 = DIRECTION('',(1.,0.));
#1369 = ( GEOMETRIC_REPRESENTATION_CONTEXT(2) 
PARAMETRIC_REPRESENTATION_CONTEXT() REPRESENTATION_CONTEXT('2D SPACE',''
  ) );
#1370 = PCURVE('',#1371,#1376);
#1371 = PLANE('',#1372);
#1372 = AXIS2_PLACEMENT_3D('',#1373,#1374,#1375);
#1373 = CARTESIAN_POINT('',(30.6,-18.,-70.));
#1374 = DIRECTION('',(1.,0.,0.));
#1375 = DIRECTION('',(0.,0.,1.));
#1376 = DEFINITIONAL_REPRESENTATION('',(#1377),#1381);
#1377 = LINE('',#1378,#1379);
#1378 = CARTESIAN_POINT('',(0.,-2.4));
#1379 = VECTOR('',#1380,1.);
#1380 = DIRECTION('',(1.,0.));
#1381 = ( GEOMETRIC_REPRESENTATION_CONTEXT(2) 
PARAMETRIC_REPRESENTATION_CONTEXT() REPRESENTATION_CONTEXT('2D SPACE',''
  ) );
#1382 = ORIENTED_EDGE('',*,*,#1383,.T.);
#1383 = EDGE_CURVE('',#1356,#1384,#1386,.T.);
#1384 = VERTEX_POINT('',#1385);
#1385 = CARTESIAN_POINT('',(35.4,-15.6,0.6));
#1386 = SURFACE_CURVE('',#1387,(#1391,#1398),.PCURVE_S1.);
#1387 = LINE('',#1388,#1389);
#1388 = CARTESIAN_POINT('',(-70.,-15.6,0.6));
#1389 = VECTOR('',#1390,1.);
#1390 = DIRECTION('',(1.,0.,0.));
#1391 = PCURVE('',#43,#1392);
#1392 = DEFINITIONAL_REPRESENTATION('',(#1393),#1397);
#1393 = LINE('',#1394,#1395);
#1394 = CARTESIAN_POINT('',(0.6,-70.));
#1395 = VECTOR('',#1396,1.);
#1396 = DIRECTION('',(0.,1.));
#1397 = ( GEOMETRIC_REPRESENTATION_CONTEXT(2) 
PARAMETRIC_REPRESENTATION_CONTEXT() REPRESENTATION_CONTEXT('2D SPACE',''
  ) );
#1398 = PCURVE('',#1399,#1404);
#1399 = PLANE('',#1400);
#1400 = AXIS2_PLACEMENT_3D('',#1401,#1402,#1403);
#1401 = CARTESIAN_POINT('',(-70.,-18.,0.6));
#1402 = DIRECTION('',(0.,0.,1.));
#1403 = DIRECTION('',(1.,0.,0.));
#1404 = DEFINITIONAL_REPRESENTATION('',(#1405),#1409);
#1405 = LINE('',#1406,#1407);
#1406 = CARTESIAN_POINT('',(0.,2.4));
#1407 = VECTOR('',#1408,1.);
#1408 = DIRECTION('',(1.,0.));
#1409 = ( GEOMETRIC_REPRESENTATION_CONTEXT(2) 
PARAMETRIC_REPRESENTATION_CONTEXT() REPRESENTATION_CONTEXT('2D SPACE',''
  ) );
#1410 = ORIENTED_EDGE('',*,*,#1411,.T.);
#1411 = EDGE_CURVE('',#1384,#1327,#1412,.T.);
#1412 = SURFACE_CURVE('',#1413,(#1417,#1424),.PCURVE_S1.);
#1413 = LINE('',#1414,#1415);
#1414 = CARTESIAN_POINT('',(35.4,-15.6,-70.));
#1415 = VECTOR('',#1416,1.);
#1416 = DIRECTION('',(0.,0.,1.));
#1417 = PCURVE('',#43,#1418);
#1418 = DEFINITIONAL_REPRESENTATION('',(#1419),#1423);
#1419 = LINE('',#1420,#1421);
#1420 = CARTESIAN_POINT('',(-70.,35.4));
#1421 = VECTOR('',#1422,1.);
#1422 = DIRECTION('',(1.,0.));
#1423 = ( GEOMETRIC_REPRESENTATION_CONTEXT(2) 
PARAMETRIC_REPRESENTATION_CONTEXT() REPRESENTATION_CONTEXT('2D SPACE',''
  ) );
#1424 = PCURVE('',#1425,#1430);
#1425 = PLANE('',#1426);
#1426 = AXIS2_PLACEMENT_3D('',#1427,#1428,#1429);
#1427 = CARTESIAN_POINT('',(35.4,-18.,-70.));
#1428 = DIRECTION('',(1.,0.,0.));
#1429 = DIRECTION('',(0.,0.,1.));
#1430 = DEFINITIONAL_REPRESENTATION('',(#1431),#1435);
#1431 = LINE('',#1432,#1433);
#1432 = CARTESIAN_POINT('',(0.,-2.4));
#1433 = VECTOR('',#1434,1.);
#1434 = DIRECTION('',(1.,0.));
#1435 = ( GEOMETRIC_REPRESENTATION_CONTEXT(2) 
PARAMETRIC_REPRESENTATION_CONTEXT() REPRESENTATION_CONTEXT('2D SPACE',''
  ) );
#1436 = FACE_BOUND('',#1437,.T.);
#1437 = EDGE_LOOP('',(#1438,#1469,#1497,#1525));
#1438 = ORIENTED_EDGE('',*,*,#1439,.F.);
#1439 = EDGE_CURVE('',#1440,#1442,#1444,.T.);
#1440 = VERTEX_POINT('',#1441);
#1441 = CARTESIAN_POINT('',(-35.39999999999,-15.6,59.227020860416));
#1442 = VERTEX_POINT('',#1443);
#1443 = CARTESIAN_POINT('',(-30.6,-15.6,61.84367388828));
#1444 = SURFACE_CURVE('',#1445,(#1450,#1457),.PCURVE_S1.);
#1445 = CIRCLE('',#1446,69.);
#1446 = AXIS2_PLACEMENT_3D('',#1447,#1448,#1449);
#1447 = CARTESIAN_POINT('',(0.,-15.6,0.));
#1448 = DIRECTION('',(0.,1.,0.));
#1449 = DIRECTION('',(0.,-0.,1.));
#1450 = PCURVE('',#43,#1451);
#1451 = DEFINITIONAL_REPRESENTATION('',(#1452),#1456);
#1452 = CIRCLE('',#1453,69.);
#1453 = AXIS2_PLACEMENT_2D('',#1454,#1455);
#1454 = CARTESIAN_POINT('',(0.,0.));
#1455 = DIRECTION('',(1.,0.));
#1456 = ( GEOMETRIC_REPRESENTATION_CONTEXT(2) 
PARAMETRIC_REPRESENTATION_CONTEXT() REPRESENTATION_CONTEXT('2D SPACE',''
  ) );
#1457 = PCURVE('',#1458,#1463);
#1458 = CYLINDRICAL_SURFACE('',#1459,69.);
#1459 = AXIS2_PLACEMENT_3D('',#1460,#1461,#1462);
#1460 = CARTESIAN_POINT('',(0.,-18.1,0.));
#1461 = DIRECTION('',(0.,1.,0.));
#1462 = DIRECTION('',(0.,-0.,1.));
#1463 = DEFINITIONAL_REPRESENTATION('',(#1464),#1468);
#1464 = LINE('',#1465,#1466);
#1465 = CARTESIAN_POINT('',(0.,2.5));
#1466 = VECTOR('',#1467,1.);
#1467 = DIRECTION('',(1.,0.));
#1468 = ( GEOMETRIC_REPRESENTATION_CONTEXT(2) 
PARAMETRIC_REPRESENTATION_CONTEXT() REPRESENTATION_CONTEXT('2D SPACE',''
  ) );
#1469 = ORIENTED_EDGE('',*,*,#1470,.F.);
#1470 = EDGE_CURVE('',#1471,#1440,#1473,.T.);
#1471 = VERTEX_POINT('',#1472);
#1472 = CARTESIAN_POINT('',(-35.4,-15.6,0.6));
#1473 = SURFACE_CURVE('',#1474,(#1478,#1485),.PCURVE_S1.);
#1474 = LINE('',#1475,#1476);
#1475 = CARTESIAN_POINT('',(-35.4,-15.6,-70.));
#1476 = VECTOR('',#1477,1.);
#1477 = DIRECTION('',(0.,0.,1.));
#1478 = PCURVE('',#43,#1479);
#1479 = DEFINITIONAL_REPRESENTATION('',(#1480),#1484);
#1480 = LINE('',#1481,#1482);
#1481 = CARTESIAN_POINT('',(-70.,-35.4));
#1482 = VECTOR('',#1483,1.);
#1483 = DIRECTION('',(1.,0.));
#1484 = ( GEOMETRIC_REPRESENTATION_CONTEXT(2) 
PARAMETRIC_REPRESENTATION_CONTEXT() REPRESENTATION_CONTEXT('2D SPACE',''
  ) );
#1485 = PCURVE('',#1486,#1491);
#1486 = PLANE('',#1487);
#1487 = AXIS2_PLACEMENT_3D('',#1488,#1489,#1490);
#1488 = CARTESIAN_POINT('',(-35.4,-18.,-70.));
#1489 = DIRECTION('',(1.,0.,0.));
#1490 = DIRECTION('',(0.,0.,1.));
#1491 = DEFINITIONAL_REPRESENTATION('',(#1492),#1496);
#1492 = LINE('',#1493,#1494);
#1493 = CARTESIAN_POINT('',(0.,-2.4));
#1494 = VECTOR('',#1495,1.);
#1495 = DIRECTION('',(1.,0.));
#1496 = ( GEOMETRIC_REPRESENTATION_CONTEXT(2) 
PARAMETRIC_REPRESENTATION_CONTEXT() REPRESENTATION_CONTEXT('2D SPACE',''
  ) );
#1497 = ORIENTED_EDGE('',*,*,#1498,.T.);
#1498 = EDGE_CURVE('',#1471,#1499,#1501,.T.);
#1499 = VERTEX_POINT('',#1500);
#1500 = CARTESIAN_POINT('',(-30.6,-15.6,0.6));
#1501 = SURFACE_CURVE('',#1502,(#1506,#1513),.PCURVE_S1.);
#1502 = LINE('',#1503,#1504);
#1503 = CARTESIAN_POINT('',(-70.,-15.6,0.6));
#1504 = VECTOR('',#1505,1.);
#1505 = DIRECTION('',(1.,0.,0.));
#1506 = PCURVE('',#43,#1507);
#1507 = DEFINITIONAL_REPRESENTATION('',(#1508),#1512);
#1508 = LINE('',#1509,#1510);
#1509 = CARTESIAN_POINT('',(0.6,-70.));
#1510 = VECTOR('',#1511,1.);
#1511 = DIRECTION('',(0.,1.));
#1512 = ( GEOMETRIC_REPRESENTATION_CONTEXT(2) 
PARAMETRIC_REPRESENTATION_CONTEXT() REPRESENTATION_CONTEXT('2D SPACE',''
  ) );
#1513 = PCURVE('',#1514,#1519);
#1514 = PLANE('',#1515);
#1515 = AXIS2_PLACEMENT_3D('',#1516,#1517,#1518);
#1516 = CARTESIAN_POINT('',(-70.,-18.,0.6));
#1517 = DIRECTION('',(0.,0.,1.));
#1518 = DIRECTION('',(1.,0.,0.));
#1519 = DEFINITIONAL_REPRESENTATION('',(#1520),#1524);
#1520 = LINE('',#1521,#1522);
#1521 = CARTESIAN_POINT('',(0.,2.4));
#1522 = VECTOR('',#1523,1.);
#1523 = DIRECTION('',(1.,0.));
#1524 = ( GEOMETRIC_REPRESENTATION_CONTEXT(2) 
PARAMETRIC_REPRESENTATION_CONTEXT() REPRESENTATION_CONTEXT('2D SPACE',''
  ) );
#1525 = ORIENTED_EDGE('',*,*,#1526,.T.);
#1526 = EDGE_CURVE('',#1499,#1442,#1527,.T.);
#1527 = SURFACE_CURVE('',#1528,(#1532,#1539),.PCURVE_S1.);
#1528 = LINE('',#1529,#1530);
#1529 = CARTESIAN_POINT('',(-30.6,-15.6,-70.));
#1530 = VECTOR('',#1531,1.);
#1531 = DIRECTION('',(0.,0.,1.));
#1532 = PCURVE('',#43,#1533);
#1533 = DEFINITIONAL_REPRESENTATION('',(#1534),#1538);
#1534 = LINE('',#1535,#1536);
#1535 = CARTESIAN_POINT('',(-70.,-30.6));
#1536 = VECTOR('',#1537,1.);
#1537 = DIRECTION('',(1.,0.));
#1538 = ( GEOMETRIC_REPRESENTATION_CONTEXT(2) 
PARAMETRIC_REPRESENTATION_CONTEXT() REPRESENTATION_CONTEXT('2D SPACE',''
  ) );
#1539 = PCURVE('',#1540,#1545);
#1540 = PLANE('',#1541);
#1541 = AXIS2_PLACEMENT_3D('',#1542,#1543,#1544);
#1542 = CARTESIAN_POINT('',(-30.6,-18.,-70.));
#1543 = DIRECTION('',(1.,0.,0.));
#1544 = DIRECTION('',(0.,0.,1.));
#1545 = DEFINITIONAL_REPRESENTATION('',(#1546),#1550);
#1546 = LINE('',#1547,#1548);
#1547 = CARTESIAN_POINT('',(0.,-2.4));
#1548 = VECTOR('',#1549,1.);
#1549 = DIRECTION('',(1.,0.));
#1550 = ( GEOMETRIC_REPRESENTATION_CONTEXT(2) 
PARAMETRIC_REPRESENTATION_CONTEXT() REPRESENTATION_CONTEXT('2D SPACE',''
  ) );
#1551 = FACE_BOUND('',#1552,.T.);
#1552 = EDGE_LOOP('',(#1553,#1584,#1612,#1640));
#1553 = ORIENTED_EDGE('',*,*,#1554,.F.);
#1554 = EDGE_CURVE('',#1555,#1557,#1559,.T.);
#1555 = VERTEX_POINT('',#1556);
#1556 = CARTESIAN_POINT('',(36.600000000001,-15.6,58.493076513378));
#1557 = VERTEX_POINT('',#1558);
#1558 = CARTESIAN_POINT('',(41.4,-15.6,55.2));
#1559 = SURFACE_CURVE('',#1560,(#1565,#1572),.PCURVE_S1.);
#1560 = CIRCLE('',#1561,69.);
#1561 = AXIS2_PLACEMENT_3D('',#1562,#1563,#1564);
#1562 = CARTESIAN_POINT('',(0.,-15.6,0.));
#1563 = DIRECTION('',(0.,1.,0.));
#1564 = DIRECTION('',(0.,-0.,1.));
#1565 = PCURVE('',#43,#1566);
#1566 = DEFINITIONAL_REPRESENTATION('',(#1567),#1571);
#1567 = CIRCLE('',#1568,69.);
#1568 = AXIS2_PLACEMENT_2D('',#1569,#1570);
#1569 = CARTESIAN_POINT('',(0.,0.));
#1570 = DIRECTION('',(1.,0.));
#1571 = ( GEOMETRIC_REPRESENTATION_CONTEXT(2) 
PARAMETRIC_REPRESENTATION_CONTEXT() REPRESENTATION_CONTEXT('2D SPACE',''
  ) );
#1572 = PCURVE('',#1573,#1578);
#1573 = CYLINDRICAL_SURFACE('',#1574,69.);
#1574 = AXIS2_PLACEMENT_3D('',#1575,#1576,#1577);
#1575 = CARTESIAN_POINT('',(0.,-18.1,0.));
#1576 = DIRECTION('',(0.,1.,0.));
#1577 = DIRECTION('',(0.,-0.,1.));
#1578 = DEFINITIONAL_REPRESENTATION('',(#1579),#1583);
#1579 = LINE('',#1580,#1581);
#1580 = CARTESIAN_POINT('',(0.,2.5));
#1581 = VECTOR('',#1582,1.);
#1582 = DIRECTION('',(1.,0.));
#1583 = ( GEOMETRIC_REPRESENTATION_CONTEXT(2) 
PARAMETRIC_REPRESENTATION_CONTEXT() REPRESENTATION_CONTEXT('2D SPACE',''
  ) );
#1584 = ORIENTED_EDGE('',*,*,#1585,.F.);
#1585 = EDGE_CURVE('',#1586,#1555,#1588,.T.);
#1586 = VERTEX_POINT('',#1587);
#1587 = CARTESIAN_POINT('',(36.6,-15.6,0.6));
#1588 = SURFACE_CURVE('',#1589,(#1593,#1600),.PCURVE_S1.);
#1589 = LINE('',#1590,#1591);
#1590 = CARTESIAN_POINT('',(36.6,-15.6,-70.));
#1591 = VECTOR('',#1592,1.);
#1592 = DIRECTION('',(0.,0.,1.));
#1593 = PCURVE('',#43,#1594);
#1594 = DEFINITIONAL_REPRESENTATION('',(#1595),#1599);
#1595 = LINE('',#1596,#1597);
#1596 = CARTESIAN_POINT('',(-70.,36.6));
#1597 = VECTOR('',#1598,1.);
#1598 = DIRECTION('',(1.,0.));
#1599 = ( GEOMETRIC_REPRESENTATION_CONTEXT(2) 
PARAMETRIC_REPRESENTATION_CONTEXT() REPRESENTATION_CONTEXT('2D SPACE',''
  ) );
#1600 = PCURVE('',#1601,#1606);
#1601 = PLANE('',#1602);
#1602 = AXIS2_PLACEMENT_3D('',#1603,#1604,#1605);
#1603 = CARTESIAN_POINT('',(36.6,-18.,-70.));
#1604 = DIRECTION('',(1.,0.,0.));
#1605 = DIRECTION('',(0.,0.,1.));
#1606 = DEFINITIONAL_REPRESENTATION('',(#1607),#1611);
#1607 = LINE('',#1608,#1609);
#1608 = CARTESIAN_POINT('',(0.,-2.4));
#1609 = VECTOR('',#1610,1.);
#1610 = DIRECTION('',(1.,0.));
#1611 = ( GEOMETRIC_REPRESENTATION_CONTEXT(2) 
PARAMETRIC_REPRESENTATION_CONTEXT() REPRESENTATION_CONTEXT('2D SPACE',''
  ) );
#1612 = ORIENTED_EDGE('',*,*,#1613,.T.);
#1613 = EDGE_CURVE('',#1586,#1614,#1616,.T.);
#1614 = VERTEX_POINT('',#1615);
#1615 = CARTESIAN_POINT('',(41.4,-15.6,0.6));
#1616 = SURFACE_CURVE('',#1617,(#1621,#1628),.PCURVE_S1.);
#1617 = LINE('',#1618,#1619);
#1618 = CARTESIAN_POINT('',(-70.,-15.6,0.6));
#1619 = VECTOR('',#1620,1.);
#1620 = DIRECTION('',(1.,0.,0.));
#1621 = PCURVE('',#43,#1622);
#1622 = DEFINITIONAL_REPRESENTATION('',(#1623),#1627);
#1623 = LINE('',#1624,#1625);
#1624 = CARTESIAN_POINT('',(0.6,-70.));
#1625 = VECTOR('',#1626,1.);
#1626 = DIRECTION('',(0.,1.));
#1627 = ( GEOMETRIC_REPRESENTATION_CONTEXT(2) 
PARAMETRIC_REPRESENTATION_CONTEXT() REPRESENTATION_CONTEXT('2D SPACE',''
  ) );
#1628 = PCURVE('',#1629,#1634);
#1629 = PLANE('',#1630);
#1630 = AXIS2_PLACEMENT_3D('',#1631,#1632,#1633);
#1631 = CARTESIAN_POINT('',(-70.,-18.,0.6));
#1632 = DIRECTION('',(0.,0.,1.));
#1633 = DIRECTION('',(1.,0.,0.));
#1634 = DEFINITIONAL_REPRESENTATION('',(#1635),#1639);
#1635 = LINE('',#1636,#1637);
#1636 = CARTESIAN_POINT('',(0.,2.4));
#1637 = VECTOR('',#1638,1.);
#1638 = DIRECTION('',(1.,0.));
#1639 = ( GEOMETRIC_REPRESENTATION_CONTEXT(2) 
PARAMETRIC_REPRESENTATION_CONTEXT() REPRESENTATION_CONTEXT('2D SPACE',''
  ) );
#1640 = ORIENTED_EDGE('',*,*,#1641,.T.);
#1641 = EDGE_CURVE('',#1614,#1557,#1642,.T.);
#1642 = SURFACE_CURVE('',#1643,(#1647,#1654),.PCURVE_S1.);
#1643 = LINE('',#1644,#1645);
#1644 = CARTESIAN_POINT('',(41.4,-15.6,-70.));
#1645 = VECTOR('',#1646,1.);
#1646 = DIRECTION('',(0.,0.,1.));
#1647 = PCURVE('',#43,#1648);
#1648 = DEFINITIONAL_REPRESENTATION('',(#1649),#1653);
#1649 = LINE('',#1650,#1651);
#1650 = CARTESIAN_POINT('',(-70.,41.4));
#1651 = VECTOR('',#1652,1.);
#1652 = DIRECTION('',(1.,0.));
#1653 = ( GEOMETRIC_REPRESENTATION_CONTEXT(2) 
PARAMETRIC_REPRESENTATION_CONTEXT() REPRESENTATION_CONTEXT('2D SPACE',''
  ) );
#1654 = PCURVE('',#1655,#1660);
#1655 = PLANE('',#1656);
#1656 = AXIS2_PLACEMENT_3D('',#1657,#1658,#1659);
#1657 = CARTESIAN_POINT('',(41.4,-18.,-70.));
#1658 = DIRECTION('',(1.,0.,0.));
#1659 = DIRECTION('',(0.,0.,1.));
#1660 = DEFINITIONAL_REPRESENTATION('',(#1661),#1665);
#1661 = LINE('',#1662,#1663);
#1662 = CARTESIAN_POINT('',(0.,-2.4));
#1663 = VECTOR('',#1664,1.);
#1664 = DIRECTION('',(1.,0.));
#1665 = ( GEOMETRIC_REPRESENTATION_CONTEXT(2) 
PARAMETRIC_REPRESENTATION_CONTEXT() REPRESENTATION_CONTEXT('2D SPACE',''
  ) );
#1666 = FACE_BOUND('',#1667,.T.);
#1667 = EDGE_LOOP('',(#1668,#1699,#1727,#1755));
#1668 = ORIENTED_EDGE('',*,*,#1669,.F.);
#1669 = EDGE_CURVE('',#1670,#1672,#1674,.T.);
#1670 = VERTEX_POINT('',#1671);
#1671 = CARTESIAN_POINT('',(-41.4,-15.6,55.2));
#1672 = VERTEX_POINT('',#1673);
#1673 = CARTESIAN_POINT('',(-36.6,-15.6,58.493076513378));
#1674 = SURFACE_CURVE('',#1675,(#1680,#1687),.PCURVE_S1.);
#1675 = CIRCLE('',#1676,69.);
#1676 = AXIS2_PLACEMENT_3D('',#1677,#1678,#1679);
#1677 = CARTESIAN_POINT('',(0.,-15.6,0.));
#1678 = DIRECTION('',(0.,1.,0.));
#1679 = DIRECTION('',(0.,-0.,1.));
#1680 = PCURVE('',#43,#1681);
#1681 = DEFINITIONAL_REPRESENTATION('',(#1682),#1686);
#1682 = CIRCLE('',#1683,69.);
#1683 = AXIS2_PLACEMENT_2D('',#1684,#1685);
#1684 = CARTESIAN_POINT('',(0.,0.));
#1685 = DIRECTION('',(1.,0.));
#1686 = ( GEOMETRIC_REPRESENTATION_CONTEXT(2) 
PARAMETRIC_REPRESENTATION_CONTEXT() REPRESENTATION_CONTEXT('2D SPACE',''
  ) );
#1687 = PCURVE('',#1688,#1693);
#1688 = CYLINDRICAL_SURFACE('',#1689,69.);
#1689 = AXIS2_PLACEMENT_3D('',#1690,#1691,#1692);
#1690 = CARTESIAN_POINT('',(0.,-18.1,0.));
#1691 = DIRECTION('',(0.,1.,0.));
#1692 = DIRECTION('',(0.,-0.,1.));
#1693 = DEFINITIONAL_REPRESENTATION('',(#1694),#1698);
#1694 = LINE('',#1695,#1696);
#1695 = CARTESIAN_POINT('',(0.,2.5));
#1696 = VECTOR('',#1697,1.);
#1697 = DIRECTION('',(1.,0.));
#1698 = ( GEOMETRIC_REPRESENTATION_CONTEXT(2) 
PARAMETRIC_REPRESENTATION_CONTEXT() REPRESENTATION_CONTEXT('2D SPACE',''
  ) );
#1699 = ORIENTED_EDGE('',*,*,#1700,.F.);
#1700 = EDGE_CURVE('',#1701,#1670,#1703,.T.);
#1701 = VERTEX_POINT('',#1702);
#1702 = CARTESIAN_POINT('',(-41.4,-15.6,0.6));
#1703 = SURFACE_CURVE('',#1704,(#1708,#1715),.PCURVE_S1.);
#1704 = LINE('',#1705,#1706);
#1705 = CARTESIAN_POINT('',(-41.4,-15.6,-70.));
#1706 = VECTOR('',#1707,1.);
#1707 = DIRECTION('',(0.,0.,1.));
#1708 = PCURVE('',#43,#1709);
#1709 = DEFINITIONAL_REPRESENTATION('',(#1710),#1714);
#1710 = LINE('',#1711,#1712);
#1711 = CARTESIAN_POINT('',(-70.,-41.4));
#1712 = VECTOR('',#1713,1.);
#1713 = DIRECTION('',(1.,0.));
#1714 = ( GEOMETRIC_REPRESENTATION_CONTEXT(2) 
PARAMETRIC_REPRESENTATION_CONTEXT() REPRESENTATION_CONTEXT('2D SPACE',''
  ) );
#1715 = PCURVE('',#1716,#1721);
#1716 = PLANE('',#1717);
#1717 = AXIS2_PLACEMENT_3D('',#1718,#1719,#1720);
#1718 = CARTESIAN_POINT('',(-41.4,-18.,-70.));
#1719 = DIRECTION('',(1.,0.,0.));
#1720 = DIRECTION('',(0.,0.,1.));
#1721 = DEFINITIONAL_REPRESENTATION('',(#1722),#1726);
#1722 = LINE('',#1723,#1724);
#1723 = CARTESIAN_POINT('',(0.,-2.4));
#1724 = VECTOR('',#1725,1.);
#1725 = DIRECTION('',(1.,0.));
#1726 = ( GEOMETRIC_REPRESENTATION_CONTEXT(2) 
PARAMETRIC_REPRESENTATION_CONTEXT() REPRESENTATION_CONTEXT('2D SPACE',''
  ) );
#1727 = ORIENTED_EDGE('',*,*,#1728,.T.);
#1728 = EDGE_CURVE('',#1701,#1729,#1731,.T.);
#1729 = VERTEX_POINT('',#1730);
#1730 = CARTESIAN_POINT('',(-36.6,-15.6,0.6));
#1731 = SURFACE_CURVE('',#1732,(#1736,#1743),.PCURVE_S1.);
#1732 = LINE('',#1733,#1734);
#1733 = CARTESIAN_POINT('',(-70.,-15.6,0.6));
#1734 = VECTOR('',#1735,1.);
#1735 = DIRECTION('',(1.,0.,0.));
#1736 = PCURVE('',#43,#1737);
#1737 = DEFINITIONAL_REPRESENTATION('',(#1738),#1742);
#1738 = LINE('',#1739,#1740);
#1739 = CARTESIAN_POINT('',(0.6,-70.));
#1740 = VECTOR('',#1741,1.);
#1741 = DIRECTION('',(0.,1.));
#1742 = ( GEOMETRIC_REPRESENTATION_CONTEXT(2) 
PARAMETRIC_REPRESENTATION_CONTEXT() REPRESENTATION_CONTEXT('2D SPACE',''
  ) );
#1743 = PCURVE('',#1744,#1749);
#1744 = PLANE('',#1745);
#1745 = AXIS2_PLACEMENT_3D('',#1746,#1747,#1748);
#1746 = CARTESIAN_POINT('',(-70.,-18.,0.6));
#1747 = DIRECTION('',(0.,0.,1.));
#1748 = DIRECTION('',(1.,0.,0.));
#1749 = DEFINITIONAL_REPRESENTATION('',(#1750),#1754);
#1750 = LINE('',#1751,#1752);
#1751 = CARTESIAN_POINT('',(0.,2.4));
#1752 = VECTOR('',#1753,1.);
#1753 = DIRECTION('',(1.,0.));
#1754 = ( GEOMETRIC_REPRESENTATION_CONTEXT(2) 
PARAMETRIC_REPRESENTATION_CONTEXT() REPRESENTATION_CONTEXT('2D SPACE',''
  ) );
#1755 = ORIENTED_EDGE('',*,*,#1756,.T.);
#1756 = EDGE_CURVE('',#1729,#1672,#1757,.T.);
#1757 = SURFACE_CURVE('',#1758,(#1762,#1769),.PCURVE_S1.);
#1758 = LINE('',#1759,#1760);
#1759 = CARTESIAN_POINT('',(-36.6,-15.6,-70.));
#1760 = VECTOR('',#1761,1.);
#1761 = DIRECTION('',(0.,0.,1.));
#1762 = PCURVE('',#43,#1763);
#1763 = DEFINITIONAL_REPRESENTATION('',(#1764),#1768);
#1764 = LINE('',#1765,#1766);
#1765 = CARTESIAN_POINT('',(-70.,-36.6));
#1766 = VECTOR('',#1767,1.);
#1767 = DIRECTION('',(1.,0.));
#1768 = ( GEOMETRIC_REPRESENTATION_CONTEXT(2) 
PARAMETRIC_REPRESENTATION_CONTEXT() REPRESENTATION_CONTEXT('2D SPACE',''
  ) );
#1769 = PCURVE('',#1770,#1775);
#1770 = PLANE('',#1771);
#1771 = AXIS2_PLACEMENT_3D('',#1772,#1773,#1774);
#1772 = CARTESIAN_POINT('',(-36.6,-18.,-70.));
#1773 = DIRECTION('',(1.,0.,0.));
#1774 = DIRECTION('',(0.,0.,1.));
#1775 = DEFINITIONAL_REPRESENTATION('',(#1776),#1780);
#1776 = LINE('',#1777,#1778);
#1777 = CARTESIAN_POINT('',(0.,-2.4));
#1778 = VECTOR('',#1779,1.);
#1779 = DIRECTION('',(1.,0.));
#1780 = ( GEOMETRIC_REPRESENTATION_CONTEXT(2) 
PARAMETRIC_REPRESENTATION_CONTEXT() REPRESENTATION_CONTEXT('2D SPACE',''
  ) );
#1781 = FACE_BOUND('',#1782,.T.);
#1782 = EDGE_LOOP('',(#1783,#1814,#1842,#1870));
#1783 = ORIENTED_EDGE('',*,*,#1784,.F.);
#1784 = EDGE_CURVE('',#1785,#1787,#1789,.T.);
#1785 = VERTEX_POINT('',#1786);
#1786 = CARTESIAN_POINT('',(42.599999999999,-15.6,54.279277813915));
#1787 = VERTEX_POINT('',#1788);
#1788 = CARTESIAN_POINT('',(47.4,-15.6,50.142197797863));
#1789 = SURFACE_CURVE('',#1790,(#1795,#1802),.PCURVE_S1.);
#1790 = CIRCLE('',#1791,69.);
#1791 = AXIS2_PLACEMENT_3D('',#1792,#1793,#1794);
#1792 = CARTESIAN_POINT('',(0.,-15.6,0.));
#1793 = DIRECTION('',(0.,1.,0.));
#1794 = DIRECTION('',(0.,-0.,1.));
#1795 = PCURVE('',#43,#1796);
#1796 = DEFINITIONAL_REPRESENTATION('',(#1797),#1801);
#1797 = CIRCLE('',#1798,69.);
#1798 = AXIS2_PLACEMENT_2D('',#1799,#1800);
#1799 = CARTESIAN_POINT('',(0.,0.));
#1800 = DIRECTION('',(1.,0.));
#1801 = ( GEOMETRIC_REPRESENTATION_CONTEXT(2) 
PARAMETRIC_REPRESENTATION_CONTEXT() REPRESENTATION_CONTEXT('2D SPACE',''
  ) );
#1802 = PCURVE('',#1803,#1808);
#1803 = CYLINDRICAL_SURFACE('',#1804,69.);
#1804 = AXIS2_PLACEMENT_3D('',#1805,#1806,#1807);
#1805 = CARTESIAN_POINT('',(0.,-18.1,0.));
#1806 = DIRECTION('',(0.,1.,0.));
#1807 = DIRECTION('',(0.,-0.,1.));
#1808 = DEFINITIONAL_REPRESENTATION('',(#1809),#1813);
#1809 = LINE('',#1810,#1811);
#1810 = CARTESIAN_POINT('',(0.,2.5));
#1811 = VECTOR('',#1812,1.);
#1812 = DIRECTION('',(1.,0.));
#1813 = ( GEOMETRIC_REPRESENTATION_CONTEXT(2) 
PARAMETRIC_REPRESENTATION_CONTEXT() REPRESENTATION_CONTEXT('2D SPACE',''
  ) );
#1814 = ORIENTED_EDGE('',*,*,#1815,.F.);
#1815 = EDGE_CURVE('',#1816,#1785,#1818,.T.);
#1816 = VERTEX_POINT('',#1817);
#1817 = CARTESIAN_POINT('',(42.6,-15.6,0.6));
#1818 = SURFACE_CURVE('',#1819,(#1823,#1830),.PCURVE_S1.);
#1819 = LINE('',#1820,#1821);
#1820 = CARTESIAN_POINT('',(42.6,-15.6,-70.));
#1821 = VECTOR('',#1822,1.);
#1822 = DIRECTION('',(0.,0.,1.));
#1823 = PCURVE('',#43,#1824);
#1824 = DEFINITIONAL_REPRESENTATION('',(#1825),#1829);
#1825 = LINE('',#1826,#1827);
#1826 = CARTESIAN_POINT('',(-70.,42.6));
#1827 = VECTOR('',#1828,1.);
#1828 = DIRECTION('',(1.,0.));
#1829 = ( GEOMETRIC_REPRESENTATION_CONTEXT(2) 
PARAMETRIC_REPRESENTATION_CONTEXT() REPRESENTATION_CONTEXT('2D SPACE',''
  ) );
#1830 = PCURVE('',#1831,#1836);
#1831 = PLANE('',#1832);
#1832 = AXIS2_PLACEMENT_3D('',#1833,#1834,#1835);
#1833 = CARTESIAN_POINT('',(42.6,-18.,-70.));
#1834 = DIRECTION('',(1.,0.,0.));
#1835 = DIRECTION('',(0.,0.,1.));
#1836 = DEFINITIONAL_REPRESENTATION('',(#1837),#1841);
#1837 = LINE('',#1838,#1839);
#1838 = CARTESIAN_POINT('',(0.,-2.4));
#1839 = VECTOR('',#1840,1.);
#1840 = DIRECTION('',(1.,0.));
#1841 = ( GEOMETRIC_REPRESENTATION_CONTEXT(2) 
PARAMETRIC_REPRESENTATION_CONTEXT() REPRESENTATION_CONTEXT('2D SPACE',''
  ) );
#1842 = ORIENTED_EDGE('',*,*,#1843,.T.);
#1843 = EDGE_CURVE('',#1816,#1844,#1846,.T.);
#1844 = VERTEX_POINT('',#1845);
#1845 = CARTESIAN_POINT('',(47.4,-15.6,0.6));
#1846 = SURFACE_CURVE('',#1847,(#1851,#1858),.PCURVE_S1.);
#1847 = LINE('',#1848,#1849);
#1848 = CARTESIAN_POINT('',(-70.,-15.6,0.6));
#1849 = VECTOR('',#1850,1.);
#1850 = DIRECTION('',(1.,0.,0.));
#1851 = PCURVE('',#43,#1852);
#1852 = DEFINITIONAL_REPRESENTATION('',(#1853),#1857);
#1853 = LINE('',#1854,#1855);
#1854 = CARTESIAN_POINT('',(0.6,-70.));
#1855 = VECTOR('',#1856,1.);
#1856 = DIRECTION('',(0.,1.));
#1857 = ( GEOMETRIC_REPRESENTATION_CONTEXT(2) 
PARAMETRIC_REPRESENTATION_CONTEXT() REPRESENTATION_CONTEXT('2D SPACE',''
  ) );
#1858 = PCURVE('',#1859,#1864);
#1859 = PLANE('',#1860);
#1860 = AXIS2_PLACEMENT_3D('',#1861,#1862,#1863);
#1861 = CARTESIAN_POINT('',(-70.,-18.,0.6));
#1862 = DIRECTION('',(0.,0.,1.));
#1863 = DIRECTION('',(1.,0.,0.));
#1864 = DEFINITIONAL_REPRESENTATION('',(#1865),#1869);
#1865 = LINE('',#1866,#1867);
#1866 = CARTESIAN_POINT('',(0.,2.4));
#1867 = VECTOR('',#1868,1.);
#1868 = DIRECTION('',(1.,0.));
#1869 = ( GEOMETRIC_REPRESENTATION_CONTEXT(2) 
PARAMETRIC_REPRESENTATION_CONTEXT() REPRESENTATION_CONTEXT('2D SPACE',''
  ) );
#1870 = ORIENTED_EDGE('',*,*,#1871,.T.);
#1871 = EDGE_CURVE('',#1844,#1787,#1872,.T.);
#1872 = SURFACE_CURVE('',#1873,(#1877,#1884),.PCURVE_S1.);
#1873 = LINE('',#1874,#1875);
#1874 = CARTESIAN_POINT('',(47.4,-15.6,-70.));
#1875 = VECTOR('',#1876,1.);
#1876 = DIRECTION('',(0.,0.,1.));
#1877 = PCURVE('',#43,#1878);
#1878 = DEFINITIONAL_REPRESENTATION('',(#1879),#1883);
#1879 = LINE('',#1880,#1881);
#1880 = CARTESIAN_POINT('',(-70.,47.4));
#1881 = VECTOR('',#1882,1.);
#1882 = DIRECTION('',(1.,0.));
#1883 = ( GEOMETRIC_REPRESENTATION_CONTEXT(2) 
PARAMETRIC_REPRESENTATION_CONTEXT() REPRESENTATION_CONTEXT('2D SPACE',''
  ) );
#1884 = PCURVE('',#1885,#1890);
#1885 = PLANE('',#1886);
#1886 = AXIS2_PLACEMENT_3D('',#1887,#1888,#1889);
#1887 = CARTESIAN_POINT('',(47.4,-18.,-70.));
#1888 = DIRECTION('',(1.,0.,0.));
#1889 = DIRECTION('',(0.,0.,1.));
#1890 = DEFINITIONAL_REPRESENTATION('',(#1891),#1895);
#1891 = LINE('',#1892,#1893);
#1892 = CARTESIAN_POINT('',(0.,-2.4));
#1893 = VECTOR('',#1894,1.);
#1894 = DIRECTION('',(1.,0.));
#1895 = ( GEOMETRIC_REPRESENTATION_CONTEXT(2) 
PARAMETRIC_REPRESENTATION_CONTEXT() REPRESENTATION_CONTEXT('2D SPACE',''
  ) );
#1896 = FACE_BOUND('',#1897,.T.);
#1897 = EDGE_LOOP('',(#1898,#1929,#1957,#1985));
#1898 = ORIENTED_EDGE('',*,*,#1899,.F.);
#1899 = EDGE_CURVE('',#1900,#1902,#1904,.T.);
#1900 = VERTEX_POINT('',#1901);
#1901 = CARTESIAN_POINT('',(-47.4,-15.6,50.142197797863));
#1902 = VERTEX_POINT('',#1903);
#1903 = CARTESIAN_POINT('',(-42.59999999999,-15.6,54.279277813915));
#1904 = SURFACE_CURVE('',#1905,(#1910,#1917),.PCURVE_S1.);
#1905 = CIRCLE('',#1906,69.);
#1906 = AXIS2_PLACEMENT_3D('',#1907,#1908,#1909);
#1907 = CARTESIAN_POINT('',(0.,-15.6,0.));
#1908 = DIRECTION('',(0.,1.,0.));
#1909 = DIRECTION('',(0.,-0.,1.));
#1910 = PCURVE('',#43,#1911);
#1911 = DEFINITIONAL_REPRESENTATION('',(#1912),#1916);
#1912 = CIRCLE('',#1913,69.);
#1913 = AXIS2_PLACEMENT_2D('',#1914,#1915);
#1914 = CARTESIAN_POINT('',(0.,0.));
#1915 = DIRECTION('',(1.,0.));
#1916 = ( GEOMETRIC_REPRESENTATION_CONTEXT(2) 
PARAMETRIC_REPRESENTATION_CONTEXT() REPRESENTATION_CONTEXT('2D SPACE',''
  ) );
#1917 = PCURVE('',#1918,#1923);
#1918 = CYLINDRICAL_SURFACE('',#1919,69.);
#1919 = AXIS2_PLACEMENT_3D('',#1920,#1921,#1922);
#1920 = CARTESIAN_POINT('',(0.,-18.1,0.));
#1921 = DIRECTION('',(0.,1.,0.));
#1922 = DIRECTION('',(0.,-0.,1.));
#1923 = DEFINITIONAL_REPRESENTATION('',(#1924),#1928);
#1924 = LINE('',#1925,#1926);
#1925 = CARTESIAN_POINT('',(0.,2.5));
#1926 = VECTOR('',#1927,1.);
#1927 = DIRECTION('',(1.,0.));
#1928 = ( GEOMETRIC_REPRESENTATION_CONTEXT(2) 
PARAMETRIC_REPRESENTATION_CONTEXT() REPRESENTATION_CONTEXT('2D SPACE',''
  ) );
#1929 = ORIENTED_EDGE('',*,*,#1930,.F.);
#1930 = EDGE_CURVE('',#1931,#1900,#1933,.T.);
#1931 = VERTEX_POINT('',#1932);
#1932 = CARTESIAN_POINT('',(-47.4,-15.6,0.6));
#1933 = SURFACE_CURVE('',#1934,(#1938,#1945),.PCURVE_S1.);
#1934 = LINE('',#1935,#1936);
#1935 = CARTESIAN_POINT('',(-47.4,-15.6,-70.));
#1936 = VECTOR('',#1937,1.);
#1937 = DIRECTION('',(0.,0.,1.));
#1938 = PCURVE('',#43,#1939);
#1939 = DEFINITIONAL_REPRESENTATION('',(#1940),#1944);
#1940 = LINE('',#1941,#1942);
#1941 = CARTESIAN_POINT('',(-70.,-47.4));
#1942 = VECTOR('',#1943,1.);
#1943 = DIRECTION('',(1.,0.));
#1944 = ( GEOMETRIC_REPRESENTATION_CONTEXT(2) 
PARAMETRIC_REPRESENTATION_CONTEXT() REPRESENTATION_CONTEXT('2D SPACE',''
  ) );
#1945 = PCURVE('',#1946,#1951);
#1946 = PLANE('',#1947);
#1947 = AXIS2_PLACEMENT_3D('',#1948,#1949,#1950);
#1948 = CARTESIAN_POINT('',(-47.4,-18.,-70.));
#1949 = DIRECTION('',(1.,0.,0.));
#1950 = DIRECTION('',(0.,0.,1.));
#1951 = DEFINITIONAL_REPRESENTATION('',(#1952),#1956);
#1952 = LINE('',#1953,#1954);
#1953 = CARTESIAN_POINT('',(0.,-2.4));
#1954 = VECTOR('',#1955,1.);
#1955 = DIRECTION('',(1.,0.));
#1956 = ( GEOMETRIC_REPRESENTATION_CONTEXT(2) 
PARAMETRIC_REPRESENTATION_CONTEXT() REPRESENTATION_CONTEXT('2D SPACE',''
  ) );
#1957 = ORIENTED_EDGE('',*,*,#1958,.T.);
#1958 = EDGE_CURVE('',#1931,#1959,#1961,.T.);
#1959 = VERTEX_POINT('',#1960);
#1960 = CARTESIAN_POINT('',(-42.6,-15.6,0.6));
#1961 = SURFACE_CURVE('',#1962,(#1966,#1973),.PCURVE_S1.);
#1962 = LINE('',#1963,#1964);
#1963 = CARTESIAN_POINT('',(-70.,-15.6,0.6));
#1964 = VECTOR('',#1965,1.);
#1965 = DIRECTION('',(1.,0.,0.));
#1966 = PCURVE('',#43,#1967);
#1967 = DEFINITIONAL_REPRESENTATION('',(#1968),#1972);
#1968 = LINE('',#1969,#1970);
#1969 = CARTESIAN_POINT('',(0.6,-70.));
#1970 = VECTOR('',#1971,1.);
#1971 = DIRECTION('',(0.,1.));
#1972 = ( GEOMETRIC_REPRESENTATION_CONTEXT(2) 
PARAMETRIC_REPRESENTATION_CONTEXT() REPRESENTATION_CONTEXT('2D SPACE',''
  ) );
#1973 = PCURVE('',#1974,#1979);
#1974 = PLANE('',#1975);
#1975 = AXIS2_PLACEMENT_3D('',#1976,#1977,#1978);
#1976 = CARTESIAN_POINT('',(-70.,-18.,0.6));
#1977 = DIRECTION('',(0.,0.,1.));
#1978 = DIRECTION('',(1.,0.,0.));
#1979 = DEFINITIONAL_REPRESENTATION('',(#1980),#1984);
#1980 = LINE('',#1981,#1982);
#1981 = CARTESIAN_POINT('',(0.,2.4));
#1982 = VECTOR('',#1983,1.);
#1983 = DIRECTION('',(1.,0.));
#1984 = ( GEOMETRIC_REPRESENTATION_CONTEXT(2) 
PARAMETRIC_REPRESENTATION_CONTEXT() REPRESENTATION_CONTEXT('2D SPACE',''
  ) );
#1985 = ORIENTED_EDGE('',*,*,#1986,.T.);
#1986 = EDGE_CURVE('',#1959,#1902,#1987,.T.);
#1987 = SURFACE_CURVE('',#1988,(#1992,#1999),.PCURVE_S1.);
#1988 = LINE('',#1989,#1990);
#1989 = CARTESIAN_POINT('',(-42.6,-15.6,-70.));
#1990 = VECTOR('',#1991,1.);
#1991 = DIRECTION('',(0.,0.,1.));
#1992 = PCURVE('',#43,#1993);
#1993 = DEFINITIONAL_REPRESENTATION('',(#1994),#1998);
#1994 = LINE('',#1995,#1996);
#1995 = CARTESIAN_POINT('',(-70.,-42.6));
#1996 = VECTOR('',#1997,1.);
#1997 = DIRECTION('',(1.,0.));
#1998 = ( GEOMETRIC_REPRESENTATION_CONTEXT(2) 
PARAMETRIC_REPRESENTATION_CONTEXT() REPRESENTATION_CONTEXT('2D SPACE',''
  ) );
#1999 = PCURVE('',#2000,#2005);
#2000 = PLANE('',#2001);
#2001 = AXIS2_PLACEMENT_3D('',#2002,#2003,#2004);
#2002 = CARTESIAN_POINT('',(-42.6,-18.,-70.));
#2003 = DIRECTION('',(1.,0.,0.));
#2004 = DIRECTION('',(0.,0.,1.));
#2005 = DEFINITIONAL_REPRESENTATION('',(#2006),#2010);
#2006 = LINE('',#2007,#2008);
#2007 = CARTESIAN_POINT('',(0.,-2.4));
#2008 = VECTOR('',#2009,1.);
#2009 = DIRECTION('',(1.,0.));
#2010 = ( GEOMETRIC_REPRESENTATION_CONTEXT(2) 
PARAMETRIC_REPRESENTATION_CONTEXT() REPRESENTATION_CONTEXT('2D SPACE',''
  ) );
#2011 = FACE_BOUND('',#2012,.T.);
#2012 = EDGE_LOOP('',(#2013,#2044,#2072,#2100));
#2013 = ORIENTED_EDGE('',*,*,#2014,.F.);
#2014 = EDGE_CURVE('',#2015,#2017,#2019,.T.);
#2015 = VERTEX_POINT('',#2016);
#2016 = CARTESIAN_POINT('',(48.6,-15.6,48.9799959167));
#2017 = VERTEX_POINT('',#2018);
#2018 = CARTESIAN_POINT('',(53.399999999999,-15.6,43.697139494482));
#2019 = SURFACE_CURVE('',#2020,(#2025,#2032),.PCURVE_S1.);
#2020 = CIRCLE('',#2021,69.);
#2021 = AXIS2_PLACEMENT_3D('',#2022,#2023,#2024);
#2022 = CARTESIAN_POINT('',(0.,-15.6,0.));
#2023 = DIRECTION('',(0.,1.,0.));
#2024 = DIRECTION('',(0.,-0.,1.));
#2025 = PCURVE('',#43,#2026);
#2026 = DEFINITIONAL_REPRESENTATION('',(#2027),#2031);
#2027 = CIRCLE('',#2028,69.);
#2028 = AXIS2_PLACEMENT_2D('',#2029,#2030);
#2029 = CARTESIAN_POINT('',(0.,0.));
#2030 = DIRECTION('',(1.,0.));
#2031 = ( GEOMETRIC_REPRESENTATION_CONTEXT(2) 
PARAMETRIC_REPRESENTATION_CONTEXT() REPRESENTATION_CONTEXT('2D SPACE',''
  ) );
#2032 = PCURVE('',#2033,#2038);
#2033 = CYLINDRICAL_SURFACE('',#2034,69.);
#2034 = AXIS2_PLACEMENT_3D('',#2035,#2036,#2037);
#2035 = CARTESIAN_POINT('',(0.,-18.1,0.));
#2036 = DIRECTION('',(0.,1.,0.));
#2037 = DIRECTION('',(0.,-0.,1.));
#2038 = DEFINITIONAL_REPRESENTATION('',(#2039),#2043);
#2039 = LINE('',#2040,#2041);
#2040 = CARTESIAN_POINT('',(0.,2.5));
#2041 = VECTOR('',#2042,1.);
#2042 = DIRECTION('',(1.,0.));
#2043 = ( GEOMETRIC_REPRESENTATION_CONTEXT(2) 
PARAMETRIC_REPRESENTATION_CONTEXT() REPRESENTATION_CONTEXT('2D SPACE',''
  ) );
#2044 = ORIENTED_EDGE('',*,*,#2045,.F.);
#2045 = EDGE_CURVE('',#2046,#2015,#2048,.T.);
#2046 = VERTEX_POINT('',#2047);
#2047 = CARTESIAN_POINT('',(48.6,-15.6,0.6));
#2048 = SURFACE_CURVE('',#2049,(#2053,#2060),.PCURVE_S1.);
#2049 = LINE('',#2050,#2051);
#2050 = CARTESIAN_POINT('',(48.6,-15.6,-70.));
#2051 = VECTOR('',#2052,1.);
#2052 = DIRECTION('',(0.,0.,1.));
#2053 = PCURVE('',#43,#2054);
#2054 = DEFINITIONAL_REPRESENTATION('',(#2055),#2059);
#2055 = LINE('',#2056,#2057);
#2056 = CARTESIAN_POINT('',(-70.,48.6));
#2057 = VECTOR('',#2058,1.);
#2058 = DIRECTION('',(1.,0.));
#2059 = ( GEOMETRIC_REPRESENTATION_CONTEXT(2) 
PARAMETRIC_REPRESENTATION_CONTEXT() REPRESENTATION_CONTEXT('2D SPACE',''
  ) );
#2060 = PCURVE('',#2061,#2066);
#2061 = PLANE('',#2062);
#2062 = AXIS2_PLACEMENT_3D('',#2063,#2064,#2065);
#2063 = CARTESIAN_POINT('',(48.6,-18.,-70.));
#2064 = DIRECTION('',(1.,0.,0.));
#2065 = DIRECTION('',(0.,0.,1.));
#2066 = DEFINITIONAL_REPRESENTATION('',(#2067),#2071);
#2067 = LINE('',#2068,#2069);
#2068 = CARTESIAN_POINT('',(0.,-2.4));
#2069 = VECTOR('',#2070,1.);
#2070 = DIRECTION('',(1.,0.));
#2071 = ( GEOMETRIC_REPRESENTATION_CONTEXT(2) 
PARAMETRIC_REPRESENTATION_CONTEXT() REPRESENTATION_CONTEXT('2D SPACE',''
  ) );
#2072 = ORIENTED_EDGE('',*,*,#2073,.T.);
#2073 = EDGE_CURVE('',#2046,#2074,#2076,.T.);
#2074 = VERTEX_POINT('',#2075);
#2075 = CARTESIAN_POINT('',(53.4,-15.6,0.6));
#2076 = SURFACE_CURVE('',#2077,(#2081,#2088),.PCURVE_S1.);
#2077 = LINE('',#2078,#2079);
#2078 = CARTESIAN_POINT('',(-70.,-15.6,0.6));
#2079 = VECTOR('',#2080,1.);
#2080 = DIRECTION('',(1.,0.,0.));
#2081 = PCURVE('',#43,#2082);
#2082 = DEFINITIONAL_REPRESENTATION('',(#2083),#2087);
#2083 = LINE('',#2084,#2085);
#2084 = CARTESIAN_POINT('',(0.6,-70.));
#2085 = VECTOR('',#2086,1.);
#2086 = DIRECTION('',(0.,1.));
#2087 = ( GEOMETRIC_REPRESENTATION_CONTEXT(2) 
PARAMETRIC_REPRESENTATION_CONTEXT() REPRESENTATION_CONTEXT('2D SPACE',''
  ) );
#2088 = PCURVE('',#2089,#2094);
#2089 = PLANE('',#2090);
#2090 = AXIS2_PLACEMENT_3D('',#2091,#2092,#2093);
#2091 = CARTESIAN_POINT('',(-70.,-18.,0.6));
#2092 = DIRECTION('',(0.,0.,1.));
#2093 = DIRECTION('',(1.,0.,0.));
#2094 = DEFINITIONAL_REPRESENTATION('',(#2095),#2099);
#2095 = LINE('',#2096,#2097);
#2096 = CARTESIAN_POINT('',(0.,2.4));
#2097 = VECTOR('',#2098,1.);
#2098 = DIRECTION('',(1.,0.));
#2099 = ( GEOMETRIC_REPRESENTATION_CONTEXT(2) 
PARAMETRIC_REPRESENTATION_CONTEXT() REPRESENTATION_CONTEXT('2D SPACE',''
  ) );
#2100 = ORIENTED_EDGE('',*,*,#2101,.T.);
#2101 = EDGE_CURVE('',#2074,#2017,#2102,.T.);
#2102 = SURFACE_CURVE('',#2103,(#2107,#2114),.PCURVE_S1.);
#2103 = LINE('',#2104,#2105);
#2104 = CARTESIAN_POINT('',(53.4,-15.6,-70.));
#2105 = VECTOR('',#2106,1.);
#2106 = DIRECTION('',(0.,0.,1.));
#2107 = PCURVE('',#43,#2108);
#2108 = DEFINITIONAL_REPRESENTATION('',(#2109),#2113);
#2109 = LINE('',#2110,#2111);
#2110 = CARTESIAN_POINT('',(-70.,53.4));
#2111 = VECTOR('',#2112,1.);
#2112 = DIRECTION('',(1.,0.));
#2113 = ( GEOMETRIC_REPRESENTATION_CONTEXT(2) 
PARAMETRIC_REPRESENTATION_CONTEXT() REPRESENTATION_CONTEXT('2D SPACE',''
  ) );
#2114 = PCURVE('',#2115,#2120);
#2115 = PLANE('',#2116);
#2116 = AXIS2_PLACEMENT_3D('',#2117,#2118,#2119);
#2117 = CARTESIAN_POINT('',(53.4,-18.,-70.));
#2118 = DIRECTION('',(1.,0.,0.));
#2119 = DIRECTION('',(0.,0.,1.));
#2120 = DEFINITIONAL_REPRESENTATION('',(#2121),#2125);
#2121 = LINE('',#2122,#2123);
#2122 = CARTESIAN_POINT('',(0.,-2.4));
#2123 = VECTOR('',#2124,1.);
#2124 = DIRECTION('',(1.,0.));
#2125 = ( GEOMETRIC_REPRESENTATION_CONTEXT(2) 
PARAMETRIC_REPRESENTATION_CONTEXT() REPRESENTATION_CONTEXT('2D SPACE',''
  ) );
#2126 = FACE_BOUND('',#2127,.T.);
#2127 = EDGE_LOOP('',(#2128,#2159,#2187,#2215));
#2128 = ORIENTED_EDGE('',*,*,#2129,.F.);
#2129 = EDGE_CURVE('',#2130,#2132,#2134,.T.);
#2130 = VERTEX_POINT('',#2131);
#2131 = CARTESIAN_POINT('',(-53.39999999999,-15.6,43.697139494482));
#2132 = VERTEX_POINT('',#2133);
#2133 = CARTESIAN_POINT('',(-48.6,-15.6,48.9799959167));
#2134 = SURFACE_CURVE('',#2135,(#2140,#2147),.PCURVE_S1.);
#2135 = CIRCLE('',#2136,69.);
#2136 = AXIS2_PLACEMENT_3D('',#2137,#2138,#2139);
#2137 = CARTESIAN_POINT('',(0.,-15.6,0.));
#2138 = DIRECTION('',(0.,1.,0.));
#2139 = DIRECTION('',(0.,-0.,1.));
#2140 = PCURVE('',#43,#2141);
#2141 = DEFINITIONAL_REPRESENTATION('',(#2142),#2146);
#2142 = CIRCLE('',#2143,69.);
#2143 = AXIS2_PLACEMENT_2D('',#2144,#2145);
#2144 = CARTESIAN_POINT('',(0.,0.));
#2145 = DIRECTION('',(1.,0.));
#2146 = ( GEOMETRIC_REPRESENTATION_CONTEXT(2) 
PARAMETRIC_REPRESENTATION_CONTEXT() REPRESENTATION_CONTEXT('2D SPACE',''
  ) );
#2147 = PCURVE('',#2148,#2153);
#2148 = CYLINDRICAL_SURFACE('',#2149,69.);
#2149 = AXIS2_PLACEMENT_3D('',#2150,#2151,#2152);
#2150 = CARTESIAN_POINT('',(0.,-18.1,0.));
#2151 = DIRECTION('',(0.,1.,0.));
#2152 = DIRECTION('',(0.,-0.,1.));
#2153 = DEFINITIONAL_REPRESENTATION('',(#2154),#2158);
#2154 = LINE('',#2155,#2156);
#2155 = CARTESIAN_POINT('',(0.,2.5));
#2156 = VECTOR('',#2157,1.);
#2157 = DIRECTION('',(1.,0.));
#2158 = ( GEOMETRIC_REPRESENTATION_CONTEXT(2) 
PARAMETRIC_REPRESENTATION_CONTEXT() REPRESENTATION_CONTEXT('2D SPACE',''
  ) );
#2159 = ORIENTED_EDGE('',*,*,#2160,.F.);
#2160 = EDGE_CURVE('',#2161,#2130,#2163,.T.);
#2161 = VERTEX_POINT('',#2162);
#2162 = CARTESIAN_POINT('',(-53.4,-15.6,0.6));
#2163 = SURFACE_CURVE('',#2164,(#2168,#2175),.PCURVE_S1.);
#2164 = LINE('',#2165,#2166);
#2165 = CARTESIAN_POINT('',(-53.4,-15.6,-70.));
#2166 = VECTOR('',#2167,1.);
#2167 = DIRECTION('',(0.,0.,1.));
#2168 = PCURVE('',#43,#2169);
#2169 = DEFINITIONAL_REPRESENTATION('',(#2170),#2174);
#2170 = LINE('',#2171,#2172);
#2171 = CARTESIAN_POINT('',(-70.,-53.4));
#2172 = VECTOR('',#2173,1.);
#2173 = DIRECTION('',(1.,0.));
#2174 = ( GEOMETRIC_REPRESENTATION_CONTEXT(2) 
PARAMETRIC_REPRESENTATION_CONTEXT() REPRESENTATION_CONTEXT('2D SPACE',''
  ) );
#2175 = PCURVE('',#2176,#2181);
#2176 = PLANE('',#2177);
#2177 = AXIS2_PLACEMENT_3D('',#2178,#2179,#2180);
#2178 = CARTESIAN_POINT('',(-53.4,-18.,-70.));
#2179 = DIRECTION('',(1.,0.,0.));
#2180 = DIRECTION('',(0.,0.,1.));
#2181 = DEFINITIONAL_REPRESENTATION('',(#2182),#2186);
#2182 = LINE('',#2183,#2184);
#2183 = CARTESIAN_POINT('',(0.,-2.4));
#2184 = VECTOR('',#2185,1.);
#2185 = DIRECTION('',(1.,0.));
#2186 = ( GEOMETRIC_REPRESENTATION_CONTEXT(2) 
PARAMETRIC_REPRESENTATION_CONTEXT() REPRESENTATION_CONTEXT('2D SPACE',''
  ) );
#2187 = ORIENTED_EDGE('',*,*,#2188,.T.);
#2188 = EDGE_CURVE('',#2161,#2189,#2191,.T.);
#2189 = VERTEX_POINT('',#2190);
#2190 = CARTESIAN_POINT('',(-48.6,-15.6,0.6));
#2191 = SURFACE_CURVE('',#2192,(#2196,#2203),.PCURVE_S1.);
#2192 = LINE('',#2193,#2194);
#2193 = CARTESIAN_POINT('',(-70.,-15.6,0.6));
#2194 = VECTOR('',#2195,1.);
#2195 = DIRECTION('',(1.,0.,0.));
#2196 = PCURVE('',#43,#2197);
#2197 = DEFINITIONAL_REPRESENTATION('',(#2198),#2202);
#2198 = LINE('',#2199,#2200);
#2199 = CARTESIAN_POINT('',(0.6,-70.));
#2200 = VECTOR('',#2201,1.);
#2201 = DIRECTION('',(0.,1.));
#2202 = ( GEOMETRIC_REPRESENTATION_CONTEXT(2) 
PARAMETRIC_REPRESENTATION_CONTEXT() REPRESENTATION_CONTEXT('2D SPACE',''
  ) );
#2203 = PCURVE('',#2204,#2209);
#2204 = PLANE('',#2205);
#2205 = AXIS2_PLACEMENT_3D('',#2206,#2207,#2208);
#2206 = CARTESIAN_POINT('',(-70.,-18.,0.6));
#2207 = DIRECTION('',(0.,0.,1.));
#2208 = DIRECTION('',(1.,0.,0.));
#2209 = DEFINITIONAL_REPRESENTATION('',(#2210),#2214);
#2210 = LINE('',#2211,#2212);
#2211 = CARTESIAN_POINT('',(0.,2.4));
#2212 = VECTOR('',#2213,1.);
#2213 = DIRECTION('',(1.,0.));
#2214 = ( GEOMETRIC_REPRESENTATION_CONTEXT(2) 
PARAMETRIC_REPRESENTATION_CONTEXT() REPRESENTATION_CONTEXT('2D SPACE',''
  ) );
#2215 = ORIENTED_EDGE('',*,*,#2216,.T.);
#2216 = EDGE_CURVE('',#2189,#2132,#2217,.T.);
#2217 = SURFACE_CURVE('',#2218,(#2222,#2229),.PCURVE_S1.);
#2218 = LINE('',#2219,#2220);
#2219 = CARTESIAN_POINT('',(-48.6,-15.6,-70.));
#2220 = VECTOR('',#2221,1.);
#2221 = DIRECTION('',(0.,0.,1.));
#2222 = PCURVE('',#43,#2223);
#2223 = DEFINITIONAL_REPRESENTATION('',(#2224),#2228);
#2224 = LINE('',#2225,#2226);
#2225 = CARTESIAN_POINT('',(-70.,-48.6));
#2226 = VECTOR('',#2227,1.);
#2227 = DIRECTION('',(1.,0.));
#2228 = ( GEOMETRIC_REPRESENTATION_CONTEXT(2) 
PARAMETRIC_REPRESENTATION_CONTEXT() REPRESENTATION_CONTEXT('2D SPACE',''
  ) );
#2229 = PCURVE('',#2230,#2235);
#2230 = PLANE('',#2231);
#2231 = AXIS2_PLACEMENT_3D('',#2232,#2233,#2234);
#2232 = CARTESIAN_POINT('',(-48.6,-18.,-70.));
#2233 = DIRECTION('',(1.,0.,0.));
#2234 = DIRECTION('',(0.,0.,1.));
#2235 = DEFINITIONAL_REPRESENTATION('',(#2236),#2240);
#2236 = LINE('',#2237,#2238);
#2237 = CARTESIAN_POINT('',(0.,-2.4));
#2238 = VECTOR('',#2239,1.);
#2239 = DIRECTION('',(1.,0.));
#2240 = ( GEOMETRIC_REPRESENTATION_CONTEXT(2) 
PARAMETRIC_REPRESENTATION_CONTEXT() REPRESENTATION_CONTEXT('2D SPACE',''
  ) );
#2241 = FACE_BOUND('',#2242,.T.);
#2242 = EDGE_LOOP('',(#2243,#2274,#2302,#2330));
#2243 = ORIENTED_EDGE('',*,*,#2244,.F.);
#2244 = EDGE_CURVE('',#2245,#2247,#2249,.T.);
#2245 = VERTEX_POINT('',#2246);
#2246 = CARTESIAN_POINT('',(54.600000000001,-15.6,42.188149994989));
#2247 = VERTEX_POINT('',#2248);
#2248 = CARTESIAN_POINT('',(59.399999999999,-15.6,35.108973211989));
#2249 = SURFACE_CURVE('',#2250,(#2255,#2262),.PCURVE_S1.);
#2250 = CIRCLE('',#2251,69.);
#2251 = AXIS2_PLACEMENT_3D('',#2252,#2253,#2254);
#2252 = CARTESIAN_POINT('',(0.,-15.6,0.));
#2253 = DIRECTION('',(0.,1.,0.));
#2254 = DIRECTION('',(0.,-0.,1.));
#2255 = PCURVE('',#43,#2256);
#2256 = DEFINITIONAL_REPRESENTATION('',(#2257),#2261);
#2257 = CIRCLE('',#2258,69.);
#2258 = AXIS2_PLACEMENT_2D('',#2259,#2260);
#2259 = CARTESIAN_POINT('',(0.,0.));
#2260 = DIRECTION('',(1.,0.));
#2261 = ( GEOMETRIC_REPRESENTATION_CONTEXT(2) 
PARAMETRIC_REPRESENTATION_CONTEXT() REPRESENTATION_CONTEXT('2D SPACE',''
  ) );
#2262 = PCURVE('',#2263,#2268);
#2263 = CYLINDRICAL_SURFACE('',#2264,69.);
#2264 = AXIS2_PLACEMENT_3D('',#2265,#2266,#2267);
#2265 = CARTESIAN_POINT('',(0.,-18.1,0.));
#2266 = DIRECTION('',(0.,1.,0.));
#2267 = DIRECTION('',(0.,-0.,1.));
#2268 = DEFINITIONAL_REPRESENTATION('',(#2269),#2273);
#2269 = LINE('',#2270,#2271);
#2270 = CARTESIAN_POINT('',(0.,2.5));
#2271 = VECTOR('',#2272,1.);
#2272 = DIRECTION('',(1.,0.));
#2273 = ( GEOMETRIC_REPRESENTATION_CONTEXT(2) 
PARAMETRIC_REPRESENTATION_CONTEXT() REPRESENTATION_CONTEXT('2D SPACE',''
  ) );
#2274 = ORIENTED_EDGE('',*,*,#2275,.F.);
#2275 = EDGE_CURVE('',#2276,#2245,#2278,.T.);
#2276 = VERTEX_POINT('',#2277);
#2277 = CARTESIAN_POINT('',(54.6,-15.6,0.6));
#2278 = SURFACE_CURVE('',#2279,(#2283,#2290),.PCURVE_S1.);
#2279 = LINE('',#2280,#2281);
#2280 = CARTESIAN_POINT('',(54.6,-15.6,-70.));
#2281 = VECTOR('',#2282,1.);
#2282 = DIRECTION('',(0.,0.,1.));
#2283 = PCURVE('',#43,#2284);
#2284 = DEFINITIONAL_REPRESENTATION('',(#2285),#2289);
#2285 = LINE('',#2286,#2287);
#2286 = CARTESIAN_POINT('',(-70.,54.6));
#2287 = VECTOR('',#2288,1.);
#2288 = DIRECTION('',(1.,0.));
#2289 = ( GEOMETRIC_REPRESENTATION_CONTEXT(2) 
PARAMETRIC_REPRESENTATION_CONTEXT() REPRESENTATION_CONTEXT('2D SPACE',''
  ) );
#2290 = PCURVE('',#2291,#2296);
#2291 = PLANE('',#2292);
#2292 = AXIS2_PLACEMENT_3D('',#2293,#2294,#2295);
#2293 = CARTESIAN_POINT('',(54.6,-18.,-70.));
#2294 = DIRECTION('',(1.,0.,0.));
#2295 = DIRECTION('',(0.,0.,1.));
#2296 = DEFINITIONAL_REPRESENTATION('',(#2297),#2301);
#2297 = LINE('',#2298,#2299);
#2298 = CARTESIAN_POINT('',(0.,-2.4));
#2299 = VECTOR('',#2300,1.);
#2300 = DIRECTION('',(1.,0.));
#2301 = ( GEOMETRIC_REPRESENTATION_CONTEXT(2) 
PARAMETRIC_REPRESENTATION_CONTEXT() REPRESENTATION_CONTEXT('2D SPACE',''
  ) );
#2302 = ORIENTED_EDGE('',*,*,#2303,.T.);
#2303 = EDGE_CURVE('',#2276,#2304,#2306,.T.);
#2304 = VERTEX_POINT('',#2305);
#2305 = CARTESIAN_POINT('',(59.4,-15.6,0.6));
#2306 = SURFACE_CURVE('',#2307,(#2311,#2318),.PCURVE_S1.);
#2307 = LINE('',#2308,#2309);
#2308 = CARTESIAN_POINT('',(-70.,-15.6,0.6));
#2309 = VECTOR('',#2310,1.);
#2310 = DIRECTION('',(1.,0.,0.));
#2311 = PCURVE('',#43,#2312);
#2312 = DEFINITIONAL_REPRESENTATION('',(#2313),#2317);
#2313 = LINE('',#2314,#2315);
#2314 = CARTESIAN_POINT('',(0.6,-70.));
#2315 = VECTOR('',#2316,1.);
#2316 = DIRECTION('',(0.,1.));
#2317 = ( GEOMETRIC_REPRESENTATION_CONTEXT(2) 
PARAMETRIC_REPRESENTATION_CONTEXT() REPRESENTATION_CONTEXT('2D SPACE',''
  ) );
#2318 = PCURVE('',#2319,#2324);
#2319 = PLANE('',#2320);
#2320 = AXIS2_PLACEMENT_3D('',#2321,#2322,#2323);
#2321 = CARTESIAN_POINT('',(-70.,-18.,0.6));
#2322 = DIRECTION('',(0.,0.,1.));
#2323 = DIRECTION('',(1.,0.,0.));
#2324 = DEFINITIONAL_REPRESENTATION('',(#2325),#2329);
#2325 = LINE('',#2326,#2327);
#2326 = CARTESIAN_POINT('',(0.,2.4));
#2327 = VECTOR('',#2328,1.);
#2328 = DIRECTION('',(1.,0.));
#2329 = ( GEOMETRIC_REPRESENTATION_CONTEXT(2) 
PARAMETRIC_REPRESENTATION_CONTEXT() REPRESENTATION_CONTEXT('2D SPACE',''
  ) );
#2330 = ORIENTED_EDGE('',*,*,#2331,.T.);
#2331 = EDGE_CURVE('',#2304,#2247,#2332,.T.);
#2332 = SURFACE_CURVE('',#2333,(#2337,#2344),.PCURVE_S1.);
#2333 = LINE('',#2334,#2335);
#2334 = CARTESIAN_POINT('',(59.4,-15.6,-70.));
#2335 = VECTOR('',#2336,1.);
#2336 = DIRECTION('',(0.,0.,1.));
#2337 = PCURVE('',#43,#2338);
#2338 = DEFINITIONAL_REPRESENTATION('',(#2339),#2343);
#2339 = LINE('',#2340,#2341);
#2340 = CARTESIAN_POINT('',(-70.,59.4));
#2341 = VECTOR('',#2342,1.);
#2342 = DIRECTION('',(1.,0.));
#2343 = ( GEOMETRIC_REPRESENTATION_CONTEXT(2) 
PARAMETRIC_REPRESENTATION_CONTEXT() REPRESENTATION_CONTEXT('2D SPACE',''
  ) );
#2344 = PCURVE('',#2345,#2350);
#2345 = PLANE('',#2346);
#2346 = AXIS2_PLACEMENT_3D('',#2347,#2348,#2349);
#2347 = CARTESIAN_POINT('',(59.4,-18.,-70.));
#2348 = DIRECTION('',(1.,0.,0.));
#2349 = DIRECTION('',(0.,0.,1.));
#2350 = DEFINITIONAL_REPRESENTATION('',(#2351),#2355);
#2351 = LINE('',#2352,#2353);
#2352 = CARTESIAN_POINT('',(0.,-2.4));
#2353 = VECTOR('',#2354,1.);
#2354 = DIRECTION('',(1.,0.));
#2355 = ( GEOMETRIC_REPRESENTATION_CONTEXT(2) 
PARAMETRIC_REPRESENTATION_CONTEXT() REPRESENTATION_CONTEXT('2D SPACE',''
  ) );
#2356 = FACE_BOUND('',#2357,.T.);
#2357 = EDGE_LOOP('',(#2358,#2389,#2417,#2445));
#2358 = ORIENTED_EDGE('',*,*,#2359,.F.);
#2359 = EDGE_CURVE('',#2360,#2362,#2364,.T.);
#2360 = VERTEX_POINT('',#2361);
#2361 = CARTESIAN_POINT('',(-59.39999999999,-15.6,35.108973211989));
#2362 = VERTEX_POINT('',#2363);
#2363 = CARTESIAN_POINT('',(-54.6,-15.6,42.188149994989));
#2364 = SURFACE_CURVE('',#2365,(#2370,#2377),.PCURVE_S1.);
#2365 = CIRCLE('',#2366,69.);
#2366 = AXIS2_PLACEMENT_3D('',#2367,#2368,#2369);
#2367 = CARTESIAN_POINT('',(0.,-15.6,0.));
#2368 = DIRECTION('',(0.,1.,0.));
#2369 = DIRECTION('',(0.,-0.,1.));
#2370 = PCURVE('',#43,#2371);
#2371 = DEFINITIONAL_REPRESENTATION('',(#2372),#2376);
#2372 = CIRCLE('',#2373,69.);
#2373 = AXIS2_PLACEMENT_2D('',#2374,#2375);
#2374 = CARTESIAN_POINT('',(0.,0.));
#2375 = DIRECTION('',(1.,0.));
#2376 = ( GEOMETRIC_REPRESENTATION_CONTEXT(2) 
PARAMETRIC_REPRESENTATION_CONTEXT() REPRESENTATION_CONTEXT('2D SPACE',''
  ) );
#2377 = PCURVE('',#2378,#2383);
#2378 = CYLINDRICAL_SURFACE('',#2379,69.);
#2379 = AXIS2_PLACEMENT_3D('',#2380,#2381,#2382);
#2380 = CARTESIAN_POINT('',(0.,-18.1,0.));
#2381 = DIRECTION('',(0.,1.,0.));
#2382 = DIRECTION('',(0.,-0.,1.));
#2383 = DEFINITIONAL_REPRESENTATION('',(#2384),#2388);
#2384 = LINE('',#2385,#2386);
#2385 = CARTESIAN_POINT('',(0.,2.5));
#2386 = VECTOR('',#2387,1.);
#2387 = DIRECTION('',(1.,0.));
#2388 = ( GEOMETRIC_REPRESENTATION_CONTEXT(2) 
PARAMETRIC_REPRESENTATION_CONTEXT() REPRESENTATION_CONTEXT('2D SPACE',''
  ) );
#2389 = ORIENTED_EDGE('',*,*,#2390,.F.);
#2390 = EDGE_CURVE('',#2391,#2360,#2393,.T.);
#2391 = VERTEX_POINT('',#2392);
#2392 = CARTESIAN_POINT('',(-59.4,-15.6,0.6));
#2393 = SURFACE_CURVE('',#2394,(#2398,#2405),.PCURVE_S1.);
#2394 = LINE('',#2395,#2396);
#2395 = CARTESIAN_POINT('',(-59.4,-15.6,-70.));
#2396 = VECTOR('',#2397,1.);
#2397 = DIRECTION('',(0.,0.,1.));
#2398 = PCURVE('',#43,#2399);
#2399 = DEFINITIONAL_REPRESENTATION('',(#2400),#2404);
#2400 = LINE('',#2401,#2402);
#2401 = CARTESIAN_POINT('',(-70.,-59.4));
#2402 = VECTOR('',#2403,1.);
#2403 = DIRECTION('',(1.,0.));
#2404 = ( GEOMETRIC_REPRESENTATION_CONTEXT(2) 
PARAMETRIC_REPRESENTATION_CONTEXT() REPRESENTATION_CONTEXT('2D SPACE',''
  ) );
#2405 = PCURVE('',#2406,#2411);
#2406 = PLANE('',#2407);
#2407 = AXIS2_PLACEMENT_3D('',#2408,#2409,#2410);
#2408 = CARTESIAN_POINT('',(-59.4,-18.,-70.));
#2409 = DIRECTION('',(1.,0.,0.));
#2410 = DIRECTION('',(0.,0.,1.));
#2411 = DEFINITIONAL_REPRESENTATION('',(#2412),#2416);
#2412 = LINE('',#2413,#2414);
#2413 = CARTESIAN_POINT('',(0.,-2.4));
#2414 = VECTOR('',#2415,1.);
#2415 = DIRECTION('',(1.,0.));
#2416 = ( GEOMETRIC_REPRESENTATION_CONTEXT(2) 
PARAMETRIC_REPRESENTATION_CONTEXT() REPRESENTATION_CONTEXT('2D SPACE',''
  ) );
#2417 = ORIENTED_EDGE('',*,*,#2418,.T.);
#2418 = EDGE_CURVE('',#2391,#2419,#2421,.T.);
#2419 = VERTEX_POINT('',#2420);
#2420 = CARTESIAN_POINT('',(-54.6,-15.6,0.6));
#2421 = SURFACE_CURVE('',#2422,(#2426,#2433),.PCURVE_S1.);
#2422 = LINE('',#2423,#2424);
#2423 = CARTESIAN_POINT('',(-70.,-15.6,0.6));
#2424 = VECTOR('',#2425,1.);
#2425 = DIRECTION('',(1.,0.,0.));
#2426 = PCURVE('',#43,#2427);
#2427 = DEFINITIONAL_REPRESENTATION('',(#2428),#2432);
#2428 = LINE('',#2429,#2430);
#2429 = CARTESIAN_POINT('',(0.6,-70.));
#2430 = VECTOR('',#2431,1.);
#2431 = DIRECTION('',(0.,1.));
#2432 = ( GEOMETRIC_REPRESENTATION_CONTEXT(2) 
PARAMETRIC_REPRESENTATION_CONTEXT() REPRESENTATION_CONTEXT('2D SPACE',''
  ) );
#2433 = PCURVE('',#2434,#2439);
#2434 = PLANE('',#2435);
#2435 = AXIS2_PLACEMENT_3D('',#2436,#2437,#2438);
#2436 = CARTESIAN_POINT('',(-70.,-18.,0.6));
#2437 = DIRECTION('',(0.,0.,1.));
#2438 = DIRECTION('',(1.,0.,0.));
#2439 = DEFINITIONAL_REPRESENTATION('',(#2440),#2444);
#2440 = LINE('',#2441,#2442);
#2441 = CARTESIAN_POINT('',(0.,2.4));
#2442 = VECTOR('',#2443,1.);
#2443 = DIRECTION('',(1.,0.));
#2444 = ( GEOMETRIC_REPRESENTATION_CONTEXT(2) 
PARAMETRIC_REPRESENTATION_CONTEXT() REPRESENTATION_CONTEXT('2D SPACE',''
  ) );
#2445 = ORIENTED_EDGE('',*,*,#2446,.T.);
#2446 = EDGE_CURVE('',#2419,#2362,#2447,.T.);
#2447 = SURFACE_CURVE('',#2448,(#2452,#2459),.PCURVE_S1.);
#2448 = LINE('',#2449,#2450);
#2449 = CARTESIAN_POINT('',(-54.6,-15.6,-70.));
#2450 = VECTOR('',#2451,1.);
#2451 = DIRECTION('',(0.,0.,1.));
#2452 = PCURVE('',#43,#2453);
#2453 = DEFINITIONAL_REPRESENTATION('',(#2454),#2458);
#2454 = LINE('',#2455,#2456);
#2455 = CARTESIAN_POINT('',(-70.,-54.6));
#2456 = VECTOR('',#2457,1.);
#2457 = DIRECTION('',(1.,0.));
#2458 = ( GEOMETRIC_REPRESENTATION_CONTEXT(2) 
PARAMETRIC_REPRESENTATION_CONTEXT() REPRESENTATION_CONTEXT('2D SPACE',''
  ) );
#2459 = PCURVE('',#2460,#2465);
#2460 = PLANE('',#2461);
#2461 = AXIS2_PLACEMENT_3D('',#2462,#2463,#2464);
#2462 = CARTESIAN_POINT('',(-54.6,-18.,-70.));
#2463 = DIRECTION('',(1.,0.,0.));
#2464 = DIRECTION('',(0.,0.,1.));
#2465 = DEFINITIONAL_REPRESENTATION('',(#2466),#2470);
#2466 = LINE('',#2467,#2468);
#2467 = CARTESIAN_POINT('',(0.,-2.4));
#2468 = VECTOR('',#2469,1.);
#2469 = DIRECTION('',(1.,0.));
#2470 = ( GEOMETRIC_REPRESENTATION_CONTEXT(2) 
PARAMETRIC_REPRESENTATION_CONTEXT() REPRESENTATION_CONTEXT('2D SPACE',''
  ) );
#2471 = FACE_BOUND('',#2472,.T.);
#2472 = EDGE_LOOP('',(#2473,#2504,#2532,#2560));
#2473 = ORIENTED_EDGE('',*,*,#2474,.F.);
#2474 = EDGE_CURVE('',#2475,#2477,#2479,.T.);
#2475 = VERTEX_POINT('',#2476);
#2476 = CARTESIAN_POINT('',(60.6,-15.6,32.994545003683));
#2477 = VERTEX_POINT('',#2478);
#2478 = CARTESIAN_POINT('',(65.4,-15.6,21.996363335788));
#2479 = SURFACE_CURVE('',#2480,(#2485,#2492),.PCURVE_S1.);
#2480 = CIRCLE('',#2481,69.);
#2481 = AXIS2_PLACEMENT_3D('',#2482,#2483,#2484);
#2482 = CARTESIAN_POINT('',(0.,-15.6,0.));
#2483 = DIRECTION('',(0.,1.,0.));
#2484 = DIRECTION('',(0.,-0.,1.));
#2485 = PCURVE('',#43,#2486);
#2486 = DEFINITIONAL_REPRESENTATION('',(#2487),#2491);
#2487 = CIRCLE('',#2488,69.);
#2488 = AXIS2_PLACEMENT_2D('',#2489,#2490);
#2489 = CARTESIAN_POINT('',(0.,0.));
#2490 = DIRECTION('',(1.,0.));
#2491 = ( GEOMETRIC_REPRESENTATION_CONTEXT(2) 
PARAMETRIC_REPRESENTATION_CONTEXT() REPRESENTATION_CONTEXT('2D SPACE',''
  ) );
#2492 = PCURVE('',#2493,#2498);
#2493 = CYLINDRICAL_SURFACE('',#2494,69.);
#2494 = AXIS2_PLACEMENT_3D('',#2495,#2496,#2497);
#2495 = CARTESIAN_POINT('',(0.,-18.1,0.));
#2496 = DIRECTION('',(0.,1.,0.));
#2497 = DIRECTION('',(0.,-0.,1.));
#2498 = DEFINITIONAL_REPRESENTATION('',(#2499),#2503);
#2499 = LINE('',#2500,#2501);
#2500 = CARTESIAN_POINT('',(0.,2.5));
#2501 = VECTOR('',#2502,1.);
#2502 = DIRECTION('',(1.,0.));
#2503 = ( GEOMETRIC_REPRESENTATION_CONTEXT(2) 
PARAMETRIC_REPRESENTATION_CONTEXT() REPRESENTATION_CONTEXT('2D SPACE',''
  ) );
#2504 = ORIENTED_EDGE('',*,*,#2505,.F.);
#2505 = EDGE_CURVE('',#2506,#2475,#2508,.T.);
#2506 = VERTEX_POINT('',#2507);
#2507 = CARTESIAN_POINT('',(60.6,-15.6,0.6));
#2508 = SURFACE_CURVE('',#2509,(#2513,#2520),.PCURVE_S1.);
#2509 = LINE('',#2510,#2511);
#2510 = CARTESIAN_POINT('',(60.6,-15.6,-70.));
#2511 = VECTOR('',#2512,1.);
#2512 = DIRECTION('',(0.,0.,1.));
#2513 = PCURVE('',#43,#2514);
#2514 = DEFINITIONAL_REPRESENTATION('',(#2515),#2519);
#2515 = LINE('',#2516,#2517);
#2516 = CARTESIAN_POINT('',(-70.,60.6));
#2517 = VECTOR('',#2518,1.);
#2518 = DIRECTION('',(1.,0.));
#2519 = ( GEOMETRIC_REPRESENTATION_CONTEXT(2) 
PARAMETRIC_REPRESENTATION_CONTEXT() REPRESENTATION_CONTEXT('2D SPACE',''
  ) );
#2520 = PCURVE('',#2521,#2526);
#2521 = PLANE('',#2522);
#2522 = AXIS2_PLACEMENT_3D('',#2523,#2524,#2525);
#2523 = CARTESIAN_POINT('',(60.6,-18.,-70.));
#2524 = DIRECTION('',(1.,0.,0.));
#2525 = DIRECTION('',(0.,0.,1.));
#2526 = DEFINITIONAL_REPRESENTATION('',(#2527),#2531);
#2527 = LINE('',#2528,#2529);
#2528 = CARTESIAN_POINT('',(0.,-2.4));
#2529 = VECTOR('',#2530,1.);
#2530 = DIRECTION('',(1.,0.));
#2531 = ( GEOMETRIC_REPRESENTATION_CONTEXT(2) 
PARAMETRIC_REPRESENTATION_CONTEXT() REPRESENTATION_CONTEXT('2D SPACE',''
  ) );
#2532 = ORIENTED_EDGE('',*,*,#2533,.T.);
#2533 = EDGE_CURVE('',#2506,#2534,#2536,.T.);
#2534 = VERTEX_POINT('',#2535);
#2535 = CARTESIAN_POINT('',(65.4,-15.6,0.6));
#2536 = SURFACE_CURVE('',#2537,(#2541,#2548),.PCURVE_S1.);
#2537 = LINE('',#2538,#2539);
#2538 = CARTESIAN_POINT('',(-70.,-15.6,0.6));
#2539 = VECTOR('',#2540,1.);
#2540 = DIRECTION('',(1.,0.,0.));
#2541 = PCURVE('',#43,#2542);
#2542 = DEFINITIONAL_REPRESENTATION('',(#2543),#2547);
#2543 = LINE('',#2544,#2545);
#2544 = CARTESIAN_POINT('',(0.6,-70.));
#2545 = VECTOR('',#2546,1.);
#2546 = DIRECTION('',(0.,1.));
#2547 = ( GEOMETRIC_REPRESENTATION_CONTEXT(2) 
PARAMETRIC_REPRESENTATION_CONTEXT() REPRESENTATION_CONTEXT('2D SPACE',''
  ) );
#2548 = PCURVE('',#2549,#2554);
#2549 = PLANE('',#2550);
#2550 = AXIS2_PLACEMENT_3D('',#2551,#2552,#2553);
#2551 = CARTESIAN_POINT('',(-70.,-18.,0.6));
#2552 = DIRECTION('',(0.,0.,1.));
#2553 = DIRECTION('',(1.,0.,0.));
#2554 = DEFINITIONAL_REPRESENTATION('',(#2555),#2559);
#2555 = LINE('',#2556,#2557);
#2556 = CARTESIAN_POINT('',(0.,2.4));
#2557 = VECTOR('',#2558,1.);
#2558 = DIRECTION('',(1.,0.));
#2559 = ( GEOMETRIC_REPRESENTATION_CONTEXT(2) 
PARAMETRIC_REPRESENTATION_CONTEXT() REPRESENTATION_CONTEXT('2D SPACE',''
  ) );
#2560 = ORIENTED_EDGE('',*,*,#2561,.T.);
#2561 = EDGE_CURVE('',#2534,#2477,#2562,.T.);
#2562 = SURFACE_CURVE('',#2563,(#2567,#2574),.PCURVE_S1.);
#2563 = LINE('',#2564,#2565);
#2564 = CARTESIAN_POINT('',(65.4,-15.6,-70.));
#2565 = VECTOR('',#2566,1.);
#2566 = DIRECTION('',(0.,0.,1.));
#2567 = PCURVE('',#43,#2568);
#2568 = DEFINITIONAL_REPRESENTATION('',(#2569),#2573);
#2569 = LINE('',#2570,#2571);
#2570 = CARTESIAN_POINT('',(-70.,65.4));
#2571 = VECTOR('',#2572,1.);
#2572 = DIRECTION('',(1.,0.));
#2573 = ( GEOMETRIC_REPRESENTATION_CONTEXT(2) 
PARAMETRIC_REPRESENTATION_CONTEXT() REPRESENTATION_CONTEXT('2D SPACE',''
  ) );
#2574 = PCURVE('',#2575,#2580);
#2575 = PLANE('',#2576);
#2576 = AXIS2_PLACEMENT_3D('',#2577,#2578,#2579);
#2577 = CARTESIAN_POINT('',(65.4,-18.,-70.));
#2578 = DIRECTION('',(1.,0.,0.));
#2579 = DIRECTION('',(0.,0.,1.));
#2580 = DEFINITIONAL_REPRESENTATION('',(#2581),#2585);
#2581 = LINE('',#2582,#2583);
#2582 = CARTESIAN_POINT('',(0.,-2.4));
#2583 = VECTOR('',#2584,1.);
#2584 = DIRECTION('',(1.,0.));
#2585 = ( GEOMETRIC_REPRESENTATION_CONTEXT(2) 
PARAMETRIC_REPRESENTATION_CONTEXT() REPRESENTATION_CONTEXT('2D SPACE',''
  ) );
#2586 = FACE_BOUND('',#2587,.T.);
#2587 = EDGE_LOOP('',(#2588,#2619,#2647,#2675));
#2588 = ORIENTED_EDGE('',*,*,#2589,.F.);
#2589 = EDGE_CURVE('',#2590,#2592,#2594,.T.);
#2590 = VERTEX_POINT('',#2591);
#2591 = CARTESIAN_POINT('',(-65.4,-15.6,21.996363335788));
#2592 = VERTEX_POINT('',#2593);
#2593 = CARTESIAN_POINT('',(-60.6,-15.6,32.994545003683));
#2594 = SURFACE_CURVE('',#2595,(#2600,#2607),.PCURVE_S1.);
#2595 = CIRCLE('',#2596,69.);
#2596 = AXIS2_PLACEMENT_3D('',#2597,#2598,#2599);
#2597 = CARTESIAN_POINT('',(0.,-15.6,0.));
#2598 = DIRECTION('',(0.,1.,0.));
#2599 = DIRECTION('',(0.,-0.,1.));
#2600 = PCURVE('',#43,#2601);
#2601 = DEFINITIONAL_REPRESENTATION('',(#2602),#2606);
#2602 = CIRCLE('',#2603,69.);
#2603 = AXIS2_PLACEMENT_2D('',#2604,#2605);
#2604 = CARTESIAN_POINT('',(0.,0.));
#2605 = DIRECTION('',(1.,0.));
#2606 = ( GEOMETRIC_REPRESENTATION_CONTEXT(2) 
PARAMETRIC_REPRESENTATION_CONTEXT() REPRESENTATION_CONTEXT('2D SPACE',''
  ) );
#2607 = PCURVE('',#2608,#2613);
#2608 = CYLINDRICAL_SURFACE('',#2609,69.);
#2609 = AXIS2_PLACEMENT_3D('',#2610,#2611,#2612);
#2610 = CARTESIAN_POINT('',(0.,-18.1,0.));
#2611 = DIRECTION('',(0.,1.,0.));
#2612 = DIRECTION('',(0.,-0.,1.));
#2613 = DEFINITIONAL_REPRESENTATION('',(#2614),#2618);
#2614 = LINE('',#2615,#2616);
#2615 = CARTESIAN_POINT('',(0.,2.5));
#2616 = VECTOR('',#2617,1.);
#2617 = DIRECTION('',(1.,0.));
#2618 = ( GEOMETRIC_REPRESENTATION_CONTEXT(2) 
PARAMETRIC_REPRESENTATION_CONTEXT() REPRESENTATION_CONTEXT('2D SPACE',''
  ) );
#2619 = ORIENTED_EDGE('',*,*,#2620,.F.);
#2620 = EDGE_CURVE('',#2621,#2590,#2623,.T.);
#2621 = VERTEX_POINT('',#2622);
#2622 = CARTESIAN_POINT('',(-65.4,-15.6,0.6));
#2623 = SURFACE_CURVE('',#2624,(#2628,#2635),.PCURVE_S1.);
#2624 = LINE('',#2625,#2626);
#2625 = CARTESIAN_POINT('',(-65.4,-15.6,-70.));
#2626 = VECTOR('',#2627,1.);
#2627 = DIRECTION('',(0.,0.,1.));
#2628 = PCURVE('',#43,#2629);
#2629 = DEFINITIONAL_REPRESENTATION('',(#2630),#2634);
#2630 = LINE('',#2631,#2632);
#2631 = CARTESIAN_POINT('',(-70.,-65.4));
#2632 = VECTOR('',#2633,1.);
#2633 = DIRECTION('',(1.,0.));
#2634 = ( GEOMETRIC_REPRESENTATION_CONTEXT(2) 
PARAMETRIC_REPRESENTATION_CONTEXT() REPRESENTATION_CONTEXT('2D SPACE',''
  ) );
#2635 = PCURVE('',#2636,#2641);
#2636 = PLANE('',#2637);
#2637 = AXIS2_PLACEMENT_3D('',#2638,#2639,#2640);
#2638 = CARTESIAN_POINT('',(-65.4,-18.,-70.));
#2639 = DIRECTION('',(1.,0.,0.));
#2640 = DIRECTION('',(0.,0.,1.));
#2641 = DEFINITIONAL_REPRESENTATION('',(#2642),#2646);
#2642 = LINE('',#2643,#2644);
#2643 = CARTESIAN_POINT('',(0.,-2.4));
#2644 = VECTOR('',#2645,1.);
#2645 = DIRECTION('',(1.,0.));
#2646 = ( GEOMETRIC_REPRESENTATION_CONTEXT(2) 
PARAMETRIC_REPRESENTATION_CONTEXT() REPRESENTATION_CONTEXT('2D SPACE',''
  ) );
#2647 = ORIENTED_EDGE('',*,*,#2648,.T.);
#2648 = EDGE_CURVE('',#2621,#2649,#2651,.T.);
#2649 = VERTEX_POINT('',#2650);
#2650 = CARTESIAN_POINT('',(-60.6,-15.6,0.6));
#2651 = SURFACE_CURVE('',#2652,(#2656,#2663),.PCURVE_S1.);
#2652 = LINE('',#2653,#2654);
#2653 = CARTESIAN_POINT('',(-70.,-15.6,0.6));
#2654 = VECTOR('',#2655,1.);
#2655 = DIRECTION('',(1.,0.,0.));
#2656 = PCURVE('',#43,#2657);
#2657 = DEFINITIONAL_REPRESENTATION('',(#2658),#2662);
#2658 = LINE('',#2659,#2660);
#2659 = CARTESIAN_POINT('',(0.6,-70.));
#2660 = VECTOR('',#2661,1.);
#2661 = DIRECTION('',(0.,1.));
#2662 = ( GEOMETRIC_REPRESENTATION_CONTEXT(2) 
PARAMETRIC_REPRESENTATION_CONTEXT() REPRESENTATION_CONTEXT('2D SPACE',''
  ) );
#2663 = PCURVE('',#2664,#2669);
#2664 = PLANE('',#2665);
#2665 = AXIS2_PLACEMENT_3D('',#2666,#2667,#2668);
#2666 = CARTESIAN_POINT('',(-70.,-18.,0.6));
#2667 = DIRECTION('',(0.,0.,1.));
#2668 = DIRECTION('',(1.,0.,0.));
#2669 = DEFINITIONAL_REPRESENTATION('',(#2670),#2674);
#2670 = LINE('',#2671,#2672);
#2671 = CARTESIAN_POINT('',(0.,2.4));
#2672 = VECTOR('',#2673,1.);
#2673 = DIRECTION('',(1.,0.));
#2674 = ( GEOMETRIC_REPRESENTATION_CONTEXT(2) 
PARAMETRIC_REPRESENTATION_CONTEXT() REPRESENTATION_CONTEXT('2D SPACE',''
  ) );
#2675 = ORIENTED_EDGE('',*,*,#2676,.T.);
#2676 = EDGE_CURVE('',#2649,#2592,#2677,.T.);
#2677 = SURFACE_CURVE('',#2678,(#2682,#2689),.PCURVE_S1.);
#2678 = LINE('',#2679,#2680);
#2679 = CARTESIAN_POINT('',(-60.6,-15.6,-70.));
#2680 = VECTOR('',#2681,1.);
#2681 = DIRECTION('',(0.,0.,1.));
#2682 = PCURVE('',#43,#2683);
#2683 = DEFINITIONAL_REPRESENTATION('',(#2684),#2688);
#2684 = LINE('',#2685,#2686);
#2685 = CARTESIAN_POINT('',(-70.,-60.6));
#2686 = VECTOR('',#2687,1.);
#2687 = DIRECTION('',(1.,0.));
#2688 = ( GEOMETRIC_REPRESENTATION_CONTEXT(2) 
PARAMETRIC_REPRESENTATION_CONTEXT() REPRESENTATION_CONTEXT('2D SPACE',''
  ) );
#2689 = PCURVE('',#2690,#2695);
#2690 = PLANE('',#2691);
#2691 = AXIS2_PLACEMENT_3D('',#2692,#2693,#2694);
#2692 = CARTESIAN_POINT('',(-60.6,-18.,-70.));
#2693 = DIRECTION('',(1.,0.,0.));
#2694 = DIRECTION('',(0.,0.,1.));
#2695 = DEFINITIONAL_REPRESENTATION('',(#2696),#2700);
#2696 = LINE('',#2697,#2698);
#2697 = CARTESIAN_POINT('',(0.,-2.4));
#2698 = VECTOR('',#2699,1.);
#2699 = DIRECTION('',(1.,0.));
#2700 = ( GEOMETRIC_REPRESENTATION_CONTEXT(2) 
PARAMETRIC_REPRESENTATION_CONTEXT() REPRESENTATION_CONTEXT('2D SPACE',''
  ) );
#2701 = FACE_BOUND('',#2702,.T.);
#2702 = EDGE_LOOP('',(#2703,#2734,#2762));
#2703 = ORIENTED_EDGE('',*,*,#2704,.F.);
#2704 = EDGE_CURVE('',#2705,#2707,#2709,.T.);
#2705 = VERTEX_POINT('',#2706);
#2706 = CARTESIAN_POINT('',(66.6,-15.6,18.039955654047));
#2707 = VERTEX_POINT('',#2708);
#2708 = CARTESIAN_POINT('',(68.997391255032,-15.6,0.6));
#2709 = SURFACE_CURVE('',#2710,(#2715,#2722),.PCURVE_S1.);
#2710 = CIRCLE('',#2711,69.);
#2711 = AXIS2_PLACEMENT_3D('',#2712,#2713,#2714);
#2712 = CARTESIAN_POINT('',(0.,-15.6,0.));
#2713 = DIRECTION('',(0.,1.,0.));
#2714 = DIRECTION('',(0.,-0.,1.));
#2715 = PCURVE('',#43,#2716);
#2716 = DEFINITIONAL_REPRESENTATION('',(#2717),#2721);
#2717 = CIRCLE('',#2718,69.);
#2718 = AXIS2_PLACEMENT_2D('',#2719,#2720);
#2719 = CARTESIAN_POINT('',(0.,0.));
#2720 = DIRECTION('',(1.,0.));
#2721 = ( GEOMETRIC_REPRESENTATION_CONTEXT(2) 
PARAMETRIC_REPRESENTATION_CONTEXT() REPRESENTATION_CONTEXT('2D SPACE',''
  ) );
#2722 = PCURVE('',#2723,#2728);
#2723 = CYLINDRICAL_SURFACE('',#2724,69.);
#2724 = AXIS2_PLACEMENT_3D('',#2725,#2726,#2727);
#2725 = CARTESIAN_POINT('',(0.,-18.1,0.));
#2726 = DIRECTION('',(0.,1.,0.));
#2727 = DIRECTION('',(0.,-0.,1.));
#2728 = DEFINITIONAL_REPRESENTATION('',(#2729),#2733);
#2729 = LINE('',#2730,#2731);
#2730 = CARTESIAN_POINT('',(0.,2.5));
#2731 = VECTOR('',#2732,1.);
#2732 = DIRECTION('',(1.,0.));
#2733 = ( GEOMETRIC_REPRESENTATION_CONTEXT(2) 
PARAMETRIC_REPRESENTATION_CONTEXT() REPRESENTATION_CONTEXT('2D SPACE',''
  ) );
#2734 = ORIENTED_EDGE('',*,*,#2735,.F.);
#2735 = EDGE_CURVE('',#2736,#2705,#2738,.T.);
#2736 = VERTEX_POINT('',#2737);
#2737 = CARTESIAN_POINT('',(66.6,-15.6,0.6));
#2738 = SURFACE_CURVE('',#2739,(#2743,#2750),.PCURVE_S1.);
#2739 = LINE('',#2740,#2741);
#2740 = CARTESIAN_POINT('',(66.6,-15.6,-70.));
#2741 = VECTOR('',#2742,1.);
#2742 = DIRECTION('',(0.,0.,1.));
#2743 = PCURVE('',#43,#2744);
#2744 = DEFINITIONAL_REPRESENTATION('',(#2745),#2749);
#2745 = LINE('',#2746,#2747);
#2746 = CARTESIAN_POINT('',(-70.,66.6));
#2747 = VECTOR('',#2748,1.);
#2748 = DIRECTION('',(1.,0.));
#2749 = ( GEOMETRIC_REPRESENTATION_CONTEXT(2) 
PARAMETRIC_REPRESENTATION_CONTEXT() REPRESENTATION_CONTEXT('2D SPACE',''
  ) );
#2750 = PCURVE('',#2751,#2756);
#2751 = PLANE('',#2752);
#2752 = AXIS2_PLACEMENT_3D('',#2753,#2754,#2755);
#2753 = CARTESIAN_POINT('',(66.6,-18.,-70.));
#2754 = DIRECTION('',(1.,0.,0.));
#2755 = DIRECTION('',(0.,0.,1.));
#2756 = DEFINITIONAL_REPRESENTATION('',(#2757),#2761);
#2757 = LINE('',#2758,#2759);
#2758 = CARTESIAN_POINT('',(0.,-2.4));
#2759 = VECTOR('',#2760,1.);
#2760 = DIRECTION('',(1.,0.));
#2761 = ( GEOMETRIC_REPRESENTATION_CONTEXT(2) 
PARAMETRIC_REPRESENTATION_CONTEXT() REPRESENTATION_CONTEXT('2D SPACE',''
  ) );
#2762 = ORIENTED_EDGE('',*,*,#2763,.T.);
#2763 = EDGE_CURVE('',#2736,#2707,#2764,.T.);
#2764 = SURFACE_CURVE('',#2765,(#2769,#2776),.PCURVE_S1.);
#2765 = LINE('',#2766,#2767);
#2766 = CARTESIAN_POINT('',(-70.,-15.6,0.6));
#2767 = VECTOR('',#2768,1.);
#2768 = DIRECTION('',(1.,0.,0.));
#2769 = PCURVE('',#43,#2770);
#2770 = DEFINITIONAL_REPRESENTATION('',(#2771),#2775);
#2771 = LINE('',#2772,#2773);
#2772 = CARTESIAN_POINT('',(0.6,-70.));
#2773 = VECTOR('',#2774,1.);
#2774 = DIRECTION('',(0.,1.));
#2775 = ( GEOMETRIC_REPRESENTATION_CONTEXT(2) 
PARAMETRIC_REPRESENTATION_CONTEXT() REPRESENTATION_CONTEXT('2D SPACE',''
  ) );
#2776 = PCURVE('',#2777,#2782);
#2777 = PLANE('',#2778);
#2778 = AXIS2_PLACEMENT_3D('',#2779,#2780,#2781);
#2779 = CARTESIAN_POINT('',(-70.,-18.,0.6));
#2780 = DIRECTION('',(0.,0.,1.));
#2781 = DIRECTION('',(1.,0.,0.));
#2782 = DEFINITIONAL_REPRESENTATION('',(#2783),#2787);
#2783 = LINE('',#2784,#2785);
#2784 = CARTESIAN_POINT('',(0.,2.4));
#2785 = VECTOR('',#2786,1.);
#2786 = DIRECTION('',(1.,0.));
#2787 = ( GEOMETRIC_REPRESENTATION_CONTEXT(2) 
PARAMETRIC_REPRESENTATION_CONTEXT() REPRESENTATION_CONTEXT('2D SPACE',''
  ) );
#2788 = FACE_BOUND('',#2789,.T.);
#2789 = EDGE_LOOP('',(#2790,#2821,#2849));
#2790 = ORIENTED_EDGE('',*,*,#2791,.F.);
#2791 = EDGE_CURVE('',#2792,#2794,#2796,.T.);
#2792 = VERTEX_POINT('',#2793);
#2793 = CARTESIAN_POINT('',(-68.99739125503,-15.6,0.6));
#2794 = VERTEX_POINT('',#2795);
#2795 = CARTESIAN_POINT('',(-66.6,-15.6,18.039955654047));
#2796 = SURFACE_CURVE('',#2797,(#2802,#2809),.PCURVE_S1.);
#2797 = CIRCLE('',#2798,69.);
#2798 = AXIS2_PLACEMENT_3D('',#2799,#2800,#2801);
#2799 = CARTESIAN_POINT('',(0.,-15.6,0.));
#2800 = DIRECTION('',(0.,1.,0.));
#2801 = DIRECTION('',(0.,-0.,1.));
#2802 = PCURVE('',#43,#2803);
#2803 = DEFINITIONAL_REPRESENTATION('',(#2804),#2808);
#2804 = CIRCLE('',#2805,69.);
#2805 = AXIS2_PLACEMENT_2D('',#2806,#2807);
#2806 = CARTESIAN_POINT('',(0.,0.));
#2807 = DIRECTION('',(1.,0.));
#2808 = ( GEOMETRIC_REPRESENTATION_CONTEXT(2) 
PARAMETRIC_REPRESENTATION_CONTEXT() REPRESENTATION_CONTEXT('2D SPACE',''
  ) );
#2809 = PCURVE('',#2810,#2815);
#2810 = CYLINDRICAL_SURFACE('',#2811,69.);
#2811 = AXIS2_PLACEMENT_3D('',#2812,#2813,#2814);
#2812 = CARTESIAN_POINT('',(0.,-18.1,0.));
#2813 = DIRECTION('',(0.,1.,0.));
#2814 = DIRECTION('',(0.,-0.,1.));
#2815 = DEFINITIONAL_REPRESENTATION('',(#2816),#2820);
#2816 = LINE('',#2817,#2818);
#2817 = CARTESIAN_POINT('',(0.,2.5));
#2818 = VECTOR('',#2819,1.);
#2819 = DIRECTION('',(1.,0.));
#2820 = ( GEOMETRIC_REPRESENTATION_CONTEXT(2) 
PARAMETRIC_REPRESENTATION_CONTEXT() REPRESENTATION_CONTEXT('2D SPACE',''
  ) );
#2821 = ORIENTED_EDGE('',*,*,#2822,.T.);
#2822 = EDGE_CURVE('',#2792,#2823,#2825,.T.);
#2823 = VERTEX_POINT('',#2824);
#2824 = CARTESIAN_POINT('',(-66.6,-15.6,0.6));
#2825 = SURFACE_CURVE('',#2826,(#2830,#2837),.PCURVE_S1.);
#2826 = LINE('',#2827,#2828);
#2827 = CARTESIAN_POINT('',(-70.,-15.6,0.6));
#2828 = VECTOR('',#2829,1.);
#2829 = DIRECTION('',(1.,0.,0.));
#2830 = PCURVE('',#43,#2831);
#2831 = DEFINITIONAL_REPRESENTATION('',(#2832),#2836);
#2832 = LINE('',#2833,#2834);
#2833 = CARTESIAN_POINT('',(0.6,-70.));
#2834 = VECTOR('',#2835,1.);
#2835 = DIRECTION('',(0.,1.));
#2836 = ( GEOMETRIC_REPRESENTATION_CONTEXT(2) 
PARAMETRIC_REPRESENTATION_CONTEXT() REPRESENTATION_CONTEXT('2D SPACE',''
  ) );
#2837 = PCURVE('',#2838,#2843);
#2838 = PLANE('',#2839);
#2839 = AXIS2_PLACEMENT_3D('',#2840,#2841,#2842);
#2840 = CARTESIAN_POINT('',(-70.,-18.,0.6));
#2841 = DIRECTION('',(0.,0.,1.));
#2842 = DIRECTION('',(1.,0.,0.));
#2843 = DEFINITIONAL_REPRESENTATION('',(#2844),#2848);
#2844 = LINE('',#2845,#2846);
#2845 = CARTESIAN_POINT('',(0.,2.4));
#2846 = VECTOR('',#2847,1.);
#2847 = DIRECTION('',(1.,0.));
#2848 = ( GEOMETRIC_REPRESENTATION_CONTEXT(2) 
PARAMETRIC_REPRESENTATION_CONTEXT() REPRESENTATION_CONTEXT('2D SPACE',''
  ) );
#2849 = ORIENTED_EDGE('',*,*,#2850,.T.);
#2850 = EDGE_CURVE('',#2823,#2794,#2851,.T.);
#2851 = SURFACE_CURVE('',#2852,(#2856,#2863),.PCURVE_S1.);
#2852 = LINE('',#2853,#2854);
#2853 = CARTESIAN_POINT('',(-66.6,-15.6,-70.));
#2854 = VECTOR('',#2855,1.);
#2855 = DIRECTION('',(0.,0.,1.));
#2856 = PCURVE('',#43,#2857);
#2857 = DEFINITIONAL_REPRESENTATION('',(#2858),#2862);
#2858 = LINE('',#2859,#2860);
#2859 = CARTESIAN_POINT('',(-70.,-66.6));
#2860 = VECTOR('',#2861,1.);
#2861 = DIRECTION('',(1.,0.));
#2862 = ( GEOMETRIC_REPRESENTATION_CONTEXT(2) 
PARAMETRIC_REPRESENTATION_CONTEXT() REPRESENTATION_CONTEXT('2D SPACE',''
  ) );
#2863 = PCURVE('',#2864,#2869);
#2864 = PLANE('',#2865);
#2865 = AXIS2_PLACEMENT_3D('',#2866,#2867,#2868);
#2866 = CARTESIAN_POINT('',(-66.6,-18.,-70.));
#2867 = DIRECTION('',(1.,0.,0.));
#2868 = DIRECTION('',(0.,0.,1.));
#2869 = DEFINITIONAL_REPRESENTATION('',(#2870),#2874);
#2870 = LINE('',#2871,#2872);
#2871 = CARTESIAN_POINT('',(0.,-2.4));
#2872 = VECTOR('',#2873,1.);
#2873 = DIRECTION('',(1.,0.));
#2874 = ( GEOMETRIC_REPRESENTATION_CONTEXT(2) 
PARAMETRIC_REPRESENTATION_CONTEXT() REPRESENTATION_CONTEXT('2D SPACE',''
  ) );
#2875 = FACE_BOUND('',#2876,.T.);
#2876 = EDGE_LOOP('',(#2877,#2908,#2936));
#2877 = ORIENTED_EDGE('',*,*,#2878,.F.);
#2878 = EDGE_CURVE('',#2879,#2881,#2883,.T.);
#2879 = VERTEX_POINT('',#2880);
#2880 = CARTESIAN_POINT('',(68.997391255032,-15.6,-0.6));
#2881 = VERTEX_POINT('',#2882);
#2882 = CARTESIAN_POINT('',(66.6,-15.6,-18.03995565404));
#2883 = SURFACE_CURVE('',#2884,(#2889,#2896),.PCURVE_S1.);
#2884 = CIRCLE('',#2885,69.);
#2885 = AXIS2_PLACEMENT_3D('',#2886,#2887,#2888);
#2886 = CARTESIAN_POINT('',(0.,-15.6,0.));
#2887 = DIRECTION('',(0.,1.,0.));
#2888 = DIRECTION('',(0.,-0.,1.));
#2889 = PCURVE('',#43,#2890);
#2890 = DEFINITIONAL_REPRESENTATION('',(#2891),#2895);
#2891 = CIRCLE('',#2892,69.);
#2892 = AXIS2_PLACEMENT_2D('',#2893,#2894);
#2893 = CARTESIAN_POINT('',(0.,0.));
#2894 = DIRECTION('',(1.,0.));
#2895 = ( GEOMETRIC_REPRESENTATION_CONTEXT(2) 
PARAMETRIC_REPRESENTATION_CONTEXT() REPRESENTATION_CONTEXT('2D SPACE',''
  ) );
#2896 = PCURVE('',#2897,#2902);
#2897 = CYLINDRICAL_SURFACE('',#2898,69.);
#2898 = AXIS2_PLACEMENT_3D('',#2899,#2900,#2901);
#2899 = CARTESIAN_POINT('',(0.,-18.1,0.));
#2900 = DIRECTION('',(0.,1.,0.));
#2901 = DIRECTION('',(0.,-0.,1.));
#2902 = DEFINITIONAL_REPRESENTATION('',(#2903),#2907);
#2903 = LINE('',#2904,#2905);
#2904 = CARTESIAN_POINT('',(0.,2.5));
#2905 = VECTOR('',#2906,1.);
#2906 = DIRECTION('',(1.,0.));
#2907 = ( GEOMETRIC_REPRESENTATION_CONTEXT(2) 
PARAMETRIC_REPRESENTATION_CONTEXT() REPRESENTATION_CONTEXT('2D SPACE',''
  ) );
#2908 = ORIENTED_EDGE('',*,*,#2909,.F.);
#2909 = EDGE_CURVE('',#2910,#2879,#2912,.T.);
#2910 = VERTEX_POINT('',#2911);
#2911 = CARTESIAN_POINT('',(66.6,-15.6,-0.6));
#2912 = SURFACE_CURVE('',#2913,(#2917,#2924),.PCURVE_S1.);
#2913 = LINE('',#2914,#2915);
#2914 = CARTESIAN_POINT('',(-70.,-15.6,-0.6));
#2915 = VECTOR('',#2916,1.);
#2916 = DIRECTION('',(1.,0.,0.));
#2917 = PCURVE('',#43,#2918);
#2918 = DEFINITIONAL_REPRESENTATION('',(#2919),#2923);
#2919 = LINE('',#2920,#2921);
#2920 = CARTESIAN_POINT('',(-0.6,-70.));
#2921 = VECTOR('',#2922,1.);
#2922 = DIRECTION('',(0.,1.));
#2923 = ( GEOMETRIC_REPRESENTATION_CONTEXT(2) 
PARAMETRIC_REPRESENTATION_CONTEXT() REPRESENTATION_CONTEXT('2D SPACE',''
  ) );
#2924 = PCURVE('',#2925,#2930);
#2925 = PLANE('',#2926);
#2926 = AXIS2_PLACEMENT_3D('',#2927,#2928,#2929);
#2927 = CARTESIAN_POINT('',(-70.,-18.,-0.6));
#2928 = DIRECTION('',(0.,0.,1.));
#2929 = DIRECTION('',(1.,0.,0.));
#2930 = DEFINITIONAL_REPRESENTATION('',(#2931),#2935);
#2931 = LINE('',#2932,#2933);
#2932 = CARTESIAN_POINT('',(0.,2.4));
#2933 = VECTOR('',#2934,1.);
#2934 = DIRECTION('',(1.,0.));
#2935 = ( GEOMETRIC_REPRESENTATION_CONTEXT(2) 
PARAMETRIC_REPRESENTATION_CONTEXT() REPRESENTATION_CONTEXT('2D SPACE',''
  ) );
#2936 = ORIENTED_EDGE('',*,*,#2937,.F.);
#2937 = EDGE_CURVE('',#2881,#2910,#2938,.T.);
#2938 = SURFACE_CURVE('',#2939,(#2943,#2950),.PCURVE_S1.);
#2939 = LINE('',#2940,#2941);
#2940 = CARTESIAN_POINT('',(66.6,-15.6,-70.));
#2941 = VECTOR('',#2942,1.);
#2942 = DIRECTION('',(0.,0.,1.));
#2943 = PCURVE('',#43,#2944);
#2944 = DEFINITIONAL_REPRESENTATION('',(#2945),#2949);
#2945 = LINE('',#2946,#2947);
#2946 = CARTESIAN_POINT('',(-70.,66.6));
#2947 = VECTOR('',#2948,1.);
#2948 = DIRECTION('',(1.,0.));
#2949 = ( GEOMETRIC_REPRESENTATION_CONTEXT(2) 
PARAMETRIC_REPRESENTATION_CONTEXT() REPRESENTATION_CONTEXT('2D SPACE',''
  ) );
#2950 = PCURVE('',#2951,#2956);
#2951 = PLANE('',#2952);
#2952 = AXIS2_PLACEMENT_3D('',#2953,#2954,#2955);
#2953 = CARTESIAN_POINT('',(66.6,-18.,-70.));
#2954 = DIRECTION('',(1.,0.,0.));
#2955 = DIRECTION('',(0.,0.,1.));
#2956 = DEFINITIONAL_REPRESENTATION('',(#2957),#2961);
#2957 = LINE('',#2958,#2959);
#2958 = CARTESIAN_POINT('',(0.,-2.4));
#2959 = VECTOR('',#2960,1.);
#2960 = DIRECTION('',(1.,0.));
#2961 = ( GEOMETRIC_REPRESENTATION_CONTEXT(2) 
PARAMETRIC_REPRESENTATION_CONTEXT() REPRESENTATION_CONTEXT('2D SPACE',''
  ) );
#2962 = FACE_BOUND('',#2963,.T.);
#2963 = EDGE_LOOP('',(#2964,#2995,#3023));
#2964 = ORIENTED_EDGE('',*,*,#2965,.F.);
#2965 = EDGE_CURVE('',#2966,#2968,#2970,.T.);
#2966 = VERTEX_POINT('',#2967);
#2967 = CARTESIAN_POINT('',(-66.6,-15.6,-18.03995565404));
#2968 = VERTEX_POINT('',#2969);
#2969 = CARTESIAN_POINT('',(-68.99739125503,-15.6,-0.6));
#2970 = SURFACE_CURVE('',#2971,(#2976,#2983),.PCURVE_S1.);
#2971 = CIRCLE('',#2972,69.);
#2972 = AXIS2_PLACEMENT_3D('',#2973,#2974,#2975);
#2973 = CARTESIAN_POINT('',(0.,-15.6,0.));
#2974 = DIRECTION('',(0.,1.,0.));
#2975 = DIRECTION('',(0.,-0.,1.));
#2976 = PCURVE('',#43,#2977);
#2977 = DEFINITIONAL_REPRESENTATION('',(#2978),#2982);
#2978 = CIRCLE('',#2979,69.);
#2979 = AXIS2_PLACEMENT_2D('',#2980,#2981);
#2980 = CARTESIAN_POINT('',(0.,0.));
#2981 = DIRECTION('',(1.,0.));
#2982 = ( GEOMETRIC_REPRESENTATION_CONTEXT(2) 
PARAMETRIC_REPRESENTATION_CONTEXT() REPRESENTATION_CONTEXT('2D SPACE',''
  ) );
#2983 = PCURVE('',#2984,#2989);
#2984 = CYLINDRICAL_SURFACE('',#2985,69.);
#2985 = AXIS2_PLACEMENT_3D('',#2986,#2987,#2988);
#2986 = CARTESIAN_POINT('',(0.,-18.1,0.));
#2987 = DIRECTION('',(0.,1.,0.));
#2988 = DIRECTION('',(0.,-0.,1.));
#2989 = DEFINITIONAL_REPRESENTATION('',(#2990),#2994);
#2990 = LINE('',#2991,#2992);
#2991 = CARTESIAN_POINT('',(0.,2.5));
#2992 = VECTOR('',#2993,1.);
#2993 = DIRECTION('',(1.,0.));
#2994 = ( GEOMETRIC_REPRESENTATION_CONTEXT(2) 
PARAMETRIC_REPRESENTATION_CONTEXT() REPRESENTATION_CONTEXT('2D SPACE',''
  ) );
#2995 = ORIENTED_EDGE('',*,*,#2996,.T.);
#2996 = EDGE_CURVE('',#2966,#2997,#2999,.T.);
#2997 = VERTEX_POINT('',#2998);
#2998 = CARTESIAN_POINT('',(-66.6,-15.6,-0.6));
#2999 = SURFACE_CURVE('',#3000,(#3004,#3011),.PCURVE_S1.);
#3000 = LINE('',#3001,#3002);
#3001 = CARTESIAN_POINT('',(-66.6,-15.6,-70.));
#3002 = VECTOR('',#3003,1.);
#3003 = DIRECTION('',(0.,0.,1.));
#3004 = PCURVE('',#43,#3005);
#3005 = DEFINITIONAL_REPRESENTATION('',(#3006),#3010);
#3006 = LINE('',#3007,#3008);
#3007 = CARTESIAN_POINT('',(-70.,-66.6));
#3008 = VECTOR('',#3009,1.);
#3009 = DIRECTION('',(1.,0.));
#3010 = ( GEOMETRIC_REPRESENTATION_CONTEXT(2) 
PARAMETRIC_REPRESENTATION_CONTEXT() REPRESENTATION_CONTEXT('2D SPACE',''
  ) );
#3011 = PCURVE('',#3012,#3017);
#3012 = PLANE('',#3013);
#3013 = AXIS2_PLACEMENT_3D('',#3014,#3015,#3016);
#3014 = CARTESIAN_POINT('',(-66.6,-18.,-70.));
#3015 = DIRECTION('',(1.,0.,0.));
#3016 = DIRECTION('',(0.,0.,1.));
#3017 = DEFINITIONAL_REPRESENTATION('',(#3018),#3022);
#3018 = LINE('',#3019,#3020);
#3019 = CARTESIAN_POINT('',(0.,-2.4));
#3020 = VECTOR('',#3021,1.);
#3021 = DIRECTION('',(1.,0.));
#3022 = ( GEOMETRIC_REPRESENTATION_CONTEXT(2) 
PARAMETRIC_REPRESENTATION_CONTEXT() REPRESENTATION_CONTEXT('2D SPACE',''
  ) );
#3023 = ORIENTED_EDGE('',*,*,#3024,.F.);
#3024 = EDGE_CURVE('',#2968,#2997,#3025,.T.);
#3025 = SURFACE_CURVE('',#3026,(#3030,#3037),.PCURVE_S1.);
#3026 = LINE('',#3027,#3028);
#3027 = CARTESIAN_POINT('',(-70.,-15.6,-0.6));
#3028 = VECTOR('',#3029,1.);
#3029 = DIRECTION('',(1.,0.,0.));
#3030 = PCURVE('',#43,#3031);
#3031 = DEFINITIONAL_REPRESENTATION('',(#3032),#3036);
#3032 = LINE('',#3033,#3034);
#3033 = CARTESIAN_POINT('',(-0.6,-70.));
#3034 = VECTOR('',#3035,1.);
#3035 = DIRECTION('',(0.,1.));
#3036 = ( GEOMETRIC_REPRESENTATION_CONTEXT(2) 
PARAMETRIC_REPRESENTATION_CONTEXT() REPRESENTATION_CONTEXT('2D SPACE',''
  ) );
#3037 = PCURVE('',#3038,#3043);
#3038 = PLANE('',#3039);
#3039 = AXIS2_PLACEMENT_3D('',#3040,#3041,#3042);
#3040 = CARTESIAN_POINT('',(-70.,-18.,-0.6));
#3041 = DIRECTION('',(0.,0.,1.));
#3042 = DIRECTION('',(1.,0.,0.));
#3043 = DEFINITIONAL_REPRESENTATION('',(#3044),#3048);
#3044 = LINE('',#3045,#3046);
#3045 = CARTESIAN_POINT('',(0.,2.4));
#3046 = VECTOR('',#3047,1.);
#3047 = DIRECTION('',(1.,0.));
#3048 = ( GEOMETRIC_REPRESENTATION_CONTEXT(2) 
PARAMETRIC_REPRESENTATION_CONTEXT() REPRESENTATION_CONTEXT('2D SPACE',''
  ) );
#3049 = FACE_BOUND('',#3050,.T.);
#3050 = EDGE_LOOP('',(#3051,#3082,#3110,#3138));
#3051 = ORIENTED_EDGE('',*,*,#3052,.F.);
#3052 = EDGE_CURVE('',#3053,#3055,#3057,.T.);
#3053 = VERTEX_POINT('',#3054);
#3054 = CARTESIAN_POINT('',(65.4,-15.6,-21.99636333578));
#3055 = VERTEX_POINT('',#3056);
#3056 = CARTESIAN_POINT('',(60.600000000001,-15.6,-32.99454500367));
#3057 = SURFACE_CURVE('',#3058,(#3063,#3070),.PCURVE_S1.);
#3058 = CIRCLE('',#3059,69.);
#3059 = AXIS2_PLACEMENT_3D('',#3060,#3061,#3062);
#3060 = CARTESIAN_POINT('',(0.,-15.6,0.));
#3061 = DIRECTION('',(0.,1.,0.));
#3062 = DIRECTION('',(0.,-0.,1.));
#3063 = PCURVE('',#43,#3064);
#3064 = DEFINITIONAL_REPRESENTATION('',(#3065),#3069);
#3065 = CIRCLE('',#3066,69.);
#3066 = AXIS2_PLACEMENT_2D('',#3067,#3068);
#3067 = CARTESIAN_POINT('',(0.,0.));
#3068 = DIRECTION('',(1.,0.));
#3069 = ( GEOMETRIC_REPRESENTATION_CONTEXT(2) 
PARAMETRIC_REPRESENTATION_CONTEXT() REPRESENTATION_CONTEXT('2D SPACE',''
  ) );
#3070 = PCURVE('',#3071,#3076);
#3071 = CYLINDRICAL_SURFACE('',#3072,69.);
#3072 = AXIS2_PLACEMENT_3D('',#3073,#3074,#3075);
#3073 = CARTESIAN_POINT('',(0.,-18.1,0.));
#3074 = DIRECTION('',(0.,1.,0.));
#3075 = DIRECTION('',(0.,-0.,1.));
#3076 = DEFINITIONAL_REPRESENTATION('',(#3077),#3081);
#3077 = LINE('',#3078,#3079);
#3078 = CARTESIAN_POINT('',(0.,2.5));
#3079 = VECTOR('',#3080,1.);
#3080 = DIRECTION('',(1.,0.));
#3081 = ( GEOMETRIC_REPRESENTATION_CONTEXT(2) 
PARAMETRIC_REPRESENTATION_CONTEXT() REPRESENTATION_CONTEXT('2D SPACE',''
  ) );
#3082 = ORIENTED_EDGE('',*,*,#3083,.T.);
#3083 = EDGE_CURVE('',#3053,#3084,#3086,.T.);
#3084 = VERTEX_POINT('',#3085);
#3085 = CARTESIAN_POINT('',(65.4,-15.6,-0.6));
#3086 = SURFACE_CURVE('',#3087,(#3091,#3098),.PCURVE_S1.);
#3087 = LINE('',#3088,#3089);
#3088 = CARTESIAN_POINT('',(65.4,-15.6,-70.));
#3089 = VECTOR('',#3090,1.);
#3090 = DIRECTION('',(0.,0.,1.));
#3091 = PCURVE('',#43,#3092);
#3092 = DEFINITIONAL_REPRESENTATION('',(#3093),#3097);
#3093 = LINE('',#3094,#3095);
#3094 = CARTESIAN_POINT('',(-70.,65.4));
#3095 = VECTOR('',#3096,1.);
#3096 = DIRECTION('',(1.,0.));
#3097 = ( GEOMETRIC_REPRESENTATION_CONTEXT(2) 
PARAMETRIC_REPRESENTATION_CONTEXT() REPRESENTATION_CONTEXT('2D SPACE',''
  ) );
#3098 = PCURVE('',#3099,#3104);
#3099 = PLANE('',#3100);
#3100 = AXIS2_PLACEMENT_3D('',#3101,#3102,#3103);
#3101 = CARTESIAN_POINT('',(65.4,-18.,-70.));
#3102 = DIRECTION('',(1.,0.,0.));
#3103 = DIRECTION('',(0.,0.,1.));
#3104 = DEFINITIONAL_REPRESENTATION('',(#3105),#3109);
#3105 = LINE('',#3106,#3107);
#3106 = CARTESIAN_POINT('',(0.,-2.4));
#3107 = VECTOR('',#3108,1.);
#3108 = DIRECTION('',(1.,0.));
#3109 = ( GEOMETRIC_REPRESENTATION_CONTEXT(2) 
PARAMETRIC_REPRESENTATION_CONTEXT() REPRESENTATION_CONTEXT('2D SPACE',''
  ) );
#3110 = ORIENTED_EDGE('',*,*,#3111,.F.);
#3111 = EDGE_CURVE('',#3112,#3084,#3114,.T.);
#3112 = VERTEX_POINT('',#3113);
#3113 = CARTESIAN_POINT('',(60.6,-15.6,-0.6));
#3114 = SURFACE_CURVE('',#3115,(#3119,#3126),.PCURVE_S1.);
#3115 = LINE('',#3116,#3117);
#3116 = CARTESIAN_POINT('',(-70.,-15.6,-0.6));
#3117 = VECTOR('',#3118,1.);
#3118 = DIRECTION('',(1.,0.,0.));
#3119 = PCURVE('',#43,#3120);
#3120 = DEFINITIONAL_REPRESENTATION('',(#3121),#3125);
#3121 = LINE('',#3122,#3123);
#3122 = CARTESIAN_POINT('',(-0.6,-70.));
#3123 = VECTOR('',#3124,1.);
#3124 = DIRECTION('',(0.,1.));
#3125 = ( GEOMETRIC_REPRESENTATION_CONTEXT(2) 
PARAMETRIC_REPRESENTATION_CONTEXT() REPRESENTATION_CONTEXT('2D SPACE',''
  ) );
#3126 = PCURVE('',#3127,#3132);
#3127 = PLANE('',#3128);
#3128 = AXIS2_PLACEMENT_3D('',#3129,#3130,#3131);
#3129 = CARTESIAN_POINT('',(-70.,-18.,-0.6));
#3130 = DIRECTION('',(0.,0.,1.));
#3131 = DIRECTION('',(1.,0.,0.));
#3132 = DEFINITIONAL_REPRESENTATION('',(#3133),#3137);
#3133 = LINE('',#3134,#3135);
#3134 = CARTESIAN_POINT('',(0.,2.4));
#3135 = VECTOR('',#3136,1.);
#3136 = DIRECTION('',(1.,0.));
#3137 = ( GEOMETRIC_REPRESENTATION_CONTEXT(2) 
PARAMETRIC_REPRESENTATION_CONTEXT() REPRESENTATION_CONTEXT('2D SPACE',''
  ) );
#3138 = ORIENTED_EDGE('',*,*,#3139,.F.);
#3139 = EDGE_CURVE('',#3055,#3112,#3140,.T.);
#3140 = SURFACE_CURVE('',#3141,(#3145,#3152),.PCURVE_S1.);
#3141 = LINE('',#3142,#3143);
#3142 = CARTESIAN_POINT('',(60.6,-15.6,-70.));
#3143 = VECTOR('',#3144,1.);
#3144 = DIRECTION('',(0.,0.,1.));
#3145 = PCURVE('',#43,#3146);
#3146 = DEFINITIONAL_REPRESENTATION('',(#3147),#3151);
#3147 = LINE('',#3148,#3149);
#3148 = CARTESIAN_POINT('',(-70.,60.6));
#3149 = VECTOR('',#3150,1.);
#3150 = DIRECTION('',(1.,0.));
#3151 = ( GEOMETRIC_REPRESENTATION_CONTEXT(2) 
PARAMETRIC_REPRESENTATION_CONTEXT() REPRESENTATION_CONTEXT('2D SPACE',''
  ) );
#3152 = PCURVE('',#3153,#3158);
#3153 = PLANE('',#3154);
#3154 = AXIS2_PLACEMENT_3D('',#3155,#3156,#3157);
#3155 = CARTESIAN_POINT('',(60.6,-18.,-70.));
#3156 = DIRECTION('',(1.,0.,0.));
#3157 = DIRECTION('',(0.,0.,1.));
#3158 = DEFINITIONAL_REPRESENTATION('',(#3159),#3163);
#3159 = LINE('',#3160,#3161);
#3160 = CARTESIAN_POINT('',(0.,-2.4));
#3161 = VECTOR('',#3162,1.);
#3162 = DIRECTION('',(1.,0.));
#3163 = ( GEOMETRIC_REPRESENTATION_CONTEXT(2) 
PARAMETRIC_REPRESENTATION_CONTEXT() REPRESENTATION_CONTEXT('2D SPACE',''
  ) );
#3164 = FACE_BOUND('',#3165,.T.);
#3165 = EDGE_LOOP('',(#3166,#3197,#3225,#3253));
#3166 = ORIENTED_EDGE('',*,*,#3167,.F.);
#3167 = EDGE_CURVE('',#3168,#3170,#3172,.T.);
#3168 = VERTEX_POINT('',#3169);
#3169 = CARTESIAN_POINT('',(-60.6,-15.6,-32.99454500367));
#3170 = VERTEX_POINT('',#3171);
#3171 = CARTESIAN_POINT('',(-65.4,-15.6,-21.99636333578));
#3172 = SURFACE_CURVE('',#3173,(#3178,#3185),.PCURVE_S1.);
#3173 = CIRCLE('',#3174,69.);
#3174 = AXIS2_PLACEMENT_3D('',#3175,#3176,#3177);
#3175 = CARTESIAN_POINT('',(0.,-15.6,0.));
#3176 = DIRECTION('',(0.,1.,0.));
#3177 = DIRECTION('',(0.,-0.,1.));
#3178 = PCURVE('',#43,#3179);
#3179 = DEFINITIONAL_REPRESENTATION('',(#3180),#3184);
#3180 = CIRCLE('',#3181,69.);
#3181 = AXIS2_PLACEMENT_2D('',#3182,#3183);
#3182 = CARTESIAN_POINT('',(0.,0.));
#3183 = DIRECTION('',(1.,0.));
#3184 = ( GEOMETRIC_REPRESENTATION_CONTEXT(2) 
PARAMETRIC_REPRESENTATION_CONTEXT() REPRESENTATION_CONTEXT('2D SPACE',''
  ) );
#3185 = PCURVE('',#3186,#3191);
#3186 = CYLINDRICAL_SURFACE('',#3187,69.);
#3187 = AXIS2_PLACEMENT_3D('',#3188,#3189,#3190);
#3188 = CARTESIAN_POINT('',(0.,-18.1,0.));
#3189 = DIRECTION('',(0.,1.,0.));
#3190 = DIRECTION('',(0.,-0.,1.));
#3191 = DEFINITIONAL_REPRESENTATION('',(#3192),#3196);
#3192 = LINE('',#3193,#3194);
#3193 = CARTESIAN_POINT('',(0.,2.5));
#3194 = VECTOR('',#3195,1.);
#3195 = DIRECTION('',(1.,0.));
#3196 = ( GEOMETRIC_REPRESENTATION_CONTEXT(2) 
PARAMETRIC_REPRESENTATION_CONTEXT() REPRESENTATION_CONTEXT('2D SPACE',''
  ) );
#3197 = ORIENTED_EDGE('',*,*,#3198,.T.);
#3198 = EDGE_CURVE('',#3168,#3199,#3201,.T.);
#3199 = VERTEX_POINT('',#3200);
#3200 = CARTESIAN_POINT('',(-60.6,-15.6,-0.6));
#3201 = SURFACE_CURVE('',#3202,(#3206,#3213),.PCURVE_S1.);
#3202 = LINE('',#3203,#3204);
#3203 = CARTESIAN_POINT('',(-60.6,-15.6,-70.));
#3204 = VECTOR('',#3205,1.);
#3205 = DIRECTION('',(0.,0.,1.));
#3206 = PCURVE('',#43,#3207);
#3207 = DEFINITIONAL_REPRESENTATION('',(#3208),#3212);
#3208 = LINE('',#3209,#3210);
#3209 = CARTESIAN_POINT('',(-70.,-60.6));
#3210 = VECTOR('',#3211,1.);
#3211 = DIRECTION('',(1.,0.));
#3212 = ( GEOMETRIC_REPRESENTATION_CONTEXT(2) 
PARAMETRIC_REPRESENTATION_CONTEXT() REPRESENTATION_CONTEXT('2D SPACE',''
  ) );
#3213 = PCURVE('',#3214,#3219);
#3214 = PLANE('',#3215);
#3215 = AXIS2_PLACEMENT_3D('',#3216,#3217,#3218);
#3216 = CARTESIAN_POINT('',(-60.6,-18.,-70.));
#3217 = DIRECTION('',(1.,0.,0.));
#3218 = DIRECTION('',(0.,0.,1.));
#3219 = DEFINITIONAL_REPRESENTATION('',(#3220),#3224);
#3220 = LINE('',#3221,#3222);
#3221 = CARTESIAN_POINT('',(0.,-2.4));
#3222 = VECTOR('',#3223,1.);
#3223 = DIRECTION('',(1.,0.));
#3224 = ( GEOMETRIC_REPRESENTATION_CONTEXT(2) 
PARAMETRIC_REPRESENTATION_CONTEXT() REPRESENTATION_CONTEXT('2D SPACE',''
  ) );
#3225 = ORIENTED_EDGE('',*,*,#3226,.F.);
#3226 = EDGE_CURVE('',#3227,#3199,#3229,.T.);
#3227 = VERTEX_POINT('',#3228);
#3228 = CARTESIAN_POINT('',(-65.4,-15.6,-0.6));
#3229 = SURFACE_CURVE('',#3230,(#3234,#3241),.PCURVE_S1.);
#3230 = LINE('',#3231,#3232);
#3231 = CARTESIAN_POINT('',(-70.,-15.6,-0.6));
#3232 = VECTOR('',#3233,1.);
#3233 = DIRECTION('',(1.,0.,0.));
#3234 = PCURVE('',#43,#3235);
#3235 = DEFINITIONAL_REPRESENTATION('',(#3236),#3240);
#3236 = LINE('',#3237,#3238);
#3237 = CARTESIAN_POINT('',(-0.6,-70.));
#3238 = VECTOR('',#3239,1.);
#3239 = DIRECTION('',(0.,1.));
#3240 = ( GEOMETRIC_REPRESENTATION_CONTEXT(2) 
PARAMETRIC_REPRESENTATION_CONTEXT() REPRESENTATION_CONTEXT('2D SPACE',''
  ) );
#3241 = PCURVE('',#3242,#3247);
#3242 = PLANE('',#3243);
#3243 = AXIS2_PLACEMENT_3D('',#3244,#3245,#3246);
#3244 = CARTESIAN_POINT('',(-70.,-18.,-0.6));
#3245 = DIRECTION('',(0.,0.,1.));
#3246 = DIRECTION('',(1.,0.,0.));
#3247 = DEFINITIONAL_REPRESENTATION('',(#3248),#3252);
#3248 = LINE('',#3249,#3250);
#3249 = CARTESIAN_POINT('',(0.,2.4));
#3250 = VECTOR('',#3251,1.);
#3251 = DIRECTION('',(1.,0.));
#3252 = ( GEOMETRIC_REPRESENTATION_CONTEXT(2) 
PARAMETRIC_REPRESENTATION_CONTEXT() REPRESENTATION_CONTEXT('2D SPACE',''
  ) );
#3253 = ORIENTED_EDGE('',*,*,#3254,.F.);
#3254 = EDGE_CURVE('',#3170,#3227,#3255,.T.);
#3255 = SURFACE_CURVE('',#3256,(#3260,#3267),.PCURVE_S1.);
#3256 = LINE('',#3257,#3258);
#3257 = CARTESIAN_POINT('',(-65.4,-15.6,-70.));
#3258 = VECTOR('',#3259,1.);
#3259 = DIRECTION('',(0.,0.,1.));
#3260 = PCURVE('',#43,#3261);
#3261 = DEFINITIONAL_REPRESENTATION('',(#3262),#3266);
#3262 = LINE('',#3263,#3264);
#3263 = CARTESIAN_POINT('',(-70.,-65.4));
#3264 = VECTOR('',#3265,1.);
#3265 = DIRECTION('',(1.,0.));
#3266 = ( GEOMETRIC_REPRESENTATION_CONTEXT(2) 
PARAMETRIC_REPRESENTATION_CONTEXT() REPRESENTATION_CONTEXT('2D SPACE',''
  ) );
#3267 = PCURVE('',#3268,#3273);
#3268 = PLANE('',#3269);
#3269 = AXIS2_PLACEMENT_3D('',#3270,#3271,#3272);
#3270 = CARTESIAN_POINT('',(-65.4,-18.,-70.));
#3271 = DIRECTION('',(1.,0.,0.));
#3272 = DIRECTION('',(0.,0.,1.));
#3273 = DEFINITIONAL_REPRESENTATION('',(#3274),#3278);
#3274 = LINE('',#3275,#3276);
#3275 = CARTESIAN_POINT('',(0.,-2.4));
#3276 = VECTOR('',#3277,1.);
#3277 = DIRECTION('',(1.,0.));
#3278 = ( GEOMETRIC_REPRESENTATION_CONTEXT(2) 
PARAMETRIC_REPRESENTATION_CONTEXT() REPRESENTATION_CONTEXT('2D SPACE',''
  ) );
#3279 = FACE_BOUND('',#3280,.T.);
#3280 = EDGE_LOOP('',(#3281,#3312,#3340,#3368));
#3281 = ORIENTED_EDGE('',*,*,#3282,.F.);
#3282 = EDGE_CURVE('',#3283,#3285,#3287,.T.);
#3283 = VERTEX_POINT('',#3284);
#3284 = CARTESIAN_POINT('',(59.400000000001,-15.6,-35.10897321198));
#3285 = VERTEX_POINT('',#3286);
#3286 = CARTESIAN_POINT('',(54.599999999999,-15.6,-42.18814999499));
#3287 = SURFACE_CURVE('',#3288,(#3293,#3300),.PCURVE_S1.);
#3288 = CIRCLE('',#3289,69.);
#3289 = AXIS2_PLACEMENT_3D('',#3290,#3291,#3292);
#3290 = CARTESIAN_POINT('',(0.,-15.6,0.));
#3291 = DIRECTION('',(0.,1.,0.));
#3292 = DIRECTION('',(0.,-0.,1.));
#3293 = PCURVE('',#43,#3294);
#3294 = DEFINITIONAL_REPRESENTATION('',(#3295),#3299);
#3295 = CIRCLE('',#3296,69.);
#3296 = AXIS2_PLACEMENT_2D('',#3297,#3298);
#3297 = CARTESIAN_POINT('',(0.,0.));
#3298 = DIRECTION('',(1.,0.));
#3299 = ( GEOMETRIC_REPRESENTATION_CONTEXT(2) 
PARAMETRIC_REPRESENTATION_CONTEXT() REPRESENTATION_CONTEXT('2D SPACE',''
  ) );
#3300 = PCURVE('',#3301,#3306);
#3301 = CYLINDRICAL_SURFACE('',#3302,69.);
#3302 = AXIS2_PLACEMENT_3D('',#3303,#3304,#3305);
#3303 = CARTESIAN_POINT('',(0.,-18.1,0.));
#3304 = DIRECTION('',(0.,1.,0.));
#3305 = DIRECTION('',(0.,-0.,1.));
#3306 = DEFINITIONAL_REPRESENTATION('',(#3307),#3311);
#3307 = LINE('',#3308,#3309);
#3308 = CARTESIAN_POINT('',(0.,2.5));
#3309 = VECTOR('',#3310,1.);
#3310 = DIRECTION('',(1.,0.));
#3311 = ( GEOMETRIC_REPRESENTATION_CONTEXT(2) 
PARAMETRIC_REPRESENTATION_CONTEXT() REPRESENTATION_CONTEXT('2D SPACE',''
  ) );
#3312 = ORIENTED_EDGE('',*,*,#3313,.T.);
#3313 = EDGE_CURVE('',#3283,#3314,#3316,.T.);
#3314 = VERTEX_POINT('',#3315);
#3315 = CARTESIAN_POINT('',(59.4,-15.6,-0.6));
#3316 = SURFACE_CURVE('',#3317,(#3321,#3328),.PCURVE_S1.);
#3317 = LINE('',#3318,#3319);
#3318 = CARTESIAN_POINT('',(59.4,-15.6,-70.));
#3319 = VECTOR('',#3320,1.);
#3320 = DIRECTION('',(0.,0.,1.));
#3321 = PCURVE('',#43,#3322);
#3322 = DEFINITIONAL_REPRESENTATION('',(#3323),#3327);
#3323 = LINE('',#3324,#3325);
#3324 = CARTESIAN_POINT('',(-70.,59.4));
#3325 = VECTOR('',#3326,1.);
#3326 = DIRECTION('',(1.,0.));
#3327 = ( GEOMETRIC_REPRESENTATION_CONTEXT(2) 
PARAMETRIC_REPRESENTATION_CONTEXT() REPRESENTATION_CONTEXT('2D SPACE',''
  ) );
#3328 = PCURVE('',#3329,#3334);
#3329 = PLANE('',#3330);
#3330 = AXIS2_PLACEMENT_3D('',#3331,#3332,#3333);
#3331 = CARTESIAN_POINT('',(59.4,-18.,-70.));
#3332 = DIRECTION('',(1.,0.,0.));
#3333 = DIRECTION('',(0.,0.,1.));
#3334 = DEFINITIONAL_REPRESENTATION('',(#3335),#3339);
#3335 = LINE('',#3336,#3337);
#3336 = CARTESIAN_POINT('',(0.,-2.4));
#3337 = VECTOR('',#3338,1.);
#3338 = DIRECTION('',(1.,0.));
#3339 = ( GEOMETRIC_REPRESENTATION_CONTEXT(2) 
PARAMETRIC_REPRESENTATION_CONTEXT() REPRESENTATION_CONTEXT('2D SPACE',''
  ) );
#3340 = ORIENTED_EDGE('',*,*,#3341,.F.);
#3341 = EDGE_CURVE('',#3342,#3314,#3344,.T.);
#3342 = VERTEX_POINT('',#3343);
#3343 = CARTESIAN_POINT('',(54.6,-15.6,-0.6));
#3344 = SURFACE_CURVE('',#3345,(#3349,#3356),.PCURVE_S1.);
#3345 = LINE('',#3346,#3347);
#3346 = CARTESIAN_POINT('',(-70.,-15.6,-0.6));
#3347 = VECTOR('',#3348,1.);
#3348 = DIRECTION('',(1.,0.,0.));
#3349 = PCURVE('',#43,#3350);
#3350 = DEFINITIONAL_REPRESENTATION('',(#3351),#3355);
#3351 = LINE('',#3352,#3353);
#3352 = CARTESIAN_POINT('',(-0.6,-70.));
#3353 = VECTOR('',#3354,1.);
#3354 = DIRECTION('',(0.,1.));
#3355 = ( GEOMETRIC_REPRESENTATION_CONTEXT(2) 
PARAMETRIC_REPRESENTATION_CONTEXT() REPRESENTATION_CONTEXT('2D SPACE',''
  ) );
#3356 = PCURVE('',#3357,#3362);
#3357 = PLANE('',#3358);
#3358 = AXIS2_PLACEMENT_3D('',#3359,#3360,#3361);
#3359 = CARTESIAN_POINT('',(-70.,-18.,-0.6));
#3360 = DIRECTION('',(0.,0.,1.));
#3361 = DIRECTION('',(1.,0.,0.));
#3362 = DEFINITIONAL_REPRESENTATION('',(#3363),#3367);
#3363 = LINE('',#3364,#3365);
#3364 = CARTESIAN_POINT('',(0.,2.4));
#3365 = VECTOR('',#3366,1.);
#3366 = DIRECTION('',(1.,0.));
#3367 = ( GEOMETRIC_REPRESENTATION_CONTEXT(2) 
PARAMETRIC_REPRESENTATION_CONTEXT() REPRESENTATION_CONTEXT('2D SPACE',''
  ) );
#3368 = ORIENTED_EDGE('',*,*,#3369,.F.);
#3369 = EDGE_CURVE('',#3285,#3342,#3370,.T.);
#3370 = SURFACE_CURVE('',#3371,(#3375,#3382),.PCURVE_S1.);
#3371 = LINE('',#3372,#3373);
#3372 = CARTESIAN_POINT('',(54.6,-15.6,-70.));
#3373 = VECTOR('',#3374,1.);
#3374 = DIRECTION('',(0.,0.,1.));
#3375 = PCURVE('',#43,#3376);
#3376 = DEFINITIONAL_REPRESENTATION('',(#3377),#3381);
#3377 = LINE('',#3378,#3379);
#3378 = CARTESIAN_POINT('',(-70.,54.6));
#3379 = VECTOR('',#3380,1.);
#3380 = DIRECTION('',(1.,0.));
#3381 = ( GEOMETRIC_REPRESENTATION_CONTEXT(2) 
PARAMETRIC_REPRESENTATION_CONTEXT() REPRESENTATION_CONTEXT('2D SPACE',''
  ) );
#3382 = PCURVE('',#3383,#3388);
#3383 = PLANE('',#3384);
#3384 = AXIS2_PLACEMENT_3D('',#3385,#3386,#3387);
#3385 = CARTESIAN_POINT('',(54.6,-18.,-70.));
#3386 = DIRECTION('',(1.,0.,0.));
#3387 = DIRECTION('',(0.,0.,1.));
#3388 = DEFINITIONAL_REPRESENTATION('',(#3389),#3393);
#3389 = LINE('',#3390,#3391);
#3390 = CARTESIAN_POINT('',(0.,-2.4));
#3391 = VECTOR('',#3392,1.);
#3392 = DIRECTION('',(1.,0.));
#3393 = ( GEOMETRIC_REPRESENTATION_CONTEXT(2) 
PARAMETRIC_REPRESENTATION_CONTEXT() REPRESENTATION_CONTEXT('2D SPACE',''
  ) );
#3394 = FACE_BOUND('',#3395,.T.);
#3395 = EDGE_LOOP('',(#3396,#3427,#3455,#3483));
#3396 = ORIENTED_EDGE('',*,*,#3397,.F.);
#3397 = EDGE_CURVE('',#3398,#3400,#3402,.T.);
#3398 = VERTEX_POINT('',#3399);
#3399 = CARTESIAN_POINT('',(-54.59999999999,-15.6,-42.18814999499));
#3400 = VERTEX_POINT('',#3401);
#3401 = CARTESIAN_POINT('',(-59.4,-15.6,-35.10897321198));
#3402 = SURFACE_CURVE('',#3403,(#3408,#3415),.PCURVE_S1.);
#3403 = CIRCLE('',#3404,69.);
#3404 = AXIS2_PLACEMENT_3D('',#3405,#3406,#3407);
#3405 = CARTESIAN_POINT('',(0.,-15.6,0.));
#3406 = DIRECTION('',(0.,1.,0.));
#3407 = DIRECTION('',(0.,-0.,1.));
#3408 = PCURVE('',#43,#3409);
#3409 = DEFINITIONAL_REPRESENTATION('',(#3410),#3414);
#3410 = CIRCLE('',#3411,69.);
#3411 = AXIS2_PLACEMENT_2D('',#3412,#3413);
#3412 = CARTESIAN_POINT('',(0.,0.));
#3413 = DIRECTION('',(1.,0.));
#3414 = ( GEOMETRIC_REPRESENTATION_CONTEXT(2) 
PARAMETRIC_REPRESENTATION_CONTEXT() REPRESENTATION_CONTEXT('2D SPACE',''
  ) );
#3415 = PCURVE('',#3416,#3421);
#3416 = CYLINDRICAL_SURFACE('',#3417,69.);
#3417 = AXIS2_PLACEMENT_3D('',#3418,#3419,#3420);
#3418 = CARTESIAN_POINT('',(0.,-18.1,0.));
#3419 = DIRECTION('',(0.,1.,0.));
#3420 = DIRECTION('',(0.,-0.,1.));
#3421 = DEFINITIONAL_REPRESENTATION('',(#3422),#3426);
#3422 = LINE('',#3423,#3424);
#3423 = CARTESIAN_POINT('',(0.,2.5));
#3424 = VECTOR('',#3425,1.);
#3425 = DIRECTION('',(1.,0.));
#3426 = ( GEOMETRIC_REPRESENTATION_CONTEXT(2) 
PARAMETRIC_REPRESENTATION_CONTEXT() REPRESENTATION_CONTEXT('2D SPACE',''
  ) );
#3427 = ORIENTED_EDGE('',*,*,#3428,.T.);
#3428 = EDGE_CURVE('',#3398,#3429,#3431,.T.);
#3429 = VERTEX_POINT('',#3430);
#3430 = CARTESIAN_POINT('',(-54.6,-15.6,-0.6));
#3431 = SURFACE_CURVE('',#3432,(#3436,#3443),.PCURVE_S1.);
#3432 = LINE('',#3433,#3434);
#3433 = CARTESIAN_POINT('',(-54.6,-15.6,-70.));
#3434 = VECTOR('',#3435,1.);
#3435 = DIRECTION('',(0.,0.,1.));
#3436 = PCURVE('',#43,#3437);
#3437 = DEFINITIONAL_REPRESENTATION('',(#3438),#3442);
#3438 = LINE('',#3439,#3440);
#3439 = CARTESIAN_POINT('',(-70.,-54.6));
#3440 = VECTOR('',#3441,1.);
#3441 = DIRECTION('',(1.,0.));
#3442 = ( GEOMETRIC_REPRESENTATION_CONTEXT(2) 
PARAMETRIC_REPRESENTATION_CONTEXT() REPRESENTATION_CONTEXT('2D SPACE',''
  ) );
#3443 = PCURVE('',#3444,#3449);
#3444 = PLANE('',#3445);
#3445 = AXIS2_PLACEMENT_3D('',#3446,#3447,#3448);
#3446 = CARTESIAN_POINT('',(-54.6,-18.,-70.));
#3447 = DIRECTION('',(1.,0.,0.));
#3448 = DIRECTION('',(0.,0.,1.));
#3449 = DEFINITIONAL_REPRESENTATION('',(#3450),#3454);
#3450 = LINE('',#3451,#3452);
#3451 = CARTESIAN_POINT('',(0.,-2.4));
#3452 = VECTOR('',#3453,1.);
#3453 = DIRECTION('',(1.,0.));
#3454 = ( GEOMETRIC_REPRESENTATION_CONTEXT(2) 
PARAMETRIC_REPRESENTATION_CONTEXT() REPRESENTATION_CONTEXT('2D SPACE',''
  ) );
#3455 = ORIENTED_EDGE('',*,*,#3456,.F.);
#3456 = EDGE_CURVE('',#3457,#3429,#3459,.T.);
#3457 = VERTEX_POINT('',#3458);
#3458 = CARTESIAN_POINT('',(-59.4,-15.6,-0.6));
#3459 = SURFACE_CURVE('',#3460,(#3464,#3471),.PCURVE_S1.);
#3460 = LINE('',#3461,#3462);
#3461 = CARTESIAN_POINT('',(-70.,-15.6,-0.6));
#3462 = VECTOR('',#3463,1.);
#3463 = DIRECTION('',(1.,0.,0.));
#3464 = PCURVE('',#43,#3465);
#3465 = DEFINITIONAL_REPRESENTATION('',(#3466),#3470);
#3466 = LINE('',#3467,#3468);
#3467 = CARTESIAN_POINT('',(-0.6,-70.));
#3468 = VECTOR('',#3469,1.);
#3469 = DIRECTION('',(0.,1.));
#3470 = ( GEOMETRIC_REPRESENTATION_CONTEXT(2) 
PARAMETRIC_REPRESENTATION_CONTEXT() REPRESENTATION_CONTEXT('2D SPACE',''
  ) );
#3471 = PCURVE('',#3472,#3477);
#3472 = PLANE('',#3473);
#3473 = AXIS2_PLACEMENT_3D('',#3474,#3475,#3476);
#3474 = CARTESIAN_POINT('',(-70.,-18.,-0.6));
#3475 = DIRECTION('',(0.,0.,1.));
#3476 = DIRECTION('',(1.,0.,0.));
#3477 = DEFINITIONAL_REPRESENTATION('',(#3478),#3482);
#3478 = LINE('',#3479,#3480);
#3479 = CARTESIAN_POINT('',(0.,2.4));
#3480 = VECTOR('',#3481,1.);
#3481 = DIRECTION('',(1.,0.));
#3482 = ( GEOMETRIC_REPRESENTATION_CONTEXT(2) 
PARAMETRIC_REPRESENTATION_CONTEXT() REPRESENTATION_CONTEXT('2D SPACE',''
  ) );
#3483 = ORIENTED_EDGE('',*,*,#3484,.F.);
#3484 = EDGE_CURVE('',#3400,#3457,#3485,.T.);
#3485 = SURFACE_CURVE('',#3486,(#3490,#3497),.PCURVE_S1.);
#3486 = LINE('',#3487,#3488);
#3487 = CARTESIAN_POINT('',(-59.4,-15.6,-70.));
#3488 = VECTOR('',#3489,1.);
#3489 = DIRECTION('',(0.,0.,1.));
#3490 = PCURVE('',#43,#3491);
#3491 = DEFINITIONAL_REPRESENTATION('',(#3492),#3496);
#3492 = LINE('',#3493,#3494);
#3493 = CARTESIAN_POINT('',(-70.,-59.4));
#3494 = VECTOR('',#3495,1.);
#3495 = DIRECTION('',(1.,0.));
#3496 = ( GEOMETRIC_REPRESENTATION_CONTEXT(2) 
PARAMETRIC_REPRESENTATION_CONTEXT() REPRESENTATION_CONTEXT('2D SPACE',''
  ) );
#3497 = PCURVE('',#3498,#3503);
#3498 = PLANE('',#3499);
#3499 = AXIS2_PLACEMENT_3D('',#3500,#3501,#3502);
#3500 = CARTESIAN_POINT('',(-59.4,-18.,-70.));
#3501 = DIRECTION('',(1.,0.,0.));
#3502 = DIRECTION('',(0.,0.,1.));
#3503 = DEFINITIONAL_REPRESENTATION('',(#3504),#3508);
#3504 = LINE('',#3505,#3506);
#3505 = CARTESIAN_POINT('',(0.,-2.4));
#3506 = VECTOR('',#3507,1.);
#3507 = DIRECTION('',(1.,0.));
#3508 = ( GEOMETRIC_REPRESENTATION_CONTEXT(2) 
PARAMETRIC_REPRESENTATION_CONTEXT() REPRESENTATION_CONTEXT('2D SPACE',''
  ) );
#3509 = FACE_BOUND('',#3510,.T.);
#3510 = EDGE_LOOP('',(#3511,#3542,#3570,#3598));
#3511 = ORIENTED_EDGE('',*,*,#3512,.F.);
#3512 = EDGE_CURVE('',#3513,#3515,#3517,.T.);
#3513 = VERTEX_POINT('',#3514);
#3514 = CARTESIAN_POINT('',(53.399999999999,-15.6,-43.69713949448));
#3515 = VERTEX_POINT('',#3516);
#3516 = CARTESIAN_POINT('',(48.6,-15.6,-48.9799959167));
#3517 = SURFACE_CURVE('',#3518,(#3523,#3530),.PCURVE_S1.);
#3518 = CIRCLE('',#3519,69.);
#3519 = AXIS2_PLACEMENT_3D('',#3520,#3521,#3522);
#3520 = CARTESIAN_POINT('',(0.,-15.6,0.));
#3521 = DIRECTION('',(0.,1.,0.));
#3522 = DIRECTION('',(0.,-0.,1.));
#3523 = PCURVE('',#43,#3524);
#3524 = DEFINITIONAL_REPRESENTATION('',(#3525),#3529);
#3525 = CIRCLE('',#3526,69.);
#3526 = AXIS2_PLACEMENT_2D('',#3527,#3528);
#3527 = CARTESIAN_POINT('',(0.,0.));
#3528 = DIRECTION('',(1.,0.));
#3529 = ( GEOMETRIC_REPRESENTATION_CONTEXT(2) 
PARAMETRIC_REPRESENTATION_CONTEXT() REPRESENTATION_CONTEXT('2D SPACE',''
  ) );
#3530 = PCURVE('',#3531,#3536);
#3531 = CYLINDRICAL_SURFACE('',#3532,69.);
#3532 = AXIS2_PLACEMENT_3D('',#3533,#3534,#3535);
#3533 = CARTESIAN_POINT('',(0.,-18.1,0.));
#3534 = DIRECTION('',(0.,1.,0.));
#3535 = DIRECTION('',(0.,-0.,1.));
#3536 = DEFINITIONAL_REPRESENTATION('',(#3537),#3541);
#3537 = LINE('',#3538,#3539);
#3538 = CARTESIAN_POINT('',(0.,2.5));
#3539 = VECTOR('',#3540,1.);
#3540 = DIRECTION('',(1.,0.));
#3541 = ( GEOMETRIC_REPRESENTATION_CONTEXT(2) 
PARAMETRIC_REPRESENTATION_CONTEXT() REPRESENTATION_CONTEXT('2D SPACE',''
  ) );
#3542 = ORIENTED_EDGE('',*,*,#3543,.T.);
#3543 = EDGE_CURVE('',#3513,#3544,#3546,.T.);
#3544 = VERTEX_POINT('',#3545);
#3545 = CARTESIAN_POINT('',(53.4,-15.6,-0.6));
#3546 = SURFACE_CURVE('',#3547,(#3551,#3558),.PCURVE_S1.);
#3547 = LINE('',#3548,#3549);
#3548 = CARTESIAN_POINT('',(53.4,-15.6,-70.));
#3549 = VECTOR('',#3550,1.);
#3550 = DIRECTION('',(0.,0.,1.));
#3551 = PCURVE('',#43,#3552);
#3552 = DEFINITIONAL_REPRESENTATION('',(#3553),#3557);
#3553 = LINE('',#3554,#3555);
#3554 = CARTESIAN_POINT('',(-70.,53.4));
#3555 = VECTOR('',#3556,1.);
#3556 = DIRECTION('',(1.,0.));
#3557 = ( GEOMETRIC_REPRESENTATION_CONTEXT(2) 
PARAMETRIC_REPRESENTATION_CONTEXT() REPRESENTATION_CONTEXT('2D SPACE',''
  ) );
#3558 = PCURVE('',#3559,#3564);
#3559 = PLANE('',#3560);
#3560 = AXIS2_PLACEMENT_3D('',#3561,#3562,#3563);
#3561 = CARTESIAN_POINT('',(53.4,-18.,-70.));
#3562 = DIRECTION('',(1.,0.,0.));
#3563 = DIRECTION('',(0.,0.,1.));
#3564 = DEFINITIONAL_REPRESENTATION('',(#3565),#3569);
#3565 = LINE('',#3566,#3567);
#3566 = CARTESIAN_POINT('',(0.,-2.4));
#3567 = VECTOR('',#3568,1.);
#3568 = DIRECTION('',(1.,0.));
#3569 = ( GEOMETRIC_REPRESENTATION_CONTEXT(2) 
PARAMETRIC_REPRESENTATION_CONTEXT() REPRESENTATION_CONTEXT('2D SPACE',''
  ) );
#3570 = ORIENTED_EDGE('',*,*,#3571,.F.);
#3571 = EDGE_CURVE('',#3572,#3544,#3574,.T.);
#3572 = VERTEX_POINT('',#3573);
#3573 = CARTESIAN_POINT('',(48.6,-15.6,-0.6));
#3574 = SURFACE_CURVE('',#3575,(#3579,#3586),.PCURVE_S1.);
#3575 = LINE('',#3576,#3577);
#3576 = CARTESIAN_POINT('',(-70.,-15.6,-0.6));
#3577 = VECTOR('',#3578,1.);
#3578 = DIRECTION('',(1.,0.,0.));
#3579 = PCURVE('',#43,#3580);
#3580 = DEFINITIONAL_REPRESENTATION('',(#3581),#3585);
#3581 = LINE('',#3582,#3583);
#3582 = CARTESIAN_POINT('',(-0.6,-70.));
#3583 = VECTOR('',#3584,1.);
#3584 = DIRECTION('',(0.,1.));
#3585 = ( GEOMETRIC_REPRESENTATION_CONTEXT(2) 
PARAMETRIC_REPRESENTATION_CONTEXT() REPRESENTATION_CONTEXT('2D SPACE',''
  ) );
#3586 = PCURVE('',#3587,#3592);
#3587 = PLANE('',#3588);
#3588 = AXIS2_PLACEMENT_3D('',#3589,#3590,#3591);
#3589 = CARTESIAN_POINT('',(-70.,-18.,-0.6));
#3590 = DIRECTION('',(0.,0.,1.));
#3591 = DIRECTION('',(1.,0.,0.));
#3592 = DEFINITIONAL_REPRESENTATION('',(#3593),#3597);
#3593 = LINE('',#3594,#3595);
#3594 = CARTESIAN_POINT('',(0.,2.4));
#3595 = VECTOR('',#3596,1.);
#3596 = DIRECTION('',(1.,0.));
#3597 = ( GEOMETRIC_REPRESENTATION_CONTEXT(2) 
PARAMETRIC_REPRESENTATION_CONTEXT() REPRESENTATION_CONTEXT('2D SPACE',''
  ) );
#3598 = ORIENTED_EDGE('',*,*,#3599,.F.);
#3599 = EDGE_CURVE('',#3515,#3572,#3600,.T.);
#3600 = SURFACE_CURVE('',#3601,(#3605,#3612),.PCURVE_S1.);
#3601 = LINE('',#3602,#3603);
#3602 = CARTESIAN_POINT('',(48.6,-15.6,-70.));
#3603 = VECTOR('',#3604,1.);
#3604 = DIRECTION('',(0.,0.,1.));
#3605 = PCURVE('',#43,#3606);
#3606 = DEFINITIONAL_REPRESENTATION('',(#3607),#3611);
#3607 = LINE('',#3608,#3609);
#3608 = CARTESIAN_POINT('',(-70.,48.6));
#3609 = VECTOR('',#3610,1.);
#3610 = DIRECTION('',(1.,0.));
#3611 = ( GEOMETRIC_REPRESENTATION_CONTEXT(2) 
PARAMETRIC_REPRESENTATION_CONTEXT() REPRESENTATION_CONTEXT('2D SPACE',''
  ) );
#3612 = PCURVE('',#3613,#3618);
#3613 = PLANE('',#3614);
#3614 = AXIS2_PLACEMENT_3D('',#3615,#3616,#3617);
#3615 = CARTESIAN_POINT('',(48.6,-18.,-70.));
#3616 = DIRECTION('',(1.,0.,0.));
#3617 = DIRECTION('',(0.,0.,1.));
#3618 = DEFINITIONAL_REPRESENTATION('',(#3619),#3623);
#3619 = LINE('',#3620,#3621);
#3620 = CARTESIAN_POINT('',(0.,-2.4));
#3621 = VECTOR('',#3622,1.);
#3622 = DIRECTION('',(1.,0.));
#3623 = ( GEOMETRIC_REPRESENTATION_CONTEXT(2) 
PARAMETRIC_REPRESENTATION_CONTEXT() REPRESENTATION_CONTEXT('2D SPACE',''
  ) );
#3624 = FACE_BOUND('',#3625,.T.);
#3625 = EDGE_LOOP('',(#3626,#3657,#3685,#3713));
#3626 = ORIENTED_EDGE('',*,*,#3627,.F.);
#3627 = EDGE_CURVE('',#3628,#3630,#3632,.T.);
#3628 = VERTEX_POINT('',#3629);
#3629 = CARTESIAN_POINT('',(-48.6,-15.6,-48.9799959167));
#3630 = VERTEX_POINT('',#3631);
#3631 = CARTESIAN_POINT('',(-53.39999999999,-15.6,-43.69713949448));
#3632 = SURFACE_CURVE('',#3633,(#3638,#3645),.PCURVE_S1.);
#3633 = CIRCLE('',#3634,69.);
#3634 = AXIS2_PLACEMENT_3D('',#3635,#3636,#3637);
#3635 = CARTESIAN_POINT('',(0.,-15.6,0.));
#3636 = DIRECTION('',(0.,1.,0.));
#3637 = DIRECTION('',(0.,-0.,1.));
#3638 = PCURVE('',#43,#3639);
#3639 = DEFINITIONAL_REPRESENTATION('',(#3640),#3644);
#3640 = CIRCLE('',#3641,69.);
#3641 = AXIS2_PLACEMENT_2D('',#3642,#3643);
#3642 = CARTESIAN_POINT('',(0.,0.));
#3643 = DIRECTION('',(1.,0.));
#3644 = ( GEOMETRIC_REPRESENTATION_CONTEXT(2) 
PARAMETRIC_REPRESENTATION_CONTEXT() REPRESENTATION_CONTEXT('2D SPACE',''
  ) );
#3645 = PCURVE('',#3646,#3651);
#3646 = CYLINDRICAL_SURFACE('',#3647,69.);
#3647 = AXIS2_PLACEMENT_3D('',#3648,#3649,#3650);
#3648 = CARTESIAN_POINT('',(0.,-18.1,0.));
#3649 = DIRECTION('',(0.,1.,0.));
#3650 = DIRECTION('',(0.,-0.,1.));
#3651 = DEFINITIONAL_REPRESENTATION('',(#3652),#3656);
#3652 = LINE('',#3653,#3654);
#3653 = CARTESIAN_POINT('',(0.,2.5));
#3654 = VECTOR('',#3655,1.);
#3655 = DIRECTION('',(1.,0.));
#3656 = ( GEOMETRIC_REPRESENTATION_CONTEXT(2) 
PARAMETRIC_REPRESENTATION_CONTEXT() REPRESENTATION_CONTEXT('2D SPACE',''
  ) );
#3657 = ORIENTED_EDGE('',*,*,#3658,.T.);
#3658 = EDGE_CURVE('',#3628,#3659,#3661,.T.);
#3659 = VERTEX_POINT('',#3660);
#3660 = CARTESIAN_POINT('',(-48.6,-15.6,-0.6));
#3661 = SURFACE_CURVE('',#3662,(#3666,#3673),.PCURVE_S1.);
#3662 = LINE('',#3663,#3664);
#3663 = CARTESIAN_POINT('',(-48.6,-15.6,-70.));
#3664 = VECTOR('',#3665,1.);
#3665 = DIRECTION('',(0.,0.,1.));
#3666 = PCURVE('',#43,#3667);
#3667 = DEFINITIONAL_REPRESENTATION('',(#3668),#3672);
#3668 = LINE('',#3669,#3670);
#3669 = CARTESIAN_POINT('',(-70.,-48.6));
#3670 = VECTOR('',#3671,1.);
#3671 = DIRECTION('',(1.,0.));
#3672 = ( GEOMETRIC_REPRESENTATION_CONTEXT(2) 
PARAMETRIC_REPRESENTATION_CONTEXT() REPRESENTATION_CONTEXT('2D SPACE',''
  ) );
#3673 = PCURVE('',#3674,#3679);
#3674 = PLANE('',#3675);
#3675 = AXIS2_PLACEMENT_3D('',#3676,#3677,#3678);
#3676 = CARTESIAN_POINT('',(-48.6,-18.,-70.));
#3677 = DIRECTION('',(1.,0.,0.));
#3678 = DIRECTION('',(0.,0.,1.));
#3679 = DEFINITIONAL_REPRESENTATION('',(#3680),#3684);
#3680 = LINE('',#3681,#3682);
#3681 = CARTESIAN_POINT('',(0.,-2.4));
#3682 = VECTOR('',#3683,1.);
#3683 = DIRECTION('',(1.,0.));
#3684 = ( GEOMETRIC_REPRESENTATION_CONTEXT(2) 
PARAMETRIC_REPRESENTATION_CONTEXT() REPRESENTATION_CONTEXT('2D SPACE',''
  ) );
#3685 = ORIENTED_EDGE('',*,*,#3686,.F.);
#3686 = EDGE_CURVE('',#3687,#3659,#3689,.T.);
#3687 = VERTEX_POINT('',#3688);
#3688 = CARTESIAN_POINT('',(-53.4,-15.6,-0.6));
#3689 = SURFACE_CURVE('',#3690,(#3694,#3701),.PCURVE_S1.);
#3690 = LINE('',#3691,#3692);
#3691 = CARTESIAN_POINT('',(-70.,-15.6,-0.6));
#3692 = VECTOR('',#3693,1.);
#3693 = DIRECTION('',(1.,0.,0.));
#3694 = PCURVE('',#43,#3695);
#3695 = DEFINITIONAL_REPRESENTATION('',(#3696),#3700);
#3696 = LINE('',#3697,#3698);
#3697 = CARTESIAN_POINT('',(-0.6,-70.));
#3698 = VECTOR('',#3699,1.);
#3699 = DIRECTION('',(0.,1.));
#3700 = ( GEOMETRIC_REPRESENTATION_CONTEXT(2) 
PARAMETRIC_REPRESENTATION_CONTEXT() REPRESENTATION_CONTEXT('2D SPACE',''
  ) );
#3701 = PCURVE('',#3702,#3707);
#3702 = PLANE('',#3703);
#3703 = AXIS2_PLACEMENT_3D('',#3704,#3705,#3706);
#3704 = CARTESIAN_POINT('',(-70.,-18.,-0.6));
#3705 = DIRECTION('',(0.,0.,1.));
#3706 = DIRECTION('',(1.,0.,0.));
#3707 = DEFINITIONAL_REPRESENTATION('',(#3708),#3712);
#3708 = LINE('',#3709,#3710);
#3709 = CARTESIAN_POINT('',(0.,2.4));
#3710 = VECTOR('',#3711,1.);
#3711 = DIRECTION('',(1.,0.));
#3712 = ( GEOMETRIC_REPRESENTATION_CONTEXT(2) 
PARAMETRIC_REPRESENTATION_CONTEXT() REPRESENTATION_CONTEXT('2D SPACE',''
  ) );
#3713 = ORIENTED_EDGE('',*,*,#3714,.F.);
#3714 = EDGE_CURVE('',#3630,#3687,#3715,.T.);
#3715 = SURFACE_CURVE('',#3716,(#3720,#3727),.PCURVE_S1.);
#3716 = LINE('',#3717,#3718);
#3717 = CARTESIAN_POINT('',(-53.4,-15.6,-70.));
#3718 = VECTOR('',#3719,1.);
#3719 = DIRECTION('',(0.,0.,1.));
#3720 = PCURVE('',#43,#3721);
#3721 = DEFINITIONAL_REPRESENTATION('',(#3722),#3726);
#3722 = LINE('',#3723,#3724);
#3723 = CARTESIAN_POINT('',(-70.,-53.4));
#3724 = VECTOR('',#3725,1.);
#3725 = DIRECTION('',(1.,0.));
#3726 = ( GEOMETRIC_REPRESENTATION_CONTEXT(2) 
PARAMETRIC_REPRESENTATION_CONTEXT() REPRESENTATION_CONTEXT('2D SPACE',''
  ) );
#3727 = PCURVE('',#3728,#3733);
#3728 = PLANE('',#3729);
#3729 = AXIS2_PLACEMENT_3D('',#3730,#3731,#3732);
#3730 = CARTESIAN_POINT('',(-53.4,-18.,-70.));
#3731 = DIRECTION('',(1.,0.,0.));
#3732 = DIRECTION('',(0.,0.,1.));
#3733 = DEFINITIONAL_REPRESENTATION('',(#3734),#3738);
#3734 = LINE('',#3735,#3736);
#3735 = CARTESIAN_POINT('',(0.,-2.4));
#3736 = VECTOR('',#3737,1.);
#3737 = DIRECTION('',(1.,0.));
#3738 = ( GEOMETRIC_REPRESENTATION_CONTEXT(2) 
PARAMETRIC_REPRESENTATION_CONTEXT() REPRESENTATION_CONTEXT('2D SPACE',''
  ) );
#3739 = FACE_BOUND('',#3740,.T.);
#3740 = EDGE_LOOP('',(#3741,#3772,#3800,#3828));
#3741 = ORIENTED_EDGE('',*,*,#3742,.F.);
#3742 = EDGE_CURVE('',#3743,#3745,#3747,.T.);
#3743 = VERTEX_POINT('',#3744);
#3744 = CARTESIAN_POINT('',(47.4,-15.6,-50.14219779786));
#3745 = VERTEX_POINT('',#3746);
#3746 = CARTESIAN_POINT('',(42.599999999999,-15.6,-54.27927781391));
#3747 = SURFACE_CURVE('',#3748,(#3753,#3760),.PCURVE_S1.);
#3748 = CIRCLE('',#3749,69.);
#3749 = AXIS2_PLACEMENT_3D('',#3750,#3751,#3752);
#3750 = CARTESIAN_POINT('',(0.,-15.6,0.));
#3751 = DIRECTION('',(0.,1.,0.));
#3752 = DIRECTION('',(0.,-0.,1.));
#3753 = PCURVE('',#43,#3754);
#3754 = DEFINITIONAL_REPRESENTATION('',(#3755),#3759);
#3755 = CIRCLE('',#3756,69.);
#3756 = AXIS2_PLACEMENT_2D('',#3757,#3758);
#3757 = CARTESIAN_POINT('',(0.,0.));
#3758 = DIRECTION('',(1.,0.));
#3759 = ( GEOMETRIC_REPRESENTATION_CONTEXT(2) 
PARAMETRIC_REPRESENTATION_CONTEXT() REPRESENTATION_CONTEXT('2D SPACE',''
  ) );
#3760 = PCURVE('',#3761,#3766);
#3761 = CYLINDRICAL_SURFACE('',#3762,69.);
#3762 = AXIS2_PLACEMENT_3D('',#3763,#3764,#3765);
#3763 = CARTESIAN_POINT('',(0.,-18.1,0.));
#3764 = DIRECTION('',(0.,1.,0.));
#3765 = DIRECTION('',(0.,-0.,1.));
#3766 = DEFINITIONAL_REPRESENTATION('',(#3767),#3771);
#3767 = LINE('',#3768,#3769);
#3768 = CARTESIAN_POINT('',(0.,2.5));
#3769 = VECTOR('',#3770,1.);
#3770 = DIRECTION('',(1.,0.));
#3771 = ( GEOMETRIC_REPRESENTATION_CONTEXT(2) 
PARAMETRIC_REPRESENTATION_CONTEXT() REPRESENTATION_CONTEXT('2D SPACE',''
  ) );
#3772 = ORIENTED_EDGE('',*,*,#3773,.T.);
#3773 = EDGE_CURVE('',#3743,#3774,#3776,.T.);
#3774 = VERTEX_POINT('',#3775);
#3775 = CARTESIAN_POINT('',(47.4,-15.6,-0.6));
#3776 = SURFACE_CURVE('',#3777,(#3781,#3788),.PCURVE_S1.);
#3777 = LINE('',#3778,#3779);
#3778 = CARTESIAN_POINT('',(47.4,-15.6,-70.));
#3779 = VECTOR('',#3780,1.);
#3780 = DIRECTION('',(0.,0.,1.));
#3781 = PCURVE('',#43,#3782);
#3782 = DEFINITIONAL_REPRESENTATION('',(#3783),#3787);
#3783 = LINE('',#3784,#3785);
#3784 = CARTESIAN_POINT('',(-70.,47.4));
#3785 = VECTOR('',#3786,1.);
#3786 = DIRECTION('',(1.,0.));
#3787 = ( GEOMETRIC_REPRESENTATION_CONTEXT(2) 
PARAMETRIC_REPRESENTATION_CONTEXT() REPRESENTATION_CONTEXT('2D SPACE',''
  ) );
#3788 = PCURVE('',#3789,#3794);
#3789 = PLANE('',#3790);
#3790 = AXIS2_PLACEMENT_3D('',#3791,#3792,#3793);
#3791 = CARTESIAN_POINT('',(47.4,-18.,-70.));
#3792 = DIRECTION('',(1.,0.,0.));
#3793 = DIRECTION('',(0.,0.,1.));
#3794 = DEFINITIONAL_REPRESENTATION('',(#3795),#3799);
#3795 = LINE('',#3796,#3797);
#3796 = CARTESIAN_POINT('',(0.,-2.4));
#3797 = VECTOR('',#3798,1.);
#3798 = DIRECTION('',(1.,0.));
#3799 = ( GEOMETRIC_REPRESENTATION_CONTEXT(2) 
PARAMETRIC_REPRESENTATION_CONTEXT() REPRESENTATION_CONTEXT('2D SPACE',''
  ) );
#3800 = ORIENTED_EDGE('',*,*,#3801,.F.);
#3801 = EDGE_CURVE('',#3802,#3774,#3804,.T.);
#3802 = VERTEX_POINT('',#3803);
#3803 = CARTESIAN_POINT('',(42.6,-15.6,-0.6));
#3804 = SURFACE_CURVE('',#3805,(#3809,#3816),.PCURVE_S1.);
#3805 = LINE('',#3806,#3807);
#3806 = CARTESIAN_POINT('',(-70.,-15.6,-0.6));
#3807 = VECTOR('',#3808,1.);
#3808 = DIRECTION('',(1.,0.,0.));
#3809 = PCURVE('',#43,#3810);
#3810 = DEFINITIONAL_REPRESENTATION('',(#3811),#3815);
#3811 = LINE('',#3812,#3813);
#3812 = CARTESIAN_POINT('',(-0.6,-70.));
#3813 = VECTOR('',#3814,1.);
#3814 = DIRECTION('',(0.,1.));
#3815 = ( GEOMETRIC_REPRESENTATION_CONTEXT(2) 
PARAMETRIC_REPRESENTATION_CONTEXT() REPRESENTATION_CONTEXT('2D SPACE',''
  ) );
#3816 = PCURVE('',#3817,#3822);
#3817 = PLANE('',#3818);
#3818 = AXIS2_PLACEMENT_3D('',#3819,#3820,#3821);
#3819 = CARTESIAN_POINT('',(-70.,-18.,-0.6));
#3820 = DIRECTION('',(0.,0.,1.));
#3821 = DIRECTION('',(1.,0.,0.));
#3822 = DEFINITIONAL_REPRESENTATION('',(#3823),#3827);
#3823 = LINE('',#3824,#3825);
#3824 = CARTESIAN_POINT('',(0.,2.4));
#3825 = VECTOR('',#3826,1.);
#3826 = DIRECTION('',(1.,0.));
#3827 = ( GEOMETRIC_REPRESENTATION_CONTEXT(2) 
PARAMETRIC_REPRESENTATION_CONTEXT() REPRESENTATION_CONTEXT('2D SPACE',''
  ) );
#3828 = ORIENTED_EDGE('',*,*,#3829,.F.);
#3829 = EDGE_CURVE('',#3745,#3802,#3830,.T.);
#3830 = SURFACE_CURVE('',#3831,(#3835,#3842),.PCURVE_S1.);
#3831 = LINE('',#3832,#3833);
#3832 = CARTESIAN_POINT('',(42.6,-15.6,-70.));
#3833 = VECTOR('',#3834,1.);
#3834 = DIRECTION('',(0.,0.,1.));
#3835 = PCURVE('',#43,#3836);
#3836 = DEFINITIONAL_REPRESENTATION('',(#3837),#3841);
#3837 = LINE('',#3838,#3839);
#3838 = CARTESIAN_POINT('',(-70.,42.6));
#3839 = VECTOR('',#3840,1.);
#3840 = DIRECTION('',(1.,0.));
#3841 = ( GEOMETRIC_REPRESENTATION_CONTEXT(2) 
PARAMETRIC_REPRESENTATION_CONTEXT() REPRESENTATION_CONTEXT('2D SPACE',''
  ) );
#3842 = PCURVE('',#3843,#3848);
#3843 = PLANE('',#3844);
#3844 = AXIS2_PLACEMENT_3D('',#3845,#3846,#3847);
#3845 = CARTESIAN_POINT('',(42.6,-18.,-70.));
#3846 = DIRECTION('',(1.,0.,0.));
#3847 = DIRECTION('',(0.,0.,1.));
#3848 = DEFINITIONAL_REPRESENTATION('',(#3849),#3853);
#3849 = LINE('',#3850,#3851);
#3850 = CARTESIAN_POINT('',(0.,-2.4));
#3851 = VECTOR('',#3852,1.);
#3852 = DIRECTION('',(1.,0.));
#3853 = ( GEOMETRIC_REPRESENTATION_CONTEXT(2) 
PARAMETRIC_REPRESENTATION_CONTEXT() REPRESENTATION_CONTEXT('2D SPACE',''
  ) );
#3854 = FACE_BOUND('',#3855,.T.);
#3855 = EDGE_LOOP('',(#3856,#3887,#3915,#3943));
#3856 = ORIENTED_EDGE('',*,*,#3857,.F.);
#3857 = EDGE_CURVE('',#3858,#3860,#3862,.T.);
#3858 = VERTEX_POINT('',#3859);
#3859 = CARTESIAN_POINT('',(-42.59999999999,-15.6,-54.27927781391));
#3860 = VERTEX_POINT('',#3861);
#3861 = CARTESIAN_POINT('',(-47.4,-15.6,-50.14219779786));
#3862 = SURFACE_CURVE('',#3863,(#3868,#3875),.PCURVE_S1.);
#3863 = CIRCLE('',#3864,69.);
#3864 = AXIS2_PLACEMENT_3D('',#3865,#3866,#3867);
#3865 = CARTESIAN_POINT('',(0.,-15.6,0.));
#3866 = DIRECTION('',(0.,1.,0.));
#3867 = DIRECTION('',(0.,-0.,1.));
#3868 = PCURVE('',#43,#3869);
#3869 = DEFINITIONAL_REPRESENTATION('',(#3870),#3874);
#3870 = CIRCLE('',#3871,69.);
#3871 = AXIS2_PLACEMENT_2D('',#3872,#3873);
#3872 = CARTESIAN_POINT('',(0.,0.));
#3873 = DIRECTION('',(1.,0.));
#3874 = ( GEOMETRIC_REPRESENTATION_CONTEXT(2) 
PARAMETRIC_REPRESENTATION_CONTEXT() REPRESENTATION_CONTEXT('2D SPACE',''
  ) );
#3875 = PCURVE('',#3876,#3881);
#3876 = CYLINDRICAL_SURFACE('',#3877,69.);
#3877 = AXIS2_PLACEMENT_3D('',#3878,#3879,#3880);
#3878 = CARTESIAN_POINT('',(0.,-18.1,0.));
#3879 = DIRECTION('',(0.,1.,0.));
#3880 = DIRECTION('',(0.,-0.,1.));
#3881 = DEFINITIONAL_REPRESENTATION('',(#3882),#3886);
#3882 = LINE('',#3883,#3884);
#3883 = CARTESIAN_POINT('',(0.,2.5));
#3884 = VECTOR('',#3885,1.);
#3885 = DIRECTION('',(1.,0.));
#3886 = ( GEOMETRIC_REPRESENTATION_CONTEXT(2) 
PARAMETRIC_REPRESENTATION_CONTEXT() REPRESENTATION_CONTEXT('2D SPACE',''
  ) );
#3887 = ORIENTED_EDGE('',*,*,#3888,.T.);
#3888 = EDGE_CURVE('',#3858,#3889,#3891,.T.);
#3889 = VERTEX_POINT('',#3890);
#3890 = CARTESIAN_POINT('',(-42.6,-15.6,-0.6));
#3891 = SURFACE_CURVE('',#3892,(#3896,#3903),.PCURVE_S1.);
#3892 = LINE('',#3893,#3894);
#3893 = CARTESIAN_POINT('',(-42.6,-15.6,-70.));
#3894 = VECTOR('',#3895,1.);
#3895 = DIRECTION('',(0.,0.,1.));
#3896 = PCURVE('',#43,#3897);
#3897 = DEFINITIONAL_REPRESENTATION('',(#3898),#3902);
#3898 = LINE('',#3899,#3900);
#3899 = CARTESIAN_POINT('',(-70.,-42.6));
#3900 = VECTOR('',#3901,1.);
#3901 = DIRECTION('',(1.,0.));
#3902 = ( GEOMETRIC_REPRESENTATION_CONTEXT(2) 
PARAMETRIC_REPRESENTATION_CONTEXT() REPRESENTATION_CONTEXT('2D SPACE',''
  ) );
#3903 = PCURVE('',#3904,#3909);
#3904 = PLANE('',#3905);
#3905 = AXIS2_PLACEMENT_3D('',#3906,#3907,#3908);
#3906 = CARTESIAN_POINT('',(-42.6,-18.,-70.));
#3907 = DIRECTION('',(1.,0.,0.));
#3908 = DIRECTION('',(0.,0.,1.));
#3909 = DEFINITIONAL_REPRESENTATION('',(#3910),#3914);
#3910 = LINE('',#3911,#3912);
#3911 = CARTESIAN_POINT('',(0.,-2.4));
#3912 = VECTOR('',#3913,1.);
#3913 = DIRECTION('',(1.,0.));
#3914 = ( GEOMETRIC_REPRESENTATION_CONTEXT(2) 
PARAMETRIC_REPRESENTATION_CONTEXT() REPRESENTATION_CONTEXT('2D SPACE',''
  ) );
#3915 = ORIENTED_EDGE('',*,*,#3916,.F.);
#3916 = EDGE_CURVE('',#3917,#3889,#3919,.T.);
#3917 = VERTEX_POINT('',#3918);
#3918 = CARTESIAN_POINT('',(-47.4,-15.6,-0.6));
#3919 = SURFACE_CURVE('',#3920,(#3924,#3931),.PCURVE_S1.);
#3920 = LINE('',#3921,#3922);
#3921 = CARTESIAN_POINT('',(-70.,-15.6,-0.6));
#3922 = VECTOR('',#3923,1.);
#3923 = DIRECTION('',(1.,0.,0.));
#3924 = PCURVE('',#43,#3925);
#3925 = DEFINITIONAL_REPRESENTATION('',(#3926),#3930);
#3926 = LINE('',#3927,#3928);
#3927 = CARTESIAN_POINT('',(-0.6,-70.));
#3928 = VECTOR('',#3929,1.);
#3929 = DIRECTION('',(0.,1.));
#3930 = ( GEOMETRIC_REPRESENTATION_CONTEXT(2) 
PARAMETRIC_REPRESENTATION_CONTEXT() REPRESENTATION_CONTEXT('2D SPACE',''
  ) );
#3931 = PCURVE('',#3932,#3937);
#3932 = PLANE('',#3933);
#3933 = AXIS2_PLACEMENT_3D('',#3934,#3935,#3936);
#3934 = CARTESIAN_POINT('',(-70.,-18.,-0.6));
#3935 = DIRECTION('',(0.,0.,1.));
#3936 = DIRECTION('',(1.,0.,0.));
#3937 = DEFINITIONAL_REPRESENTATION('',(#3938),#3942);
#3938 = LINE('',#3939,#3940);
#3939 = CARTESIAN_POINT('',(0.,2.4));
#3940 = VECTOR('',#3941,1.);
#3941 = DIRECTION('',(1.,0.));
#3942 = ( GEOMETRIC_REPRESENTATION_CONTEXT(2) 
PARAMETRIC_REPRESENTATION_CONTEXT() REPRESENTATION_CONTEXT('2D SPACE',''
  ) );
#3943 = ORIENTED_EDGE('',*,*,#3944,.F.);
#3944 = EDGE_CURVE('',#3860,#3917,#3945,.T.);
#3945 = SURFACE_CURVE('',#3946,(#3950,#3957),.PCURVE_S1.);
#3946 = LINE('',#3947,#3948);
#3947 = CARTESIAN_POINT('',(-47.4,-15.6,-70.));
#3948 = VECTOR('',#3949,1.);
#3949 = DIRECTION('',(0.,0.,1.));
#3950 = PCURVE('',#43,#3951);
#3951 = DEFINITIONAL_REPRESENTATION('',(#3952),#3956);
#3952 = LINE('',#3953,#3954);
#3953 = CARTESIAN_POINT('',(-70.,-47.4));
#3954 = VECTOR('',#3955,1.);
#3955 = DIRECTION('',(1.,0.));
#3956 = ( GEOMETRIC_REPRESENTATION_CONTEXT(2) 
PARAMETRIC_REPRESENTATION_CONTEXT() REPRESENTATION_CONTEXT('2D SPACE',''
  ) );
#3957 = PCURVE('',#3958,#3963);
#3958 = PLANE('',#3959);
#3959 = AXIS2_PLACEMENT_3D('',#3960,#3961,#3962);
#3960 = CARTESIAN_POINT('',(-47.4,-18.,-70.));
#3961 = DIRECTION('',(1.,0.,0.));
#3962 = DIRECTION('',(0.,0.,1.));
#3963 = DEFINITIONAL_REPRESENTATION('',(#3964),#3968);
#3964 = LINE('',#3965,#3966);
#3965 = CARTESIAN_POINT('',(0.,-2.4));
#3966 = VECTOR('',#3967,1.);
#3967 = DIRECTION('',(1.,0.));
#3968 = ( GEOMETRIC_REPRESENTATION_CONTEXT(2) 
PARAMETRIC_REPRESENTATION_CONTEXT() REPRESENTATION_CONTEXT('2D SPACE',''
  ) );
#3969 = FACE_BOUND('',#3970,.T.);
#3970 = EDGE_LOOP('',(#3971,#4002,#4030,#4058));
#3971 = ORIENTED_EDGE('',*,*,#3972,.F.);
#3972 = EDGE_CURVE('',#3973,#3975,#3977,.T.);
#3973 = VERTEX_POINT('',#3974);
#3974 = CARTESIAN_POINT('',(41.400000000001,-15.6,-55.19999999999));
#3975 = VERTEX_POINT('',#3976);
#3976 = CARTESIAN_POINT('',(36.600000000001,-15.6,-58.49307651337));
#3977 = SURFACE_CURVE('',#3978,(#3983,#3990),.PCURVE_S1.);
#3978 = CIRCLE('',#3979,69.);
#3979 = AXIS2_PLACEMENT_3D('',#3980,#3981,#3982);
#3980 = CARTESIAN_POINT('',(0.,-15.6,0.));
#3981 = DIRECTION('',(0.,1.,0.));
#3982 = DIRECTION('',(0.,-0.,1.));
#3983 = PCURVE('',#43,#3984);
#3984 = DEFINITIONAL_REPRESENTATION('',(#3985),#3989);
#3985 = CIRCLE('',#3986,69.);
#3986 = AXIS2_PLACEMENT_2D('',#3987,#3988);
#3987 = CARTESIAN_POINT('',(0.,0.));
#3988 = DIRECTION('',(1.,0.));
#3989 = ( GEOMETRIC_REPRESENTATION_CONTEXT(2) 
PARAMETRIC_REPRESENTATION_CONTEXT() REPRESENTATION_CONTEXT('2D SPACE',''
  ) );
#3990 = PCURVE('',#3991,#3996);
#3991 = CYLINDRICAL_SURFACE('',#3992,69.);
#3992 = AXIS2_PLACEMENT_3D('',#3993,#3994,#3995);
#3993 = CARTESIAN_POINT('',(0.,-18.1,0.));
#3994 = DIRECTION('',(0.,1.,0.));
#3995 = DIRECTION('',(0.,-0.,1.));
#3996 = DEFINITIONAL_REPRESENTATION('',(#3997),#4001);
#3997 = LINE('',#3998,#3999);
#3998 = CARTESIAN_POINT('',(0.,2.5));
#3999 = VECTOR('',#4000,1.);
#4000 = DIRECTION('',(1.,0.));
#4001 = ( GEOMETRIC_REPRESENTATION_CONTEXT(2) 
PARAMETRIC_REPRESENTATION_CONTEXT() REPRESENTATION_CONTEXT('2D SPACE',''
  ) );
#4002 = ORIENTED_EDGE('',*,*,#4003,.T.);
#4003 = EDGE_CURVE('',#3973,#4004,#4006,.T.);
#4004 = VERTEX_POINT('',#4005);
#4005 = CARTESIAN_POINT('',(41.4,-15.6,-0.6));
#4006 = SURFACE_CURVE('',#4007,(#4011,#4018),.PCURVE_S1.);
#4007 = LINE('',#4008,#4009);
#4008 = CARTESIAN_POINT('',(41.4,-15.6,-70.));
#4009 = VECTOR('',#4010,1.);
#4010 = DIRECTION('',(0.,0.,1.));
#4011 = PCURVE('',#43,#4012);
#4012 = DEFINITIONAL_REPRESENTATION('',(#4013),#4017);
#4013 = LINE('',#4014,#4015);
#4014 = CARTESIAN_POINT('',(-70.,41.4));
#4015 = VECTOR('',#4016,1.);
#4016 = DIRECTION('',(1.,0.));
#4017 = ( GEOMETRIC_REPRESENTATION_CONTEXT(2) 
PARAMETRIC_REPRESENTATION_CONTEXT() REPRESENTATION_CONTEXT('2D SPACE',''
  ) );
#4018 = PCURVE('',#4019,#4024);
#4019 = PLANE('',#4020);
#4020 = AXIS2_PLACEMENT_3D('',#4021,#4022,#4023);
#4021 = CARTESIAN_POINT('',(41.4,-18.,-70.));
#4022 = DIRECTION('',(1.,0.,0.));
#4023 = DIRECTION('',(0.,0.,1.));
#4024 = DEFINITIONAL_REPRESENTATION('',(#4025),#4029);
#4025 = LINE('',#4026,#4027);
#4026 = CARTESIAN_POINT('',(0.,-2.4));
#4027 = VECTOR('',#4028,1.);
#4028 = DIRECTION('',(1.,0.));
#4029 = ( GEOMETRIC_REPRESENTATION_CONTEXT(2) 
PARAMETRIC_REPRESENTATION_CONTEXT() REPRESENTATION_CONTEXT('2D SPACE',''
  ) );
#4030 = ORIENTED_EDGE('',*,*,#4031,.F.);
#4031 = EDGE_CURVE('',#4032,#4004,#4034,.T.);
#4032 = VERTEX_POINT('',#4033);
#4033 = CARTESIAN_POINT('',(36.6,-15.6,-0.6));
#4034 = SURFACE_CURVE('',#4035,(#4039,#4046),.PCURVE_S1.);
#4035 = LINE('',#4036,#4037);
#4036 = CARTESIAN_POINT('',(-70.,-15.6,-0.6));
#4037 = VECTOR('',#4038,1.);
#4038 = DIRECTION('',(1.,0.,0.));
#4039 = PCURVE('',#43,#4040);
#4040 = DEFINITIONAL_REPRESENTATION('',(#4041),#4045);
#4041 = LINE('',#4042,#4043);
#4042 = CARTESIAN_POINT('',(-0.6,-70.));
#4043 = VECTOR('',#4044,1.);
#4044 = DIRECTION('',(0.,1.));
#4045 = ( GEOMETRIC_REPRESENTATION_CONTEXT(2) 
PARAMETRIC_REPRESENTATION_CONTEXT() REPRESENTATION_CONTEXT('2D SPACE',''
  ) );
#4046 = PCURVE('',#4047,#4052);
#4047 = PLANE('',#4048);
#4048 = AXIS2_PLACEMENT_3D('',#4049,#4050,#4051);
#4049 = CARTESIAN_POINT('',(-70.,-18.,-0.6));
#4050 = DIRECTION('',(0.,0.,1.));
#4051 = DIRECTION('',(1.,0.,0.));
#4052 = DEFINITIONAL_REPRESENTATION('',(#4053),#4057);
#4053 = LINE('',#4054,#4055);
#4054 = CARTESIAN_POINT('',(0.,2.4));
#4055 = VECTOR('',#4056,1.);
#4056 = DIRECTION('',(1.,0.));
#4057 = ( GEOMETRIC_REPRESENTATION_CONTEXT(2) 
PARAMETRIC_REPRESENTATION_CONTEXT() REPRESENTATION_CONTEXT('2D SPACE',''
  ) );
#4058 = ORIENTED_EDGE('',*,*,#4059,.F.);
#4059 = EDGE_CURVE('',#3975,#4032,#4060,.T.);
#4060 = SURFACE_CURVE('',#4061,(#4065,#4072),.PCURVE_S1.);
#4061 = LINE('',#4062,#4063);
#4062 = CARTESIAN_POINT('',(36.6,-15.6,-70.));
#4063 = VECTOR('',#4064,1.);
#4064 = DIRECTION('',(0.,0.,1.));
#4065 = PCURVE('',#43,#4066);
#4066 = DEFINITIONAL_REPRESENTATION('',(#4067),#4071);
#4067 = LINE('',#4068,#4069);
#4068 = CARTESIAN_POINT('',(-70.,36.6));
#4069 = VECTOR('',#4070,1.);
#4070 = DIRECTION('',(1.,0.));
#4071 = ( GEOMETRIC_REPRESENTATION_CONTEXT(2) 
PARAMETRIC_REPRESENTATION_CONTEXT() REPRESENTATION_CONTEXT('2D SPACE',''
  ) );
#4072 = PCURVE('',#4073,#4078);
#4073 = PLANE('',#4074);
#4074 = AXIS2_PLACEMENT_3D('',#4075,#4076,#4077);
#4075 = CARTESIAN_POINT('',(36.6,-18.,-70.));
#4076 = DIRECTION('',(1.,0.,0.));
#4077 = DIRECTION('',(0.,0.,1.));
#4078 = DEFINITIONAL_REPRESENTATION('',(#4079),#4083);
#4079 = LINE('',#4080,#4081);
#4080 = CARTESIAN_POINT('',(0.,-2.4));
#4081 = VECTOR('',#4082,1.);
#4082 = DIRECTION('',(1.,0.));
#4083 = ( GEOMETRIC_REPRESENTATION_CONTEXT(2) 
PARAMETRIC_REPRESENTATION_CONTEXT() REPRESENTATION_CONTEXT('2D SPACE',''
  ) );
#4084 = FACE_BOUND('',#4085,.T.);
#4085 = EDGE_LOOP('',(#4086,#4117,#4145,#4173));
#4086 = ORIENTED_EDGE('',*,*,#4087,.F.);
#4087 = EDGE_CURVE('',#4088,#4090,#4092,.T.);
#4088 = VERTEX_POINT('',#4089);
#4089 = CARTESIAN_POINT('',(-36.6,-15.6,-58.49307651337));
#4090 = VERTEX_POINT('',#4091);
#4091 = CARTESIAN_POINT('',(-41.4,-15.6,-55.19999999999));
#4092 = SURFACE_CURVE('',#4093,(#4098,#4105),.PCURVE_S1.);
#4093 = CIRCLE('',#4094,69.);
#4094 = AXIS2_PLACEMENT_3D('',#4095,#4096,#4097);
#4095 = CARTESIAN_POINT('',(0.,-15.6,0.));
#4096 = DIRECTION('',(0.,1.,0.));
#4097 = DIRECTION('',(0.,-0.,1.));
#4098 = PCURVE('',#43,#4099);
#4099 = DEFINITIONAL_REPRESENTATION('',(#4100),#4104);
#4100 = CIRCLE('',#4101,69.);
#4101 = AXIS2_PLACEMENT_2D('',#4102,#4103);
#4102 = CARTESIAN_POINT('',(0.,0.));
#4103 = DIRECTION('',(1.,0.));
#4104 = ( GEOMETRIC_REPRESENTATION_CONTEXT(2) 
PARAMETRIC_REPRESENTATION_CONTEXT() REPRESENTATION_CONTEXT('2D SPACE',''
  ) );
#4105 = PCURVE('',#4106,#4111);
#4106 = CYLINDRICAL_SURFACE('',#4107,69.);
#4107 = AXIS2_PLACEMENT_3D('',#4108,#4109,#4110);
#4108 = CARTESIAN_POINT('',(0.,-18.1,0.));
#4109 = DIRECTION('',(0.,1.,0.));
#4110 = DIRECTION('',(0.,-0.,1.));
#4111 = DEFINITIONAL_REPRESENTATION('',(#4112),#4116);
#4112 = LINE('',#4113,#4114);
#4113 = CARTESIAN_POINT('',(0.,2.5));
#4114 = VECTOR('',#4115,1.);
#4115 = DIRECTION('',(1.,0.));
#4116 = ( GEOMETRIC_REPRESENTATION_CONTEXT(2) 
PARAMETRIC_REPRESENTATION_CONTEXT() REPRESENTATION_CONTEXT('2D SPACE',''
  ) );
#4117 = ORIENTED_EDGE('',*,*,#4118,.T.);
#4118 = EDGE_CURVE('',#4088,#4119,#4121,.T.);
#4119 = VERTEX_POINT('',#4120);
#4120 = CARTESIAN_POINT('',(-36.6,-15.6,-0.6));
#4121 = SURFACE_CURVE('',#4122,(#4126,#4133),.PCURVE_S1.);
#4122 = LINE('',#4123,#4124);
#4123 = CARTESIAN_POINT('',(-36.6,-15.6,-70.));
#4124 = VECTOR('',#4125,1.);
#4125 = DIRECTION('',(0.,0.,1.));
#4126 = PCURVE('',#43,#4127);
#4127 = DEFINITIONAL_REPRESENTATION('',(#4128),#4132);
#4128 = LINE('',#4129,#4130);
#4129 = CARTESIAN_POINT('',(-70.,-36.6));
#4130 = VECTOR('',#4131,1.);
#4131 = DIRECTION('',(1.,0.));
#4132 = ( GEOMETRIC_REPRESENTATION_CONTEXT(2) 
PARAMETRIC_REPRESENTATION_CONTEXT() REPRESENTATION_CONTEXT('2D SPACE',''
  ) );
#4133 = PCURVE('',#4134,#4139);
#4134 = PLANE('',#4135);
#4135 = AXIS2_PLACEMENT_3D('',#4136,#4137,#4138);
#4136 = CARTESIAN_POINT('',(-36.6,-18.,-70.));
#4137 = DIRECTION('',(1.,0.,0.));
#4138 = DIRECTION('',(0.,0.,1.));
#4139 = DEFINITIONAL_REPRESENTATION('',(#4140),#4144);
#4140 = LINE('',#4141,#4142);
#4141 = CARTESIAN_POINT('',(0.,-2.4));
#4142 = VECTOR('',#4143,1.);
#4143 = DIRECTION('',(1.,0.));
#4144 = ( GEOMETRIC_REPRESENTATION_CONTEXT(2) 
PARAMETRIC_REPRESENTATION_CONTEXT() REPRESENTATION_CONTEXT('2D SPACE',''
  ) );
#4145 = ORIENTED_EDGE('',*,*,#4146,.F.);
#4146 = EDGE_CURVE('',#4147,#4119,#4149,.T.);
#4147 = VERTEX_POINT('',#4148);
#4148 = CARTESIAN_POINT('',(-41.4,-15.6,-0.6));
#4149 = SURFACE_CURVE('',#4150,(#4154,#4161),.PCURVE_S1.);
#4150 = LINE('',#4151,#4152);
#4151 = CARTESIAN_POINT('',(-70.,-15.6,-0.6));
#4152 = VECTOR('',#4153,1.);
#4153 = DIRECTION('',(1.,0.,0.));
#4154 = PCURVE('',#43,#4155);
#4155 = DEFINITIONAL_REPRESENTATION('',(#4156),#4160);
#4156 = LINE('',#4157,#4158);
#4157 = CARTESIAN_POINT('',(-0.6,-70.));
#4158 = VECTOR('',#4159,1.);
#4159 = DIRECTION('',(0.,1.));
#4160 = ( GEOMETRIC_REPRESENTATION_CONTEXT(2) 
PARAMETRIC_REPRESENTATION_CONTEXT() REPRESENTATION_CONTEXT('2D SPACE',''
  ) );
#4161 = PCURVE('',#4162,#4167);
#4162 = PLANE('',#4163);
#4163 = AXIS2_PLACEMENT_3D('',#4164,#4165,#4166);
#4164 = CARTESIAN_POINT('',(-70.,-18.,-0.6));
#4165 = DIRECTION('',(0.,0.,1.));
#4166 = DIRECTION('',(1.,0.,0.));
#4167 = DEFINITIONAL_REPRESENTATION('',(#4168),#4172);
#4168 = LINE('',#4169,#4170);
#4169 = CARTESIAN_POINT('',(0.,2.4));
#4170 = VECTOR('',#4171,1.);
#4171 = DIRECTION('',(1.,0.));
#4172 = ( GEOMETRIC_REPRESENTATION_CONTEXT(2) 
PARAMETRIC_REPRESENTATION_CONTEXT() REPRESENTATION_CONTEXT('2D SPACE',''
  ) );
#4173 = ORIENTED_EDGE('',*,*,#4174,.F.);
#4174 = EDGE_CURVE('',#4090,#4147,#4175,.T.);
#4175 = SURFACE_CURVE('',#4176,(#4180,#4187),.PCURVE_S1.);
#4176 = LINE('',#4177,#4178);
#4177 = CARTESIAN_POINT('',(-41.4,-15.6,-70.));
#4178 = VECTOR('',#4179,1.);
#4179 = DIRECTION('',(0.,0.,1.));
#4180 = PCURVE('',#43,#4181);
#4181 = DEFINITIONAL_REPRESENTATION('',(#4182),#4186);
#4182 = LINE('',#4183,#4184);
#4183 = CARTESIAN_POINT('',(-70.,-41.4));
#4184 = VECTOR('',#4185,1.);
#4185 = DIRECTION('',(1.,0.));
#4186 = ( GEOMETRIC_REPRESENTATION_CONTEXT(2) 
PARAMETRIC_REPRESENTATION_CONTEXT() REPRESENTATION_CONTEXT('2D SPACE',''
  ) );
#4187 = PCURVE('',#4188,#4193);
#4188 = PLANE('',#4189);
#4189 = AXIS2_PLACEMENT_3D('',#4190,#4191,#4192);
#4190 = CARTESIAN_POINT('',(-41.4,-18.,-70.));
#4191 = DIRECTION('',(1.,0.,0.));
#4192 = DIRECTION('',(0.,0.,1.));
#4193 = DEFINITIONAL_REPRESENTATION('',(#4194),#4198);
#4194 = LINE('',#4195,#4196);
#4195 = CARTESIAN_POINT('',(0.,-2.4));
#4196 = VECTOR('',#4197,1.);
#4197 = DIRECTION('',(1.,0.));
#4198 = ( GEOMETRIC_REPRESENTATION_CONTEXT(2) 
PARAMETRIC_REPRESENTATION_CONTEXT() REPRESENTATION_CONTEXT('2D SPACE',''
  ) );
#4199 = FACE_BOUND('',#4200,.T.);
#4200 = EDGE_LOOP('',(#4201,#4232,#4260,#4288));
#4201 = ORIENTED_EDGE('',*,*,#4202,.F.);
#4202 = EDGE_CURVE('',#4203,#4205,#4207,.T.);
#4203 = VERTEX_POINT('',#4204);
#4204 = CARTESIAN_POINT('',(35.399999999998,-15.6,-59.22702086041));
#4205 = VERTEX_POINT('',#4206);
#4206 = CARTESIAN_POINT('',(30.600000000002,-15.6,-61.84367388827));
#4207 = SURFACE_CURVE('',#4208,(#4213,#4220),.PCURVE_S1.);
#4208 = CIRCLE('',#4209,69.);
#4209 = AXIS2_PLACEMENT_3D('',#4210,#4211,#4212);
#4210 = CARTESIAN_POINT('',(0.,-15.6,0.));
#4211 = DIRECTION('',(0.,1.,0.));
#4212 = DIRECTION('',(0.,-0.,1.));
#4213 = PCURVE('',#43,#4214);
#4214 = DEFINITIONAL_REPRESENTATION('',(#4215),#4219);
#4215 = CIRCLE('',#4216,69.);
#4216 = AXIS2_PLACEMENT_2D('',#4217,#4218);
#4217 = CARTESIAN_POINT('',(0.,0.));
#4218 = DIRECTION('',(1.,0.));
#4219 = ( GEOMETRIC_REPRESENTATION_CONTEXT(2) 
PARAMETRIC_REPRESENTATION_CONTEXT() REPRESENTATION_CONTEXT('2D SPACE',''
  ) );
#4220 = PCURVE('',#4221,#4226);
#4221 = CYLINDRICAL_SURFACE('',#4222,69.);
#4222 = AXIS2_PLACEMENT_3D('',#4223,#4224,#4225);
#4223 = CARTESIAN_POINT('',(0.,-18.1,0.));
#4224 = DIRECTION('',(0.,1.,0.));
#4225 = DIRECTION('',(0.,-0.,1.));
#4226 = DEFINITIONAL_REPRESENTATION('',(#4227),#4231);
#4227 = LINE('',#4228,#4229);
#4228 = CARTESIAN_POINT('',(0.,2.5));
#4229 = VECTOR('',#4230,1.);
#4230 = DIRECTION('',(1.,0.));
#4231 = ( GEOMETRIC_REPRESENTATION_CONTEXT(2) 
PARAMETRIC_REPRESENTATION_CONTEXT() REPRESENTATION_CONTEXT('2D SPACE',''
  ) );
#4232 = ORIENTED_EDGE('',*,*,#4233,.T.);
#4233 = EDGE_CURVE('',#4203,#4234,#4236,.T.);
#4234 = VERTEX_POINT('',#4235);
#4235 = CARTESIAN_POINT('',(35.4,-15.6,-0.6));
#4236 = SURFACE_CURVE('',#4237,(#4241,#4248),.PCURVE_S1.);
#4237 = LINE('',#4238,#4239);
#4238 = CARTESIAN_POINT('',(35.4,-15.6,-70.));
#4239 = VECTOR('',#4240,1.);
#4240 = DIRECTION('',(0.,0.,1.));
#4241 = PCURVE('',#43,#4242);
#4242 = DEFINITIONAL_REPRESENTATION('',(#4243),#4247);
#4243 = LINE('',#4244,#4245);
#4244 = CARTESIAN_POINT('',(-70.,35.4));
#4245 = VECTOR('',#4246,1.);
#4246 = DIRECTION('',(1.,0.));
#4247 = ( GEOMETRIC_REPRESENTATION_CONTEXT(2) 
PARAMETRIC_REPRESENTATION_CONTEXT() REPRESENTATION_CONTEXT('2D SPACE',''
  ) );
#4248 = PCURVE('',#4249,#4254);
#4249 = PLANE('',#4250);
#4250 = AXIS2_PLACEMENT_3D('',#4251,#4252,#4253);
#4251 = CARTESIAN_POINT('',(35.4,-18.,-70.));
#4252 = DIRECTION('',(1.,0.,0.));
#4253 = DIRECTION('',(0.,0.,1.));
#4254 = DEFINITIONAL_REPRESENTATION('',(#4255),#4259);
#4255 = LINE('',#4256,#4257);
#4256 = CARTESIAN_POINT('',(0.,-2.4));
#4257 = VECTOR('',#4258,1.);
#4258 = DIRECTION('',(1.,0.));
#4259 = ( GEOMETRIC_REPRESENTATION_CONTEXT(2) 
PARAMETRIC_REPRESENTATION_CONTEXT() REPRESENTATION_CONTEXT('2D SPACE',''
  ) );
#4260 = ORIENTED_EDGE('',*,*,#4261,.F.);
#4261 = EDGE_CURVE('',#4262,#4234,#4264,.T.);
#4262 = VERTEX_POINT('',#4263);
#4263 = CARTESIAN_POINT('',(30.6,-15.6,-0.6));
#4264 = SURFACE_CURVE('',#4265,(#4269,#4276),.PCURVE_S1.);
#4265 = LINE('',#4266,#4267);
#4266 = CARTESIAN_POINT('',(-70.,-15.6,-0.6));
#4267 = VECTOR('',#4268,1.);
#4268 = DIRECTION('',(1.,0.,0.));
#4269 = PCURVE('',#43,#4270);
#4270 = DEFINITIONAL_REPRESENTATION('',(#4271),#4275);
#4271 = LINE('',#4272,#4273);
#4272 = CARTESIAN_POINT('',(-0.6,-70.));
#4273 = VECTOR('',#4274,1.);
#4274 = DIRECTION('',(0.,1.));
#4275 = ( GEOMETRIC_REPRESENTATION_CONTEXT(2) 
PARAMETRIC_REPRESENTATION_CONTEXT() REPRESENTATION_CONTEXT('2D SPACE',''
  ) );
#4276 = PCURVE('',#4277,#4282);
#4277 = PLANE('',#4278);
#4278 = AXIS2_PLACEMENT_3D('',#4279,#4280,#4281);
#4279 = CARTESIAN_POINT('',(-70.,-18.,-0.6));
#4280 = DIRECTION('',(0.,0.,1.));
#4281 = DIRECTION('',(1.,0.,0.));
#4282 = DEFINITIONAL_REPRESENTATION('',(#4283),#4287);
#4283 = LINE('',#4284,#4285);
#4284 = CARTESIAN_POINT('',(0.,2.4));
#4285 = VECTOR('',#4286,1.);
#4286 = DIRECTION('',(1.,0.));
#4287 = ( GEOMETRIC_REPRESENTATION_CONTEXT(2) 
PARAMETRIC_REPRESENTATION_CONTEXT() REPRESENTATION_CONTEXT('2D SPACE',''
  ) );
#4288 = ORIENTED_EDGE('',*,*,#4289,.F.);
#4289 = EDGE_CURVE('',#4205,#4262,#4290,.T.);
#4290 = SURFACE_CURVE('',#4291,(#4295,#4302),.PCURVE_S1.);
#4291 = LINE('',#4292,#4293);
#4292 = CARTESIAN_POINT('',(30.6,-15.6,-70.));
#4293 = VECTOR('',#4294,1.);
#4294 = DIRECTION('',(0.,0.,1.));
#4295 = PCURVE('',#43,#4296);
#4296 = DEFINITIONAL_REPRESENTATION('',(#4297),#4301);
#4297 = LINE('',#4298,#4299);
#4298 = CARTESIAN_POINT('',(-70.,30.6));
#4299 = VECTOR('',#4300,1.);
#4300 = DIRECTION('',(1.,0.));
#4301 = ( GEOMETRIC_REPRESENTATION_CONTEXT(2) 
PARAMETRIC_REPRESENTATION_CONTEXT() REPRESENTATION_CONTEXT('2D SPACE',''
  ) );
#4302 = PCURVE('',#4303,#4308);
#4303 = PLANE('',#4304);
#4304 = AXIS2_PLACEMENT_3D('',#4305,#4306,#4307);
#4305 = CARTESIAN_POINT('',(30.6,-18.,-70.));
#4306 = DIRECTION('',(1.,0.,0.));
#4307 = DIRECTION('',(0.,0.,1.));
#4308 = DEFINITIONAL_REPRESENTATION('',(#4309),#4313);
#4309 = LINE('',#4310,#4311);
#4310 = CARTESIAN_POINT('',(0.,-2.4));
#4311 = VECTOR('',#4312,1.);
#4312 = DIRECTION('',(1.,0.));
#4313 = ( GEOMETRIC_REPRESENTATION_CONTEXT(2) 
PARAMETRIC_REPRESENTATION_CONTEXT() REPRESENTATION_CONTEXT('2D SPACE',''
  ) );
#4314 = FACE_BOUND('',#4315,.T.);
#4315 = EDGE_LOOP('',(#4316,#4347,#4375,#4403));
#4316 = ORIENTED_EDGE('',*,*,#4317,.F.);
#4317 = EDGE_CURVE('',#4318,#4320,#4322,.T.);
#4318 = VERTEX_POINT('',#4319);
#4319 = CARTESIAN_POINT('',(-30.6,-15.6,-61.84367388827));
#4320 = VERTEX_POINT('',#4321);
#4321 = CARTESIAN_POINT('',(-35.39999999999,-15.6,-59.22702086041));
#4322 = SURFACE_CURVE('',#4323,(#4328,#4335),.PCURVE_S1.);
#4323 = CIRCLE('',#4324,69.);
#4324 = AXIS2_PLACEMENT_3D('',#4325,#4326,#4327);
#4325 = CARTESIAN_POINT('',(0.,-15.6,0.));
#4326 = DIRECTION('',(0.,1.,0.));
#4327 = DIRECTION('',(0.,-0.,1.));
#4328 = PCURVE('',#43,#4329);
#4329 = DEFINITIONAL_REPRESENTATION('',(#4330),#4334);
#4330 = CIRCLE('',#4331,69.);
#4331 = AXIS2_PLACEMENT_2D('',#4332,#4333);
#4332 = CARTESIAN_POINT('',(0.,0.));
#4333 = DIRECTION('',(1.,0.));
#4334 = ( GEOMETRIC_REPRESENTATION_CONTEXT(2) 
PARAMETRIC_REPRESENTATION_CONTEXT() REPRESENTATION_CONTEXT('2D SPACE',''
  ) );
#4335 = PCURVE('',#4336,#4341);
#4336 = CYLINDRICAL_SURFACE('',#4337,69.);
#4337 = AXIS2_PLACEMENT_3D('',#4338,#4339,#4340);
#4338 = CARTESIAN_POINT('',(0.,-18.1,0.));
#4339 = DIRECTION('',(0.,1.,0.));
#4340 = DIRECTION('',(0.,-0.,1.));
#4341 = DEFINITIONAL_REPRESENTATION('',(#4342),#4346);
#4342 = LINE('',#4343,#4344);
#4343 = CARTESIAN_POINT('',(0.,2.5));
#4344 = VECTOR('',#4345,1.);
#4345 = DIRECTION('',(1.,0.));
#4346 = ( GEOMETRIC_REPRESENTATION_CONTEXT(2) 
PARAMETRIC_REPRESENTATION_CONTEXT() REPRESENTATION_CONTEXT('2D SPACE',''
  ) );
#4347 = ORIENTED_EDGE('',*,*,#4348,.T.);
#4348 = EDGE_CURVE('',#4318,#4349,#4351,.T.);
#4349 = VERTEX_POINT('',#4350);
#4350 = CARTESIAN_POINT('',(-30.6,-15.6,-0.6));
#4351 = SURFACE_CURVE('',#4352,(#4356,#4363),.PCURVE_S1.);
#4352 = LINE('',#4353,#4354);
#4353 = CARTESIAN_POINT('',(-30.6,-15.6,-70.));
#4354 = VECTOR('',#4355,1.);
#4355 = DIRECTION('',(0.,0.,1.));
#4356 = PCURVE('',#43,#4357);
#4357 = DEFINITIONAL_REPRESENTATION('',(#4358),#4362);
#4358 = LINE('',#4359,#4360);
#4359 = CARTESIAN_POINT('',(-70.,-30.6));
#4360 = VECTOR('',#4361,1.);
#4361 = DIRECTION('',(1.,0.));
#4362 = ( GEOMETRIC_REPRESENTATION_CONTEXT(2) 
PARAMETRIC_REPRESENTATION_CONTEXT() REPRESENTATION_CONTEXT('2D SPACE',''
  ) );
#4363 = PCURVE('',#4364,#4369);
#4364 = PLANE('',#4365);
#4365 = AXIS2_PLACEMENT_3D('',#4366,#4367,#4368);
#4366 = CARTESIAN_POINT('',(-30.6,-18.,-70.));
#4367 = DIRECTION('',(1.,0.,0.));
#4368 = DIRECTION('',(0.,0.,1.));
#4369 = DEFINITIONAL_REPRESENTATION('',(#4370),#4374);
#4370 = LINE('',#4371,#4372);
#4371 = CARTESIAN_POINT('',(0.,-2.4));
#4372 = VECTOR('',#4373,1.);
#4373 = DIRECTION('',(1.,0.));
#4374 = ( GEOMETRIC_REPRESENTATION_CONTEXT(2) 
PARAMETRIC_REPRESENTATION_CONTEXT() REPRESENTATION_CONTEXT('2D SPACE',''
  ) );
#4375 = ORIENTED_EDGE('',*,*,#4376,.F.);
#4376 = EDGE_CURVE('',#4377,#4349,#4379,.T.);
#4377 = VERTEX_POINT('',#4378);
#4378 = CARTESIAN_POINT('',(-35.4,-15.6,-0.6));
#4379 = SURFACE_CURVE('',#4380,(#4384,#4391),.PCURVE_S1.);
#4380 = LINE('',#4381,#4382);
#4381 = CARTESIAN_POINT('',(-70.,-15.6,-0.6));
#4382 = VECTOR('',#4383,1.);
#4383 = DIRECTION('',(1.,0.,0.));
#4384 = PCURVE('',#43,#4385);
#4385 = DEFINITIONAL_REPRESENTATION('',(#4386),#4390);
#4386 = LINE('',#4387,#4388);
#4387 = CARTESIAN_POINT('',(-0.6,-70.));
#4388 = VECTOR('',#4389,1.);
#4389 = DIRECTION('',(0.,1.));
#4390 = ( GEOMETRIC_REPRESENTATION_CONTEXT(2) 
PARAMETRIC_REPRESENTATION_CONTEXT() REPRESENTATION_CONTEXT('2D SPACE',''
  ) );
#4391 = PCURVE('',#4392,#4397);
#4392 = PLANE('',#4393);
#4393 = AXIS2_PLACEMENT_3D('',#4394,#4395,#4396);
#4394 = CARTESIAN_POINT('',(-70.,-18.,-0.6));
#4395 = DIRECTION('',(0.,0.,1.));
#4396 = DIRECTION('',(1.,0.,0.));
#4397 = DEFINITIONAL_REPRESENTATION('',(#4398),#4402);
#4398 = LINE('',#4399,#4400);
#4399 = CARTESIAN_POINT('',(0.,2.4));
#4400 = VECTOR('',#4401,1.);
#4401 = DIRECTION('',(1.,0.));
#4402 = ( GEOMETRIC_REPRESENTATION_CONTEXT(2) 
PARAMETRIC_REPRESENTATION_CONTEXT() REPRESENTATION_CONTEXT('2D SPACE',''
  ) );
#4403 = ORIENTED_EDGE('',*,*,#4404,.F.);
#4404 = EDGE_CURVE('',#4320,#4377,#4405,.T.);
#4405 = SURFACE_CURVE('',#4406,(#4410,#4417),.PCURVE_S1.);
#4406 = LINE('',#4407,#4408);
#4407 = CARTESIAN_POINT('',(-35.4,-15.6,-70.));
#4408 = VECTOR('',#4409,1.);
#4409 = DIRECTION('',(0.,0.,1.));
#4410 = PCURVE('',#43,#4411);
#4411 = DEFINITIONAL_REPRESENTATION('',(#4412),#4416);
#4412 = LINE('',#4413,#4414);
#4413 = CARTESIAN_POINT('',(-70.,-35.4));
#4414 = VECTOR('',#4415,1.);
#4415 = DIRECTION('',(1.,0.));
#4416 = ( GEOMETRIC_REPRESENTATION_CONTEXT(2) 
PARAMETRIC_REPRESENTATION_CONTEXT() REPRESENTATION_CONTEXT('2D SPACE',''
  ) );
#4417 = PCURVE('',#4418,#4423);
#4418 = PLANE('',#4419);
#4419 = AXIS2_PLACEMENT_3D('',#4420,#4421,#4422);
#4420 = CARTESIAN_POINT('',(-35.4,-18.,-70.));
#4421 = DIRECTION('',(1.,0.,0.));
#4422 = DIRECTION('',(0.,0.,1.));
#4423 = DEFINITIONAL_REPRESENTATION('',(#4424),#4428);
#4424 = LINE('',#4425,#4426);
#4425 = CARTESIAN_POINT('',(0.,-2.4));
#4426 = VECTOR('',#4427,1.);
#4427 = DIRECTION('',(1.,0.));
#4428 = ( GEOMETRIC_REPRESENTATION_CONTEXT(2) 
PARAMETRIC_REPRESENTATION_CONTEXT() REPRESENTATION_CONTEXT('2D SPACE',''
  ) );
#4429 = FACE_BOUND('',#4430,.T.);
#4430 = EDGE_LOOP('',(#4431,#4462,#4490,#4518));
#4431 = ORIENTED_EDGE('',*,*,#4432,.F.);
#4432 = EDGE_CURVE('',#4433,#4435,#4437,.T.);
#4433 = VERTEX_POINT('',#4434);
#4434 = CARTESIAN_POINT('',(29.399999999999,-15.6,-62.42307265747));
#4435 = VERTEX_POINT('',#4436);
#4436 = CARTESIAN_POINT('',(24.600000000001,-15.6,-64.4658048891));
#4437 = SURFACE_CURVE('',#4438,(#4443,#4450),.PCURVE_S1.);
#4438 = CIRCLE('',#4439,69.);
#4439 = AXIS2_PLACEMENT_3D('',#4440,#4441,#4442);
#4440 = CARTESIAN_POINT('',(0.,-15.6,0.));
#4441 = DIRECTION('',(0.,1.,0.));
#4442 = DIRECTION('',(0.,-0.,1.));
#4443 = PCURVE('',#43,#4444);
#4444 = DEFINITIONAL_REPRESENTATION('',(#4445),#4449);
#4445 = CIRCLE('',#4446,69.);
#4446 = AXIS2_PLACEMENT_2D('',#4447,#4448);
#4447 = CARTESIAN_POINT('',(0.,0.));
#4448 = DIRECTION('',(1.,0.));
#4449 = ( GEOMETRIC_REPRESENTATION_CONTEXT(2) 
PARAMETRIC_REPRESENTATION_CONTEXT() REPRESENTATION_CONTEXT('2D SPACE',''
  ) );
#4450 = PCURVE('',#4451,#4456);
#4451 = CYLINDRICAL_SURFACE('',#4452,69.);
#4452 = AXIS2_PLACEMENT_3D('',#4453,#4454,#4455);
#4453 = CARTESIAN_POINT('',(0.,-18.1,0.));
#4454 = DIRECTION('',(0.,1.,0.));
#4455 = DIRECTION('',(0.,-0.,1.));
#4456 = DEFINITIONAL_REPRESENTATION('',(#4457),#4461);
#4457 = LINE('',#4458,#4459);
#4458 = CARTESIAN_POINT('',(0.,2.5));
#4459 = VECTOR('',#4460,1.);
#4460 = DIRECTION('',(1.,0.));
#4461 = ( GEOMETRIC_REPRESENTATION_CONTEXT(2) 
PARAMETRIC_REPRESENTATION_CONTEXT() REPRESENTATION_CONTEXT('2D SPACE',''
  ) );
#4462 = ORIENTED_EDGE('',*,*,#4463,.T.);
#4463 = EDGE_CURVE('',#4433,#4464,#4466,.T.);
#4464 = VERTEX_POINT('',#4465);
#4465 = CARTESIAN_POINT('',(29.4,-15.6,-0.6));
#4466 = SURFACE_CURVE('',#4467,(#4471,#4478),.PCURVE_S1.);
#4467 = LINE('',#4468,#4469);
#4468 = CARTESIAN_POINT('',(29.4,-15.6,-70.));
#4469 = VECTOR('',#4470,1.);
#4470 = DIRECTION('',(0.,0.,1.));
#4471 = PCURVE('',#43,#4472);
#4472 = DEFINITIONAL_REPRESENTATION('',(#4473),#4477);
#4473 = LINE('',#4474,#4475);
#4474 = CARTESIAN_POINT('',(-70.,29.4));
#4475 = VECTOR('',#4476,1.);
#4476 = DIRECTION('',(1.,0.));
#4477 = ( GEOMETRIC_REPRESENTATION_CONTEXT(2) 
PARAMETRIC_REPRESENTATION_CONTEXT() REPRESENTATION_CONTEXT('2D SPACE',''
  ) );
#4478 = PCURVE('',#4479,#4484);
#4479 = PLANE('',#4480);
#4480 = AXIS2_PLACEMENT_3D('',#4481,#4482,#4483);
#4481 = CARTESIAN_POINT('',(29.4,-18.,-70.));
#4482 = DIRECTION('',(1.,0.,0.));
#4483 = DIRECTION('',(0.,0.,1.));
#4484 = DEFINITIONAL_REPRESENTATION('',(#4485),#4489);
#4485 = LINE('',#4486,#4487);
#4486 = CARTESIAN_POINT('',(0.,-2.4));
#4487 = VECTOR('',#4488,1.);
#4488 = DIRECTION('',(1.,0.));
#4489 = ( GEOMETRIC_REPRESENTATION_CONTEXT(2) 
PARAMETRIC_REPRESENTATION_CONTEXT() REPRESENTATION_CONTEXT('2D SPACE',''
  ) );
#4490 = ORIENTED_EDGE('',*,*,#4491,.F.);
#4491 = EDGE_CURVE('',#4492,#4464,#4494,.T.);
#4492 = VERTEX_POINT('',#4493);
#4493 = CARTESIAN_POINT('',(24.6,-15.6,-0.6));
#4494 = SURFACE_CURVE('',#4495,(#4499,#4506),.PCURVE_S1.);
#4495 = LINE('',#4496,#4497);
#4496 = CARTESIAN_POINT('',(-70.,-15.6,-0.6));
#4497 = VECTOR('',#4498,1.);
#4498 = DIRECTION('',(1.,0.,0.));
#4499 = PCURVE('',#43,#4500);
#4500 = DEFINITIONAL_REPRESENTATION('',(#4501),#4505);
#4501 = LINE('',#4502,#4503);
#4502 = CARTESIAN_POINT('',(-0.6,-70.));
#4503 = VECTOR('',#4504,1.);
#4504 = DIRECTION('',(0.,1.));
#4505 = ( GEOMETRIC_REPRESENTATION_CONTEXT(2) 
PARAMETRIC_REPRESENTATION_CONTEXT() REPRESENTATION_CONTEXT('2D SPACE',''
  ) );
#4506 = PCURVE('',#4507,#4512);
#4507 = PLANE('',#4508);
#4508 = AXIS2_PLACEMENT_3D('',#4509,#4510,#4511);
#4509 = CARTESIAN_POINT('',(-70.,-18.,-0.6));
#4510 = DIRECTION('',(0.,0.,1.));
#4511 = DIRECTION('',(1.,0.,0.));
#4512 = DEFINITIONAL_REPRESENTATION('',(#4513),#4517);
#4513 = LINE('',#4514,#4515);
#4514 = CARTESIAN_POINT('',(0.,2.4));
#4515 = VECTOR('',#4516,1.);
#4516 = DIRECTION('',(1.,0.));
#4517 = ( GEOMETRIC_REPRESENTATION_CONTEXT(2) 
PARAMETRIC_REPRESENTATION_CONTEXT() REPRESENTATION_CONTEXT('2D SPACE',''
  ) );
#4518 = ORIENTED_EDGE('',*,*,#4519,.F.);
#4519 = EDGE_CURVE('',#4435,#4492,#4520,.T.);
#4520 = SURFACE_CURVE('',#4521,(#4525,#4532),.PCURVE_S1.);
#4521 = LINE('',#4522,#4523);
#4522 = CARTESIAN_POINT('',(24.6,-15.6,-70.));
#4523 = VECTOR('',#4524,1.);
#4524 = DIRECTION('',(0.,0.,1.));
#4525 = PCURVE('',#43,#4526);
#4526 = DEFINITIONAL_REPRESENTATION('',(#4527),#4531);
#4527 = LINE('',#4528,#4529);
#4528 = CARTESIAN_POINT('',(-70.,24.6));
#4529 = VECTOR('',#4530,1.);
#4530 = DIRECTION('',(1.,0.));
#4531 = ( GEOMETRIC_REPRESENTATION_CONTEXT(2) 
PARAMETRIC_REPRESENTATION_CONTEXT() REPRESENTATION_CONTEXT('2D SPACE',''
  ) );
#4532 = PCURVE('',#4533,#4538);
#4533 = PLANE('',#4534);
#4534 = AXIS2_PLACEMENT_3D('',#4535,#4536,#4537);
#4535 = CARTESIAN_POINT('',(24.6,-18.,-70.));
#4536 = DIRECTION('',(1.,0.,0.));
#4537 = DIRECTION('',(0.,0.,1.));
#4538 = DEFINITIONAL_REPRESENTATION('',(#4539),#4543);
#4539 = LINE('',#4540,#4541);
#4540 = CARTESIAN_POINT('',(0.,-2.4));
#4541 = VECTOR('',#4542,1.);
#4542 = DIRECTION('',(1.,0.));
#4543 = ( GEOMETRIC_REPRESENTATION_CONTEXT(2) 
PARAMETRIC_REPRESENTATION_CONTEXT() REPRESENTATION_CONTEXT('2D SPACE',''
  ) );
#4544 = FACE_BOUND('',#4545,.T.);
#4545 = EDGE_LOOP('',(#4546,#4577,#4605,#4633));
#4546 = ORIENTED_EDGE('',*,*,#4547,.F.);
#4547 = EDGE_CURVE('',#4548,#4550,#4552,.T.);
#4548 = VERTEX_POINT('',#4549);
#4549 = CARTESIAN_POINT('',(-24.6,-15.6,-64.4658048891));
#4550 = VERTEX_POINT('',#4551);
#4551 = CARTESIAN_POINT('',(-29.39999999999,-15.6,-62.42307265747));
#4552 = SURFACE_CURVE('',#4553,(#4558,#4565),.PCURVE_S1.);
#4553 = CIRCLE('',#4554,69.);
#4554 = AXIS2_PLACEMENT_3D('',#4555,#4556,#4557);
#4555 = CARTESIAN_POINT('',(0.,-15.6,0.));
#4556 = DIRECTION('',(0.,1.,0.));
#4557 = DIRECTION('',(0.,-0.,1.));
#4558 = PCURVE('',#43,#4559);
#4559 = DEFINITIONAL_REPRESENTATION('',(#4560),#4564);
#4560 = CIRCLE('',#4561,69.);
#4561 = AXIS2_PLACEMENT_2D('',#4562,#4563);
#4562 = CARTESIAN_POINT('',(0.,0.));
#4563 = DIRECTION('',(1.,0.));
#4564 = ( GEOMETRIC_REPRESENTATION_CONTEXT(2) 
PARAMETRIC_REPRESENTATION_CONTEXT() REPRESENTATION_CONTEXT('2D SPACE',''
  ) );
#4565 = PCURVE('',#4566,#4571);
#4566 = CYLINDRICAL_SURFACE('',#4567,69.);
#4567 = AXIS2_PLACEMENT_3D('',#4568,#4569,#4570);
#4568 = CARTESIAN_POINT('',(0.,-18.1,0.));
#4569 = DIRECTION('',(0.,1.,0.));
#4570 = DIRECTION('',(0.,-0.,1.));
#4571 = DEFINITIONAL_REPRESENTATION('',(#4572),#4576);
#4572 = LINE('',#4573,#4574);
#4573 = CARTESIAN_POINT('',(0.,2.5));
#4574 = VECTOR('',#4575,1.);
#4575 = DIRECTION('',(1.,0.));
#4576 = ( GEOMETRIC_REPRESENTATION_CONTEXT(2) 
PARAMETRIC_REPRESENTATION_CONTEXT() REPRESENTATION_CONTEXT('2D SPACE',''
  ) );
#4577 = ORIENTED_EDGE('',*,*,#4578,.T.);
#4578 = EDGE_CURVE('',#4548,#4579,#4581,.T.);
#4579 = VERTEX_POINT('',#4580);
#4580 = CARTESIAN_POINT('',(-24.6,-15.6,-0.6));
#4581 = SURFACE_CURVE('',#4582,(#4586,#4593),.PCURVE_S1.);
#4582 = LINE('',#4583,#4584);
#4583 = CARTESIAN_POINT('',(-24.6,-15.6,-70.));
#4584 = VECTOR('',#4585,1.);
#4585 = DIRECTION('',(0.,0.,1.));
#4586 = PCURVE('',#43,#4587);
#4587 = DEFINITIONAL_REPRESENTATION('',(#4588),#4592);
#4588 = LINE('',#4589,#4590);
#4589 = CARTESIAN_POINT('',(-70.,-24.6));
#4590 = VECTOR('',#4591,1.);
#4591 = DIRECTION('',(1.,0.));
#4592 = ( GEOMETRIC_REPRESENTATION_CONTEXT(2) 
PARAMETRIC_REPRESENTATION_CONTEXT() REPRESENTATION_CONTEXT('2D SPACE',''
  ) );
#4593 = PCURVE('',#4594,#4599);
#4594 = PLANE('',#4595);
#4595 = AXIS2_PLACEMENT_3D('',#4596,#4597,#4598);
#4596 = CARTESIAN_POINT('',(-24.6,-18.,-70.));
#4597 = DIRECTION('',(1.,0.,0.));
#4598 = DIRECTION('',(0.,0.,1.));
#4599 = DEFINITIONAL_REPRESENTATION('',(#4600),#4604);
#4600 = LINE('',#4601,#4602);
#4601 = CARTESIAN_POINT('',(0.,-2.4));
#4602 = VECTOR('',#4603,1.);
#4603 = DIRECTION('',(1.,0.));
#4604 = ( GEOMETRIC_REPRESENTATION_CONTEXT(2) 
PARAMETRIC_REPRESENTATION_CONTEXT() REPRESENTATION_CONTEXT('2D SPACE',''
  ) );
#4605 = ORIENTED_EDGE('',*,*,#4606,.F.);
#4606 = EDGE_CURVE('',#4607,#4579,#4609,.T.);
#4607 = VERTEX_POINT('',#4608);
#4608 = CARTESIAN_POINT('',(-29.4,-15.6,-0.6));
#4609 = SURFACE_CURVE('',#4610,(#4614,#4621),.PCURVE_S1.);
#4610 = LINE('',#4611,#4612);
#4611 = CARTESIAN_POINT('',(-70.,-15.6,-0.6));
#4612 = VECTOR('',#4613,1.);
#4613 = DIRECTION('',(1.,0.,0.));
#4614 = PCURVE('',#43,#4615);
#4615 = DEFINITIONAL_REPRESENTATION('',(#4616),#4620);
#4616 = LINE('',#4617,#4618);
#4617 = CARTESIAN_POINT('',(-0.6,-70.));
#4618 = VECTOR('',#4619,1.);
#4619 = DIRECTION('',(0.,1.));
#4620 = ( GEOMETRIC_REPRESENTATION_CONTEXT(2) 
PARAMETRIC_REPRESENTATION_CONTEXT() REPRESENTATION_CONTEXT('2D SPACE',''
  ) );
#4621 = PCURVE('',#4622,#4627);
#4622 = PLANE('',#4623);
#4623 = AXIS2_PLACEMENT_3D('',#4624,#4625,#4626);
#4624 = CARTESIAN_POINT('',(-70.,-18.,-0.6));
#4625 = DIRECTION('',(0.,0.,1.));
#4626 = DIRECTION('',(1.,0.,0.));
#4627 = DEFINITIONAL_REPRESENTATION('',(#4628),#4632);
#4628 = LINE('',#4629,#4630);
#4629 = CARTESIAN_POINT('',(0.,2.4));
#4630 = VECTOR('',#4631,1.);
#4631 = DIRECTION('',(1.,0.));
#4632 = ( GEOMETRIC_REPRESENTATION_CONTEXT(2) 
PARAMETRIC_REPRESENTATION_CONTEXT() REPRESENTATION_CONTEXT('2D SPACE',''
  ) );
#4633 = ORIENTED_EDGE('',*,*,#4634,.F.);
#4634 = EDGE_CURVE('',#4550,#4607,#4635,.T.);
#4635 = SURFACE_CURVE('',#4636,(#4640,#4647),.PCURVE_S1.);
#4636 = LINE('',#4637,#4638);
#4637 = CARTESIAN_POINT('',(-29.4,-15.6,-70.));
#4638 = VECTOR('',#4639,1.);
#4639 = DIRECTION('',(0.,0.,1.));
#4640 = PCURVE('',#43,#4641);
#4641 = DEFINITIONAL_REPRESENTATION('',(#4642),#4646);
#4642 = LINE('',#4643,#4644);
#4643 = CARTESIAN_POINT('',(-70.,-29.4));
#4644 = VECTOR('',#4645,1.);
#4645 = DIRECTION('',(1.,0.));
#4646 = ( GEOMETRIC_REPRESENTATION_CONTEXT(2) 
PARAMETRIC_REPRESENTATION_CONTEXT() REPRESENTATION_CONTEXT('2D SPACE',''
  ) );
#4647 = PCURVE('',#4648,#4653);
#4648 = PLANE('',#4649);
#4649 = AXIS2_PLACEMENT_3D('',#4650,#4651,#4652);
#4650 = CARTESIAN_POINT('',(-29.4,-18.,-70.));
#4651 = DIRECTION('',(1.,0.,0.));
#4652 = DIRECTION('',(0.,0.,1.));
#4653 = DEFINITIONAL_REPRESENTATION('',(#4654),#4658);
#4654 = LINE('',#4655,#4656);
#4655 = CARTESIAN_POINT('',(0.,-2.4));
#4656 = VECTOR('',#4657,1.);
#4657 = DIRECTION('',(1.,0.));
#4658 = ( GEOMETRIC_REPRESENTATION_CONTEXT(2) 
PARAMETRIC_REPRESENTATION_CONTEXT() REPRESENTATION_CONTEXT('2D SPACE',''
  ) );
#4659 = FACE_BOUND('',#4660,.T.);
#4660 = EDGE_LOOP('',(#4661,#4692,#4720,#4748));
#4661 = ORIENTED_EDGE('',*,*,#4662,.F.);
#4662 = EDGE_CURVE('',#4663,#4665,#4667,.T.);
#4663 = VERTEX_POINT('',#4664);
#4664 = CARTESIAN_POINT('',(23.4,-15.6,-64.91101601423));
#4665 = VERTEX_POINT('',#4666);
#4666 = CARTESIAN_POINT('',(18.6,-15.6,-66.44576735955));
#4667 = SURFACE_CURVE('',#4668,(#4673,#4680),.PCURVE_S1.);
#4668 = CIRCLE('',#4669,69.);
#4669 = AXIS2_PLACEMENT_3D('',#4670,#4671,#4672);
#4670 = CARTESIAN_POINT('',(0.,-15.6,0.));
#4671 = DIRECTION('',(0.,1.,0.));
#4672 = DIRECTION('',(0.,-0.,1.));
#4673 = PCURVE('',#43,#4674);
#4674 = DEFINITIONAL_REPRESENTATION('',(#4675),#4679);
#4675 = CIRCLE('',#4676,69.);
#4676 = AXIS2_PLACEMENT_2D('',#4677,#4678);
#4677 = CARTESIAN_POINT('',(0.,0.));
#4678 = DIRECTION('',(1.,0.));
#4679 = ( GEOMETRIC_REPRESENTATION_CONTEXT(2) 
PARAMETRIC_REPRESENTATION_CONTEXT() REPRESENTATION_CONTEXT('2D SPACE',''
  ) );
#4680 = PCURVE('',#4681,#4686);
#4681 = CYLINDRICAL_SURFACE('',#4682,69.);
#4682 = AXIS2_PLACEMENT_3D('',#4683,#4684,#4685);
#4683 = CARTESIAN_POINT('',(0.,-18.1,0.));
#4684 = DIRECTION('',(0.,1.,0.));
#4685 = DIRECTION('',(0.,-0.,1.));
#4686 = DEFINITIONAL_REPRESENTATION('',(#4687),#4691);
#4687 = LINE('',#4688,#4689);
#4688 = CARTESIAN_POINT('',(0.,2.5));
#4689 = VECTOR('',#4690,1.);
#4690 = DIRECTION('',(1.,0.));
#4691 = ( GEOMETRIC_REPRESENTATION_CONTEXT(2) 
PARAMETRIC_REPRESENTATION_CONTEXT() REPRESENTATION_CONTEXT('2D SPACE',''
  ) );
#4692 = ORIENTED_EDGE('',*,*,#4693,.T.);
#4693 = EDGE_CURVE('',#4663,#4694,#4696,.T.);
#4694 = VERTEX_POINT('',#4695);
#4695 = CARTESIAN_POINT('',(23.4,-15.6,-0.6));
#4696 = SURFACE_CURVE('',#4697,(#4701,#4708),.PCURVE_S1.);
#4697 = LINE('',#4698,#4699);
#4698 = CARTESIAN_POINT('',(23.4,-15.6,-70.));
#4699 = VECTOR('',#4700,1.);
#4700 = DIRECTION('',(0.,0.,1.));
#4701 = PCURVE('',#43,#4702);
#4702 = DEFINITIONAL_REPRESENTATION('',(#4703),#4707);
#4703 = LINE('',#4704,#4705);
#4704 = CARTESIAN_POINT('',(-70.,23.4));
#4705 = VECTOR('',#4706,1.);
#4706 = DIRECTION('',(1.,0.));
#4707 = ( GEOMETRIC_REPRESENTATION_CONTEXT(2) 
PARAMETRIC_REPRESENTATION_CONTEXT() REPRESENTATION_CONTEXT('2D SPACE',''
  ) );
#4708 = PCURVE('',#4709,#4714);
#4709 = PLANE('',#4710);
#4710 = AXIS2_PLACEMENT_3D('',#4711,#4712,#4713);
#4711 = CARTESIAN_POINT('',(23.4,-18.,-70.));
#4712 = DIRECTION('',(1.,0.,0.));
#4713 = DIRECTION('',(0.,0.,1.));
#4714 = DEFINITIONAL_REPRESENTATION('',(#4715),#4719);
#4715 = LINE('',#4716,#4717);
#4716 = CARTESIAN_POINT('',(0.,-2.4));
#4717 = VECTOR('',#4718,1.);
#4718 = DIRECTION('',(1.,0.));
#4719 = ( GEOMETRIC_REPRESENTATION_CONTEXT(2) 
PARAMETRIC_REPRESENTATION_CONTEXT() REPRESENTATION_CONTEXT('2D SPACE',''
  ) );
#4720 = ORIENTED_EDGE('',*,*,#4721,.F.);
#4721 = EDGE_CURVE('',#4722,#4694,#4724,.T.);
#4722 = VERTEX_POINT('',#4723);
#4723 = CARTESIAN_POINT('',(18.6,-15.6,-0.6));
#4724 = SURFACE_CURVE('',#4725,(#4729,#4736),.PCURVE_S1.);
#4725 = LINE('',#4726,#4727);
#4726 = CARTESIAN_POINT('',(-70.,-15.6,-0.6));
#4727 = VECTOR('',#4728,1.);
#4728 = DIRECTION('',(1.,0.,0.));
#4729 = PCURVE('',#43,#4730);
#4730 = DEFINITIONAL_REPRESENTATION('',(#4731),#4735);
#4731 = LINE('',#4732,#4733);
#4732 = CARTESIAN_POINT('',(-0.6,-70.));
#4733 = VECTOR('',#4734,1.);
#4734 = DIRECTION('',(0.,1.));
#4735 = ( GEOMETRIC_REPRESENTATION_CONTEXT(2) 
PARAMETRIC_REPRESENTATION_CONTEXT() REPRESENTATION_CONTEXT('2D SPACE',''
  ) );
#4736 = PCURVE('',#4737,#4742);
#4737 = PLANE('',#4738);
#4738 = AXIS2_PLACEMENT_3D('',#4739,#4740,#4741);
#4739 = CARTESIAN_POINT('',(-70.,-18.,-0.6));
#4740 = DIRECTION('',(0.,0.,1.));
#4741 = DIRECTION('',(1.,0.,0.));
#4742 = DEFINITIONAL_REPRESENTATION('',(#4743),#4747);
#4743 = LINE('',#4744,#4745);
#4744 = CARTESIAN_POINT('',(0.,2.4));
#4745 = VECTOR('',#4746,1.);
#4746 = DIRECTION('',(1.,0.));
#4747 = ( GEOMETRIC_REPRESENTATION_CONTEXT(2) 
PARAMETRIC_REPRESENTATION_CONTEXT() REPRESENTATION_CONTEXT('2D SPACE',''
  ) );
#4748 = ORIENTED_EDGE('',*,*,#4749,.F.);
#4749 = EDGE_CURVE('',#4665,#4722,#4750,.T.);
#4750 = SURFACE_CURVE('',#4751,(#4755,#4762),.PCURVE_S1.);
#4751 = LINE('',#4752,#4753);
#4752 = CARTESIAN_POINT('',(18.6,-15.6,-70.));
#4753 = VECTOR('',#4754,1.);
#4754 = DIRECTION('',(0.,0.,1.));
#4755 = PCURVE('',#43,#4756);
#4756 = DEFINITIONAL_REPRESENTATION('',(#4757),#4761);
#4757 = LINE('',#4758,#4759);
#4758 = CARTESIAN_POINT('',(-70.,18.6));
#4759 = VECTOR('',#4760,1.);
#4760 = DIRECTION('',(1.,0.));
#4761 = ( GEOMETRIC_REPRESENTATION_CONTEXT(2) 
PARAMETRIC_REPRESENTATION_CONTEXT() REPRESENTATION_CONTEXT('2D SPACE',''
  ) );
#4762 = PCURVE('',#4763,#4768);
#4763 = PLANE('',#4764);
#4764 = AXIS2_PLACEMENT_3D('',#4765,#4766,#4767);
#4765 = CARTESIAN_POINT('',(18.6,-18.,-70.));
#4766 = DIRECTION('',(1.,0.,0.));
#4767 = DIRECTION('',(0.,0.,1.));
#4768 = DEFINITIONAL_REPRESENTATION('',(#4769),#4773);
#4769 = LINE('',#4770,#4771);
#4770 = CARTESIAN_POINT('',(0.,-2.4));
#4771 = VECTOR('',#4772,1.);
#4772 = DIRECTION('',(1.,0.));
#4773 = ( GEOMETRIC_REPRESENTATION_CONTEXT(2) 
PARAMETRIC_REPRESENTATION_CONTEXT() REPRESENTATION_CONTEXT('2D SPACE',''
  ) );
#4774 = FACE_BOUND('',#4775,.T.);
#4775 = EDGE_LOOP('',(#4776,#4807,#4835,#4863));
#4776 = ORIENTED_EDGE('',*,*,#4777,.F.);
#4777 = EDGE_CURVE('',#4778,#4780,#4782,.T.);
#4778 = VERTEX_POINT('',#4779);
#4779 = CARTESIAN_POINT('',(-18.6,-15.6,-66.44576735955));
#4780 = VERTEX_POINT('',#4781);
#4781 = CARTESIAN_POINT('',(-23.4,-15.6,-64.91101601423));
#4782 = SURFACE_CURVE('',#4783,(#4788,#4795),.PCURVE_S1.);
#4783 = CIRCLE('',#4784,69.);
#4784 = AXIS2_PLACEMENT_3D('',#4785,#4786,#4787);
#4785 = CARTESIAN_POINT('',(0.,-15.6,0.));
#4786 = DIRECTION('',(0.,1.,0.));
#4787 = DIRECTION('',(0.,-0.,1.));
#4788 = PCURVE('',#43,#4789);
#4789 = DEFINITIONAL_REPRESENTATION('',(#4790),#4794);
#4790 = CIRCLE('',#4791,69.);
#4791 = AXIS2_PLACEMENT_2D('',#4792,#4793);
#4792 = CARTESIAN_POINT('',(0.,0.));
#4793 = DIRECTION('',(1.,0.));
#4794 = ( GEOMETRIC_REPRESENTATION_CONTEXT(2) 
PARAMETRIC_REPRESENTATION_CONTEXT() REPRESENTATION_CONTEXT('2D SPACE',''
  ) );
#4795 = PCURVE('',#4796,#4801);
#4796 = CYLINDRICAL_SURFACE('',#4797,69.);
#4797 = AXIS2_PLACEMENT_3D('',#4798,#4799,#4800);
#4798 = CARTESIAN_POINT('',(0.,-18.1,0.));
#4799 = DIRECTION('',(0.,1.,0.));
#4800 = DIRECTION('',(0.,-0.,1.));
#4801 = DEFINITIONAL_REPRESENTATION('',(#4802),#4806);
#4802 = LINE('',#4803,#4804);
#4803 = CARTESIAN_POINT('',(0.,2.5));
#4804 = VECTOR('',#4805,1.);
#4805 = DIRECTION('',(1.,0.));
#4806 = ( GEOMETRIC_REPRESENTATION_CONTEXT(2) 
PARAMETRIC_REPRESENTATION_CONTEXT() REPRESENTATION_CONTEXT('2D SPACE',''
  ) );
#4807 = ORIENTED_EDGE('',*,*,#4808,.T.);
#4808 = EDGE_CURVE('',#4778,#4809,#4811,.T.);
#4809 = VERTEX_POINT('',#4810);
#4810 = CARTESIAN_POINT('',(-18.6,-15.6,-0.6));
#4811 = SURFACE_CURVE('',#4812,(#4816,#4823),.PCURVE_S1.);
#4812 = LINE('',#4813,#4814);
#4813 = CARTESIAN_POINT('',(-18.6,-15.6,-70.));
#4814 = VECTOR('',#4815,1.);
#4815 = DIRECTION('',(0.,0.,1.));
#4816 = PCURVE('',#43,#4817);
#4817 = DEFINITIONAL_REPRESENTATION('',(#4818),#4822);
#4818 = LINE('',#4819,#4820);
#4819 = CARTESIAN_POINT('',(-70.,-18.6));
#4820 = VECTOR('',#4821,1.);
#4821 = DIRECTION('',(1.,0.));
#4822 = ( GEOMETRIC_REPRESENTATION_CONTEXT(2) 
PARAMETRIC_REPRESENTATION_CONTEXT() REPRESENTATION_CONTEXT('2D SPACE',''
  ) );
#4823 = PCURVE('',#4824,#4829);
#4824 = PLANE('',#4825);
#4825 = AXIS2_PLACEMENT_3D('',#4826,#4827,#4828);
#4826 = CARTESIAN_POINT('',(-18.6,-18.,-70.));
#4827 = DIRECTION('',(1.,0.,0.));
#4828 = DIRECTION('',(0.,0.,1.));
#4829 = DEFINITIONAL_REPRESENTATION('',(#4830),#4834);
#4830 = LINE('',#4831,#4832);
#4831 = CARTESIAN_POINT('',(0.,-2.4));
#4832 = VECTOR('',#4833,1.);
#4833 = DIRECTION('',(1.,0.));
#4834 = ( GEOMETRIC_REPRESENTATION_CONTEXT(2) 
PARAMETRIC_REPRESENTATION_CONTEXT() REPRESENTATION_CONTEXT('2D SPACE',''
  ) );
#4835 = ORIENTED_EDGE('',*,*,#4836,.F.);
#4836 = EDGE_CURVE('',#4837,#4809,#4839,.T.);
#4837 = VERTEX_POINT('',#4838);
#4838 = CARTESIAN_POINT('',(-23.4,-15.6,-0.6));
#4839 = SURFACE_CURVE('',#4840,(#4844,#4851),.PCURVE_S1.);
#4840 = LINE('',#4841,#4842);
#4841 = CARTESIAN_POINT('',(-70.,-15.6,-0.6));
#4842 = VECTOR('',#4843,1.);
#4843 = DIRECTION('',(1.,0.,0.));
#4844 = PCURVE('',#43,#4845);
#4845 = DEFINITIONAL_REPRESENTATION('',(#4846),#4850);
#4846 = LINE('',#4847,#4848);
#4847 = CARTESIAN_POINT('',(-0.6,-70.));
#4848 = VECTOR('',#4849,1.);
#4849 = DIRECTION('',(0.,1.));
#4850 = ( GEOMETRIC_REPRESENTATION_CONTEXT(2) 
PARAMETRIC_REPRESENTATION_CONTEXT() REPRESENTATION_CONTEXT('2D SPACE',''
  ) );
#4851 = PCURVE('',#4852,#4857);
#4852 = PLANE('',#4853);
#4853 = AXIS2_PLACEMENT_3D('',#4854,#4855,#4856);
#4854 = CARTESIAN_POINT('',(-70.,-18.,-0.6));
#4855 = DIRECTION('',(0.,0.,1.));
#4856 = DIRECTION('',(1.,0.,0.));
#4857 = DEFINITIONAL_REPRESENTATION('',(#4858),#4862);
#4858 = LINE('',#4859,#4860);
#4859 = CARTESIAN_POINT('',(0.,2.4));
#4860 = VECTOR('',#4861,1.);
#4861 = DIRECTION('',(1.,0.));
#4862 = ( GEOMETRIC_REPRESENTATION_CONTEXT(2) 
PARAMETRIC_REPRESENTATION_CONTEXT() REPRESENTATION_CONTEXT('2D SPACE',''
  ) );
#4863 = ORIENTED_EDGE('',*,*,#4864,.F.);
#4864 = EDGE_CURVE('',#4780,#4837,#4865,.T.);
#4865 = SURFACE_CURVE('',#4866,(#4870,#4877),.PCURVE_S1.);
#4866 = LINE('',#4867,#4868);
#4867 = CARTESIAN_POINT('',(-23.4,-15.6,-70.));
#4868 = VECTOR('',#4869,1.);
#4869 = DIRECTION('',(0.,0.,1.));
#4870 = PCURVE('',#43,#4871);
#4871 = DEFINITIONAL_REPRESENTATION('',(#4872),#4876);
#4872 = LINE('',#4873,#4874);
#4873 = CARTESIAN_POINT('',(-70.,-23.4));
#4874 = VECTOR('',#4875,1.);
#4875 = DIRECTION('',(1.,0.));
#4876 = ( GEOMETRIC_REPRESENTATION_CONTEXT(2) 
PARAMETRIC_REPRESENTATION_CONTEXT() REPRESENTATION_CONTEXT('2D SPACE',''
  ) );
#4877 = PCURVE('',#4878,#4883);
#4878 = PLANE('',#4879);
#4879 = AXIS2_PLACEMENT_3D('',#4880,#4881,#4882);
#4880 = CARTESIAN_POINT('',(-23.4,-18.,-70.));
#4881 = DIRECTION('',(1.,0.,0.));
#4882 = DIRECTION('',(0.,0.,1.));
#4883 = DEFINITIONAL_REPRESENTATION('',(#4884),#4888);
#4884 = LINE('',#4885,#4886);
#4885 = CARTESIAN_POINT('',(0.,-2.4));
#4886 = VECTOR('',#4887,1.);
#4887 = DIRECTION('',(1.,0.));
#4888 = ( GEOMETRIC_REPRESENTATION_CONTEXT(2) 
PARAMETRIC_REPRESENTATION_CONTEXT() REPRESENTATION_CONTEXT('2D SPACE',''
  ) );
#4889 = FACE_BOUND('',#4890,.T.);
#4890 = EDGE_LOOP('',(#4891,#4922,#4950,#4978));
#4891 = ORIENTED_EDGE('',*,*,#4892,.F.);
#4892 = EDGE_CURVE('',#4893,#4895,#4897,.T.);
#4893 = VERTEX_POINT('',#4894);
#4894 = CARTESIAN_POINT('',(17.400000000001,-15.6,-66.77005316756));
#4895 = VERTEX_POINT('',#4896);
#4896 = CARTESIAN_POINT('',(12.600000000001,-15.6,-67.83981132049));
#4897 = SURFACE_CURVE('',#4898,(#4903,#4910),.PCURVE_S1.);
#4898 = CIRCLE('',#4899,69.);
#4899 = AXIS2_PLACEMENT_3D('',#4900,#4901,#4902);
#4900 = CARTESIAN_POINT('',(0.,-15.6,0.));
#4901 = DIRECTION('',(0.,1.,0.));
#4902 = DIRECTION('',(0.,-0.,1.));
#4903 = PCURVE('',#43,#4904);
#4904 = DEFINITIONAL_REPRESENTATION('',(#4905),#4909);
#4905 = CIRCLE('',#4906,69.);
#4906 = AXIS2_PLACEMENT_2D('',#4907,#4908);
#4907 = CARTESIAN_POINT('',(0.,0.));
#4908 = DIRECTION('',(1.,0.));
#4909 = ( GEOMETRIC_REPRESENTATION_CONTEXT(2) 
PARAMETRIC_REPRESENTATION_CONTEXT() REPRESENTATION_CONTEXT('2D SPACE',''
  ) );
#4910 = PCURVE('',#4911,#4916);
#4911 = CYLINDRICAL_SURFACE('',#4912,69.);
#4912 = AXIS2_PLACEMENT_3D('',#4913,#4914,#4915);
#4913 = CARTESIAN_POINT('',(0.,-18.1,0.));
#4914 = DIRECTION('',(0.,1.,0.));
#4915 = DIRECTION('',(0.,-0.,1.));
#4916 = DEFINITIONAL_REPRESENTATION('',(#4917),#4921);
#4917 = LINE('',#4918,#4919);
#4918 = CARTESIAN_POINT('',(0.,2.5));
#4919 = VECTOR('',#4920,1.);
#4920 = DIRECTION('',(1.,0.));
#4921 = ( GEOMETRIC_REPRESENTATION_CONTEXT(2) 
PARAMETRIC_REPRESENTATION_CONTEXT() REPRESENTATION_CONTEXT('2D SPACE',''
  ) );
#4922 = ORIENTED_EDGE('',*,*,#4923,.T.);
#4923 = EDGE_CURVE('',#4893,#4924,#4926,.T.);
#4924 = VERTEX_POINT('',#4925);
#4925 = CARTESIAN_POINT('',(17.4,-15.6,-0.6));
#4926 = SURFACE_CURVE('',#4927,(#4931,#4938),.PCURVE_S1.);
#4927 = LINE('',#4928,#4929);
#4928 = CARTESIAN_POINT('',(17.4,-15.6,-70.));
#4929 = VECTOR('',#4930,1.);
#4930 = DIRECTION('',(0.,0.,1.));
#4931 = PCURVE('',#43,#4932);
#4932 = DEFINITIONAL_REPRESENTATION('',(#4933),#4937);
#4933 = LINE('',#4934,#4935);
#4934 = CARTESIAN_POINT('',(-70.,17.4));
#4935 = VECTOR('',#4936,1.);
#4936 = DIRECTION('',(1.,0.));
#4937 = ( GEOMETRIC_REPRESENTATION_CONTEXT(2) 
PARAMETRIC_REPRESENTATION_CONTEXT() REPRESENTATION_CONTEXT('2D SPACE',''
  ) );
#4938 = PCURVE('',#4939,#4944);
#4939 = PLANE('',#4940);
#4940 = AXIS2_PLACEMENT_3D('',#4941,#4942,#4943);
#4941 = CARTESIAN_POINT('',(17.4,-18.,-70.));
#4942 = DIRECTION('',(1.,0.,0.));
#4943 = DIRECTION('',(0.,0.,1.));
#4944 = DEFINITIONAL_REPRESENTATION('',(#4945),#4949);
#4945 = LINE('',#4946,#4947);
#4946 = CARTESIAN_POINT('',(0.,-2.4));
#4947 = VECTOR('',#4948,1.);
#4948 = DIRECTION('',(1.,0.));
#4949 = ( GEOMETRIC_REPRESENTATION_CONTEXT(2) 
PARAMETRIC_REPRESENTATION_CONTEXT() REPRESENTATION_CONTEXT('2D SPACE',''
  ) );
#4950 = ORIENTED_EDGE('',*,*,#4951,.F.);
#4951 = EDGE_CURVE('',#4952,#4924,#4954,.T.);
#4952 = VERTEX_POINT('',#4953);
#4953 = CARTESIAN_POINT('',(12.6,-15.6,-0.6));
#4954 = SURFACE_CURVE('',#4955,(#4959,#4966),.PCURVE_S1.);
#4955 = LINE('',#4956,#4957);
#4956 = CARTESIAN_POINT('',(-70.,-15.6,-0.6));
#4957 = VECTOR('',#4958,1.);
#4958 = DIRECTION('',(1.,0.,0.));
#4959 = PCURVE('',#43,#4960);
#4960 = DEFINITIONAL_REPRESENTATION('',(#4961),#4965);
#4961 = LINE('',#4962,#4963);
#4962 = CARTESIAN_POINT('',(-0.6,-70.));
#4963 = VECTOR('',#4964,1.);
#4964 = DIRECTION('',(0.,1.));
#4965 = ( GEOMETRIC_REPRESENTATION_CONTEXT(2) 
PARAMETRIC_REPRESENTATION_CONTEXT() REPRESENTATION_CONTEXT('2D SPACE',''
  ) );
#4966 = PCURVE('',#4967,#4972);
#4967 = PLANE('',#4968);
#4968 = AXIS2_PLACEMENT_3D('',#4969,#4970,#4971);
#4969 = CARTESIAN_POINT('',(-70.,-18.,-0.6));
#4970 = DIRECTION('',(0.,0.,1.));
#4971 = DIRECTION('',(1.,0.,0.));
#4972 = DEFINITIONAL_REPRESENTATION('',(#4973),#4977);
#4973 = LINE('',#4974,#4975);
#4974 = CARTESIAN_POINT('',(0.,2.4));
#4975 = VECTOR('',#4976,1.);
#4976 = DIRECTION('',(1.,0.));
#4977 = ( GEOMETRIC_REPRESENTATION_CONTEXT(2) 
PARAMETRIC_REPRESENTATION_CONTEXT() REPRESENTATION_CONTEXT('2D SPACE',''
  ) );
#4978 = ORIENTED_EDGE('',*,*,#4979,.F.);
#4979 = EDGE_CURVE('',#4895,#4952,#4980,.T.);
#4980 = SURFACE_CURVE('',#4981,(#4985,#4992),.PCURVE_S1.);
#4981 = LINE('',#4982,#4983);
#4982 = CARTESIAN_POINT('',(12.6,-15.6,-70.));
#4983 = VECTOR('',#4984,1.);
#4984 = DIRECTION('',(0.,0.,1.));
#4985 = PCURVE('',#43,#4986);
#4986 = DEFINITIONAL_REPRESENTATION('',(#4987),#4991);
#4987 = LINE('',#4988,#4989);
#4988 = CARTESIAN_POINT('',(-70.,12.6));
#4989 = VECTOR('',#4990,1.);
#4990 = DIRECTION('',(1.,0.));
#4991 = ( GEOMETRIC_REPRESENTATION_CONTEXT(2) 
PARAMETRIC_REPRESENTATION_CONTEXT() REPRESENTATION_CONTEXT('2D SPACE',''
  ) );
#4992 = PCURVE('',#4993,#4998);
#4993 = PLANE('',#4994);
#4994 = AXIS2_PLACEMENT_3D('',#4995,#4996,#4997);
#4995 = CARTESIAN_POINT('',(12.6,-18.,-70.));
#4996 = DIRECTION('',(1.,0.,0.));
#4997 = DIRECTION('',(0.,0.,1.));
#4998 = DEFINITIONAL_REPRESENTATION('',(#4999),#5003);
#4999 = LINE('',#5000,#5001);
#5000 = CARTESIAN_POINT('',(0.,-2.4));
#5001 = VECTOR('',#5002,1.);
#5002 = DIRECTION('',(1.,0.));
#5003 = ( GEOMETRIC_REPRESENTATION_CONTEXT(2) 
PARAMETRIC_REPRESENTATION_CONTEXT() REPRESENTATION_CONTEXT('2D SPACE',''
  ) );
#5004 = FACE_BOUND('',#5005,.T.);
#5005 = EDGE_LOOP('',(#5006,#5037,#5065,#5093));
#5006 = ORIENTED_EDGE('',*,*,#5007,.F.);
#5007 = EDGE_CURVE('',#5008,#5010,#5012,.T.);
#5008 = VERTEX_POINT('',#5009);
#5009 = CARTESIAN_POINT('',(-12.6,-15.6,-67.83981132049));
#5010 = VERTEX_POINT('',#5011);
#5011 = CARTESIAN_POINT('',(-17.4,-15.6,-66.77005316756));
#5012 = SURFACE_CURVE('',#5013,(#5018,#5025),.PCURVE_S1.);
#5013 = CIRCLE('',#5014,69.);
#5014 = AXIS2_PLACEMENT_3D('',#5015,#5016,#5017);
#5015 = CARTESIAN_POINT('',(0.,-15.6,0.));
#5016 = DIRECTION('',(0.,1.,0.));
#5017 = DIRECTION('',(0.,-0.,1.));
#5018 = PCURVE('',#43,#5019);
#5019 = DEFINITIONAL_REPRESENTATION('',(#5020),#5024);
#5020 = CIRCLE('',#5021,69.);
#5021 = AXIS2_PLACEMENT_2D('',#5022,#5023);
#5022 = CARTESIAN_POINT('',(0.,0.));
#5023 = DIRECTION('',(1.,0.));
#5024 = ( GEOMETRIC_REPRESENTATION_CONTEXT(2) 
PARAMETRIC_REPRESENTATION_CONTEXT() REPRESENTATION_CONTEXT('2D SPACE',''
  ) );
#5025 = PCURVE('',#5026,#5031);
#5026 = CYLINDRICAL_SURFACE('',#5027,69.);
#5027 = AXIS2_PLACEMENT_3D('',#5028,#5029,#5030);
#5028 = CARTESIAN_POINT('',(0.,-18.1,0.));
#5029 = DIRECTION('',(0.,1.,0.));
#5030 = DIRECTION('',(0.,-0.,1.));
#5031 = DEFINITIONAL_REPRESENTATION('',(#5032),#5036);
#5032 = LINE('',#5033,#5034);
#5033 = CARTESIAN_POINT('',(0.,2.5));
#5034 = VECTOR('',#5035,1.);
#5035 = DIRECTION('',(1.,0.));
#5036 = ( GEOMETRIC_REPRESENTATION_CONTEXT(2) 
PARAMETRIC_REPRESENTATION_CONTEXT() REPRESENTATION_CONTEXT('2D SPACE',''
  ) );
#5037 = ORIENTED_EDGE('',*,*,#5038,.T.);
#5038 = EDGE_CURVE('',#5008,#5039,#5041,.T.);
#5039 = VERTEX_POINT('',#5040);
#5040 = CARTESIAN_POINT('',(-12.6,-15.6,-0.6));
#5041 = SURFACE_CURVE('',#5042,(#5046,#5053),.PCURVE_S1.);
#5042 = LINE('',#5043,#5044);
#5043 = CARTESIAN_POINT('',(-12.6,-15.6,-70.));
#5044 = VECTOR('',#5045,1.);
#5045 = DIRECTION('',(0.,0.,1.));
#5046 = PCURVE('',#43,#5047);
#5047 = DEFINITIONAL_REPRESENTATION('',(#5048),#5052);
#5048 = LINE('',#5049,#5050);
#5049 = CARTESIAN_POINT('',(-70.,-12.6));
#5050 = VECTOR('',#5051,1.);
#5051 = DIRECTION('',(1.,0.));
#5052 = ( GEOMETRIC_REPRESENTATION_CONTEXT(2) 
PARAMETRIC_REPRESENTATION_CONTEXT() REPRESENTATION_CONTEXT('2D SPACE',''
  ) );
#5053 = PCURVE('',#5054,#5059);
#5054 = PLANE('',#5055);
#5055 = AXIS2_PLACEMENT_3D('',#5056,#5057,#5058);
#5056 = CARTESIAN_POINT('',(-12.6,-18.,-70.));
#5057 = DIRECTION('',(1.,0.,0.));
#5058 = DIRECTION('',(0.,0.,1.));
#5059 = DEFINITIONAL_REPRESENTATION('',(#5060),#5064);
#5060 = LINE('',#5061,#5062);
#5061 = CARTESIAN_POINT('',(0.,-2.4));
#5062 = VECTOR('',#5063,1.);
#5063 = DIRECTION('',(1.,0.));
#5064 = ( GEOMETRIC_REPRESENTATION_CONTEXT(2) 
PARAMETRIC_REPRESENTATION_CONTEXT() REPRESENTATION_CONTEXT('2D SPACE',''
  ) );
#5065 = ORIENTED_EDGE('',*,*,#5066,.F.);
#5066 = EDGE_CURVE('',#5067,#5039,#5069,.T.);
#5067 = VERTEX_POINT('',#5068);
#5068 = CARTESIAN_POINT('',(-17.4,-15.6,-0.6));
#5069 = SURFACE_CURVE('',#5070,(#5074,#5081),.PCURVE_S1.);
#5070 = LINE('',#5071,#5072);
#5071 = CARTESIAN_POINT('',(-70.,-15.6,-0.6));
#5072 = VECTOR('',#5073,1.);
#5073 = DIRECTION('',(1.,0.,0.));
#5074 = PCURVE('',#43,#5075);
#5075 = DEFINITIONAL_REPRESENTATION('',(#5076),#5080);
#5076 = LINE('',#5077,#5078);
#5077 = CARTESIAN_POINT('',(-0.6,-70.));
#5078 = VECTOR('',#5079,1.);
#5079 = DIRECTION('',(0.,1.));
#5080 = ( GEOMETRIC_REPRESENTATION_CONTEXT(2) 
PARAMETRIC_REPRESENTATION_CONTEXT() REPRESENTATION_CONTEXT('2D SPACE',''
  ) );
#5081 = PCURVE('',#5082,#5087);
#5082 = PLANE('',#5083);
#5083 = AXIS2_PLACEMENT_3D('',#5084,#5085,#5086);
#5084 = CARTESIAN_POINT('',(-70.,-18.,-0.6));
#5085 = DIRECTION('',(0.,0.,1.));
#5086 = DIRECTION('',(1.,0.,0.));
#5087 = DEFINITIONAL_REPRESENTATION('',(#5088),#5092);
#5088 = LINE('',#5089,#5090);
#5089 = CARTESIAN_POINT('',(0.,2.4));
#5090 = VECTOR('',#5091,1.);
#5091 = DIRECTION('',(1.,0.));
#5092 = ( GEOMETRIC_REPRESENTATION_CONTEXT(2) 
PARAMETRIC_REPRESENTATION_CONTEXT() REPRESENTATION_CONTEXT('2D SPACE',''
  ) );
#5093 = ORIENTED_EDGE('',*,*,#5094,.F.);
#5094 = EDGE_CURVE('',#5010,#5067,#5095,.T.);
#5095 = SURFACE_CURVE('',#5096,(#5100,#5107),.PCURVE_S1.);
#5096 = LINE('',#5097,#5098);
#5097 = CARTESIAN_POINT('',(-17.4,-15.6,-70.));
#5098 = VECTOR('',#5099,1.);
#5099 = DIRECTION('',(0.,0.,1.));
#5100 = PCURVE('',#43,#5101);
#5101 = DEFINITIONAL_REPRESENTATION('',(#5102),#5106);
#5102 = LINE('',#5103,#5104);
#5103 = CARTESIAN_POINT('',(-70.,-17.4));
#5104 = VECTOR('',#5105,1.);
#5105 = DIRECTION('',(1.,0.));
#5106 = ( GEOMETRIC_REPRESENTATION_CONTEXT(2) 
PARAMETRIC_REPRESENTATION_CONTEXT() REPRESENTATION_CONTEXT('2D SPACE',''
  ) );
#5107 = PCURVE('',#5108,#5113);
#5108 = PLANE('',#5109);
#5109 = AXIS2_PLACEMENT_3D('',#5110,#5111,#5112);
#5110 = CARTESIAN_POINT('',(-17.4,-18.,-70.));
#5111 = DIRECTION('',(1.,0.,0.));
#5112 = DIRECTION('',(0.,0.,1.));
#5113 = DEFINITIONAL_REPRESENTATION('',(#5114),#5118);
#5114 = LINE('',#5115,#5116);
#5115 = CARTESIAN_POINT('',(0.,-2.4));
#5116 = VECTOR('',#5117,1.);
#5117 = DIRECTION('',(1.,0.));
#5118 = ( GEOMETRIC_REPRESENTATION_CONTEXT(2) 
PARAMETRIC_REPRESENTATION_CONTEXT() REPRESENTATION_CONTEXT('2D SPACE',''
  ) );
#5119 = FACE_BOUND('',#5120,.T.);
#5120 = EDGE_LOOP('',(#5121,#5152,#5180,#5208));
#5121 = ORIENTED_EDGE('',*,*,#5122,.F.);
#5122 = EDGE_CURVE('',#5123,#5125,#5127,.T.);
#5123 = VERTEX_POINT('',#5124);
#5124 = CARTESIAN_POINT('',(11.4,-15.6,-68.05174501803));
#5125 = VERTEX_POINT('',#5126);
#5126 = CARTESIAN_POINT('',(6.600000000001,-15.6,-68.68362250202));
#5127 = SURFACE_CURVE('',#5128,(#5133,#5140),.PCURVE_S1.);
#5128 = CIRCLE('',#5129,69.);
#5129 = AXIS2_PLACEMENT_3D('',#5130,#5131,#5132);
#5130 = CARTESIAN_POINT('',(0.,-15.6,0.));
#5131 = DIRECTION('',(0.,1.,0.));
#5132 = DIRECTION('',(0.,-0.,1.));
#5133 = PCURVE('',#43,#5134);
#5134 = DEFINITIONAL_REPRESENTATION('',(#5135),#5139);
#5135 = CIRCLE('',#5136,69.);
#5136 = AXIS2_PLACEMENT_2D('',#5137,#5138);
#5137 = CARTESIAN_POINT('',(0.,0.));
#5138 = DIRECTION('',(1.,0.));
#5139 = ( GEOMETRIC_REPRESENTATION_CONTEXT(2) 
PARAMETRIC_REPRESENTATION_CONTEXT() REPRESENTATION_CONTEXT('2D SPACE',''
  ) );
#5140 = PCURVE('',#5141,#5146);
#5141 = CYLINDRICAL_SURFACE('',#5142,69.);
#5142 = AXIS2_PLACEMENT_3D('',#5143,#5144,#5145);
#5143 = CARTESIAN_POINT('',(0.,-18.1,0.));
#5144 = DIRECTION('',(0.,1.,0.));
#5145 = DIRECTION('',(0.,-0.,1.));
#5146 = DEFINITIONAL_REPRESENTATION('',(#5147),#5151);
#5147 = LINE('',#5148,#5149);
#5148 = CARTESIAN_POINT('',(0.,2.5));
#5149 = VECTOR('',#5150,1.);
#5150 = DIRECTION('',(1.,0.));
#5151 = ( GEOMETRIC_REPRESENTATION_CONTEXT(2) 
PARAMETRIC_REPRESENTATION_CONTEXT() REPRESENTATION_CONTEXT('2D SPACE',''
  ) );
#5152 = ORIENTED_EDGE('',*,*,#5153,.T.);
#5153 = EDGE_CURVE('',#5123,#5154,#5156,.T.);
#5154 = VERTEX_POINT('',#5155);
#5155 = CARTESIAN_POINT('',(11.4,-15.6,-0.6));
#5156 = SURFACE_CURVE('',#5157,(#5161,#5168),.PCURVE_S1.);
#5157 = LINE('',#5158,#5159);
#5158 = CARTESIAN_POINT('',(11.4,-15.6,-70.));
#5159 = VECTOR('',#5160,1.);
#5160 = DIRECTION('',(0.,0.,1.));
#5161 = PCURVE('',#43,#5162);
#5162 = DEFINITIONAL_REPRESENTATION('',(#5163),#5167);
#5163 = LINE('',#5164,#5165);
#5164 = CARTESIAN_POINT('',(-70.,11.4));
#5165 = VECTOR('',#5166,1.);
#5166 = DIRECTION('',(1.,0.));
#5167 = ( GEOMETRIC_REPRESENTATION_CONTEXT(2) 
PARAMETRIC_REPRESENTATION_CONTEXT() REPRESENTATION_CONTEXT('2D SPACE',''
  ) );
#5168 = PCURVE('',#5169,#5174);
#5169 = PLANE('',#5170);
#5170 = AXIS2_PLACEMENT_3D('',#5171,#5172,#5173);
#5171 = CARTESIAN_POINT('',(11.4,-18.,-70.));
#5172 = DIRECTION('',(1.,0.,0.));
#5173 = DIRECTION('',(0.,0.,1.));
#5174 = DEFINITIONAL_REPRESENTATION('',(#5175),#5179);
#5175 = LINE('',#5176,#5177);
#5176 = CARTESIAN_POINT('',(0.,-2.4));
#5177 = VECTOR('',#5178,1.);
#5178 = DIRECTION('',(1.,0.));
#5179 = ( GEOMETRIC_REPRESENTATION_CONTEXT(2) 
PARAMETRIC_REPRESENTATION_CONTEXT() REPRESENTATION_CONTEXT('2D SPACE',''
  ) );
#5180 = ORIENTED_EDGE('',*,*,#5181,.F.);
#5181 = EDGE_CURVE('',#5182,#5154,#5184,.T.);
#5182 = VERTEX_POINT('',#5183);
#5183 = CARTESIAN_POINT('',(6.6,-15.6,-0.6));
#5184 = SURFACE_CURVE('',#5185,(#5189,#5196),.PCURVE_S1.);
#5185 = LINE('',#5186,#5187);
#5186 = CARTESIAN_POINT('',(-70.,-15.6,-0.6));
#5187 = VECTOR('',#5188,1.);
#5188 = DIRECTION('',(1.,0.,0.));
#5189 = PCURVE('',#43,#5190);
#5190 = DEFINITIONAL_REPRESENTATION('',(#5191),#5195);
#5191 = LINE('',#5192,#5193);
#5192 = CARTESIAN_POINT('',(-0.6,-70.));
#5193 = VECTOR('',#5194,1.);
#5194 = DIRECTION('',(0.,1.));
#5195 = ( GEOMETRIC_REPRESENTATION_CONTEXT(2) 
PARAMETRIC_REPRESENTATION_CONTEXT() REPRESENTATION_CONTEXT('2D SPACE',''
  ) );
#5196 = PCURVE('',#5197,#5202);
#5197 = PLANE('',#5198);
#5198 = AXIS2_PLACEMENT_3D('',#5199,#5200,#5201);
#5199 = CARTESIAN_POINT('',(-70.,-18.,-0.6));
#5200 = DIRECTION('',(0.,0.,1.));
#5201 = DIRECTION('',(1.,0.,0.));
#5202 = DEFINITIONAL_REPRESENTATION('',(#5203),#5207);
#5203 = LINE('',#5204,#5205);
#5204 = CARTESIAN_POINT('',(0.,2.4));
#5205 = VECTOR('',#5206,1.);
#5206 = DIRECTION('',(1.,0.));
#5207 = ( GEOMETRIC_REPRESENTATION_CONTEXT(2) 
PARAMETRIC_REPRESENTATION_CONTEXT() REPRESENTATION_CONTEXT('2D SPACE',''
  ) );
#5208 = ORIENTED_EDGE('',*,*,#5209,.F.);
#5209 = EDGE_CURVE('',#5125,#5182,#5210,.T.);
#5210 = SURFACE_CURVE('',#5211,(#5215,#5222),.PCURVE_S1.);
#5211 = LINE('',#5212,#5213);
#5212 = CARTESIAN_POINT('',(6.6,-15.6,-70.));
#5213 = VECTOR('',#5214,1.);
#5214 = DIRECTION('',(0.,0.,1.));
#5215 = PCURVE('',#43,#5216);
#5216 = DEFINITIONAL_REPRESENTATION('',(#5217),#5221);
#5217 = LINE('',#5218,#5219);
#5218 = CARTESIAN_POINT('',(-70.,6.6));
#5219 = VECTOR('',#5220,1.);
#5220 = DIRECTION('',(1.,0.));
#5221 = ( GEOMETRIC_REPRESENTATION_CONTEXT(2) 
PARAMETRIC_REPRESENTATION_CONTEXT() REPRESENTATION_CONTEXT('2D SPACE',''
  ) );
#5222 = PCURVE('',#5223,#5228);
#5223 = PLANE('',#5224);
#5224 = AXIS2_PLACEMENT_3D('',#5225,#5226,#5227);
#5225 = CARTESIAN_POINT('',(6.6,-18.,-70.));
#5226 = DIRECTION('',(1.,0.,0.));
#5227 = DIRECTION('',(0.,0.,1.));
#5228 = DEFINITIONAL_REPRESENTATION('',(#5229),#5233);
#5229 = LINE('',#5230,#5231);
#5230 = CARTESIAN_POINT('',(0.,-2.4));
#5231 = VECTOR('',#5232,1.);
#5232 = DIRECTION('',(1.,0.));
#5233 = ( GEOMETRIC_REPRESENTATION_CONTEXT(2) 
PARAMETRIC_REPRESENTATION_CONTEXT() REPRESENTATION_CONTEXT('2D SPACE',''
  ) );
#5234 = FACE_BOUND('',#5235,.T.);
#5235 = EDGE_LOOP('',(#5236,#5267,#5295,#5323));
#5236 = ORIENTED_EDGE('',*,*,#5237,.F.);
#5237 = EDGE_CURVE('',#5238,#5240,#5242,.T.);
#5238 = VERTEX_POINT('',#5239);
#5239 = CARTESIAN_POINT('',(-6.600000000001,-15.6,-68.68362250202));
#5240 = VERTEX_POINT('',#5241);
#5241 = CARTESIAN_POINT('',(-11.4,-15.6,-68.05174501803));
#5242 = SURFACE_CURVE('',#5243,(#5248,#5255),.PCURVE_S1.);
#5243 = CIRCLE('',#5244,69.);
#5244 = AXIS2_PLACEMENT_3D('',#5245,#5246,#5247);
#5245 = CARTESIAN_POINT('',(0.,-15.6,0.));
#5246 = DIRECTION('',(0.,1.,0.));
#5247 = DIRECTION('',(0.,-0.,1.));
#5248 = PCURVE('',#43,#5249);
#5249 = DEFINITIONAL_REPRESENTATION('',(#5250),#5254);
#5250 = CIRCLE('',#5251,69.);
#5251 = AXIS2_PLACEMENT_2D('',#5252,#5253);
#5252 = CARTESIAN_POINT('',(0.,0.));
#5253 = DIRECTION('',(1.,0.));
#5254 = ( GEOMETRIC_REPRESENTATION_CONTEXT(2) 
PARAMETRIC_REPRESENTATION_CONTEXT() REPRESENTATION_CONTEXT('2D SPACE',''
  ) );
#5255 = PCURVE('',#5256,#5261);
#5256 = CYLINDRICAL_SURFACE('',#5257,69.);
#5257 = AXIS2_PLACEMENT_3D('',#5258,#5259,#5260);
#5258 = CARTESIAN_POINT('',(0.,-18.1,0.));
#5259 = DIRECTION('',(0.,1.,0.));
#5260 = DIRECTION('',(0.,-0.,1.));
#5261 = DEFINITIONAL_REPRESENTATION('',(#5262),#5266);
#5262 = LINE('',#5263,#5264);
#5263 = CARTESIAN_POINT('',(0.,2.5));
#5264 = VECTOR('',#5265,1.);
#5265 = DIRECTION('',(1.,0.));
#5266 = ( GEOMETRIC_REPRESENTATION_CONTEXT(2) 
PARAMETRIC_REPRESENTATION_CONTEXT() REPRESENTATION_CONTEXT('2D SPACE',''
  ) );
#5267 = ORIENTED_EDGE('',*,*,#5268,.T.);
#5268 = EDGE_CURVE('',#5238,#5269,#5271,.T.);
#5269 = VERTEX_POINT('',#5270);
#5270 = CARTESIAN_POINT('',(-6.6,-15.6,-0.6));
#5271 = SURFACE_CURVE('',#5272,(#5276,#5283),.PCURVE_S1.);
#5272 = LINE('',#5273,#5274);
#5273 = CARTESIAN_POINT('',(-6.6,-15.6,-70.));
#5274 = VECTOR('',#5275,1.);
#5275 = DIRECTION('',(0.,0.,1.));
#5276 = PCURVE('',#43,#5277);
#5277 = DEFINITIONAL_REPRESENTATION('',(#5278),#5282);
#5278 = LINE('',#5279,#5280);
#5279 = CARTESIAN_POINT('',(-70.,-6.6));
#5280 = VECTOR('',#5281,1.);
#5281 = DIRECTION('',(1.,0.));
#5282 = ( GEOMETRIC_REPRESENTATION_CONTEXT(2) 
PARAMETRIC_REPRESENTATION_CONTEXT() REPRESENTATION_CONTEXT('2D SPACE',''
  ) );
#5283 = PCURVE('',#5284,#5289);
#5284 = PLANE('',#5285);
#5285 = AXIS2_PLACEMENT_3D('',#5286,#5287,#5288);
#5286 = CARTESIAN_POINT('',(-6.6,-18.,-70.));
#5287 = DIRECTION('',(1.,0.,0.));
#5288 = DIRECTION('',(0.,0.,1.));
#5289 = DEFINITIONAL_REPRESENTATION('',(#5290),#5294);
#5290 = LINE('',#5291,#5292);
#5291 = CARTESIAN_POINT('',(0.,-2.4));
#5292 = VECTOR('',#5293,1.);
#5293 = DIRECTION('',(1.,0.));
#5294 = ( GEOMETRIC_REPRESENTATION_CONTEXT(2) 
PARAMETRIC_REPRESENTATION_CONTEXT() REPRESENTATION_CONTEXT('2D SPACE',''
  ) );
#5295 = ORIENTED_EDGE('',*,*,#5296,.F.);
#5296 = EDGE_CURVE('',#5297,#5269,#5299,.T.);
#5297 = VERTEX_POINT('',#5298);
#5298 = CARTESIAN_POINT('',(-11.4,-15.6,-0.6));
#5299 = SURFACE_CURVE('',#5300,(#5304,#5311),.PCURVE_S1.);
#5300 = LINE('',#5301,#5302);
#5301 = CARTESIAN_POINT('',(-70.,-15.6,-0.6));
#5302 = VECTOR('',#5303,1.);
#5303 = DIRECTION('',(1.,0.,0.));
#5304 = PCURVE('',#43,#5305);
#5305 = DEFINITIONAL_REPRESENTATION('',(#5306),#5310);
#5306 = LINE('',#5307,#5308);
#5307 = CARTESIAN_POINT('',(-0.6,-70.));
#5308 = VECTOR('',#5309,1.);
#5309 = DIRECTION('',(0.,1.));
#5310 = ( GEOMETRIC_REPRESENTATION_CONTEXT(2) 
PARAMETRIC_REPRESENTATION_CONTEXT() REPRESENTATION_CONTEXT('2D SPACE',''
  ) );
#5311 = PCURVE('',#5312,#5317);
#5312 = PLANE('',#5313);
#5313 = AXIS2_PLACEMENT_3D('',#5314,#5315,#5316);
#5314 = CARTESIAN_POINT('',(-70.,-18.,-0.6));
#5315 = DIRECTION('',(0.,0.,1.));
#5316 = DIRECTION('',(1.,0.,0.));
#5317 = DEFINITIONAL_REPRESENTATION('',(#5318),#5322);
#5318 = LINE('',#5319,#5320);
#5319 = CARTESIAN_POINT('',(0.,2.4));
#5320 = VECTOR('',#5321,1.);
#5321 = DIRECTION('',(1.,0.));
#5322 = ( GEOMETRIC_REPRESENTATION_CONTEXT(2) 
PARAMETRIC_REPRESENTATION_CONTEXT() REPRESENTATION_CONTEXT('2D SPACE',''
  ) );
#5323 = ORIENTED_EDGE('',*,*,#5324,.F.);
#5324 = EDGE_CURVE('',#5240,#5297,#5325,.T.);
#5325 = SURFACE_CURVE('',#5326,(#5330,#5337),.PCURVE_S1.);
#5326 = LINE('',#5327,#5328);
#5327 = CARTESIAN_POINT('',(-11.4,-15.6,-70.));
#5328 = VECTOR('',#5329,1.);
#5329 = DIRECTION('',(0.,0.,1.));
#5330 = PCURVE('',#43,#5331);
#5331 = DEFINITIONAL_REPRESENTATION('',(#5332),#5336);
#5332 = LINE('',#5333,#5334);
#5333 = CARTESIAN_POINT('',(-70.,-11.4));
#5334 = VECTOR('',#5335,1.);
#5335 = DIRECTION('',(1.,0.));
#5336 = ( GEOMETRIC_REPRESENTATION_CONTEXT(2) 
PARAMETRIC_REPRESENTATION_CONTEXT() REPRESENTATION_CONTEXT('2D SPACE',''
  ) );
#5337 = PCURVE('',#5338,#5343);
#5338 = PLANE('',#5339);
#5339 = AXIS2_PLACEMENT_3D('',#5340,#5341,#5342);
#5340 = CARTESIAN_POINT('',(-11.4,-18.,-70.));
#5341 = DIRECTION('',(1.,0.,0.));
#5342 = DIRECTION('',(0.,0.,1.));
#5343 = DEFINITIONAL_REPRESENTATION('',(#5344),#5348);
#5344 = LINE('',#5345,#5346);
#5345 = CARTESIAN_POINT('',(0.,-2.4));
#5346 = VECTOR('',#5347,1.);
#5347 = DIRECTION('',(1.,0.));
#5348 = ( GEOMETRIC_REPRESENTATION_CONTEXT(2) 
PARAMETRIC_REPRESENTATION_CONTEXT() REPRESENTATION_CONTEXT('2D SPACE',''
  ) );
#5349 = FACE_BOUND('',#5350,.T.);
#5350 = EDGE_LOOP('',(#5351,#5382,#5410,#5438));
#5351 = ORIENTED_EDGE('',*,*,#5352,.F.);
#5352 = EDGE_CURVE('',#5353,#5355,#5357,.T.);
#5353 = VERTEX_POINT('',#5354);
#5354 = CARTESIAN_POINT('',(5.400000000001,-15.6,-68.78837111023));
#5355 = VERTEX_POINT('',#5356);
#5356 = CARTESIAN_POINT('',(0.599999999999,-15.6,-68.99739125503));
#5357 = SURFACE_CURVE('',#5358,(#5363,#5370),.PCURVE_S1.);
#5358 = CIRCLE('',#5359,69.);
#5359 = AXIS2_PLACEMENT_3D('',#5360,#5361,#5362);
#5360 = CARTESIAN_POINT('',(0.,-15.6,0.));
#5361 = DIRECTION('',(0.,1.,0.));
#5362 = DIRECTION('',(0.,-0.,1.));
#5363 = PCURVE('',#43,#5364);
#5364 = DEFINITIONAL_REPRESENTATION('',(#5365),#5369);
#5365 = CIRCLE('',#5366,69.);
#5366 = AXIS2_PLACEMENT_2D('',#5367,#5368);
#5367 = CARTESIAN_POINT('',(0.,0.));
#5368 = DIRECTION('',(1.,0.));
#5369 = ( GEOMETRIC_REPRESENTATION_CONTEXT(2) 
PARAMETRIC_REPRESENTATION_CONTEXT() REPRESENTATION_CONTEXT('2D SPACE',''
  ) );
#5370 = PCURVE('',#5371,#5376);
#5371 = CYLINDRICAL_SURFACE('',#5372,69.);
#5372 = AXIS2_PLACEMENT_3D('',#5373,#5374,#5375);
#5373 = CARTESIAN_POINT('',(0.,-18.1,0.));
#5374 = DIRECTION('',(0.,1.,0.));
#5375 = DIRECTION('',(0.,-0.,1.));
#5376 = DEFINITIONAL_REPRESENTATION('',(#5377),#5381);
#5377 = LINE('',#5378,#5379);
#5378 = CARTESIAN_POINT('',(0.,2.5));
#5379 = VECTOR('',#5380,1.);
#5380 = DIRECTION('',(1.,0.));
#5381 = ( GEOMETRIC_REPRESENTATION_CONTEXT(2) 
PARAMETRIC_REPRESENTATION_CONTEXT() REPRESENTATION_CONTEXT('2D SPACE',''
  ) );
#5382 = ORIENTED_EDGE('',*,*,#5383,.T.);
#5383 = EDGE_CURVE('',#5353,#5384,#5386,.T.);
#5384 = VERTEX_POINT('',#5385);
#5385 = CARTESIAN_POINT('',(5.4,-15.6,-0.6));
#5386 = SURFACE_CURVE('',#5387,(#5391,#5398),.PCURVE_S1.);
#5387 = LINE('',#5388,#5389);
#5388 = CARTESIAN_POINT('',(5.4,-15.6,-70.));
#5389 = VECTOR('',#5390,1.);
#5390 = DIRECTION('',(0.,0.,1.));
#5391 = PCURVE('',#43,#5392);
#5392 = DEFINITIONAL_REPRESENTATION('',(#5393),#5397);
#5393 = LINE('',#5394,#5395);
#5394 = CARTESIAN_POINT('',(-70.,5.4));
#5395 = VECTOR('',#5396,1.);
#5396 = DIRECTION('',(1.,0.));
#5397 = ( GEOMETRIC_REPRESENTATION_CONTEXT(2) 
PARAMETRIC_REPRESENTATION_CONTEXT() REPRESENTATION_CONTEXT('2D SPACE',''
  ) );
#5398 = PCURVE('',#5399,#5404);
#5399 = PLANE('',#5400);
#5400 = AXIS2_PLACEMENT_3D('',#5401,#5402,#5403);
#5401 = CARTESIAN_POINT('',(5.4,-18.,-70.));
#5402 = DIRECTION('',(1.,0.,0.));
#5403 = DIRECTION('',(0.,0.,1.));
#5404 = DEFINITIONAL_REPRESENTATION('',(#5405),#5409);
#5405 = LINE('',#5406,#5407);
#5406 = CARTESIAN_POINT('',(0.,-2.4));
#5407 = VECTOR('',#5408,1.);
#5408 = DIRECTION('',(1.,0.));
#5409 = ( GEOMETRIC_REPRESENTATION_CONTEXT(2) 
PARAMETRIC_REPRESENTATION_CONTEXT() REPRESENTATION_CONTEXT('2D SPACE',''
  ) );
#5410 = ORIENTED_EDGE('',*,*,#5411,.F.);
#5411 = EDGE_CURVE('',#5412,#5384,#5414,.T.);
#5412 = VERTEX_POINT('',#5413);
#5413 = CARTESIAN_POINT('',(0.6,-15.6,-0.6));
#5414 = SURFACE_CURVE('',#5415,(#5419,#5426),.PCURVE_S1.);
#5415 = LINE('',#5416,#5417);
#5416 = CARTESIAN_POINT('',(-70.,-15.6,-0.6));
#5417 = VECTOR('',#5418,1.);
#5418 = DIRECTION('',(1.,0.,0.));
#5419 = PCURVE('',#43,#5420);
#5420 = DEFINITIONAL_REPRESENTATION('',(#5421),#5425);
#5421 = LINE('',#5422,#5423);
#5422 = CARTESIAN_POINT('',(-0.6,-70.));
#5423 = VECTOR('',#5424,1.);
#5424 = DIRECTION('',(0.,1.));
#5425 = ( GEOMETRIC_REPRESENTATION_CONTEXT(2) 
PARAMETRIC_REPRESENTATION_CONTEXT() REPRESENTATION_CONTEXT('2D SPACE',''
  ) );
#5426 = PCURVE('',#5427,#5432);
#5427 = PLANE('',#5428);
#5428 = AXIS2_PLACEMENT_3D('',#5429,#5430,#5431);
#5429 = CARTESIAN_POINT('',(-70.,-18.,-0.6));
#5430 = DIRECTION('',(0.,0.,1.));
#5431 = DIRECTION('',(1.,0.,0.));
#5432 = DEFINITIONAL_REPRESENTATION('',(#5433),#5437);
#5433 = LINE('',#5434,#5435);
#5434 = CARTESIAN_POINT('',(0.,2.4));
#5435 = VECTOR('',#5436,1.);
#5436 = DIRECTION('',(1.,0.));
#5437 = ( GEOMETRIC_REPRESENTATION_CONTEXT(2) 
PARAMETRIC_REPRESENTATION_CONTEXT() REPRESENTATION_CONTEXT('2D SPACE',''
  ) );
#5438 = ORIENTED_EDGE('',*,*,#5439,.F.);
#5439 = EDGE_CURVE('',#5355,#5412,#5440,.T.);
#5440 = SURFACE_CURVE('',#5441,(#5445,#5452),.PCURVE_S1.);
#5441 = LINE('',#5442,#5443);
#5442 = CARTESIAN_POINT('',(0.6,-15.6,-70.));
#5443 = VECTOR('',#5444,1.);
#5444 = DIRECTION('',(0.,0.,1.));
#5445 = PCURVE('',#43,#5446);
#5446 = DEFINITIONAL_REPRESENTATION('',(#5447),#5451);
#5447 = LINE('',#5448,#5449);
#5448 = CARTESIAN_POINT('',(-70.,0.6));
#5449 = VECTOR('',#5450,1.);
#5450 = DIRECTION('',(1.,0.));
#5451 = ( GEOMETRIC_REPRESENTATION_CONTEXT(2) 
PARAMETRIC_REPRESENTATION_CONTEXT() REPRESENTATION_CONTEXT('2D SPACE',''
  ) );
#5452 = PCURVE('',#5453,#5458);
#5453 = PLANE('',#5454);
#5454 = AXIS2_PLACEMENT_3D('',#5455,#5456,#5457);
#5455 = CARTESIAN_POINT('',(0.6,-18.,-70.));
#5456 = DIRECTION('',(1.,0.,0.));
#5457 = DIRECTION('',(0.,0.,1.));
#5458 = DEFINITIONAL_REPRESENTATION('',(#5459),#5463);
#5459 = LINE('',#5460,#5461);
#5460 = CARTESIAN_POINT('',(0.,-2.4));
#5461 = VECTOR('',#5462,1.);
#5462 = DIRECTION('',(1.,0.));
#5463 = ( GEOMETRIC_REPRESENTATION_CONTEXT(2) 
PARAMETRIC_REPRESENTATION_CONTEXT() REPRESENTATION_CONTEXT('2D SPACE',''
  ) );
#5464 = FACE_BOUND('',#5465,.T.);
#5465 = EDGE_LOOP('',(#5466,#5497,#5525,#5553));
#5466 = ORIENTED_EDGE('',*,*,#5467,.F.);
#5467 = EDGE_CURVE('',#5468,#5470,#5472,.T.);
#5468 = VERTEX_POINT('',#5469);
#5469 = CARTESIAN_POINT('',(-0.599999999999,-15.6,-68.99739125503));
#5470 = VERTEX_POINT('',#5471);
#5471 = CARTESIAN_POINT('',(-5.400000000001,-15.6,-68.78837111023));
#5472 = SURFACE_CURVE('',#5473,(#5478,#5485),.PCURVE_S1.);
#5473 = CIRCLE('',#5474,69.);
#5474 = AXIS2_PLACEMENT_3D('',#5475,#5476,#5477);
#5475 = CARTESIAN_POINT('',(0.,-15.6,0.));
#5476 = DIRECTION('',(0.,1.,0.));
#5477 = DIRECTION('',(0.,-0.,1.));
#5478 = PCURVE('',#43,#5479);
#5479 = DEFINITIONAL_REPRESENTATION('',(#5480),#5484);
#5480 = CIRCLE('',#5481,69.);
#5481 = AXIS2_PLACEMENT_2D('',#5482,#5483);
#5482 = CARTESIAN_POINT('',(0.,0.));
#5483 = DIRECTION('',(1.,0.));
#5484 = ( GEOMETRIC_REPRESENTATION_CONTEXT(2) 
PARAMETRIC_REPRESENTATION_CONTEXT() REPRESENTATION_CONTEXT('2D SPACE',''
  ) );
#5485 = PCURVE('',#5486,#5491);
#5486 = CYLINDRICAL_SURFACE('',#5487,69.);
#5487 = AXIS2_PLACEMENT_3D('',#5488,#5489,#5490);
#5488 = CARTESIAN_POINT('',(0.,-18.1,0.));
#5489 = DIRECTION('',(0.,1.,0.));
#5490 = DIRECTION('',(0.,-0.,1.));
#5491 = DEFINITIONAL_REPRESENTATION('',(#5492),#5496);
#5492 = LINE('',#5493,#5494);
#5493 = CARTESIAN_POINT('',(0.,2.5));
#5494 = VECTOR('',#5495,1.);
#5495 = DIRECTION('',(1.,0.));
#5496 = ( GEOMETRIC_REPRESENTATION_CONTEXT(2) 
PARAMETRIC_REPRESENTATION_CONTEXT() REPRESENTATION_CONTEXT('2D SPACE',''
  ) );
#5497 = ORIENTED_EDGE('',*,*,#5498,.T.);
#5498 = EDGE_CURVE('',#5468,#5499,#5501,.T.);
#5499 = VERTEX_POINT('',#5500);
#5500 = CARTESIAN_POINT('',(-0.6,-15.6,-0.6));
#5501 = SURFACE_CURVE('',#5502,(#5506,#5513),.PCURVE_S1.);
#5502 = LINE('',#5503,#5504);
#5503 = CARTESIAN_POINT('',(-0.6,-15.6,-70.));
#5504 = VECTOR('',#5505,1.);
#5505 = DIRECTION('',(0.,0.,1.));
#5506 = PCURVE('',#43,#5507);
#5507 = DEFINITIONAL_REPRESENTATION('',(#5508),#5512);
#5508 = LINE('',#5509,#5510);
#5509 = CARTESIAN_POINT('',(-70.,-0.6));
#5510 = VECTOR('',#5511,1.);
#5511 = DIRECTION('',(1.,0.));
#5512 = ( GEOMETRIC_REPRESENTATION_CONTEXT(2) 
PARAMETRIC_REPRESENTATION_CONTEXT() REPRESENTATION_CONTEXT('2D SPACE',''
  ) );
#5513 = PCURVE('',#5514,#5519);
#5514 = PLANE('',#5515);
#5515 = AXIS2_PLACEMENT_3D('',#5516,#5517,#5518);
#5516 = CARTESIAN_POINT('',(-0.6,-18.,-70.));
#5517 = DIRECTION('',(1.,0.,0.));
#5518 = DIRECTION('',(0.,0.,1.));
#5519 = DEFINITIONAL_REPRESENTATION('',(#5520),#5524);
#5520 = LINE('',#5521,#5522);
#5521 = CARTESIAN_POINT('',(0.,-2.4));
#5522 = VECTOR('',#5523,1.);
#5523 = DIRECTION('',(1.,0.));
#5524 = ( GEOMETRIC_REPRESENTATION_CONTEXT(2) 
PARAMETRIC_REPRESENTATION_CONTEXT() REPRESENTATION_CONTEXT('2D SPACE',''
  ) );
#5525 = ORIENTED_EDGE('',*,*,#5526,.F.);
#5526 = EDGE_CURVE('',#5527,#5499,#5529,.T.);
#5527 = VERTEX_POINT('',#5528);
#5528 = CARTESIAN_POINT('',(-5.4,-15.6,-0.6));
#5529 = SURFACE_CURVE('',#5530,(#5534,#5541),.PCURVE_S1.);
#5530 = LINE('',#5531,#5532);
#5531 = CARTESIAN_POINT('',(-70.,-15.6,-0.6));
#5532 = VECTOR('',#5533,1.);
#5533 = DIRECTION('',(1.,0.,0.));
#5534 = PCURVE('',#43,#5535);
#5535 = DEFINITIONAL_REPRESENTATION('',(#5536),#5540);
#5536 = LINE('',#5537,#5538);
#5537 = CARTESIAN_POINT('',(-0.6,-70.));
#5538 = VECTOR('',#5539,1.);
#5539 = DIRECTION('',(0.,1.));
#5540 = ( GEOMETRIC_REPRESENTATION_CONTEXT(2) 
PARAMETRIC_REPRESENTATION_CONTEXT() REPRESENTATION_CONTEXT('2D SPACE',''
  ) );
#5541 = PCURVE('',#5542,#5547);
#5542 = PLANE('',#5543);
#5543 = AXIS2_PLACEMENT_3D('',#5544,#5545,#5546);
#5544 = CARTESIAN_POINT('',(-70.,-18.,-0.6));
#5545 = DIRECTION('',(0.,0.,1.));
#5546 = DIRECTION('',(1.,0.,0.));
#5547 = DEFINITIONAL_REPRESENTATION('',(#5548),#5552);
#5548 = LINE('',#5549,#5550);
#5549 = CARTESIAN_POINT('',(0.,2.4));
#5550 = VECTOR('',#5551,1.);
#5551 = DIRECTION('',(1.,0.));
#5552 = ( GEOMETRIC_REPRESENTATION_CONTEXT(2) 
PARAMETRIC_REPRESENTATION_CONTEXT() REPRESENTATION_CONTEXT('2D SPACE',''
  ) );
#5553 = ORIENTED_EDGE('',*,*,#5554,.F.);
#5554 = EDGE_CURVE('',#5470,#5527,#5555,.T.);
#5555 = SURFACE_CURVE('',#5556,(#5560,#5567),.PCURVE_S1.);
#5556 = LINE('',#5557,#5558);
#5557 = CARTESIAN_POINT('',(-5.4,-15.6,-70.));
#5558 = VECTOR('',#5559,1.);
#5559 = DIRECTION('',(0.,0.,1.));
#5560 = PCURVE('',#43,#5561);
#5561 = DEFINITIONAL_REPRESENTATION('',(#5562),#5566);
#5562 = LINE('',#5563,#5564);
#5563 = CARTESIAN_POINT('',(-70.,-5.4));
#5564 = VECTOR('',#5565,1.);
#5565 = DIRECTION('',(1.,0.));
#5566 = ( GEOMETRIC_REPRESENTATION_CONTEXT(2) 
PARAMETRIC_REPRESENTATION_CONTEXT() REPRESENTATION_CONTEXT('2D SPACE',''
  ) );
#5567 = PCURVE('',#5568,#5573);
#5568 = PLANE('',#5569);
#5569 = AXIS2_PLACEMENT_3D('',#5570,#5571,#5572);
#5570 = CARTESIAN_POINT('',(-5.4,-18.,-70.));
#5571 = DIRECTION('',(1.,0.,0.));
#5572 = DIRECTION('',(0.,0.,1.));
#5573 = DEFINITIONAL_REPRESENTATION('',(#5574),#5578);
#5574 = LINE('',#5575,#5576);
#5575 = CARTESIAN_POINT('',(0.,-2.4));
#5576 = VECTOR('',#5577,1.);
#5577 = DIRECTION('',(1.,0.));
#5578 = ( GEOMETRIC_REPRESENTATION_CONTEXT(2) 
PARAMETRIC_REPRESENTATION_CONTEXT() REPRESENTATION_CONTEXT('2D SPACE',''
  ) );
#5579 = FACE_BOUND('',#5580,.T.);
#5580 = EDGE_LOOP('',(#5581));
#5581 = ORIENTED_EDGE('',*,*,#5582,.F.);
#5582 = EDGE_CURVE('',#5583,#5583,#5585,.T.);
#5583 = VERTEX_POINT('',#5584);
#5584 = CARTESIAN_POINT('',(-2.694222958124E-16,-15.6,73.1));
#5585 = SURFACE_CURVE('',#5586,(#5591,#5598),.PCURVE_S1.);
#5586 = CIRCLE('',#5587,1.1);
#5587 = AXIS2_PLACEMENT_3D('',#5588,#5589,#5590);
#5588 = CARTESIAN_POINT('',(0.,-15.6,72.));
#5589 = DIRECTION('',(0.,1.,0.));
#5590 = DIRECTION('',(0.,-0.,1.));
#5591 = PCURVE('',#43,#5592);
#5592 = DEFINITIONAL_REPRESENTATION('',(#5593),#5597);
#5593 = CIRCLE('',#5594,1.1);
#5594 = AXIS2_PLACEMENT_2D('',#5595,#5596);
#5595 = CARTESIAN_POINT('',(72.,0.));
#5596 = DIRECTION('',(1.,0.));
#5597 = ( GEOMETRIC_REPRESENTATION_CONTEXT(2) 
PARAMETRIC_REPRESENTATION_CONTEXT() REPRESENTATION_CONTEXT('2D SPACE',''
  ) );
#5598 = PCURVE('',#5599,#5604);
#5599 = CYLINDRICAL_SURFACE('',#5600,1.1);
#5600 = AXIS2_PLACEMENT_3D('',#5601,#5602,#5603);
#5601 = CARTESIAN_POINT('',(0.,-18.1,72.));
#5602 = DIRECTION('',(0.,1.,0.));
#5603 = DIRECTION('',(0.,-0.,1.));
#5604 = DEFINITIONAL_REPRESENTATION('',(#5605),#5609);
#5605 = LINE('',#5606,#5607);
#5606 = CARTESIAN_POINT('',(0.,2.5));
#5607 = VECTOR('',#5608,1.);
#5608 = DIRECTION('',(1.,0.));
#5609 = ( GEOMETRIC_REPRESENTATION_CONTEXT(2) 
PARAMETRIC_REPRESENTATION_CONTEXT() REPRESENTATION_CONTEXT('2D SPACE',''
  ) );
#5610 = FACE_BOUND('',#5611,.T.);
#5611 = EDGE_LOOP('',(#5612));
#5612 = ORIENTED_EDGE('',*,*,#5613,.F.);
#5613 = EDGE_CURVE('',#5614,#5614,#5616,.T.);
#5614 = VERTEX_POINT('',#5615);
#5615 = CARTESIAN_POINT('',(72.,-15.6,1.1));
#5616 = SURFACE_CURVE('',#5617,(#5622,#5629),.PCURVE_S1.);
#5617 = CIRCLE('',#5618,1.1);
#5618 = AXIS2_PLACEMENT_3D('',#5619,#5620,#5621);
#5619 = CARTESIAN_POINT('',(72.,-15.6,0.));
#5620 = DIRECTION('',(0.,1.,0.));
#5621 = DIRECTION('',(0.,-0.,1.));
#5622 = PCURVE('',#43,#5623);
#5623 = DEFINITIONAL_REPRESENTATION('',(#5624),#5628);
#5624 = CIRCLE('',#5625,1.1);
#5625 = AXIS2_PLACEMENT_2D('',#5626,#5627);
#5626 = CARTESIAN_POINT('',(0.,72.));
#5627 = DIRECTION('',(1.,0.));
#5628 = ( GEOMETRIC_REPRESENTATION_CONTEXT(2) 
PARAMETRIC_REPRESENTATION_CONTEXT() REPRESENTATION_CONTEXT('2D SPACE',''
  ) );
#5629 = PCURVE('',#5630,#5635);
#5630 = CYLINDRICAL_SURFACE('',#5631,1.1);
#5631 = AXIS2_PLACEMENT_3D('',#5632,#5633,#5634);
#5632 = CARTESIAN_POINT('',(72.,-18.1,0.));
#5633 = DIRECTION('',(0.,1.,0.));
#5634 = DIRECTION('',(0.,-0.,1.));
#5635 = DEFINITIONAL_REPRESENTATION('',(#5636),#5640);
#5636 = LINE('',#5637,#5638);
#5637 = CARTESIAN_POINT('',(0.,2.5));
#5638 = VECTOR('',#5639,1.);
#5639 = DIRECTION('',(1.,0.));
#5640 = ( GEOMETRIC_REPRESENTATION_CONTEXT(2) 
PARAMETRIC_REPRESENTATION_CONTEXT() REPRESENTATION_CONTEXT('2D SPACE',''
  ) );
#5641 = ADVANCED_FACE('',(#5642,#5645,#5671,#5697,#5792,#5887,#5982,
    #6077,#6172,#6267,#6362,#6457,#6552,#6647,#6742,#6837,#6932,#7027,
    #7122,#7217,#7312,#7407,#7502,#7597,#7692,#7787,#7859,#7931,#8003,
    #8075,#8170,#8265,#8360,#8455,#8550,#8645,#8740,#8835,#8930,#9025,
    #9120,#9215,#9310,#9405,#9500,#9595,#9690,#9785,#9880,#9975,#10070,
    #10165,#10191),#93,.F.);
#5642 = FACE_BOUND('',#5643,.F.);
#5643 = EDGE_LOOP('',(#5644));
#5644 = ORIENTED_EDGE('',*,*,#78,.T.);
#5645 = FACE_BOUND('',#5646,.F.);
#5646 = EDGE_LOOP('',(#5647));
#5647 = ORIENTED_EDGE('',*,*,#5648,.F.);
#5648 = EDGE_CURVE('',#5649,#5649,#5651,.T.);
#5649 = VERTEX_POINT('',#5650);
#5650 = CARTESIAN_POINT('',(-72.,-18.,1.1));
#5651 = SURFACE_CURVE('',#5652,(#5657,#5664),.PCURVE_S1.);
#5652 = CIRCLE('',#5653,1.1);
#5653 = AXIS2_PLACEMENT_3D('',#5654,#5655,#5656);
#5654 = CARTESIAN_POINT('',(-72.,-18.,0.));
#5655 = DIRECTION('',(0.,1.,0.));
#5656 = DIRECTION('',(0.,-0.,1.));
#5657 = PCURVE('',#93,#5658);
#5658 = DEFINITIONAL_REPRESENTATION('',(#5659),#5663);
#5659 = CIRCLE('',#5660,1.1);
#5660 = AXIS2_PLACEMENT_2D('',#5661,#5662);
#5661 = CARTESIAN_POINT('',(0.,-72.));
#5662 = DIRECTION('',(1.,0.));
#5663 = ( GEOMETRIC_REPRESENTATION_CONTEXT(2) 
PARAMETRIC_REPRESENTATION_CONTEXT() REPRESENTATION_CONTEXT('2D SPACE',''
  ) );
#5664 = PCURVE('',#129,#5665);
#5665 = DEFINITIONAL_REPRESENTATION('',(#5666),#5670);
#5666 = LINE('',#5667,#5668);
#5667 = CARTESIAN_POINT('',(0.,0.1));
#5668 = VECTOR('',#5669,1.);
#5669 = DIRECTION('',(1.,0.));
#5670 = ( GEOMETRIC_REPRESENTATION_CONTEXT(2) 
PARAMETRIC_REPRESENTATION_CONTEXT() REPRESENTATION_CONTEXT('2D SPACE',''
  ) );
#5671 = FACE_BOUND('',#5672,.F.);
#5672 = EDGE_LOOP('',(#5673));
#5673 = ORIENTED_EDGE('',*,*,#5674,.F.);
#5674 = EDGE_CURVE('',#5675,#5675,#5677,.T.);
#5675 = VERTEX_POINT('',#5676);
#5676 = CARTESIAN_POINT('',(-2.694222958124E-16,-18.,-70.9));
#5677 = SURFACE_CURVE('',#5678,(#5683,#5690),.PCURVE_S1.);
#5678 = CIRCLE('',#5679,1.1);
#5679 = AXIS2_PLACEMENT_3D('',#5680,#5681,#5682);
#5680 = CARTESIAN_POINT('',(0.,-18.,-72.));
#5681 = DIRECTION('',(0.,1.,0.));
#5682 = DIRECTION('',(0.,-0.,1.));
#5683 = PCURVE('',#93,#5684);
#5684 = DEFINITIONAL_REPRESENTATION('',(#5685),#5689);
#5685 = CIRCLE('',#5686,1.1);
#5686 = AXIS2_PLACEMENT_2D('',#5687,#5688);
#5687 = CARTESIAN_POINT('',(-72.,0.));
#5688 = DIRECTION('',(1.,0.));
#5689 = ( GEOMETRIC_REPRESENTATION_CONTEXT(2) 
PARAMETRIC_REPRESENTATION_CONTEXT() REPRESENTATION_CONTEXT('2D SPACE',''
  ) );
#5690 = PCURVE('',#160,#5691);
#5691 = DEFINITIONAL_REPRESENTATION('',(#5692),#5696);
#5692 = LINE('',#5693,#5694);
#5693 = CARTESIAN_POINT('',(0.,0.1));
#5694 = VECTOR('',#5695,1.);
#5695 = DIRECTION('',(1.,0.));
#5696 = ( GEOMETRIC_REPRESENTATION_CONTEXT(2) 
PARAMETRIC_REPRESENTATION_CONTEXT() REPRESENTATION_CONTEXT('2D SPACE',''
  ) );
#5697 = FACE_BOUND('',#5698,.F.);
#5698 = EDGE_LOOP('',(#5699,#5725,#5748,#5771));
#5699 = ORIENTED_EDGE('',*,*,#5700,.F.);
#5700 = EDGE_CURVE('',#5701,#5703,#5705,.T.);
#5701 = VERTEX_POINT('',#5702);
#5702 = CARTESIAN_POINT('',(0.6,-18.,68.997391255032));
#5703 = VERTEX_POINT('',#5704);
#5704 = CARTESIAN_POINT('',(5.399999999998,-18.,68.78837111024));
#5705 = SURFACE_CURVE('',#5706,(#5711,#5718),.PCURVE_S1.);
#5706 = CIRCLE('',#5707,69.);
#5707 = AXIS2_PLACEMENT_3D('',#5708,#5709,#5710);
#5708 = CARTESIAN_POINT('',(0.,-18.,0.));
#5709 = DIRECTION('',(0.,1.,0.));
#5710 = DIRECTION('',(0.,-0.,1.));
#5711 = PCURVE('',#93,#5712);
#5712 = DEFINITIONAL_REPRESENTATION('',(#5713),#5717);
#5713 = CIRCLE('',#5714,69.);
#5714 = AXIS2_PLACEMENT_2D('',#5715,#5716);
#5715 = CARTESIAN_POINT('',(0.,0.));
#5716 = DIRECTION('',(1.,0.));
#5717 = ( GEOMETRIC_REPRESENTATION_CONTEXT(2) 
PARAMETRIC_REPRESENTATION_CONTEXT() REPRESENTATION_CONTEXT('2D SPACE',''
  ) );
#5718 = PCURVE('',#193,#5719);
#5719 = DEFINITIONAL_REPRESENTATION('',(#5720),#5724);
#5720 = LINE('',#5721,#5722);
#5721 = CARTESIAN_POINT('',(0.,0.1));
#5722 = VECTOR('',#5723,1.);
#5723 = DIRECTION('',(1.,0.));
#5724 = ( GEOMETRIC_REPRESENTATION_CONTEXT(2) 
PARAMETRIC_REPRESENTATION_CONTEXT() REPRESENTATION_CONTEXT('2D SPACE',''
  ) );
#5725 = ORIENTED_EDGE('',*,*,#5726,.F.);
#5726 = EDGE_CURVE('',#5727,#5701,#5729,.T.);
#5727 = VERTEX_POINT('',#5728);
#5728 = CARTESIAN_POINT('',(0.6,-18.,0.6));
#5729 = SURFACE_CURVE('',#5730,(#5734,#5741),.PCURVE_S1.);
#5730 = LINE('',#5731,#5732);
#5731 = CARTESIAN_POINT('',(0.6,-18.,-70.));
#5732 = VECTOR('',#5733,1.);
#5733 = DIRECTION('',(0.,0.,1.));
#5734 = PCURVE('',#93,#5735);
#5735 = DEFINITIONAL_REPRESENTATION('',(#5736),#5740);
#5736 = LINE('',#5737,#5738);
#5737 = CARTESIAN_POINT('',(-70.,0.6));
#5738 = VECTOR('',#5739,1.);
#5739 = DIRECTION('',(1.,0.));
#5740 = ( GEOMETRIC_REPRESENTATION_CONTEXT(2) 
PARAMETRIC_REPRESENTATION_CONTEXT() REPRESENTATION_CONTEXT('2D SPACE',''
  ) );
#5741 = PCURVE('',#221,#5742);
#5742 = DEFINITIONAL_REPRESENTATION('',(#5743),#5747);
#5743 = LINE('',#5744,#5745);
#5744 = CARTESIAN_POINT('',(0.,0.));
#5745 = VECTOR('',#5746,1.);
#5746 = DIRECTION('',(1.,0.));
#5747 = ( GEOMETRIC_REPRESENTATION_CONTEXT(2) 
PARAMETRIC_REPRESENTATION_CONTEXT() REPRESENTATION_CONTEXT('2D SPACE',''
  ) );
#5748 = ORIENTED_EDGE('',*,*,#5749,.T.);
#5749 = EDGE_CURVE('',#5727,#5750,#5752,.T.);
#5750 = VERTEX_POINT('',#5751);
#5751 = CARTESIAN_POINT('',(5.4,-18.,0.6));
#5752 = SURFACE_CURVE('',#5753,(#5757,#5764),.PCURVE_S1.);
#5753 = LINE('',#5754,#5755);
#5754 = CARTESIAN_POINT('',(-70.,-18.,0.6));
#5755 = VECTOR('',#5756,1.);
#5756 = DIRECTION('',(1.,0.,0.));
#5757 = PCURVE('',#93,#5758);
#5758 = DEFINITIONAL_REPRESENTATION('',(#5759),#5763);
#5759 = LINE('',#5760,#5761);
#5760 = CARTESIAN_POINT('',(0.6,-70.));
#5761 = VECTOR('',#5762,1.);
#5762 = DIRECTION('',(0.,1.));
#5763 = ( GEOMETRIC_REPRESENTATION_CONTEXT(2) 
PARAMETRIC_REPRESENTATION_CONTEXT() REPRESENTATION_CONTEXT('2D SPACE',''
  ) );
#5764 = PCURVE('',#249,#5765);
#5765 = DEFINITIONAL_REPRESENTATION('',(#5766),#5770);
#5766 = LINE('',#5767,#5768);
#5767 = CARTESIAN_POINT('',(0.,0.));
#5768 = VECTOR('',#5769,1.);
#5769 = DIRECTION('',(1.,0.));
#5770 = ( GEOMETRIC_REPRESENTATION_CONTEXT(2) 
PARAMETRIC_REPRESENTATION_CONTEXT() REPRESENTATION_CONTEXT('2D SPACE',''
  ) );
#5771 = ORIENTED_EDGE('',*,*,#5772,.T.);
#5772 = EDGE_CURVE('',#5750,#5703,#5773,.T.);
#5773 = SURFACE_CURVE('',#5774,(#5778,#5785),.PCURVE_S1.);
#5774 = LINE('',#5775,#5776);
#5775 = CARTESIAN_POINT('',(5.4,-18.,-70.));
#5776 = VECTOR('',#5777,1.);
#5777 = DIRECTION('',(0.,0.,1.));
#5778 = PCURVE('',#93,#5779);
#5779 = DEFINITIONAL_REPRESENTATION('',(#5780),#5784);
#5780 = LINE('',#5781,#5782);
#5781 = CARTESIAN_POINT('',(-70.,5.4));
#5782 = VECTOR('',#5783,1.);
#5783 = DIRECTION('',(1.,0.));
#5784 = ( GEOMETRIC_REPRESENTATION_CONTEXT(2) 
PARAMETRIC_REPRESENTATION_CONTEXT() REPRESENTATION_CONTEXT('2D SPACE',''
  ) );
#5785 = PCURVE('',#275,#5786);
#5786 = DEFINITIONAL_REPRESENTATION('',(#5787),#5791);
#5787 = LINE('',#5788,#5789);
#5788 = CARTESIAN_POINT('',(0.,0.));
#5789 = VECTOR('',#5790,1.);
#5790 = DIRECTION('',(1.,0.));
#5791 = ( GEOMETRIC_REPRESENTATION_CONTEXT(2) 
PARAMETRIC_REPRESENTATION_CONTEXT() REPRESENTATION_CONTEXT('2D SPACE',''
  ) );
#5792 = FACE_BOUND('',#5793,.F.);
#5793 = EDGE_LOOP('',(#5794,#5820,#5843,#5866));
#5794 = ORIENTED_EDGE('',*,*,#5795,.F.);
#5795 = EDGE_CURVE('',#5796,#5798,#5800,.T.);
#5796 = VERTEX_POINT('',#5797);
#5797 = CARTESIAN_POINT('',(-5.399999999998,-18.,68.78837111024));
#5798 = VERTEX_POINT('',#5799);
#5799 = CARTESIAN_POINT('',(-0.6,-18.,68.997391255032));
#5800 = SURFACE_CURVE('',#5801,(#5806,#5813),.PCURVE_S1.);
#5801 = CIRCLE('',#5802,69.);
#5802 = AXIS2_PLACEMENT_3D('',#5803,#5804,#5805);
#5803 = CARTESIAN_POINT('',(0.,-18.,0.));
#5804 = DIRECTION('',(0.,1.,0.));
#5805 = DIRECTION('',(0.,-0.,1.));
#5806 = PCURVE('',#93,#5807);
#5807 = DEFINITIONAL_REPRESENTATION('',(#5808),#5812);
#5808 = CIRCLE('',#5809,69.);
#5809 = AXIS2_PLACEMENT_2D('',#5810,#5811);
#5810 = CARTESIAN_POINT('',(0.,0.));
#5811 = DIRECTION('',(1.,0.));
#5812 = ( GEOMETRIC_REPRESENTATION_CONTEXT(2) 
PARAMETRIC_REPRESENTATION_CONTEXT() REPRESENTATION_CONTEXT('2D SPACE',''
  ) );
#5813 = PCURVE('',#308,#5814);
#5814 = DEFINITIONAL_REPRESENTATION('',(#5815),#5819);
#5815 = LINE('',#5816,#5817);
#5816 = CARTESIAN_POINT('',(0.,0.1));
#5817 = VECTOR('',#5818,1.);
#5818 = DIRECTION('',(1.,0.));
#5819 = ( GEOMETRIC_REPRESENTATION_CONTEXT(2) 
PARAMETRIC_REPRESENTATION_CONTEXT() REPRESENTATION_CONTEXT('2D SPACE',''
  ) );
#5820 = ORIENTED_EDGE('',*,*,#5821,.F.);
#5821 = EDGE_CURVE('',#5822,#5796,#5824,.T.);
#5822 = VERTEX_POINT('',#5823);
#5823 = CARTESIAN_POINT('',(-5.4,-18.,0.6));
#5824 = SURFACE_CURVE('',#5825,(#5829,#5836),.PCURVE_S1.);
#5825 = LINE('',#5826,#5827);
#5826 = CARTESIAN_POINT('',(-5.4,-18.,-70.));
#5827 = VECTOR('',#5828,1.);
#5828 = DIRECTION('',(0.,0.,1.));
#5829 = PCURVE('',#93,#5830);
#5830 = DEFINITIONAL_REPRESENTATION('',(#5831),#5835);
#5831 = LINE('',#5832,#5833);
#5832 = CARTESIAN_POINT('',(-70.,-5.4));
#5833 = VECTOR('',#5834,1.);
#5834 = DIRECTION('',(1.,0.));
#5835 = ( GEOMETRIC_REPRESENTATION_CONTEXT(2) 
PARAMETRIC_REPRESENTATION_CONTEXT() REPRESENTATION_CONTEXT('2D SPACE',''
  ) );
#5836 = PCURVE('',#336,#5837);
#5837 = DEFINITIONAL_REPRESENTATION('',(#5838),#5842);
#5838 = LINE('',#5839,#5840);
#5839 = CARTESIAN_POINT('',(0.,0.));
#5840 = VECTOR('',#5841,1.);
#5841 = DIRECTION('',(1.,0.));
#5842 = ( GEOMETRIC_REPRESENTATION_CONTEXT(2) 
PARAMETRIC_REPRESENTATION_CONTEXT() REPRESENTATION_CONTEXT('2D SPACE',''
  ) );
#5843 = ORIENTED_EDGE('',*,*,#5844,.T.);
#5844 = EDGE_CURVE('',#5822,#5845,#5847,.T.);
#5845 = VERTEX_POINT('',#5846);
#5846 = CARTESIAN_POINT('',(-0.6,-18.,0.6));
#5847 = SURFACE_CURVE('',#5848,(#5852,#5859),.PCURVE_S1.);
#5848 = LINE('',#5849,#5850);
#5849 = CARTESIAN_POINT('',(-70.,-18.,0.6));
#5850 = VECTOR('',#5851,1.);
#5851 = DIRECTION('',(1.,0.,0.));
#5852 = PCURVE('',#93,#5853);
#5853 = DEFINITIONAL_REPRESENTATION('',(#5854),#5858);
#5854 = LINE('',#5855,#5856);
#5855 = CARTESIAN_POINT('',(0.6,-70.));
#5856 = VECTOR('',#5857,1.);
#5857 = DIRECTION('',(0.,1.));
#5858 = ( GEOMETRIC_REPRESENTATION_CONTEXT(2) 
PARAMETRIC_REPRESENTATION_CONTEXT() REPRESENTATION_CONTEXT('2D SPACE',''
  ) );
#5859 = PCURVE('',#364,#5860);
#5860 = DEFINITIONAL_REPRESENTATION('',(#5861),#5865);
#5861 = LINE('',#5862,#5863);
#5862 = CARTESIAN_POINT('',(0.,0.));
#5863 = VECTOR('',#5864,1.);
#5864 = DIRECTION('',(1.,0.));
#5865 = ( GEOMETRIC_REPRESENTATION_CONTEXT(2) 
PARAMETRIC_REPRESENTATION_CONTEXT() REPRESENTATION_CONTEXT('2D SPACE',''
  ) );
#5866 = ORIENTED_EDGE('',*,*,#5867,.T.);
#5867 = EDGE_CURVE('',#5845,#5798,#5868,.T.);
#5868 = SURFACE_CURVE('',#5869,(#5873,#5880),.PCURVE_S1.);
#5869 = LINE('',#5870,#5871);
#5870 = CARTESIAN_POINT('',(-0.6,-18.,-70.));
#5871 = VECTOR('',#5872,1.);
#5872 = DIRECTION('',(0.,0.,1.));
#5873 = PCURVE('',#93,#5874);
#5874 = DEFINITIONAL_REPRESENTATION('',(#5875),#5879);
#5875 = LINE('',#5876,#5877);
#5876 = CARTESIAN_POINT('',(-70.,-0.6));
#5877 = VECTOR('',#5878,1.);
#5878 = DIRECTION('',(1.,0.));
#5879 = ( GEOMETRIC_REPRESENTATION_CONTEXT(2) 
PARAMETRIC_REPRESENTATION_CONTEXT() REPRESENTATION_CONTEXT('2D SPACE',''
  ) );
#5880 = PCURVE('',#390,#5881);
#5881 = DEFINITIONAL_REPRESENTATION('',(#5882),#5886);
#5882 = LINE('',#5883,#5884);
#5883 = CARTESIAN_POINT('',(0.,0.));
#5884 = VECTOR('',#5885,1.);
#5885 = DIRECTION('',(1.,0.));
#5886 = ( GEOMETRIC_REPRESENTATION_CONTEXT(2) 
PARAMETRIC_REPRESENTATION_CONTEXT() REPRESENTATION_CONTEXT('2D SPACE',''
  ) );
#5887 = FACE_BOUND('',#5888,.F.);
#5888 = EDGE_LOOP('',(#5889,#5915,#5938,#5961));
#5889 = ORIENTED_EDGE('',*,*,#5890,.F.);
#5890 = EDGE_CURVE('',#5891,#5893,#5895,.T.);
#5891 = VERTEX_POINT('',#5892);
#5892 = CARTESIAN_POINT('',(6.6,-18.,68.68362250202));
#5893 = VERTEX_POINT('',#5894);
#5894 = CARTESIAN_POINT('',(11.399999999999,-18.,68.051745018038));
#5895 = SURFACE_CURVE('',#5896,(#5901,#5908),.PCURVE_S1.);
#5896 = CIRCLE('',#5897,69.);
#5897 = AXIS2_PLACEMENT_3D('',#5898,#5899,#5900);
#5898 = CARTESIAN_POINT('',(0.,-18.,0.));
#5899 = DIRECTION('',(0.,1.,0.));
#5900 = DIRECTION('',(0.,-0.,1.));
#5901 = PCURVE('',#93,#5902);
#5902 = DEFINITIONAL_REPRESENTATION('',(#5903),#5907);
#5903 = CIRCLE('',#5904,69.);
#5904 = AXIS2_PLACEMENT_2D('',#5905,#5906);
#5905 = CARTESIAN_POINT('',(0.,0.));
#5906 = DIRECTION('',(1.,0.));
#5907 = ( GEOMETRIC_REPRESENTATION_CONTEXT(2) 
PARAMETRIC_REPRESENTATION_CONTEXT() REPRESENTATION_CONTEXT('2D SPACE',''
  ) );
#5908 = PCURVE('',#423,#5909);
#5909 = DEFINITIONAL_REPRESENTATION('',(#5910),#5914);
#5910 = LINE('',#5911,#5912);
#5911 = CARTESIAN_POINT('',(0.,0.1));
#5912 = VECTOR('',#5913,1.);
#5913 = DIRECTION('',(1.,0.));
#5914 = ( GEOMETRIC_REPRESENTATION_CONTEXT(2) 
PARAMETRIC_REPRESENTATION_CONTEXT() REPRESENTATION_CONTEXT('2D SPACE',''
  ) );
#5915 = ORIENTED_EDGE('',*,*,#5916,.F.);
#5916 = EDGE_CURVE('',#5917,#5891,#5919,.T.);
#5917 = VERTEX_POINT('',#5918);
#5918 = CARTESIAN_POINT('',(6.6,-18.,0.6));
#5919 = SURFACE_CURVE('',#5920,(#5924,#5931),.PCURVE_S1.);
#5920 = LINE('',#5921,#5922);
#5921 = CARTESIAN_POINT('',(6.6,-18.,-70.));
#5922 = VECTOR('',#5923,1.);
#5923 = DIRECTION('',(0.,0.,1.));
#5924 = PCURVE('',#93,#5925);
#5925 = DEFINITIONAL_REPRESENTATION('',(#5926),#5930);
#5926 = LINE('',#5927,#5928);
#5927 = CARTESIAN_POINT('',(-70.,6.6));
#5928 = VECTOR('',#5929,1.);
#5929 = DIRECTION('',(1.,0.));
#5930 = ( GEOMETRIC_REPRESENTATION_CONTEXT(2) 
PARAMETRIC_REPRESENTATION_CONTEXT() REPRESENTATION_CONTEXT('2D SPACE',''
  ) );
#5931 = PCURVE('',#451,#5932);
#5932 = DEFINITIONAL_REPRESENTATION('',(#5933),#5937);
#5933 = LINE('',#5934,#5935);
#5934 = CARTESIAN_POINT('',(0.,0.));
#5935 = VECTOR('',#5936,1.);
#5936 = DIRECTION('',(1.,0.));
#5937 = ( GEOMETRIC_REPRESENTATION_CONTEXT(2) 
PARAMETRIC_REPRESENTATION_CONTEXT() REPRESENTATION_CONTEXT('2D SPACE',''
  ) );
#5938 = ORIENTED_EDGE('',*,*,#5939,.T.);
#5939 = EDGE_CURVE('',#5917,#5940,#5942,.T.);
#5940 = VERTEX_POINT('',#5941);
#5941 = CARTESIAN_POINT('',(11.4,-18.,0.6));
#5942 = SURFACE_CURVE('',#5943,(#5947,#5954),.PCURVE_S1.);
#5943 = LINE('',#5944,#5945);
#5944 = CARTESIAN_POINT('',(-70.,-18.,0.6));
#5945 = VECTOR('',#5946,1.);
#5946 = DIRECTION('',(1.,0.,0.));
#5947 = PCURVE('',#93,#5948);
#5948 = DEFINITIONAL_REPRESENTATION('',(#5949),#5953);
#5949 = LINE('',#5950,#5951);
#5950 = CARTESIAN_POINT('',(0.6,-70.));
#5951 = VECTOR('',#5952,1.);
#5952 = DIRECTION('',(0.,1.));
#5953 = ( GEOMETRIC_REPRESENTATION_CONTEXT(2) 
PARAMETRIC_REPRESENTATION_CONTEXT() REPRESENTATION_CONTEXT('2D SPACE',''
  ) );
#5954 = PCURVE('',#479,#5955);
#5955 = DEFINITIONAL_REPRESENTATION('',(#5956),#5960);
#5956 = LINE('',#5957,#5958);
#5957 = CARTESIAN_POINT('',(0.,0.));
#5958 = VECTOR('',#5959,1.);
#5959 = DIRECTION('',(1.,0.));
#5960 = ( GEOMETRIC_REPRESENTATION_CONTEXT(2) 
PARAMETRIC_REPRESENTATION_CONTEXT() REPRESENTATION_CONTEXT('2D SPACE',''
  ) );
#5961 = ORIENTED_EDGE('',*,*,#5962,.T.);
#5962 = EDGE_CURVE('',#5940,#5893,#5963,.T.);
#5963 = SURFACE_CURVE('',#5964,(#5968,#5975),.PCURVE_S1.);
#5964 = LINE('',#5965,#5966);
#5965 = CARTESIAN_POINT('',(11.4,-18.,-70.));
#5966 = VECTOR('',#5967,1.);
#5967 = DIRECTION('',(0.,0.,1.));
#5968 = PCURVE('',#93,#5969);
#5969 = DEFINITIONAL_REPRESENTATION('',(#5970),#5974);
#5970 = LINE('',#5971,#5972);
#5971 = CARTESIAN_POINT('',(-70.,11.4));
#5972 = VECTOR('',#5973,1.);
#5973 = DIRECTION('',(1.,0.));
#5974 = ( GEOMETRIC_REPRESENTATION_CONTEXT(2) 
PARAMETRIC_REPRESENTATION_CONTEXT() REPRESENTATION_CONTEXT('2D SPACE',''
  ) );
#5975 = PCURVE('',#505,#5976);
#5976 = DEFINITIONAL_REPRESENTATION('',(#5977),#5981);
#5977 = LINE('',#5978,#5979);
#5978 = CARTESIAN_POINT('',(0.,0.));
#5979 = VECTOR('',#5980,1.);
#5980 = DIRECTION('',(1.,0.));
#5981 = ( GEOMETRIC_REPRESENTATION_CONTEXT(2) 
PARAMETRIC_REPRESENTATION_CONTEXT() REPRESENTATION_CONTEXT('2D SPACE',''
  ) );
#5982 = FACE_BOUND('',#5983,.F.);
#5983 = EDGE_LOOP('',(#5984,#6010,#6033,#6056));
#5984 = ORIENTED_EDGE('',*,*,#5985,.F.);
#5985 = EDGE_CURVE('',#5986,#5988,#5990,.T.);
#5986 = VERTEX_POINT('',#5987);
#5987 = CARTESIAN_POINT('',(-11.39999999999,-18.,68.051745018038));
#5988 = VERTEX_POINT('',#5989);
#5989 = CARTESIAN_POINT('',(-6.6,-18.,68.68362250202));
#5990 = SURFACE_CURVE('',#5991,(#5996,#6003),.PCURVE_S1.);
#5991 = CIRCLE('',#5992,69.);
#5992 = AXIS2_PLACEMENT_3D('',#5993,#5994,#5995);
#5993 = CARTESIAN_POINT('',(0.,-18.,0.));
#5994 = DIRECTION('',(0.,1.,0.));
#5995 = DIRECTION('',(0.,-0.,1.));
#5996 = PCURVE('',#93,#5997);
#5997 = DEFINITIONAL_REPRESENTATION('',(#5998),#6002);
#5998 = CIRCLE('',#5999,69.);
#5999 = AXIS2_PLACEMENT_2D('',#6000,#6001);
#6000 = CARTESIAN_POINT('',(0.,0.));
#6001 = DIRECTION('',(1.,0.));
#6002 = ( GEOMETRIC_REPRESENTATION_CONTEXT(2) 
PARAMETRIC_REPRESENTATION_CONTEXT() REPRESENTATION_CONTEXT('2D SPACE',''
  ) );
#6003 = PCURVE('',#538,#6004);
#6004 = DEFINITIONAL_REPRESENTATION('',(#6005),#6009);
#6005 = LINE('',#6006,#6007);
#6006 = CARTESIAN_POINT('',(0.,0.1));
#6007 = VECTOR('',#6008,1.);
#6008 = DIRECTION('',(1.,0.));
#6009 = ( GEOMETRIC_REPRESENTATION_CONTEXT(2) 
PARAMETRIC_REPRESENTATION_CONTEXT() REPRESENTATION_CONTEXT('2D SPACE',''
  ) );
#6010 = ORIENTED_EDGE('',*,*,#6011,.F.);
#6011 = EDGE_CURVE('',#6012,#5986,#6014,.T.);
#6012 = VERTEX_POINT('',#6013);
#6013 = CARTESIAN_POINT('',(-11.4,-18.,0.6));
#6014 = SURFACE_CURVE('',#6015,(#6019,#6026),.PCURVE_S1.);
#6015 = LINE('',#6016,#6017);
#6016 = CARTESIAN_POINT('',(-11.4,-18.,-70.));
#6017 = VECTOR('',#6018,1.);
#6018 = DIRECTION('',(0.,0.,1.));
#6019 = PCURVE('',#93,#6020);
#6020 = DEFINITIONAL_REPRESENTATION('',(#6021),#6025);
#6021 = LINE('',#6022,#6023);
#6022 = CARTESIAN_POINT('',(-70.,-11.4));
#6023 = VECTOR('',#6024,1.);
#6024 = DIRECTION('',(1.,0.));
#6025 = ( GEOMETRIC_REPRESENTATION_CONTEXT(2) 
PARAMETRIC_REPRESENTATION_CONTEXT() REPRESENTATION_CONTEXT('2D SPACE',''
  ) );
#6026 = PCURVE('',#566,#6027);
#6027 = DEFINITIONAL_REPRESENTATION('',(#6028),#6032);
#6028 = LINE('',#6029,#6030);
#6029 = CARTESIAN_POINT('',(0.,0.));
#6030 = VECTOR('',#6031,1.);
#6031 = DIRECTION('',(1.,0.));
#6032 = ( GEOMETRIC_REPRESENTATION_CONTEXT(2) 
PARAMETRIC_REPRESENTATION_CONTEXT() REPRESENTATION_CONTEXT('2D SPACE',''
  ) );
#6033 = ORIENTED_EDGE('',*,*,#6034,.T.);
#6034 = EDGE_CURVE('',#6012,#6035,#6037,.T.);
#6035 = VERTEX_POINT('',#6036);
#6036 = CARTESIAN_POINT('',(-6.6,-18.,0.6));
#6037 = SURFACE_CURVE('',#6038,(#6042,#6049),.PCURVE_S1.);
#6038 = LINE('',#6039,#6040);
#6039 = CARTESIAN_POINT('',(-70.,-18.,0.6));
#6040 = VECTOR('',#6041,1.);
#6041 = DIRECTION('',(1.,0.,0.));
#6042 = PCURVE('',#93,#6043);
#6043 = DEFINITIONAL_REPRESENTATION('',(#6044),#6048);
#6044 = LINE('',#6045,#6046);
#6045 = CARTESIAN_POINT('',(0.6,-70.));
#6046 = VECTOR('',#6047,1.);
#6047 = DIRECTION('',(0.,1.));
#6048 = ( GEOMETRIC_REPRESENTATION_CONTEXT(2) 
PARAMETRIC_REPRESENTATION_CONTEXT() REPRESENTATION_CONTEXT('2D SPACE',''
  ) );
#6049 = PCURVE('',#594,#6050);
#6050 = DEFINITIONAL_REPRESENTATION('',(#6051),#6055);
#6051 = LINE('',#6052,#6053);
#6052 = CARTESIAN_POINT('',(0.,0.));
#6053 = VECTOR('',#6054,1.);
#6054 = DIRECTION('',(1.,0.));
#6055 = ( GEOMETRIC_REPRESENTATION_CONTEXT(2) 
PARAMETRIC_REPRESENTATION_CONTEXT() REPRESENTATION_CONTEXT('2D SPACE',''
  ) );
#6056 = ORIENTED_EDGE('',*,*,#6057,.T.);
#6057 = EDGE_CURVE('',#6035,#5988,#6058,.T.);
#6058 = SURFACE_CURVE('',#6059,(#6063,#6070),.PCURVE_S1.);
#6059 = LINE('',#6060,#6061);
#6060 = CARTESIAN_POINT('',(-6.6,-18.,-70.));
#6061 = VECTOR('',#6062,1.);
#6062 = DIRECTION('',(0.,0.,1.));
#6063 = PCURVE('',#93,#6064);
#6064 = DEFINITIONAL_REPRESENTATION('',(#6065),#6069);
#6065 = LINE('',#6066,#6067);
#6066 = CARTESIAN_POINT('',(-70.,-6.6));
#6067 = VECTOR('',#6068,1.);
#6068 = DIRECTION('',(1.,0.));
#6069 = ( GEOMETRIC_REPRESENTATION_CONTEXT(2) 
PARAMETRIC_REPRESENTATION_CONTEXT() REPRESENTATION_CONTEXT('2D SPACE',''
  ) );
#6070 = PCURVE('',#620,#6071);
#6071 = DEFINITIONAL_REPRESENTATION('',(#6072),#6076);
#6072 = LINE('',#6073,#6074);
#6073 = CARTESIAN_POINT('',(0.,0.));
#6074 = VECTOR('',#6075,1.);
#6075 = DIRECTION('',(1.,0.));
#6076 = ( GEOMETRIC_REPRESENTATION_CONTEXT(2) 
PARAMETRIC_REPRESENTATION_CONTEXT() REPRESENTATION_CONTEXT('2D SPACE',''
  ) );
#6077 = FACE_BOUND('',#6078,.F.);
#6078 = EDGE_LOOP('',(#6079,#6105,#6128,#6151));
#6079 = ORIENTED_EDGE('',*,*,#6080,.F.);
#6080 = EDGE_CURVE('',#6081,#6083,#6085,.T.);
#6081 = VERTEX_POINT('',#6082);
#6082 = CARTESIAN_POINT('',(12.600000000001,-18.,67.839811320492));
#6083 = VERTEX_POINT('',#6084);
#6084 = CARTESIAN_POINT('',(17.399999999999,-18.,66.770053167569));
#6085 = SURFACE_CURVE('',#6086,(#6091,#6098),.PCURVE_S1.);
#6086 = CIRCLE('',#6087,69.);
#6087 = AXIS2_PLACEMENT_3D('',#6088,#6089,#6090);
#6088 = CARTESIAN_POINT('',(0.,-18.,0.));
#6089 = DIRECTION('',(0.,1.,0.));
#6090 = DIRECTION('',(0.,-0.,1.));
#6091 = PCURVE('',#93,#6092);
#6092 = DEFINITIONAL_REPRESENTATION('',(#6093),#6097);
#6093 = CIRCLE('',#6094,69.);
#6094 = AXIS2_PLACEMENT_2D('',#6095,#6096);
#6095 = CARTESIAN_POINT('',(0.,0.));
#6096 = DIRECTION('',(1.,0.));
#6097 = ( GEOMETRIC_REPRESENTATION_CONTEXT(2) 
PARAMETRIC_REPRESENTATION_CONTEXT() REPRESENTATION_CONTEXT('2D SPACE',''
  ) );
#6098 = PCURVE('',#653,#6099);
#6099 = DEFINITIONAL_REPRESENTATION('',(#6100),#6104);
#6100 = LINE('',#6101,#6102);
#6101 = CARTESIAN_POINT('',(0.,0.1));
#6102 = VECTOR('',#6103,1.);
#6103 = DIRECTION('',(1.,0.));
#6104 = ( GEOMETRIC_REPRESENTATION_CONTEXT(2) 
PARAMETRIC_REPRESENTATION_CONTEXT() REPRESENTATION_CONTEXT('2D SPACE',''
  ) );
#6105 = ORIENTED_EDGE('',*,*,#6106,.F.);
#6106 = EDGE_CURVE('',#6107,#6081,#6109,.T.);
#6107 = VERTEX_POINT('',#6108);
#6108 = CARTESIAN_POINT('',(12.6,-18.,0.6));
#6109 = SURFACE_CURVE('',#6110,(#6114,#6121),.PCURVE_S1.);
#6110 = LINE('',#6111,#6112);
#6111 = CARTESIAN_POINT('',(12.6,-18.,-70.));
#6112 = VECTOR('',#6113,1.);
#6113 = DIRECTION('',(0.,0.,1.));
#6114 = PCURVE('',#93,#6115);
#6115 = DEFINITIONAL_REPRESENTATION('',(#6116),#6120);
#6116 = LINE('',#6117,#6118);
#6117 = CARTESIAN_POINT('',(-70.,12.6));
#6118 = VECTOR('',#6119,1.);
#6119 = DIRECTION('',(1.,0.));
#6120 = ( GEOMETRIC_REPRESENTATION_CONTEXT(2) 
PARAMETRIC_REPRESENTATION_CONTEXT() REPRESENTATION_CONTEXT('2D SPACE',''
  ) );
#6121 = PCURVE('',#681,#6122);
#6122 = DEFINITIONAL_REPRESENTATION('',(#6123),#6127);
#6123 = LINE('',#6124,#6125);
#6124 = CARTESIAN_POINT('',(0.,0.));
#6125 = VECTOR('',#6126,1.);
#6126 = DIRECTION('',(1.,0.));
#6127 = ( GEOMETRIC_REPRESENTATION_CONTEXT(2) 
PARAMETRIC_REPRESENTATION_CONTEXT() REPRESENTATION_CONTEXT('2D SPACE',''
  ) );
#6128 = ORIENTED_EDGE('',*,*,#6129,.T.);
#6129 = EDGE_CURVE('',#6107,#6130,#6132,.T.);
#6130 = VERTEX_POINT('',#6131);
#6131 = CARTESIAN_POINT('',(17.4,-18.,0.6));
#6132 = SURFACE_CURVE('',#6133,(#6137,#6144),.PCURVE_S1.);
#6133 = LINE('',#6134,#6135);
#6134 = CARTESIAN_POINT('',(-70.,-18.,0.6));
#6135 = VECTOR('',#6136,1.);
#6136 = DIRECTION('',(1.,0.,0.));
#6137 = PCURVE('',#93,#6138);
#6138 = DEFINITIONAL_REPRESENTATION('',(#6139),#6143);
#6139 = LINE('',#6140,#6141);
#6140 = CARTESIAN_POINT('',(0.6,-70.));
#6141 = VECTOR('',#6142,1.);
#6142 = DIRECTION('',(0.,1.));
#6143 = ( GEOMETRIC_REPRESENTATION_CONTEXT(2) 
PARAMETRIC_REPRESENTATION_CONTEXT() REPRESENTATION_CONTEXT('2D SPACE',''
  ) );
#6144 = PCURVE('',#709,#6145);
#6145 = DEFINITIONAL_REPRESENTATION('',(#6146),#6150);
#6146 = LINE('',#6147,#6148);
#6147 = CARTESIAN_POINT('',(0.,0.));
#6148 = VECTOR('',#6149,1.);
#6149 = DIRECTION('',(1.,0.));
#6150 = ( GEOMETRIC_REPRESENTATION_CONTEXT(2) 
PARAMETRIC_REPRESENTATION_CONTEXT() REPRESENTATION_CONTEXT('2D SPACE',''
  ) );
#6151 = ORIENTED_EDGE('',*,*,#6152,.T.);
#6152 = EDGE_CURVE('',#6130,#6083,#6153,.T.);
#6153 = SURFACE_CURVE('',#6154,(#6158,#6165),.PCURVE_S1.);
#6154 = LINE('',#6155,#6156);
#6155 = CARTESIAN_POINT('',(17.4,-18.,-70.));
#6156 = VECTOR('',#6157,1.);
#6157 = DIRECTION('',(0.,0.,1.));
#6158 = PCURVE('',#93,#6159);
#6159 = DEFINITIONAL_REPRESENTATION('',(#6160),#6164);
#6160 = LINE('',#6161,#6162);
#6161 = CARTESIAN_POINT('',(-70.,17.4));
#6162 = VECTOR('',#6163,1.);
#6163 = DIRECTION('',(1.,0.));
#6164 = ( GEOMETRIC_REPRESENTATION_CONTEXT(2) 
PARAMETRIC_REPRESENTATION_CONTEXT() REPRESENTATION_CONTEXT('2D SPACE',''
  ) );
#6165 = PCURVE('',#735,#6166);
#6166 = DEFINITIONAL_REPRESENTATION('',(#6167),#6171);
#6167 = LINE('',#6168,#6169);
#6168 = CARTESIAN_POINT('',(0.,0.));
#6169 = VECTOR('',#6170,1.);
#6170 = DIRECTION('',(1.,0.));
#6171 = ( GEOMETRIC_REPRESENTATION_CONTEXT(2) 
PARAMETRIC_REPRESENTATION_CONTEXT() REPRESENTATION_CONTEXT('2D SPACE',''
  ) );
#6172 = FACE_BOUND('',#6173,.F.);
#6173 = EDGE_LOOP('',(#6174,#6200,#6223,#6246));
#6174 = ORIENTED_EDGE('',*,*,#6175,.F.);
#6175 = EDGE_CURVE('',#6176,#6178,#6180,.T.);
#6176 = VERTEX_POINT('',#6177);
#6177 = CARTESIAN_POINT('',(-17.39999999999,-18.,66.770053167569));
#6178 = VERTEX_POINT('',#6179);
#6179 = CARTESIAN_POINT('',(-12.6,-18.,67.839811320492));
#6180 = SURFACE_CURVE('',#6181,(#6186,#6193),.PCURVE_S1.);
#6181 = CIRCLE('',#6182,69.);
#6182 = AXIS2_PLACEMENT_3D('',#6183,#6184,#6185);
#6183 = CARTESIAN_POINT('',(0.,-18.,0.));
#6184 = DIRECTION('',(0.,1.,0.));
#6185 = DIRECTION('',(0.,-0.,1.));
#6186 = PCURVE('',#93,#6187);
#6187 = DEFINITIONAL_REPRESENTATION('',(#6188),#6192);
#6188 = CIRCLE('',#6189,69.);
#6189 = AXIS2_PLACEMENT_2D('',#6190,#6191);
#6190 = CARTESIAN_POINT('',(0.,0.));
#6191 = DIRECTION('',(1.,0.));
#6192 = ( GEOMETRIC_REPRESENTATION_CONTEXT(2) 
PARAMETRIC_REPRESENTATION_CONTEXT() REPRESENTATION_CONTEXT('2D SPACE',''
  ) );
#6193 = PCURVE('',#768,#6194);
#6194 = DEFINITIONAL_REPRESENTATION('',(#6195),#6199);
#6195 = LINE('',#6196,#6197);
#6196 = CARTESIAN_POINT('',(0.,0.1));
#6197 = VECTOR('',#6198,1.);
#6198 = DIRECTION('',(1.,0.));
#6199 = ( GEOMETRIC_REPRESENTATION_CONTEXT(2) 
PARAMETRIC_REPRESENTATION_CONTEXT() REPRESENTATION_CONTEXT('2D SPACE',''
  ) );
#6200 = ORIENTED_EDGE('',*,*,#6201,.F.);
#6201 = EDGE_CURVE('',#6202,#6176,#6204,.T.);
#6202 = VERTEX_POINT('',#6203);
#6203 = CARTESIAN_POINT('',(-17.4,-18.,0.6));
#6204 = SURFACE_CURVE('',#6205,(#6209,#6216),.PCURVE_S1.);
#6205 = LINE('',#6206,#6207);
#6206 = CARTESIAN_POINT('',(-17.4,-18.,-70.));
#6207 = VECTOR('',#6208,1.);
#6208 = DIRECTION('',(0.,0.,1.));
#6209 = PCURVE('',#93,#6210);
#6210 = DEFINITIONAL_REPRESENTATION('',(#6211),#6215);
#6211 = LINE('',#6212,#6213);
#6212 = CARTESIAN_POINT('',(-70.,-17.4));
#6213 = VECTOR('',#6214,1.);
#6214 = DIRECTION('',(1.,0.));
#6215 = ( GEOMETRIC_REPRESENTATION_CONTEXT(2) 
PARAMETRIC_REPRESENTATION_CONTEXT() REPRESENTATION_CONTEXT('2D SPACE',''
  ) );
#6216 = PCURVE('',#796,#6217);
#6217 = DEFINITIONAL_REPRESENTATION('',(#6218),#6222);
#6218 = LINE('',#6219,#6220);
#6219 = CARTESIAN_POINT('',(0.,0.));
#6220 = VECTOR('',#6221,1.);
#6221 = DIRECTION('',(1.,0.));
#6222 = ( GEOMETRIC_REPRESENTATION_CONTEXT(2) 
PARAMETRIC_REPRESENTATION_CONTEXT() REPRESENTATION_CONTEXT('2D SPACE',''
  ) );
#6223 = ORIENTED_EDGE('',*,*,#6224,.T.);
#6224 = EDGE_CURVE('',#6202,#6225,#6227,.T.);
#6225 = VERTEX_POINT('',#6226);
#6226 = CARTESIAN_POINT('',(-12.6,-18.,0.6));
#6227 = SURFACE_CURVE('',#6228,(#6232,#6239),.PCURVE_S1.);
#6228 = LINE('',#6229,#6230);
#6229 = CARTESIAN_POINT('',(-70.,-18.,0.6));
#6230 = VECTOR('',#6231,1.);
#6231 = DIRECTION('',(1.,0.,0.));
#6232 = PCURVE('',#93,#6233);
#6233 = DEFINITIONAL_REPRESENTATION('',(#6234),#6238);
#6234 = LINE('',#6235,#6236);
#6235 = CARTESIAN_POINT('',(0.6,-70.));
#6236 = VECTOR('',#6237,1.);
#6237 = DIRECTION('',(0.,1.));
#6238 = ( GEOMETRIC_REPRESENTATION_CONTEXT(2) 
PARAMETRIC_REPRESENTATION_CONTEXT() REPRESENTATION_CONTEXT('2D SPACE',''
  ) );
#6239 = PCURVE('',#824,#6240);
#6240 = DEFINITIONAL_REPRESENTATION('',(#6241),#6245);
#6241 = LINE('',#6242,#6243);
#6242 = CARTESIAN_POINT('',(0.,0.));
#6243 = VECTOR('',#6244,1.);
#6244 = DIRECTION('',(1.,0.));
#6245 = ( GEOMETRIC_REPRESENTATION_CONTEXT(2) 
PARAMETRIC_REPRESENTATION_CONTEXT() REPRESENTATION_CONTEXT('2D SPACE',''
  ) );
#6246 = ORIENTED_EDGE('',*,*,#6247,.T.);
#6247 = EDGE_CURVE('',#6225,#6178,#6248,.T.);
#6248 = SURFACE_CURVE('',#6249,(#6253,#6260),.PCURVE_S1.);
#6249 = LINE('',#6250,#6251);
#6250 = CARTESIAN_POINT('',(-12.6,-18.,-70.));
#6251 = VECTOR('',#6252,1.);
#6252 = DIRECTION('',(0.,0.,1.));
#6253 = PCURVE('',#93,#6254);
#6254 = DEFINITIONAL_REPRESENTATION('',(#6255),#6259);
#6255 = LINE('',#6256,#6257);
#6256 = CARTESIAN_POINT('',(-70.,-12.6));
#6257 = VECTOR('',#6258,1.);
#6258 = DIRECTION('',(1.,0.));
#6259 = ( GEOMETRIC_REPRESENTATION_CONTEXT(2) 
PARAMETRIC_REPRESENTATION_CONTEXT() REPRESENTATION_CONTEXT('2D SPACE',''
  ) );
#6260 = PCURVE('',#850,#6261);
#6261 = DEFINITIONAL_REPRESENTATION('',(#6262),#6266);
#6262 = LINE('',#6263,#6264);
#6263 = CARTESIAN_POINT('',(0.,0.));
#6264 = VECTOR('',#6265,1.);
#6265 = DIRECTION('',(1.,0.));
#6266 = ( GEOMETRIC_REPRESENTATION_CONTEXT(2) 
PARAMETRIC_REPRESENTATION_CONTEXT() REPRESENTATION_CONTEXT('2D SPACE',''
  ) );
#6267 = FACE_BOUND('',#6268,.F.);
#6268 = EDGE_LOOP('',(#6269,#6295,#6318,#6341));
#6269 = ORIENTED_EDGE('',*,*,#6270,.F.);
#6270 = EDGE_CURVE('',#6271,#6273,#6275,.T.);
#6271 = VERTEX_POINT('',#6272);
#6272 = CARTESIAN_POINT('',(18.600000000001,-18.,66.445767359554));
#6273 = VERTEX_POINT('',#6274);
#6274 = CARTESIAN_POINT('',(23.399999999999,-18.,64.911016014234));
#6275 = SURFACE_CURVE('',#6276,(#6281,#6288),.PCURVE_S1.);
#6276 = CIRCLE('',#6277,69.);
#6277 = AXIS2_PLACEMENT_3D('',#6278,#6279,#6280);
#6278 = CARTESIAN_POINT('',(0.,-18.,0.));
#6279 = DIRECTION('',(0.,1.,0.));
#6280 = DIRECTION('',(0.,-0.,1.));
#6281 = PCURVE('',#93,#6282);
#6282 = DEFINITIONAL_REPRESENTATION('',(#6283),#6287);
#6283 = CIRCLE('',#6284,69.);
#6284 = AXIS2_PLACEMENT_2D('',#6285,#6286);
#6285 = CARTESIAN_POINT('',(0.,0.));
#6286 = DIRECTION('',(1.,0.));
#6287 = ( GEOMETRIC_REPRESENTATION_CONTEXT(2) 
PARAMETRIC_REPRESENTATION_CONTEXT() REPRESENTATION_CONTEXT('2D SPACE',''
  ) );
#6288 = PCURVE('',#883,#6289);
#6289 = DEFINITIONAL_REPRESENTATION('',(#6290),#6294);
#6290 = LINE('',#6291,#6292);
#6291 = CARTESIAN_POINT('',(0.,0.1));
#6292 = VECTOR('',#6293,1.);
#6293 = DIRECTION('',(1.,0.));
#6294 = ( GEOMETRIC_REPRESENTATION_CONTEXT(2) 
PARAMETRIC_REPRESENTATION_CONTEXT() REPRESENTATION_CONTEXT('2D SPACE',''
  ) );
#6295 = ORIENTED_EDGE('',*,*,#6296,.F.);
#6296 = EDGE_CURVE('',#6297,#6271,#6299,.T.);
#6297 = VERTEX_POINT('',#6298);
#6298 = CARTESIAN_POINT('',(18.6,-18.,0.6));
#6299 = SURFACE_CURVE('',#6300,(#6304,#6311),.PCURVE_S1.);
#6300 = LINE('',#6301,#6302);
#6301 = CARTESIAN_POINT('',(18.6,-18.,-70.));
#6302 = VECTOR('',#6303,1.);
#6303 = DIRECTION('',(0.,0.,1.));
#6304 = PCURVE('',#93,#6305);
#6305 = DEFINITIONAL_REPRESENTATION('',(#6306),#6310);
#6306 = LINE('',#6307,#6308);
#6307 = CARTESIAN_POINT('',(-70.,18.6));
#6308 = VECTOR('',#6309,1.);
#6309 = DIRECTION('',(1.,0.));
#6310 = ( GEOMETRIC_REPRESENTATION_CONTEXT(2) 
PARAMETRIC_REPRESENTATION_CONTEXT() REPRESENTATION_CONTEXT('2D SPACE',''
  ) );
#6311 = PCURVE('',#911,#6312);
#6312 = DEFINITIONAL_REPRESENTATION('',(#6313),#6317);
#6313 = LINE('',#6314,#6315);
#6314 = CARTESIAN_POINT('',(0.,0.));
#6315 = VECTOR('',#6316,1.);
#6316 = DIRECTION('',(1.,0.));
#6317 = ( GEOMETRIC_REPRESENTATION_CONTEXT(2) 
PARAMETRIC_REPRESENTATION_CONTEXT() REPRESENTATION_CONTEXT('2D SPACE',''
  ) );
#6318 = ORIENTED_EDGE('',*,*,#6319,.T.);
#6319 = EDGE_CURVE('',#6297,#6320,#6322,.T.);
#6320 = VERTEX_POINT('',#6321);
#6321 = CARTESIAN_POINT('',(23.4,-18.,0.6));
#6322 = SURFACE_CURVE('',#6323,(#6327,#6334),.PCURVE_S1.);
#6323 = LINE('',#6324,#6325);
#6324 = CARTESIAN_POINT('',(-70.,-18.,0.6));
#6325 = VECTOR('',#6326,1.);
#6326 = DIRECTION('',(1.,0.,0.));
#6327 = PCURVE('',#93,#6328);
#6328 = DEFINITIONAL_REPRESENTATION('',(#6329),#6333);
#6329 = LINE('',#6330,#6331);
#6330 = CARTESIAN_POINT('',(0.6,-70.));
#6331 = VECTOR('',#6332,1.);
#6332 = DIRECTION('',(0.,1.));
#6333 = ( GEOMETRIC_REPRESENTATION_CONTEXT(2) 
PARAMETRIC_REPRESENTATION_CONTEXT() REPRESENTATION_CONTEXT('2D SPACE',''
  ) );
#6334 = PCURVE('',#939,#6335);
#6335 = DEFINITIONAL_REPRESENTATION('',(#6336),#6340);
#6336 = LINE('',#6337,#6338);
#6337 = CARTESIAN_POINT('',(0.,0.));
#6338 = VECTOR('',#6339,1.);
#6339 = DIRECTION('',(1.,0.));
#6340 = ( GEOMETRIC_REPRESENTATION_CONTEXT(2) 
PARAMETRIC_REPRESENTATION_CONTEXT() REPRESENTATION_CONTEXT('2D SPACE',''
  ) );
#6341 = ORIENTED_EDGE('',*,*,#6342,.T.);
#6342 = EDGE_CURVE('',#6320,#6273,#6343,.T.);
#6343 = SURFACE_CURVE('',#6344,(#6348,#6355),.PCURVE_S1.);
#6344 = LINE('',#6345,#6346);
#6345 = CARTESIAN_POINT('',(23.4,-18.,-70.));
#6346 = VECTOR('',#6347,1.);
#6347 = DIRECTION('',(0.,0.,1.));
#6348 = PCURVE('',#93,#6349);
#6349 = DEFINITIONAL_REPRESENTATION('',(#6350),#6354);
#6350 = LINE('',#6351,#6352);
#6351 = CARTESIAN_POINT('',(-70.,23.4));
#6352 = VECTOR('',#6353,1.);
#6353 = DIRECTION('',(1.,0.));
#6354 = ( GEOMETRIC_REPRESENTATION_CONTEXT(2) 
PARAMETRIC_REPRESENTATION_CONTEXT() REPRESENTATION_CONTEXT('2D SPACE',''
  ) );
#6355 = PCURVE('',#965,#6356);
#6356 = DEFINITIONAL_REPRESENTATION('',(#6357),#6361);
#6357 = LINE('',#6358,#6359);
#6358 = CARTESIAN_POINT('',(0.,0.));
#6359 = VECTOR('',#6360,1.);
#6360 = DIRECTION('',(1.,0.));
#6361 = ( GEOMETRIC_REPRESENTATION_CONTEXT(2) 
PARAMETRIC_REPRESENTATION_CONTEXT() REPRESENTATION_CONTEXT('2D SPACE',''
  ) );
#6362 = FACE_BOUND('',#6363,.F.);
#6363 = EDGE_LOOP('',(#6364,#6390,#6413,#6436));
#6364 = ORIENTED_EDGE('',*,*,#6365,.F.);
#6365 = EDGE_CURVE('',#6366,#6368,#6370,.T.);
#6366 = VERTEX_POINT('',#6367);
#6367 = CARTESIAN_POINT('',(-23.39999999999,-18.,64.911016014234));
#6368 = VERTEX_POINT('',#6369);
#6369 = CARTESIAN_POINT('',(-18.6,-18.,66.445767359554));
#6370 = SURFACE_CURVE('',#6371,(#6376,#6383),.PCURVE_S1.);
#6371 = CIRCLE('',#6372,69.);
#6372 = AXIS2_PLACEMENT_3D('',#6373,#6374,#6375);
#6373 = CARTESIAN_POINT('',(0.,-18.,0.));
#6374 = DIRECTION('',(0.,1.,0.));
#6375 = DIRECTION('',(0.,-0.,1.));
#6376 = PCURVE('',#93,#6377);
#6377 = DEFINITIONAL_REPRESENTATION('',(#6378),#6382);
#6378 = CIRCLE('',#6379,69.);
#6379 = AXIS2_PLACEMENT_2D('',#6380,#6381);
#6380 = CARTESIAN_POINT('',(0.,0.));
#6381 = DIRECTION('',(1.,0.));
#6382 = ( GEOMETRIC_REPRESENTATION_CONTEXT(2) 
PARAMETRIC_REPRESENTATION_CONTEXT() REPRESENTATION_CONTEXT('2D SPACE',''
  ) );
#6383 = PCURVE('',#998,#6384);
#6384 = DEFINITIONAL_REPRESENTATION('',(#6385),#6389);
#6385 = LINE('',#6386,#6387);
#6386 = CARTESIAN_POINT('',(0.,0.1));
#6387 = VECTOR('',#6388,1.);
#6388 = DIRECTION('',(1.,0.));
#6389 = ( GEOMETRIC_REPRESENTATION_CONTEXT(2) 
PARAMETRIC_REPRESENTATION_CONTEXT() REPRESENTATION_CONTEXT('2D SPACE',''
  ) );
#6390 = ORIENTED_EDGE('',*,*,#6391,.F.);
#6391 = EDGE_CURVE('',#6392,#6366,#6394,.T.);
#6392 = VERTEX_POINT('',#6393);
#6393 = CARTESIAN_POINT('',(-23.4,-18.,0.6));
#6394 = SURFACE_CURVE('',#6395,(#6399,#6406),.PCURVE_S1.);
#6395 = LINE('',#6396,#6397);
#6396 = CARTESIAN_POINT('',(-23.4,-18.,-70.));
#6397 = VECTOR('',#6398,1.);
#6398 = DIRECTION('',(0.,0.,1.));
#6399 = PCURVE('',#93,#6400);
#6400 = DEFINITIONAL_REPRESENTATION('',(#6401),#6405);
#6401 = LINE('',#6402,#6403);
#6402 = CARTESIAN_POINT('',(-70.,-23.4));
#6403 = VECTOR('',#6404,1.);
#6404 = DIRECTION('',(1.,0.));
#6405 = ( GEOMETRIC_REPRESENTATION_CONTEXT(2) 
PARAMETRIC_REPRESENTATION_CONTEXT() REPRESENTATION_CONTEXT('2D SPACE',''
  ) );
#6406 = PCURVE('',#1026,#6407);
#6407 = DEFINITIONAL_REPRESENTATION('',(#6408),#6412);
#6408 = LINE('',#6409,#6410);
#6409 = CARTESIAN_POINT('',(0.,0.));
#6410 = VECTOR('',#6411,1.);
#6411 = DIRECTION('',(1.,0.));
#6412 = ( GEOMETRIC_REPRESENTATION_CONTEXT(2) 
PARAMETRIC_REPRESENTATION_CONTEXT() REPRESENTATION_CONTEXT('2D SPACE',''
  ) );
#6413 = ORIENTED_EDGE('',*,*,#6414,.T.);
#6414 = EDGE_CURVE('',#6392,#6415,#6417,.T.);
#6415 = VERTEX_POINT('',#6416);
#6416 = CARTESIAN_POINT('',(-18.6,-18.,0.6));
#6417 = SURFACE_CURVE('',#6418,(#6422,#6429),.PCURVE_S1.);
#6418 = LINE('',#6419,#6420);
#6419 = CARTESIAN_POINT('',(-70.,-18.,0.6));
#6420 = VECTOR('',#6421,1.);
#6421 = DIRECTION('',(1.,0.,0.));
#6422 = PCURVE('',#93,#6423);
#6423 = DEFINITIONAL_REPRESENTATION('',(#6424),#6428);
#6424 = LINE('',#6425,#6426);
#6425 = CARTESIAN_POINT('',(0.6,-70.));
#6426 = VECTOR('',#6427,1.);
#6427 = DIRECTION('',(0.,1.));
#6428 = ( GEOMETRIC_REPRESENTATION_CONTEXT(2) 
PARAMETRIC_REPRESENTATION_CONTEXT() REPRESENTATION_CONTEXT('2D SPACE',''
  ) );
#6429 = PCURVE('',#1054,#6430);
#6430 = DEFINITIONAL_REPRESENTATION('',(#6431),#6435);
#6431 = LINE('',#6432,#6433);
#6432 = CARTESIAN_POINT('',(0.,0.));
#6433 = VECTOR('',#6434,1.);
#6434 = DIRECTION('',(1.,0.));
#6435 = ( GEOMETRIC_REPRESENTATION_CONTEXT(2) 
PARAMETRIC_REPRESENTATION_CONTEXT() REPRESENTATION_CONTEXT('2D SPACE',''
  ) );
#6436 = ORIENTED_EDGE('',*,*,#6437,.T.);
#6437 = EDGE_CURVE('',#6415,#6368,#6438,.T.);
#6438 = SURFACE_CURVE('',#6439,(#6443,#6450),.PCURVE_S1.);
#6439 = LINE('',#6440,#6441);
#6440 = CARTESIAN_POINT('',(-18.6,-18.,-70.));
#6441 = VECTOR('',#6442,1.);
#6442 = DIRECTION('',(0.,0.,1.));
#6443 = PCURVE('',#93,#6444);
#6444 = DEFINITIONAL_REPRESENTATION('',(#6445),#6449);
#6445 = LINE('',#6446,#6447);
#6446 = CARTESIAN_POINT('',(-70.,-18.6));
#6447 = VECTOR('',#6448,1.);
#6448 = DIRECTION('',(1.,0.));
#6449 = ( GEOMETRIC_REPRESENTATION_CONTEXT(2) 
PARAMETRIC_REPRESENTATION_CONTEXT() REPRESENTATION_CONTEXT('2D SPACE',''
  ) );
#6450 = PCURVE('',#1080,#6451);
#6451 = DEFINITIONAL_REPRESENTATION('',(#6452),#6456);
#6452 = LINE('',#6453,#6454);
#6453 = CARTESIAN_POINT('',(0.,0.));
#6454 = VECTOR('',#6455,1.);
#6455 = DIRECTION('',(1.,0.));
#6456 = ( GEOMETRIC_REPRESENTATION_CONTEXT(2) 
PARAMETRIC_REPRESENTATION_CONTEXT() REPRESENTATION_CONTEXT('2D SPACE',''
  ) );
#6457 = FACE_BOUND('',#6458,.F.);
#6458 = EDGE_LOOP('',(#6459,#6485,#6508,#6531));
#6459 = ORIENTED_EDGE('',*,*,#6460,.F.);
#6460 = EDGE_CURVE('',#6461,#6463,#6465,.T.);
#6461 = VERTEX_POINT('',#6462);
#6462 = CARTESIAN_POINT('',(24.600000000002,-18.,64.465804889103));
#6463 = VERTEX_POINT('',#6464);
#6464 = CARTESIAN_POINT('',(29.4,-18.,62.423072657471));
#6465 = SURFACE_CURVE('',#6466,(#6471,#6478),.PCURVE_S1.);
#6466 = CIRCLE('',#6467,69.);
#6467 = AXIS2_PLACEMENT_3D('',#6468,#6469,#6470);
#6468 = CARTESIAN_POINT('',(0.,-18.,0.));
#6469 = DIRECTION('',(0.,1.,0.));
#6470 = DIRECTION('',(0.,-0.,1.));
#6471 = PCURVE('',#93,#6472);
#6472 = DEFINITIONAL_REPRESENTATION('',(#6473),#6477);
#6473 = CIRCLE('',#6474,69.);
#6474 = AXIS2_PLACEMENT_2D('',#6475,#6476);
#6475 = CARTESIAN_POINT('',(0.,0.));
#6476 = DIRECTION('',(1.,0.));
#6477 = ( GEOMETRIC_REPRESENTATION_CONTEXT(2) 
PARAMETRIC_REPRESENTATION_CONTEXT() REPRESENTATION_CONTEXT('2D SPACE',''
  ) );
#6478 = PCURVE('',#1113,#6479);
#6479 = DEFINITIONAL_REPRESENTATION('',(#6480),#6484);
#6480 = LINE('',#6481,#6482);
#6481 = CARTESIAN_POINT('',(0.,0.1));
#6482 = VECTOR('',#6483,1.);
#6483 = DIRECTION('',(1.,0.));
#6484 = ( GEOMETRIC_REPRESENTATION_CONTEXT(2) 
PARAMETRIC_REPRESENTATION_CONTEXT() REPRESENTATION_CONTEXT('2D SPACE',''
  ) );
#6485 = ORIENTED_EDGE('',*,*,#6486,.F.);
#6486 = EDGE_CURVE('',#6487,#6461,#6489,.T.);
#6487 = VERTEX_POINT('',#6488);
#6488 = CARTESIAN_POINT('',(24.6,-18.,0.6));
#6489 = SURFACE_CURVE('',#6490,(#6494,#6501),.PCURVE_S1.);
#6490 = LINE('',#6491,#6492);
#6491 = CARTESIAN_POINT('',(24.6,-18.,-70.));
#6492 = VECTOR('',#6493,1.);
#6493 = DIRECTION('',(0.,0.,1.));
#6494 = PCURVE('',#93,#6495);
#6495 = DEFINITIONAL_REPRESENTATION('',(#6496),#6500);
#6496 = LINE('',#6497,#6498);
#6497 = CARTESIAN_POINT('',(-70.,24.6));
#6498 = VECTOR('',#6499,1.);
#6499 = DIRECTION('',(1.,0.));
#6500 = ( GEOMETRIC_REPRESENTATION_CONTEXT(2) 
PARAMETRIC_REPRESENTATION_CONTEXT() REPRESENTATION_CONTEXT('2D SPACE',''
  ) );
#6501 = PCURVE('',#1141,#6502);
#6502 = DEFINITIONAL_REPRESENTATION('',(#6503),#6507);
#6503 = LINE('',#6504,#6505);
#6504 = CARTESIAN_POINT('',(0.,0.));
#6505 = VECTOR('',#6506,1.);
#6506 = DIRECTION('',(1.,0.));
#6507 = ( GEOMETRIC_REPRESENTATION_CONTEXT(2) 
PARAMETRIC_REPRESENTATION_CONTEXT() REPRESENTATION_CONTEXT('2D SPACE',''
  ) );
#6508 = ORIENTED_EDGE('',*,*,#6509,.T.);
#6509 = EDGE_CURVE('',#6487,#6510,#6512,.T.);
#6510 = VERTEX_POINT('',#6511);
#6511 = CARTESIAN_POINT('',(29.4,-18.,0.6));
#6512 = SURFACE_CURVE('',#6513,(#6517,#6524),.PCURVE_S1.);
#6513 = LINE('',#6514,#6515);
#6514 = CARTESIAN_POINT('',(-70.,-18.,0.6));
#6515 = VECTOR('',#6516,1.);
#6516 = DIRECTION('',(1.,0.,0.));
#6517 = PCURVE('',#93,#6518);
#6518 = DEFINITIONAL_REPRESENTATION('',(#6519),#6523);
#6519 = LINE('',#6520,#6521);
#6520 = CARTESIAN_POINT('',(0.6,-70.));
#6521 = VECTOR('',#6522,1.);
#6522 = DIRECTION('',(0.,1.));
#6523 = ( GEOMETRIC_REPRESENTATION_CONTEXT(2) 
PARAMETRIC_REPRESENTATION_CONTEXT() REPRESENTATION_CONTEXT('2D SPACE',''
  ) );
#6524 = PCURVE('',#1169,#6525);
#6525 = DEFINITIONAL_REPRESENTATION('',(#6526),#6530);
#6526 = LINE('',#6527,#6528);
#6527 = CARTESIAN_POINT('',(0.,0.));
#6528 = VECTOR('',#6529,1.);
#6529 = DIRECTION('',(1.,0.));
#6530 = ( GEOMETRIC_REPRESENTATION_CONTEXT(2) 
PARAMETRIC_REPRESENTATION_CONTEXT() REPRESENTATION_CONTEXT('2D SPACE',''
  ) );
#6531 = ORIENTED_EDGE('',*,*,#6532,.T.);
#6532 = EDGE_CURVE('',#6510,#6463,#6533,.T.);
#6533 = SURFACE_CURVE('',#6534,(#6538,#6545),.PCURVE_S1.);
#6534 = LINE('',#6535,#6536);
#6535 = CARTESIAN_POINT('',(29.4,-18.,-70.));
#6536 = VECTOR('',#6537,1.);
#6537 = DIRECTION('',(0.,0.,1.));
#6538 = PCURVE('',#93,#6539);
#6539 = DEFINITIONAL_REPRESENTATION('',(#6540),#6544);
#6540 = LINE('',#6541,#6542);
#6541 = CARTESIAN_POINT('',(-70.,29.4));
#6542 = VECTOR('',#6543,1.);
#6543 = DIRECTION('',(1.,0.));
#6544 = ( GEOMETRIC_REPRESENTATION_CONTEXT(2) 
PARAMETRIC_REPRESENTATION_CONTEXT() REPRESENTATION_CONTEXT('2D SPACE',''
  ) );
#6545 = PCURVE('',#1195,#6546);
#6546 = DEFINITIONAL_REPRESENTATION('',(#6547),#6551);
#6547 = LINE('',#6548,#6549);
#6548 = CARTESIAN_POINT('',(0.,0.));
#6549 = VECTOR('',#6550,1.);
#6550 = DIRECTION('',(1.,0.));
#6551 = ( GEOMETRIC_REPRESENTATION_CONTEXT(2) 
PARAMETRIC_REPRESENTATION_CONTEXT() REPRESENTATION_CONTEXT('2D SPACE',''
  ) );
#6552 = FACE_BOUND('',#6553,.F.);
#6553 = EDGE_LOOP('',(#6554,#6580,#6603,#6626));
#6554 = ORIENTED_EDGE('',*,*,#6555,.F.);
#6555 = EDGE_CURVE('',#6556,#6558,#6560,.T.);
#6556 = VERTEX_POINT('',#6557);
#6557 = CARTESIAN_POINT('',(-29.4,-18.,62.423072657471));
#6558 = VERTEX_POINT('',#6559);
#6559 = CARTESIAN_POINT('',(-24.6,-18.,64.465804889103));
#6560 = SURFACE_CURVE('',#6561,(#6566,#6573),.PCURVE_S1.);
#6561 = CIRCLE('',#6562,69.);
#6562 = AXIS2_PLACEMENT_3D('',#6563,#6564,#6565);
#6563 = CARTESIAN_POINT('',(0.,-18.,0.));
#6564 = DIRECTION('',(0.,1.,0.));
#6565 = DIRECTION('',(0.,-0.,1.));
#6566 = PCURVE('',#93,#6567);
#6567 = DEFINITIONAL_REPRESENTATION('',(#6568),#6572);
#6568 = CIRCLE('',#6569,69.);
#6569 = AXIS2_PLACEMENT_2D('',#6570,#6571);
#6570 = CARTESIAN_POINT('',(0.,0.));
#6571 = DIRECTION('',(1.,0.));
#6572 = ( GEOMETRIC_REPRESENTATION_CONTEXT(2) 
PARAMETRIC_REPRESENTATION_CONTEXT() REPRESENTATION_CONTEXT('2D SPACE',''
  ) );
#6573 = PCURVE('',#1228,#6574);
#6574 = DEFINITIONAL_REPRESENTATION('',(#6575),#6579);
#6575 = LINE('',#6576,#6577);
#6576 = CARTESIAN_POINT('',(0.,0.1));
#6577 = VECTOR('',#6578,1.);
#6578 = DIRECTION('',(1.,0.));
#6579 = ( GEOMETRIC_REPRESENTATION_CONTEXT(2) 
PARAMETRIC_REPRESENTATION_CONTEXT() REPRESENTATION_CONTEXT('2D SPACE',''
  ) );
#6580 = ORIENTED_EDGE('',*,*,#6581,.F.);
#6581 = EDGE_CURVE('',#6582,#6556,#6584,.T.);
#6582 = VERTEX_POINT('',#6583);
#6583 = CARTESIAN_POINT('',(-29.4,-18.,0.6));
#6584 = SURFACE_CURVE('',#6585,(#6589,#6596),.PCURVE_S1.);
#6585 = LINE('',#6586,#6587);
#6586 = CARTESIAN_POINT('',(-29.4,-18.,-70.));
#6587 = VECTOR('',#6588,1.);
#6588 = DIRECTION('',(0.,0.,1.));
#6589 = PCURVE('',#93,#6590);
#6590 = DEFINITIONAL_REPRESENTATION('',(#6591),#6595);
#6591 = LINE('',#6592,#6593);
#6592 = CARTESIAN_POINT('',(-70.,-29.4));
#6593 = VECTOR('',#6594,1.);
#6594 = DIRECTION('',(1.,0.));
#6595 = ( GEOMETRIC_REPRESENTATION_CONTEXT(2) 
PARAMETRIC_REPRESENTATION_CONTEXT() REPRESENTATION_CONTEXT('2D SPACE',''
  ) );
#6596 = PCURVE('',#1256,#6597);
#6597 = DEFINITIONAL_REPRESENTATION('',(#6598),#6602);
#6598 = LINE('',#6599,#6600);
#6599 = CARTESIAN_POINT('',(0.,0.));
#6600 = VECTOR('',#6601,1.);
#6601 = DIRECTION('',(1.,0.));
#6602 = ( GEOMETRIC_REPRESENTATION_CONTEXT(2) 
PARAMETRIC_REPRESENTATION_CONTEXT() REPRESENTATION_CONTEXT('2D SPACE',''
  ) );
#6603 = ORIENTED_EDGE('',*,*,#6604,.T.);
#6604 = EDGE_CURVE('',#6582,#6605,#6607,.T.);
#6605 = VERTEX_POINT('',#6606);
#6606 = CARTESIAN_POINT('',(-24.6,-18.,0.6));
#6607 = SURFACE_CURVE('',#6608,(#6612,#6619),.PCURVE_S1.);
#6608 = LINE('',#6609,#6610);
#6609 = CARTESIAN_POINT('',(-70.,-18.,0.6));
#6610 = VECTOR('',#6611,1.);
#6611 = DIRECTION('',(1.,0.,0.));
#6612 = PCURVE('',#93,#6613);
#6613 = DEFINITIONAL_REPRESENTATION('',(#6614),#6618);
#6614 = LINE('',#6615,#6616);
#6615 = CARTESIAN_POINT('',(0.6,-70.));
#6616 = VECTOR('',#6617,1.);
#6617 = DIRECTION('',(0.,1.));
#6618 = ( GEOMETRIC_REPRESENTATION_CONTEXT(2) 
PARAMETRIC_REPRESENTATION_CONTEXT() REPRESENTATION_CONTEXT('2D SPACE',''
  ) );
#6619 = PCURVE('',#1284,#6620);
#6620 = DEFINITIONAL_REPRESENTATION('',(#6621),#6625);
#6621 = LINE('',#6622,#6623);
#6622 = CARTESIAN_POINT('',(0.,0.));
#6623 = VECTOR('',#6624,1.);
#6624 = DIRECTION('',(1.,0.));
#6625 = ( GEOMETRIC_REPRESENTATION_CONTEXT(2) 
PARAMETRIC_REPRESENTATION_CONTEXT() REPRESENTATION_CONTEXT('2D SPACE',''
  ) );
#6626 = ORIENTED_EDGE('',*,*,#6627,.T.);
#6627 = EDGE_CURVE('',#6605,#6558,#6628,.T.);
#6628 = SURFACE_CURVE('',#6629,(#6633,#6640),.PCURVE_S1.);
#6629 = LINE('',#6630,#6631);
#6630 = CARTESIAN_POINT('',(-24.6,-18.,-70.));
#6631 = VECTOR('',#6632,1.);
#6632 = DIRECTION('',(0.,0.,1.));
#6633 = PCURVE('',#93,#6634);
#6634 = DEFINITIONAL_REPRESENTATION('',(#6635),#6639);
#6635 = LINE('',#6636,#6637);
#6636 = CARTESIAN_POINT('',(-70.,-24.6));
#6637 = VECTOR('',#6638,1.);
#6638 = DIRECTION('',(1.,0.));
#6639 = ( GEOMETRIC_REPRESENTATION_CONTEXT(2) 
PARAMETRIC_REPRESENTATION_CONTEXT() REPRESENTATION_CONTEXT('2D SPACE',''
  ) );
#6640 = PCURVE('',#1310,#6641);
#6641 = DEFINITIONAL_REPRESENTATION('',(#6642),#6646);
#6642 = LINE('',#6643,#6644);
#6643 = CARTESIAN_POINT('',(0.,0.));
#6644 = VECTOR('',#6645,1.);
#6645 = DIRECTION('',(1.,0.));
#6646 = ( GEOMETRIC_REPRESENTATION_CONTEXT(2) 
PARAMETRIC_REPRESENTATION_CONTEXT() REPRESENTATION_CONTEXT('2D SPACE',''
  ) );
#6647 = FACE_BOUND('',#6648,.F.);
#6648 = EDGE_LOOP('',(#6649,#6675,#6698,#6721));
#6649 = ORIENTED_EDGE('',*,*,#6650,.F.);
#6650 = EDGE_CURVE('',#6651,#6653,#6655,.T.);
#6651 = VERTEX_POINT('',#6652);
#6652 = CARTESIAN_POINT('',(30.600000000001,-18.,61.84367388828));
#6653 = VERTEX_POINT('',#6654);
#6654 = CARTESIAN_POINT('',(35.399999999999,-18.,59.227020860416));
#6655 = SURFACE_CURVE('',#6656,(#6661,#6668),.PCURVE_S1.);
#6656 = CIRCLE('',#6657,69.);
#6657 = AXIS2_PLACEMENT_3D('',#6658,#6659,#6660);
#6658 = CARTESIAN_POINT('',(0.,-18.,0.));
#6659 = DIRECTION('',(0.,1.,0.));
#6660 = DIRECTION('',(0.,-0.,1.));
#6661 = PCURVE('',#93,#6662);
#6662 = DEFINITIONAL_REPRESENTATION('',(#6663),#6667);
#6663 = CIRCLE('',#6664,69.);
#6664 = AXIS2_PLACEMENT_2D('',#6665,#6666);
#6665 = CARTESIAN_POINT('',(0.,0.));
#6666 = DIRECTION('',(1.,0.));
#6667 = ( GEOMETRIC_REPRESENTATION_CONTEXT(2) 
PARAMETRIC_REPRESENTATION_CONTEXT() REPRESENTATION_CONTEXT('2D SPACE',''
  ) );
#6668 = PCURVE('',#1343,#6669);
#6669 = DEFINITIONAL_REPRESENTATION('',(#6670),#6674);
#6670 = LINE('',#6671,#6672);
#6671 = CARTESIAN_POINT('',(0.,0.1));
#6672 = VECTOR('',#6673,1.);
#6673 = DIRECTION('',(1.,0.));
#6674 = ( GEOMETRIC_REPRESENTATION_CONTEXT(2) 
PARAMETRIC_REPRESENTATION_CONTEXT() REPRESENTATION_CONTEXT('2D SPACE',''
  ) );
#6675 = ORIENTED_EDGE('',*,*,#6676,.F.);
#6676 = EDGE_CURVE('',#6677,#6651,#6679,.T.);
#6677 = VERTEX_POINT('',#6678);
#6678 = CARTESIAN_POINT('',(30.6,-18.,0.6));
#6679 = SURFACE_CURVE('',#6680,(#6684,#6691),.PCURVE_S1.);
#6680 = LINE('',#6681,#6682);
#6681 = CARTESIAN_POINT('',(30.6,-18.,-70.));
#6682 = VECTOR('',#6683,1.);
#6683 = DIRECTION('',(0.,0.,1.));
#6684 = PCURVE('',#93,#6685);
#6685 = DEFINITIONAL_REPRESENTATION('',(#6686),#6690);
#6686 = LINE('',#6687,#6688);
#6687 = CARTESIAN_POINT('',(-70.,30.6));
#6688 = VECTOR('',#6689,1.);
#6689 = DIRECTION('',(1.,0.));
#6690 = ( GEOMETRIC_REPRESENTATION_CONTEXT(2) 
PARAMETRIC_REPRESENTATION_CONTEXT() REPRESENTATION_CONTEXT('2D SPACE',''
  ) );
#6691 = PCURVE('',#1371,#6692);
#6692 = DEFINITIONAL_REPRESENTATION('',(#6693),#6697);
#6693 = LINE('',#6694,#6695);
#6694 = CARTESIAN_POINT('',(0.,0.));
#6695 = VECTOR('',#6696,1.);
#6696 = DIRECTION('',(1.,0.));
#6697 = ( GEOMETRIC_REPRESENTATION_CONTEXT(2) 
PARAMETRIC_REPRESENTATION_CONTEXT() REPRESENTATION_CONTEXT('2D SPACE',''
  ) );
#6698 = ORIENTED_EDGE('',*,*,#6699,.T.);
#6699 = EDGE_CURVE('',#6677,#6700,#6702,.T.);
#6700 = VERTEX_POINT('',#6701);
#6701 = CARTESIAN_POINT('',(35.4,-18.,0.6));
#6702 = SURFACE_CURVE('',#6703,(#6707,#6714),.PCURVE_S1.);
#6703 = LINE('',#6704,#6705);
#6704 = CARTESIAN_POINT('',(-70.,-18.,0.6));
#6705 = VECTOR('',#6706,1.);
#6706 = DIRECTION('',(1.,0.,0.));
#6707 = PCURVE('',#93,#6708);
#6708 = DEFINITIONAL_REPRESENTATION('',(#6709),#6713);
#6709 = LINE('',#6710,#6711);
#6710 = CARTESIAN_POINT('',(0.6,-70.));
#6711 = VECTOR('',#6712,1.);
#6712 = DIRECTION('',(0.,1.));
#6713 = ( GEOMETRIC_REPRESENTATION_CONTEXT(2) 
PARAMETRIC_REPRESENTATION_CONTEXT() REPRESENTATION_CONTEXT('2D SPACE',''
  ) );
#6714 = PCURVE('',#1399,#6715);
#6715 = DEFINITIONAL_REPRESENTATION('',(#6716),#6720);
#6716 = LINE('',#6717,#6718);
#6717 = CARTESIAN_POINT('',(0.,0.));
#6718 = VECTOR('',#6719,1.);
#6719 = DIRECTION('',(1.,0.));
#6720 = ( GEOMETRIC_REPRESENTATION_CONTEXT(2) 
PARAMETRIC_REPRESENTATION_CONTEXT() REPRESENTATION_CONTEXT('2D SPACE',''
  ) );
#6721 = ORIENTED_EDGE('',*,*,#6722,.T.);
#6722 = EDGE_CURVE('',#6700,#6653,#6723,.T.);
#6723 = SURFACE_CURVE('',#6724,(#6728,#6735),.PCURVE_S1.);
#6724 = LINE('',#6725,#6726);
#6725 = CARTESIAN_POINT('',(35.4,-18.,-70.));
#6726 = VECTOR('',#6727,1.);
#6727 = DIRECTION('',(0.,0.,1.));
#6728 = PCURVE('',#93,#6729);
#6729 = DEFINITIONAL_REPRESENTATION('',(#6730),#6734);
#6730 = LINE('',#6731,#6732);
#6731 = CARTESIAN_POINT('',(-70.,35.4));
#6732 = VECTOR('',#6733,1.);
#6733 = DIRECTION('',(1.,0.));
#6734 = ( GEOMETRIC_REPRESENTATION_CONTEXT(2) 
PARAMETRIC_REPRESENTATION_CONTEXT() REPRESENTATION_CONTEXT('2D SPACE',''
  ) );
#6735 = PCURVE('',#1425,#6736);
#6736 = DEFINITIONAL_REPRESENTATION('',(#6737),#6741);
#6737 = LINE('',#6738,#6739);
#6738 = CARTESIAN_POINT('',(0.,0.));
#6739 = VECTOR('',#6740,1.);
#6740 = DIRECTION('',(1.,0.));
#6741 = ( GEOMETRIC_REPRESENTATION_CONTEXT(2) 
PARAMETRIC_REPRESENTATION_CONTEXT() REPRESENTATION_CONTEXT('2D SPACE',''
  ) );
#6742 = FACE_BOUND('',#6743,.F.);
#6743 = EDGE_LOOP('',(#6744,#6770,#6793,#6816));
#6744 = ORIENTED_EDGE('',*,*,#6745,.F.);
#6745 = EDGE_CURVE('',#6746,#6748,#6750,.T.);
#6746 = VERTEX_POINT('',#6747);
#6747 = CARTESIAN_POINT('',(-35.39999999999,-18.,59.227020860416));
#6748 = VERTEX_POINT('',#6749);
#6749 = CARTESIAN_POINT('',(-30.6,-18.,61.84367388828));
#6750 = SURFACE_CURVE('',#6751,(#6756,#6763),.PCURVE_S1.);
#6751 = CIRCLE('',#6752,69.);
#6752 = AXIS2_PLACEMENT_3D('',#6753,#6754,#6755);
#6753 = CARTESIAN_POINT('',(0.,-18.,0.));
#6754 = DIRECTION('',(0.,1.,0.));
#6755 = DIRECTION('',(0.,-0.,1.));
#6756 = PCURVE('',#93,#6757);
#6757 = DEFINITIONAL_REPRESENTATION('',(#6758),#6762);
#6758 = CIRCLE('',#6759,69.);
#6759 = AXIS2_PLACEMENT_2D('',#6760,#6761);
#6760 = CARTESIAN_POINT('',(0.,0.));
#6761 = DIRECTION('',(1.,0.));
#6762 = ( GEOMETRIC_REPRESENTATION_CONTEXT(2) 
PARAMETRIC_REPRESENTATION_CONTEXT() REPRESENTATION_CONTEXT('2D SPACE',''
  ) );
#6763 = PCURVE('',#1458,#6764);
#6764 = DEFINITIONAL_REPRESENTATION('',(#6765),#6769);
#6765 = LINE('',#6766,#6767);
#6766 = CARTESIAN_POINT('',(0.,0.1));
#6767 = VECTOR('',#6768,1.);
#6768 = DIRECTION('',(1.,0.));
#6769 = ( GEOMETRIC_REPRESENTATION_CONTEXT(2) 
PARAMETRIC_REPRESENTATION_CONTEXT() REPRESENTATION_CONTEXT('2D SPACE',''
  ) );
#6770 = ORIENTED_EDGE('',*,*,#6771,.F.);
#6771 = EDGE_CURVE('',#6772,#6746,#6774,.T.);
#6772 = VERTEX_POINT('',#6773);
#6773 = CARTESIAN_POINT('',(-35.4,-18.,0.6));
#6774 = SURFACE_CURVE('',#6775,(#6779,#6786),.PCURVE_S1.);
#6775 = LINE('',#6776,#6777);
#6776 = CARTESIAN_POINT('',(-35.4,-18.,-70.));
#6777 = VECTOR('',#6778,1.);
#6778 = DIRECTION('',(0.,0.,1.));
#6779 = PCURVE('',#93,#6780);
#6780 = DEFINITIONAL_REPRESENTATION('',(#6781),#6785);
#6781 = LINE('',#6782,#6783);
#6782 = CARTESIAN_POINT('',(-70.,-35.4));
#6783 = VECTOR('',#6784,1.);
#6784 = DIRECTION('',(1.,0.));
#6785 = ( GEOMETRIC_REPRESENTATION_CONTEXT(2) 
PARAMETRIC_REPRESENTATION_CONTEXT() REPRESENTATION_CONTEXT('2D SPACE',''
  ) );
#6786 = PCURVE('',#1486,#6787);
#6787 = DEFINITIONAL_REPRESENTATION('',(#6788),#6792);
#6788 = LINE('',#6789,#6790);
#6789 = CARTESIAN_POINT('',(0.,0.));
#6790 = VECTOR('',#6791,1.);
#6791 = DIRECTION('',(1.,0.));
#6792 = ( GEOMETRIC_REPRESENTATION_CONTEXT(2) 
PARAMETRIC_REPRESENTATION_CONTEXT() REPRESENTATION_CONTEXT('2D SPACE',''
  ) );
#6793 = ORIENTED_EDGE('',*,*,#6794,.T.);
#6794 = EDGE_CURVE('',#6772,#6795,#6797,.T.);
#6795 = VERTEX_POINT('',#6796);
#6796 = CARTESIAN_POINT('',(-30.6,-18.,0.6));
#6797 = SURFACE_CURVE('',#6798,(#6802,#6809),.PCURVE_S1.);
#6798 = LINE('',#6799,#6800);
#6799 = CARTESIAN_POINT('',(-70.,-18.,0.6));
#6800 = VECTOR('',#6801,1.);
#6801 = DIRECTION('',(1.,0.,0.));
#6802 = PCURVE('',#93,#6803);
#6803 = DEFINITIONAL_REPRESENTATION('',(#6804),#6808);
#6804 = LINE('',#6805,#6806);
#6805 = CARTESIAN_POINT('',(0.6,-70.));
#6806 = VECTOR('',#6807,1.);
#6807 = DIRECTION('',(0.,1.));
#6808 = ( GEOMETRIC_REPRESENTATION_CONTEXT(2) 
PARAMETRIC_REPRESENTATION_CONTEXT() REPRESENTATION_CONTEXT('2D SPACE',''
  ) );
#6809 = PCURVE('',#1514,#6810);
#6810 = DEFINITIONAL_REPRESENTATION('',(#6811),#6815);
#6811 = LINE('',#6812,#6813);
#6812 = CARTESIAN_POINT('',(0.,0.));
#6813 = VECTOR('',#6814,1.);
#6814 = DIRECTION('',(1.,0.));
#6815 = ( GEOMETRIC_REPRESENTATION_CONTEXT(2) 
PARAMETRIC_REPRESENTATION_CONTEXT() REPRESENTATION_CONTEXT('2D SPACE',''
  ) );
#6816 = ORIENTED_EDGE('',*,*,#6817,.T.);
#6817 = EDGE_CURVE('',#6795,#6748,#6818,.T.);
#6818 = SURFACE_CURVE('',#6819,(#6823,#6830),.PCURVE_S1.);
#6819 = LINE('',#6820,#6821);
#6820 = CARTESIAN_POINT('',(-30.6,-18.,-70.));
#6821 = VECTOR('',#6822,1.);
#6822 = DIRECTION('',(0.,0.,1.));
#6823 = PCURVE('',#93,#6824);
#6824 = DEFINITIONAL_REPRESENTATION('',(#6825),#6829);
#6825 = LINE('',#6826,#6827);
#6826 = CARTESIAN_POINT('',(-70.,-30.6));
#6827 = VECTOR('',#6828,1.);
#6828 = DIRECTION('',(1.,0.));
#6829 = ( GEOMETRIC_REPRESENTATION_CONTEXT(2) 
PARAMETRIC_REPRESENTATION_CONTEXT() REPRESENTATION_CONTEXT('2D SPACE',''
  ) );
#6830 = PCURVE('',#1540,#6831);
#6831 = DEFINITIONAL_REPRESENTATION('',(#6832),#6836);
#6832 = LINE('',#6833,#6834);
#6833 = CARTESIAN_POINT('',(0.,0.));
#6834 = VECTOR('',#6835,1.);
#6835 = DIRECTION('',(1.,0.));
#6836 = ( GEOMETRIC_REPRESENTATION_CONTEXT(2) 
PARAMETRIC_REPRESENTATION_CONTEXT() REPRESENTATION_CONTEXT('2D SPACE',''
  ) );
#6837 = FACE_BOUND('',#6838,.F.);
#6838 = EDGE_LOOP('',(#6839,#6865,#6888,#6911));
#6839 = ORIENTED_EDGE('',*,*,#6840,.F.);
#6840 = EDGE_CURVE('',#6841,#6843,#6845,.T.);
#6841 = VERTEX_POINT('',#6842);
#6842 = CARTESIAN_POINT('',(36.600000000001,-18.,58.493076513378));
#6843 = VERTEX_POINT('',#6844);
#6844 = CARTESIAN_POINT('',(41.4,-18.,55.2));
#6845 = SURFACE_CURVE('',#6846,(#6851,#6858),.PCURVE_S1.);
#6846 = CIRCLE('',#6847,69.);
#6847 = AXIS2_PLACEMENT_3D('',#6848,#6849,#6850);
#6848 = CARTESIAN_POINT('',(0.,-18.,0.));
#6849 = DIRECTION('',(0.,1.,0.));
#6850 = DIRECTION('',(0.,-0.,1.));
#6851 = PCURVE('',#93,#6852);
#6852 = DEFINITIONAL_REPRESENTATION('',(#6853),#6857);
#6853 = CIRCLE('',#6854,69.);
#6854 = AXIS2_PLACEMENT_2D('',#6855,#6856);
#6855 = CARTESIAN_POINT('',(0.,0.));
#6856 = DIRECTION('',(1.,0.));
#6857 = ( GEOMETRIC_REPRESENTATION_CONTEXT(2) 
PARAMETRIC_REPRESENTATION_CONTEXT() REPRESENTATION_CONTEXT('2D SPACE',''
  ) );
#6858 = PCURVE('',#1573,#6859);
#6859 = DEFINITIONAL_REPRESENTATION('',(#6860),#6864);
#6860 = LINE('',#6861,#6862);
#6861 = CARTESIAN_POINT('',(0.,0.1));
#6862 = VECTOR('',#6863,1.);
#6863 = DIRECTION('',(1.,0.));
#6864 = ( GEOMETRIC_REPRESENTATION_CONTEXT(2) 
PARAMETRIC_REPRESENTATION_CONTEXT() REPRESENTATION_CONTEXT('2D SPACE',''
  ) );
#6865 = ORIENTED_EDGE('',*,*,#6866,.F.);
#6866 = EDGE_CURVE('',#6867,#6841,#6869,.T.);
#6867 = VERTEX_POINT('',#6868);
#6868 = CARTESIAN_POINT('',(36.6,-18.,0.6));
#6869 = SURFACE_CURVE('',#6870,(#6874,#6881),.PCURVE_S1.);
#6870 = LINE('',#6871,#6872);
#6871 = CARTESIAN_POINT('',(36.6,-18.,-70.));
#6872 = VECTOR('',#6873,1.);
#6873 = DIRECTION('',(0.,0.,1.));
#6874 = PCURVE('',#93,#6875);
#6875 = DEFINITIONAL_REPRESENTATION('',(#6876),#6880);
#6876 = LINE('',#6877,#6878);
#6877 = CARTESIAN_POINT('',(-70.,36.6));
#6878 = VECTOR('',#6879,1.);
#6879 = DIRECTION('',(1.,0.));
#6880 = ( GEOMETRIC_REPRESENTATION_CONTEXT(2) 
PARAMETRIC_REPRESENTATION_CONTEXT() REPRESENTATION_CONTEXT('2D SPACE',''
  ) );
#6881 = PCURVE('',#1601,#6882);
#6882 = DEFINITIONAL_REPRESENTATION('',(#6883),#6887);
#6883 = LINE('',#6884,#6885);
#6884 = CARTESIAN_POINT('',(0.,0.));
#6885 = VECTOR('',#6886,1.);
#6886 = DIRECTION('',(1.,0.));
#6887 = ( GEOMETRIC_REPRESENTATION_CONTEXT(2) 
PARAMETRIC_REPRESENTATION_CONTEXT() REPRESENTATION_CONTEXT('2D SPACE',''
  ) );
#6888 = ORIENTED_EDGE('',*,*,#6889,.T.);
#6889 = EDGE_CURVE('',#6867,#6890,#6892,.T.);
#6890 = VERTEX_POINT('',#6891);
#6891 = CARTESIAN_POINT('',(41.4,-18.,0.6));
#6892 = SURFACE_CURVE('',#6893,(#6897,#6904),.PCURVE_S1.);
#6893 = LINE('',#6894,#6895);
#6894 = CARTESIAN_POINT('',(-70.,-18.,0.6));
#6895 = VECTOR('',#6896,1.);
#6896 = DIRECTION('',(1.,0.,0.));
#6897 = PCURVE('',#93,#6898);
#6898 = DEFINITIONAL_REPRESENTATION('',(#6899),#6903);
#6899 = LINE('',#6900,#6901);
#6900 = CARTESIAN_POINT('',(0.6,-70.));
#6901 = VECTOR('',#6902,1.);
#6902 = DIRECTION('',(0.,1.));
#6903 = ( GEOMETRIC_REPRESENTATION_CONTEXT(2) 
PARAMETRIC_REPRESENTATION_CONTEXT() REPRESENTATION_CONTEXT('2D SPACE',''
  ) );
#6904 = PCURVE('',#1629,#6905);
#6905 = DEFINITIONAL_REPRESENTATION('',(#6906),#6910);
#6906 = LINE('',#6907,#6908);
#6907 = CARTESIAN_POINT('',(0.,0.));
#6908 = VECTOR('',#6909,1.);
#6909 = DIRECTION('',(1.,0.));
#6910 = ( GEOMETRIC_REPRESENTATION_CONTEXT(2) 
PARAMETRIC_REPRESENTATION_CONTEXT() REPRESENTATION_CONTEXT('2D SPACE',''
  ) );
#6911 = ORIENTED_EDGE('',*,*,#6912,.T.);
#6912 = EDGE_CURVE('',#6890,#6843,#6913,.T.);
#6913 = SURFACE_CURVE('',#6914,(#6918,#6925),.PCURVE_S1.);
#6914 = LINE('',#6915,#6916);
#6915 = CARTESIAN_POINT('',(41.4,-18.,-70.));
#6916 = VECTOR('',#6917,1.);
#6917 = DIRECTION('',(0.,0.,1.));
#6918 = PCURVE('',#93,#6919);
#6919 = DEFINITIONAL_REPRESENTATION('',(#6920),#6924);
#6920 = LINE('',#6921,#6922);
#6921 = CARTESIAN_POINT('',(-70.,41.4));
#6922 = VECTOR('',#6923,1.);
#6923 = DIRECTION('',(1.,0.));
#6924 = ( GEOMETRIC_REPRESENTATION_CONTEXT(2) 
PARAMETRIC_REPRESENTATION_CONTEXT() REPRESENTATION_CONTEXT('2D SPACE',''
  ) );
#6925 = PCURVE('',#1655,#6926);
#6926 = DEFINITIONAL_REPRESENTATION('',(#6927),#6931);
#6927 = LINE('',#6928,#6929);
#6928 = CARTESIAN_POINT('',(0.,0.));
#6929 = VECTOR('',#6930,1.);
#6930 = DIRECTION('',(1.,0.));
#6931 = ( GEOMETRIC_REPRESENTATION_CONTEXT(2) 
PARAMETRIC_REPRESENTATION_CONTEXT() REPRESENTATION_CONTEXT('2D SPACE',''
  ) );
#6932 = FACE_BOUND('',#6933,.F.);
#6933 = EDGE_LOOP('',(#6934,#6960,#6983,#7006));
#6934 = ORIENTED_EDGE('',*,*,#6935,.F.);
#6935 = EDGE_CURVE('',#6936,#6938,#6940,.T.);
#6936 = VERTEX_POINT('',#6937);
#6937 = CARTESIAN_POINT('',(-41.4,-18.,55.2));
#6938 = VERTEX_POINT('',#6939);
#6939 = CARTESIAN_POINT('',(-36.6,-18.,58.493076513378));
#6940 = SURFACE_CURVE('',#6941,(#6946,#6953),.PCURVE_S1.);
#6941 = CIRCLE('',#6942,69.);
#6942 = AXIS2_PLACEMENT_3D('',#6943,#6944,#6945);
#6943 = CARTESIAN_POINT('',(0.,-18.,0.));
#6944 = DIRECTION('',(0.,1.,0.));
#6945 = DIRECTION('',(0.,-0.,1.));
#6946 = PCURVE('',#93,#6947);
#6947 = DEFINITIONAL_REPRESENTATION('',(#6948),#6952);
#6948 = CIRCLE('',#6949,69.);
#6949 = AXIS2_PLACEMENT_2D('',#6950,#6951);
#6950 = CARTESIAN_POINT('',(0.,0.));
#6951 = DIRECTION('',(1.,0.));
#6952 = ( GEOMETRIC_REPRESENTATION_CONTEXT(2) 
PARAMETRIC_REPRESENTATION_CONTEXT() REPRESENTATION_CONTEXT('2D SPACE',''
  ) );
#6953 = PCURVE('',#1688,#6954);
#6954 = DEFINITIONAL_REPRESENTATION('',(#6955),#6959);
#6955 = LINE('',#6956,#6957);
#6956 = CARTESIAN_POINT('',(0.,0.1));
#6957 = VECTOR('',#6958,1.);
#6958 = DIRECTION('',(1.,0.));
#6959 = ( GEOMETRIC_REPRESENTATION_CONTEXT(2) 
PARAMETRIC_REPRESENTATION_CONTEXT() REPRESENTATION_CONTEXT('2D SPACE',''
  ) );
#6960 = ORIENTED_EDGE('',*,*,#6961,.F.);
#6961 = EDGE_CURVE('',#6962,#6936,#6964,.T.);
#6962 = VERTEX_POINT('',#6963);
#6963 = CARTESIAN_POINT('',(-41.4,-18.,0.6));
#6964 = SURFACE_CURVE('',#6965,(#6969,#6976),.PCURVE_S1.);
#6965 = LINE('',#6966,#6967);
#6966 = CARTESIAN_POINT('',(-41.4,-18.,-70.));
#6967 = VECTOR('',#6968,1.);
#6968 = DIRECTION('',(0.,0.,1.));
#6969 = PCURVE('',#93,#6970);
#6970 = DEFINITIONAL_REPRESENTATION('',(#6971),#6975);
#6971 = LINE('',#6972,#6973);
#6972 = CARTESIAN_POINT('',(-70.,-41.4));
#6973 = VECTOR('',#6974,1.);
#6974 = DIRECTION('',(1.,0.));
#6975 = ( GEOMETRIC_REPRESENTATION_CONTEXT(2) 
PARAMETRIC_REPRESENTATION_CONTEXT() REPRESENTATION_CONTEXT('2D SPACE',''
  ) );
#6976 = PCURVE('',#1716,#6977);
#6977 = DEFINITIONAL_REPRESENTATION('',(#6978),#6982);
#6978 = LINE('',#6979,#6980);
#6979 = CARTESIAN_POINT('',(0.,0.));
#6980 = VECTOR('',#6981,1.);
#6981 = DIRECTION('',(1.,0.));
#6982 = ( GEOMETRIC_REPRESENTATION_CONTEXT(2) 
PARAMETRIC_REPRESENTATION_CONTEXT() REPRESENTATION_CONTEXT('2D SPACE',''
  ) );
#6983 = ORIENTED_EDGE('',*,*,#6984,.T.);
#6984 = EDGE_CURVE('',#6962,#6985,#6987,.T.);
#6985 = VERTEX_POINT('',#6986);
#6986 = CARTESIAN_POINT('',(-36.6,-18.,0.6));
#6987 = SURFACE_CURVE('',#6988,(#6992,#6999),.PCURVE_S1.);
#6988 = LINE('',#6989,#6990);
#6989 = CARTESIAN_POINT('',(-70.,-18.,0.6));
#6990 = VECTOR('',#6991,1.);
#6991 = DIRECTION('',(1.,0.,0.));
#6992 = PCURVE('',#93,#6993);
#6993 = DEFINITIONAL_REPRESENTATION('',(#6994),#6998);
#6994 = LINE('',#6995,#6996);
#6995 = CARTESIAN_POINT('',(0.6,-70.));
#6996 = VECTOR('',#6997,1.);
#6997 = DIRECTION('',(0.,1.));
#6998 = ( GEOMETRIC_REPRESENTATION_CONTEXT(2) 
PARAMETRIC_REPRESENTATION_CONTEXT() REPRESENTATION_CONTEXT('2D SPACE',''
  ) );
#6999 = PCURVE('',#1744,#7000);
#7000 = DEFINITIONAL_REPRESENTATION('',(#7001),#7005);
#7001 = LINE('',#7002,#7003);
#7002 = CARTESIAN_POINT('',(0.,0.));
#7003 = VECTOR('',#7004,1.);
#7004 = DIRECTION('',(1.,0.));
#7005 = ( GEOMETRIC_REPRESENTATION_CONTEXT(2) 
PARAMETRIC_REPRESENTATION_CONTEXT() REPRESENTATION_CONTEXT('2D SPACE',''
  ) );
#7006 = ORIENTED_EDGE('',*,*,#7007,.T.);
#7007 = EDGE_CURVE('',#6985,#6938,#7008,.T.);
#7008 = SURFACE_CURVE('',#7009,(#7013,#7020),.PCURVE_S1.);
#7009 = LINE('',#7010,#7011);
#7010 = CARTESIAN_POINT('',(-36.6,-18.,-70.));
#7011 = VECTOR('',#7012,1.);
#7012 = DIRECTION('',(0.,0.,1.));
#7013 = PCURVE('',#93,#7014);
#7014 = DEFINITIONAL_REPRESENTATION('',(#7015),#7019);
#7015 = LINE('',#7016,#7017);
#7016 = CARTESIAN_POINT('',(-70.,-36.6));
#7017 = VECTOR('',#7018,1.);
#7018 = DIRECTION('',(1.,0.));
#7019 = ( GEOMETRIC_REPRESENTATION_CONTEXT(2) 
PARAMETRIC_REPRESENTATION_CONTEXT() REPRESENTATION_CONTEXT('2D SPACE',''
  ) );
#7020 = PCURVE('',#1770,#7021);
#7021 = DEFINITIONAL_REPRESENTATION('',(#7022),#7026);
#7022 = LINE('',#7023,#7024);
#7023 = CARTESIAN_POINT('',(0.,0.));
#7024 = VECTOR('',#7025,1.);
#7025 = DIRECTION('',(1.,0.));
#7026 = ( GEOMETRIC_REPRESENTATION_CONTEXT(2) 
PARAMETRIC_REPRESENTATION_CONTEXT() REPRESENTATION_CONTEXT('2D SPACE',''
  ) );
#7027 = FACE_BOUND('',#7028,.F.);
#7028 = EDGE_LOOP('',(#7029,#7055,#7078,#7101));
#7029 = ORIENTED_EDGE('',*,*,#7030,.F.);
#7030 = EDGE_CURVE('',#7031,#7033,#7035,.T.);
#7031 = VERTEX_POINT('',#7032);
#7032 = CARTESIAN_POINT('',(42.599999999999,-18.,54.279277813915));
#7033 = VERTEX_POINT('',#7034);
#7034 = CARTESIAN_POINT('',(47.4,-18.,50.142197797863));
#7035 = SURFACE_CURVE('',#7036,(#7041,#7048),.PCURVE_S1.);
#7036 = CIRCLE('',#7037,69.);
#7037 = AXIS2_PLACEMENT_3D('',#7038,#7039,#7040);
#7038 = CARTESIAN_POINT('',(0.,-18.,0.));
#7039 = DIRECTION('',(0.,1.,0.));
#7040 = DIRECTION('',(0.,-0.,1.));
#7041 = PCURVE('',#93,#7042);
#7042 = DEFINITIONAL_REPRESENTATION('',(#7043),#7047);
#7043 = CIRCLE('',#7044,69.);
#7044 = AXIS2_PLACEMENT_2D('',#7045,#7046);
#7045 = CARTESIAN_POINT('',(0.,0.));
#7046 = DIRECTION('',(1.,0.));
#7047 = ( GEOMETRIC_REPRESENTATION_CONTEXT(2) 
PARAMETRIC_REPRESENTATION_CONTEXT() REPRESENTATION_CONTEXT('2D SPACE',''
  ) );
#7048 = PCURVE('',#1803,#7049);
#7049 = DEFINITIONAL_REPRESENTATION('',(#7050),#7054);
#7050 = LINE('',#7051,#7052);
#7051 = CARTESIAN_POINT('',(0.,0.1));
#7052 = VECTOR('',#7053,1.);
#7053 = DIRECTION('',(1.,0.));
#7054 = ( GEOMETRIC_REPRESENTATION_CONTEXT(2) 
PARAMETRIC_REPRESENTATION_CONTEXT() REPRESENTATION_CONTEXT('2D SPACE',''
  ) );
#7055 = ORIENTED_EDGE('',*,*,#7056,.F.);
#7056 = EDGE_CURVE('',#7057,#7031,#7059,.T.);
#7057 = VERTEX_POINT('',#7058);
#7058 = CARTESIAN_POINT('',(42.6,-18.,0.6));
#7059 = SURFACE_CURVE('',#7060,(#7064,#7071),.PCURVE_S1.);
#7060 = LINE('',#7061,#7062);
#7061 = CARTESIAN_POINT('',(42.6,-18.,-70.));
#7062 = VECTOR('',#7063,1.);
#7063 = DIRECTION('',(0.,0.,1.));
#7064 = PCURVE('',#93,#7065);
#7065 = DEFINITIONAL_REPRESENTATION('',(#7066),#7070);
#7066 = LINE('',#7067,#7068);
#7067 = CARTESIAN_POINT('',(-70.,42.6));
#7068 = VECTOR('',#7069,1.);
#7069 = DIRECTION('',(1.,0.));
#7070 = ( GEOMETRIC_REPRESENTATION_CONTEXT(2) 
PARAMETRIC_REPRESENTATION_CONTEXT() REPRESENTATION_CONTEXT('2D SPACE',''
  ) );
#7071 = PCURVE('',#1831,#7072);
#7072 = DEFINITIONAL_REPRESENTATION('',(#7073),#7077);
#7073 = LINE('',#7074,#7075);
#7074 = CARTESIAN_POINT('',(0.,0.));
#7075 = VECTOR('',#7076,1.);
#7076 = DIRECTION('',(1.,0.));
#7077 = ( GEOMETRIC_REPRESENTATION_CONTEXT(2) 
PARAMETRIC_REPRESENTATION_CONTEXT() REPRESENTATION_CONTEXT('2D SPACE',''
  ) );
#7078 = ORIENTED_EDGE('',*,*,#7079,.T.);
#7079 = EDGE_CURVE('',#7057,#7080,#7082,.T.);
#7080 = VERTEX_POINT('',#7081);
#7081 = CARTESIAN_POINT('',(47.4,-18.,0.6));
#7082 = SURFACE_CURVE('',#7083,(#7087,#7094),.PCURVE_S1.);
#7083 = LINE('',#7084,#7085);
#7084 = CARTESIAN_POINT('',(-70.,-18.,0.6));
#7085 = VECTOR('',#7086,1.);
#7086 = DIRECTION('',(1.,0.,0.));
#7087 = PCURVE('',#93,#7088);
#7088 = DEFINITIONAL_REPRESENTATION('',(#7089),#7093);
#7089 = LINE('',#7090,#7091);
#7090 = CARTESIAN_POINT('',(0.6,-70.));
#7091 = VECTOR('',#7092,1.);
#7092 = DIRECTION('',(0.,1.));
#7093 = ( GEOMETRIC_REPRESENTATION_CONTEXT(2) 
PARAMETRIC_REPRESENTATION_CONTEXT() REPRESENTATION_CONTEXT('2D SPACE',''
  ) );
#7094 = PCURVE('',#1859,#7095);
#7095 = DEFINITIONAL_REPRESENTATION('',(#7096),#7100);
#7096 = LINE('',#7097,#7098);
#7097 = CARTESIAN_POINT('',(0.,0.));
#7098 = VECTOR('',#7099,1.);
#7099 = DIRECTION('',(1.,0.));
#7100 = ( GEOMETRIC_REPRESENTATION_CONTEXT(2) 
PARAMETRIC_REPRESENTATION_CONTEXT() REPRESENTATION_CONTEXT('2D SPACE',''
  ) );
#7101 = ORIENTED_EDGE('',*,*,#7102,.T.);
#7102 = EDGE_CURVE('',#7080,#7033,#7103,.T.);
#7103 = SURFACE_CURVE('',#7104,(#7108,#7115),.PCURVE_S1.);
#7104 = LINE('',#7105,#7106);
#7105 = CARTESIAN_POINT('',(47.4,-18.,-70.));
#7106 = VECTOR('',#7107,1.);
#7107 = DIRECTION('',(0.,0.,1.));
#7108 = PCURVE('',#93,#7109);
#7109 = DEFINITIONAL_REPRESENTATION('',(#7110),#7114);
#7110 = LINE('',#7111,#7112);
#7111 = CARTESIAN_POINT('',(-70.,47.4));
#7112 = VECTOR('',#7113,1.);
#7113 = DIRECTION('',(1.,0.));
#7114 = ( GEOMETRIC_REPRESENTATION_CONTEXT(2) 
PARAMETRIC_REPRESENTATION_CONTEXT() REPRESENTATION_CONTEXT('2D SPACE',''
  ) );
#7115 = PCURVE('',#1885,#7116);
#7116 = DEFINITIONAL_REPRESENTATION('',(#7117),#7121);
#7117 = LINE('',#7118,#7119);
#7118 = CARTESIAN_POINT('',(0.,0.));
#7119 = VECTOR('',#7120,1.);
#7120 = DIRECTION('',(1.,0.));
#7121 = ( GEOMETRIC_REPRESENTATION_CONTEXT(2) 
PARAMETRIC_REPRESENTATION_CONTEXT() REPRESENTATION_CONTEXT('2D SPACE',''
  ) );
#7122 = FACE_BOUND('',#7123,.F.);
#7123 = EDGE_LOOP('',(#7124,#7150,#7173,#7196));
#7124 = ORIENTED_EDGE('',*,*,#7125,.F.);
#7125 = EDGE_CURVE('',#7126,#7128,#7130,.T.);
#7126 = VERTEX_POINT('',#7127);
#7127 = CARTESIAN_POINT('',(-47.4,-18.,50.142197797863));
#7128 = VERTEX_POINT('',#7129);
#7129 = CARTESIAN_POINT('',(-42.59999999999,-18.,54.279277813915));
#7130 = SURFACE_CURVE('',#7131,(#7136,#7143),.PCURVE_S1.);
#7131 = CIRCLE('',#7132,69.);
#7132 = AXIS2_PLACEMENT_3D('',#7133,#7134,#7135);
#7133 = CARTESIAN_POINT('',(0.,-18.,0.));
#7134 = DIRECTION('',(0.,1.,0.));
#7135 = DIRECTION('',(0.,-0.,1.));
#7136 = PCURVE('',#93,#7137);
#7137 = DEFINITIONAL_REPRESENTATION('',(#7138),#7142);
#7138 = CIRCLE('',#7139,69.);
#7139 = AXIS2_PLACEMENT_2D('',#7140,#7141);
#7140 = CARTESIAN_POINT('',(0.,0.));
#7141 = DIRECTION('',(1.,0.));
#7142 = ( GEOMETRIC_REPRESENTATION_CONTEXT(2) 
PARAMETRIC_REPRESENTATION_CONTEXT() REPRESENTATION_CONTEXT('2D SPACE',''
  ) );
#7143 = PCURVE('',#1918,#7144);
#7144 = DEFINITIONAL_REPRESENTATION('',(#7145),#7149);
#7145 = LINE('',#7146,#7147);
#7146 = CARTESIAN_POINT('',(0.,0.1));
#7147 = VECTOR('',#7148,1.);
#7148 = DIRECTION('',(1.,0.));
#7149 = ( GEOMETRIC_REPRESENTATION_CONTEXT(2) 
PARAMETRIC_REPRESENTATION_CONTEXT() REPRESENTATION_CONTEXT('2D SPACE',''
  ) );
#7150 = ORIENTED_EDGE('',*,*,#7151,.F.);
#7151 = EDGE_CURVE('',#7152,#7126,#7154,.T.);
#7152 = VERTEX_POINT('',#7153);
#7153 = CARTESIAN_POINT('',(-47.4,-18.,0.6));
#7154 = SURFACE_CURVE('',#7155,(#7159,#7166),.PCURVE_S1.);
#7155 = LINE('',#7156,#7157);
#7156 = CARTESIAN_POINT('',(-47.4,-18.,-70.));
#7157 = VECTOR('',#7158,1.);
#7158 = DIRECTION('',(0.,0.,1.));
#7159 = PCURVE('',#93,#7160);
#7160 = DEFINITIONAL_REPRESENTATION('',(#7161),#7165);
#7161 = LINE('',#7162,#7163);
#7162 = CARTESIAN_POINT('',(-70.,-47.4));
#7163 = VECTOR('',#7164,1.);
#7164 = DIRECTION('',(1.,0.));
#7165 = ( GEOMETRIC_REPRESENTATION_CONTEXT(2) 
PARAMETRIC_REPRESENTATION_CONTEXT() REPRESENTATION_CONTEXT('2D SPACE',''
  ) );
#7166 = PCURVE('',#1946,#7167);
#7167 = DEFINITIONAL_REPRESENTATION('',(#7168),#7172);
#7168 = LINE('',#7169,#7170);
#7169 = CARTESIAN_POINT('',(0.,0.));
#7170 = VECTOR('',#7171,1.);
#7171 = DIRECTION('',(1.,0.));
#7172 = ( GEOMETRIC_REPRESENTATION_CONTEXT(2) 
PARAMETRIC_REPRESENTATION_CONTEXT() REPRESENTATION_CONTEXT('2D SPACE',''
  ) );
#7173 = ORIENTED_EDGE('',*,*,#7174,.T.);
#7174 = EDGE_CURVE('',#7152,#7175,#7177,.T.);
#7175 = VERTEX_POINT('',#7176);
#7176 = CARTESIAN_POINT('',(-42.6,-18.,0.6));
#7177 = SURFACE_CURVE('',#7178,(#7182,#7189),.PCURVE_S1.);
#7178 = LINE('',#7179,#7180);
#7179 = CARTESIAN_POINT('',(-70.,-18.,0.6));
#7180 = VECTOR('',#7181,1.);
#7181 = DIRECTION('',(1.,0.,0.));
#7182 = PCURVE('',#93,#7183);
#7183 = DEFINITIONAL_REPRESENTATION('',(#7184),#7188);
#7184 = LINE('',#7185,#7186);
#7185 = CARTESIAN_POINT('',(0.6,-70.));
#7186 = VECTOR('',#7187,1.);
#7187 = DIRECTION('',(0.,1.));
#7188 = ( GEOMETRIC_REPRESENTATION_CONTEXT(2) 
PARAMETRIC_REPRESENTATION_CONTEXT() REPRESENTATION_CONTEXT('2D SPACE',''
  ) );
#7189 = PCURVE('',#1974,#7190);
#7190 = DEFINITIONAL_REPRESENTATION('',(#7191),#7195);
#7191 = LINE('',#7192,#7193);
#7192 = CARTESIAN_POINT('',(0.,0.));
#7193 = VECTOR('',#7194,1.);
#7194 = DIRECTION('',(1.,0.));
#7195 = ( GEOMETRIC_REPRESENTATION_CONTEXT(2) 
PARAMETRIC_REPRESENTATION_CONTEXT() REPRESENTATION_CONTEXT('2D SPACE',''
  ) );
#7196 = ORIENTED_EDGE('',*,*,#7197,.T.);
#7197 = EDGE_CURVE('',#7175,#7128,#7198,.T.);
#7198 = SURFACE_CURVE('',#7199,(#7203,#7210),.PCURVE_S1.);
#7199 = LINE('',#7200,#7201);
#7200 = CARTESIAN_POINT('',(-42.6,-18.,-70.));
#7201 = VECTOR('',#7202,1.);
#7202 = DIRECTION('',(0.,0.,1.));
#7203 = PCURVE('',#93,#7204);
#7204 = DEFINITIONAL_REPRESENTATION('',(#7205),#7209);
#7205 = LINE('',#7206,#7207);
#7206 = CARTESIAN_POINT('',(-70.,-42.6));
#7207 = VECTOR('',#7208,1.);
#7208 = DIRECTION('',(1.,0.));
#7209 = ( GEOMETRIC_REPRESENTATION_CONTEXT(2) 
PARAMETRIC_REPRESENTATION_CONTEXT() REPRESENTATION_CONTEXT('2D SPACE',''
  ) );
#7210 = PCURVE('',#2000,#7211);
#7211 = DEFINITIONAL_REPRESENTATION('',(#7212),#7216);
#7212 = LINE('',#7213,#7214);
#7213 = CARTESIAN_POINT('',(0.,0.));
#7214 = VECTOR('',#7215,1.);
#7215 = DIRECTION('',(1.,0.));
#7216 = ( GEOMETRIC_REPRESENTATION_CONTEXT(2) 
PARAMETRIC_REPRESENTATION_CONTEXT() REPRESENTATION_CONTEXT('2D SPACE',''
  ) );
#7217 = FACE_BOUND('',#7218,.F.);
#7218 = EDGE_LOOP('',(#7219,#7245,#7268,#7291));
#7219 = ORIENTED_EDGE('',*,*,#7220,.F.);
#7220 = EDGE_CURVE('',#7221,#7223,#7225,.T.);
#7221 = VERTEX_POINT('',#7222);
#7222 = CARTESIAN_POINT('',(48.6,-18.,48.9799959167));
#7223 = VERTEX_POINT('',#7224);
#7224 = CARTESIAN_POINT('',(53.399999999999,-18.,43.697139494482));
#7225 = SURFACE_CURVE('',#7226,(#7231,#7238),.PCURVE_S1.);
#7226 = CIRCLE('',#7227,69.);
#7227 = AXIS2_PLACEMENT_3D('',#7228,#7229,#7230);
#7228 = CARTESIAN_POINT('',(0.,-18.,0.));
#7229 = DIRECTION('',(0.,1.,0.));
#7230 = DIRECTION('',(0.,-0.,1.));
#7231 = PCURVE('',#93,#7232);
#7232 = DEFINITIONAL_REPRESENTATION('',(#7233),#7237);
#7233 = CIRCLE('',#7234,69.);
#7234 = AXIS2_PLACEMENT_2D('',#7235,#7236);
#7235 = CARTESIAN_POINT('',(0.,0.));
#7236 = DIRECTION('',(1.,0.));
#7237 = ( GEOMETRIC_REPRESENTATION_CONTEXT(2) 
PARAMETRIC_REPRESENTATION_CONTEXT() REPRESENTATION_CONTEXT('2D SPACE',''
  ) );
#7238 = PCURVE('',#2033,#7239);
#7239 = DEFINITIONAL_REPRESENTATION('',(#7240),#7244);
#7240 = LINE('',#7241,#7242);
#7241 = CARTESIAN_POINT('',(0.,0.1));
#7242 = VECTOR('',#7243,1.);
#7243 = DIRECTION('',(1.,0.));
#7244 = ( GEOMETRIC_REPRESENTATION_CONTEXT(2) 
PARAMETRIC_REPRESENTATION_CONTEXT() REPRESENTATION_CONTEXT('2D SPACE',''
  ) );
#7245 = ORIENTED_EDGE('',*,*,#7246,.F.);
#7246 = EDGE_CURVE('',#7247,#7221,#7249,.T.);
#7247 = VERTEX_POINT('',#7248);
#7248 = CARTESIAN_POINT('',(48.6,-18.,0.6));
#7249 = SURFACE_CURVE('',#7250,(#7254,#7261),.PCURVE_S1.);
#7250 = LINE('',#7251,#7252);
#7251 = CARTESIAN_POINT('',(48.6,-18.,-70.));
#7252 = VECTOR('',#7253,1.);
#7253 = DIRECTION('',(0.,0.,1.));
#7254 = PCURVE('',#93,#7255);
#7255 = DEFINITIONAL_REPRESENTATION('',(#7256),#7260);
#7256 = LINE('',#7257,#7258);
#7257 = CARTESIAN_POINT('',(-70.,48.6));
#7258 = VECTOR('',#7259,1.);
#7259 = DIRECTION('',(1.,0.));
#7260 = ( GEOMETRIC_REPRESENTATION_CONTEXT(2) 
PARAMETRIC_REPRESENTATION_CONTEXT() REPRESENTATION_CONTEXT('2D SPACE',''
  ) );
#7261 = PCURVE('',#2061,#7262);
#7262 = DEFINITIONAL_REPRESENTATION('',(#7263),#7267);
#7263 = LINE('',#7264,#7265);
#7264 = CARTESIAN_POINT('',(0.,0.));
#7265 = VECTOR('',#7266,1.);
#7266 = DIRECTION('',(1.,0.));
#7267 = ( GEOMETRIC_REPRESENTATION_CONTEXT(2) 
PARAMETRIC_REPRESENTATION_CONTEXT() REPRESENTATION_CONTEXT('2D SPACE',''
  ) );
#7268 = ORIENTED_EDGE('',*,*,#7269,.T.);
#7269 = EDGE_CURVE('',#7247,#7270,#7272,.T.);
#7270 = VERTEX_POINT('',#7271);
#7271 = CARTESIAN_POINT('',(53.4,-18.,0.6));
#7272 = SURFACE_CURVE('',#7273,(#7277,#7284),.PCURVE_S1.);
#7273 = LINE('',#7274,#7275);
#7274 = CARTESIAN_POINT('',(-70.,-18.,0.6));
#7275 = VECTOR('',#7276,1.);
#7276 = DIRECTION('',(1.,0.,0.));
#7277 = PCURVE('',#93,#7278);
#7278 = DEFINITIONAL_REPRESENTATION('',(#7279),#7283);
#7279 = LINE('',#7280,#7281);
#7280 = CARTESIAN_POINT('',(0.6,-70.));
#7281 = VECTOR('',#7282,1.);
#7282 = DIRECTION('',(0.,1.));
#7283 = ( GEOMETRIC_REPRESENTATION_CONTEXT(2) 
PARAMETRIC_REPRESENTATION_CONTEXT() REPRESENTATION_CONTEXT('2D SPACE',''
  ) );
#7284 = PCURVE('',#2089,#7285);
#7285 = DEFINITIONAL_REPRESENTATION('',(#7286),#7290);
#7286 = LINE('',#7287,#7288);
#7287 = CARTESIAN_POINT('',(0.,0.));
#7288 = VECTOR('',#7289,1.);
#7289 = DIRECTION('',(1.,0.));
#7290 = ( GEOMETRIC_REPRESENTATION_CONTEXT(2) 
PARAMETRIC_REPRESENTATION_CONTEXT() REPRESENTATION_CONTEXT('2D SPACE',''
  ) );
#7291 = ORIENTED_EDGE('',*,*,#7292,.T.);
#7292 = EDGE_CURVE('',#7270,#7223,#7293,.T.);
#7293 = SURFACE_CURVE('',#7294,(#7298,#7305),.PCURVE_S1.);
#7294 = LINE('',#7295,#7296);
#7295 = CARTESIAN_POINT('',(53.4,-18.,-70.));
#7296 = VECTOR('',#7297,1.);
#7297 = DIRECTION('',(0.,0.,1.));
#7298 = PCURVE('',#93,#7299);
#7299 = DEFINITIONAL_REPRESENTATION('',(#7300),#7304);
#7300 = LINE('',#7301,#7302);
#7301 = CARTESIAN_POINT('',(-70.,53.4));
#7302 = VECTOR('',#7303,1.);
#7303 = DIRECTION('',(1.,0.));
#7304 = ( GEOMETRIC_REPRESENTATION_CONTEXT(2) 
PARAMETRIC_REPRESENTATION_CONTEXT() REPRESENTATION_CONTEXT('2D SPACE',''
  ) );
#7305 = PCURVE('',#2115,#7306);
#7306 = DEFINITIONAL_REPRESENTATION('',(#7307),#7311);
#7307 = LINE('',#7308,#7309);
#7308 = CARTESIAN_POINT('',(0.,0.));
#7309 = VECTOR('',#7310,1.);
#7310 = DIRECTION('',(1.,0.));
#7311 = ( GEOMETRIC_REPRESENTATION_CONTEXT(2) 
PARAMETRIC_REPRESENTATION_CONTEXT() REPRESENTATION_CONTEXT('2D SPACE',''
  ) );
#7312 = FACE_BOUND('',#7313,.F.);
#7313 = EDGE_LOOP('',(#7314,#7340,#7363,#7386));
#7314 = ORIENTED_EDGE('',*,*,#7315,.F.);
#7315 = EDGE_CURVE('',#7316,#7318,#7320,.T.);
#7316 = VERTEX_POINT('',#7317);
#7317 = CARTESIAN_POINT('',(-53.39999999999,-18.,43.697139494482));
#7318 = VERTEX_POINT('',#7319);
#7319 = CARTESIAN_POINT('',(-48.6,-18.,48.9799959167));
#7320 = SURFACE_CURVE('',#7321,(#7326,#7333),.PCURVE_S1.);
#7321 = CIRCLE('',#7322,69.);
#7322 = AXIS2_PLACEMENT_3D('',#7323,#7324,#7325);
#7323 = CARTESIAN_POINT('',(0.,-18.,0.));
#7324 = DIRECTION('',(0.,1.,0.));
#7325 = DIRECTION('',(0.,-0.,1.));
#7326 = PCURVE('',#93,#7327);
#7327 = DEFINITIONAL_REPRESENTATION('',(#7328),#7332);
#7328 = CIRCLE('',#7329,69.);
#7329 = AXIS2_PLACEMENT_2D('',#7330,#7331);
#7330 = CARTESIAN_POINT('',(0.,0.));
#7331 = DIRECTION('',(1.,0.));
#7332 = ( GEOMETRIC_REPRESENTATION_CONTEXT(2) 
PARAMETRIC_REPRESENTATION_CONTEXT() REPRESENTATION_CONTEXT('2D SPACE',''
  ) );
#7333 = PCURVE('',#2148,#7334);
#7334 = DEFINITIONAL_REPRESENTATION('',(#7335),#7339);
#7335 = LINE('',#7336,#7337);
#7336 = CARTESIAN_POINT('',(0.,0.1));
#7337 = VECTOR('',#7338,1.);
#7338 = DIRECTION('',(1.,0.));
#7339 = ( GEOMETRIC_REPRESENTATION_CONTEXT(2) 
PARAMETRIC_REPRESENTATION_CONTEXT() REPRESENTATION_CONTEXT('2D SPACE',''
  ) );
#7340 = ORIENTED_EDGE('',*,*,#7341,.F.);
#7341 = EDGE_CURVE('',#7342,#7316,#7344,.T.);
#7342 = VERTEX_POINT('',#7343);
#7343 = CARTESIAN_POINT('',(-53.4,-18.,0.6));
#7344 = SURFACE_CURVE('',#7345,(#7349,#7356),.PCURVE_S1.);
#7345 = LINE('',#7346,#7347);
#7346 = CARTESIAN_POINT('',(-53.4,-18.,-70.));
#7347 = VECTOR('',#7348,1.);
#7348 = DIRECTION('',(0.,0.,1.));
#7349 = PCURVE('',#93,#7350);
#7350 = DEFINITIONAL_REPRESENTATION('',(#7351),#7355);
#7351 = LINE('',#7352,#7353);
#7352 = CARTESIAN_POINT('',(-70.,-53.4));
#7353 = VECTOR('',#7354,1.);
#7354 = DIRECTION('',(1.,0.));
#7355 = ( GEOMETRIC_REPRESENTATION_CONTEXT(2) 
PARAMETRIC_REPRESENTATION_CONTEXT() REPRESENTATION_CONTEXT('2D SPACE',''
  ) );
#7356 = PCURVE('',#2176,#7357);
#7357 = DEFINITIONAL_REPRESENTATION('',(#7358),#7362);
#7358 = LINE('',#7359,#7360);
#7359 = CARTESIAN_POINT('',(0.,0.));
#7360 = VECTOR('',#7361,1.);
#7361 = DIRECTION('',(1.,0.));
#7362 = ( GEOMETRIC_REPRESENTATION_CONTEXT(2) 
PARAMETRIC_REPRESENTATION_CONTEXT() REPRESENTATION_CONTEXT('2D SPACE',''
  ) );
#7363 = ORIENTED_EDGE('',*,*,#7364,.T.);
#7364 = EDGE_CURVE('',#7342,#7365,#7367,.T.);
#7365 = VERTEX_POINT('',#7366);
#7366 = CARTESIAN_POINT('',(-48.6,-18.,0.6));
#7367 = SURFACE_CURVE('',#7368,(#7372,#7379),.PCURVE_S1.);
#7368 = LINE('',#7369,#7370);
#7369 = CARTESIAN_POINT('',(-70.,-18.,0.6));
#7370 = VECTOR('',#7371,1.);
#7371 = DIRECTION('',(1.,0.,0.));
#7372 = PCURVE('',#93,#7373);
#7373 = DEFINITIONAL_REPRESENTATION('',(#7374),#7378);
#7374 = LINE('',#7375,#7376);
#7375 = CARTESIAN_POINT('',(0.6,-70.));
#7376 = VECTOR('',#7377,1.);
#7377 = DIRECTION('',(0.,1.));
#7378 = ( GEOMETRIC_REPRESENTATION_CONTEXT(2) 
PARAMETRIC_REPRESENTATION_CONTEXT() REPRESENTATION_CONTEXT('2D SPACE',''
  ) );
#7379 = PCURVE('',#2204,#7380);
#7380 = DEFINITIONAL_REPRESENTATION('',(#7381),#7385);
#7381 = LINE('',#7382,#7383);
#7382 = CARTESIAN_POINT('',(0.,0.));
#7383 = VECTOR('',#7384,1.);
#7384 = DIRECTION('',(1.,0.));
#7385 = ( GEOMETRIC_REPRESENTATION_CONTEXT(2) 
PARAMETRIC_REPRESENTATION_CONTEXT() REPRESENTATION_CONTEXT('2D SPACE',''
  ) );
#7386 = ORIENTED_EDGE('',*,*,#7387,.T.);
#7387 = EDGE_CURVE('',#7365,#7318,#7388,.T.);
#7388 = SURFACE_CURVE('',#7389,(#7393,#7400),.PCURVE_S1.);
#7389 = LINE('',#7390,#7391);
#7390 = CARTESIAN_POINT('',(-48.6,-18.,-70.));
#7391 = VECTOR('',#7392,1.);
#7392 = DIRECTION('',(0.,0.,1.));
#7393 = PCURVE('',#93,#7394);
#7394 = DEFINITIONAL_REPRESENTATION('',(#7395),#7399);
#7395 = LINE('',#7396,#7397);
#7396 = CARTESIAN_POINT('',(-70.,-48.6));
#7397 = VECTOR('',#7398,1.);
#7398 = DIRECTION('',(1.,0.));
#7399 = ( GEOMETRIC_REPRESENTATION_CONTEXT(2) 
PARAMETRIC_REPRESENTATION_CONTEXT() REPRESENTATION_CONTEXT('2D SPACE',''
  ) );
#7400 = PCURVE('',#2230,#7401);
#7401 = DEFINITIONAL_REPRESENTATION('',(#7402),#7406);
#7402 = LINE('',#7403,#7404);
#7403 = CARTESIAN_POINT('',(0.,0.));
#7404 = VECTOR('',#7405,1.);
#7405 = DIRECTION('',(1.,0.));
#7406 = ( GEOMETRIC_REPRESENTATION_CONTEXT(2) 
PARAMETRIC_REPRESENTATION_CONTEXT() REPRESENTATION_CONTEXT('2D SPACE',''
  ) );
#7407 = FACE_BOUND('',#7408,.F.);
#7408 = EDGE_LOOP('',(#7409,#7435,#7458,#7481));
#7409 = ORIENTED_EDGE('',*,*,#7410,.F.);
#7410 = EDGE_CURVE('',#7411,#7413,#7415,.T.);
#7411 = VERTEX_POINT('',#7412);
#7412 = CARTESIAN_POINT('',(54.600000000001,-18.,42.188149994989));
#7413 = VERTEX_POINT('',#7414);
#7414 = CARTESIAN_POINT('',(59.399999999999,-18.,35.108973211989));
#7415 = SURFACE_CURVE('',#7416,(#7421,#7428),.PCURVE_S1.);
#7416 = CIRCLE('',#7417,69.);
#7417 = AXIS2_PLACEMENT_3D('',#7418,#7419,#7420);
#7418 = CARTESIAN_POINT('',(0.,-18.,0.));
#7419 = DIRECTION('',(0.,1.,0.));
#7420 = DIRECTION('',(0.,-0.,1.));
#7421 = PCURVE('',#93,#7422);
#7422 = DEFINITIONAL_REPRESENTATION('',(#7423),#7427);
#7423 = CIRCLE('',#7424,69.);
#7424 = AXIS2_PLACEMENT_2D('',#7425,#7426);
#7425 = CARTESIAN_POINT('',(0.,0.));
#7426 = DIRECTION('',(1.,0.));
#7427 = ( GEOMETRIC_REPRESENTATION_CONTEXT(2) 
PARAMETRIC_REPRESENTATION_CONTEXT() REPRESENTATION_CONTEXT('2D SPACE',''
  ) );
#7428 = PCURVE('',#2263,#7429);
#7429 = DEFINITIONAL_REPRESENTATION('',(#7430),#7434);
#7430 = LINE('',#7431,#7432);
#7431 = CARTESIAN_POINT('',(0.,0.1));
#7432 = VECTOR('',#7433,1.);
#7433 = DIRECTION('',(1.,0.));
#7434 = ( GEOMETRIC_REPRESENTATION_CONTEXT(2) 
PARAMETRIC_REPRESENTATION_CONTEXT() REPRESENTATION_CONTEXT('2D SPACE',''
  ) );
#7435 = ORIENTED_EDGE('',*,*,#7436,.F.);
#7436 = EDGE_CURVE('',#7437,#7411,#7439,.T.);
#7437 = VERTEX_POINT('',#7438);
#7438 = CARTESIAN_POINT('',(54.6,-18.,0.6));
#7439 = SURFACE_CURVE('',#7440,(#7444,#7451),.PCURVE_S1.);
#7440 = LINE('',#7441,#7442);
#7441 = CARTESIAN_POINT('',(54.6,-18.,-70.));
#7442 = VECTOR('',#7443,1.);
#7443 = DIRECTION('',(0.,0.,1.));
#7444 = PCURVE('',#93,#7445);
#7445 = DEFINITIONAL_REPRESENTATION('',(#7446),#7450);
#7446 = LINE('',#7447,#7448);
#7447 = CARTESIAN_POINT('',(-70.,54.6));
#7448 = VECTOR('',#7449,1.);
#7449 = DIRECTION('',(1.,0.));
#7450 = ( GEOMETRIC_REPRESENTATION_CONTEXT(2) 
PARAMETRIC_REPRESENTATION_CONTEXT() REPRESENTATION_CONTEXT('2D SPACE',''
  ) );
#7451 = PCURVE('',#2291,#7452);
#7452 = DEFINITIONAL_REPRESENTATION('',(#7453),#7457);
#7453 = LINE('',#7454,#7455);
#7454 = CARTESIAN_POINT('',(0.,0.));
#7455 = VECTOR('',#7456,1.);
#7456 = DIRECTION('',(1.,0.));
#7457 = ( GEOMETRIC_REPRESENTATION_CONTEXT(2) 
PARAMETRIC_REPRESENTATION_CONTEXT() REPRESENTATION_CONTEXT('2D SPACE',''
  ) );
#7458 = ORIENTED_EDGE('',*,*,#7459,.T.);
#7459 = EDGE_CURVE('',#7437,#7460,#7462,.T.);
#7460 = VERTEX_POINT('',#7461);
#7461 = CARTESIAN_POINT('',(59.4,-18.,0.6));
#7462 = SURFACE_CURVE('',#7463,(#7467,#7474),.PCURVE_S1.);
#7463 = LINE('',#7464,#7465);
#7464 = CARTESIAN_POINT('',(-70.,-18.,0.6));
#7465 = VECTOR('',#7466,1.);
#7466 = DIRECTION('',(1.,0.,0.));
#7467 = PCURVE('',#93,#7468);
#7468 = DEFINITIONAL_REPRESENTATION('',(#7469),#7473);
#7469 = LINE('',#7470,#7471);
#7470 = CARTESIAN_POINT('',(0.6,-70.));
#7471 = VECTOR('',#7472,1.);
#7472 = DIRECTION('',(0.,1.));
#7473 = ( GEOMETRIC_REPRESENTATION_CONTEXT(2) 
PARAMETRIC_REPRESENTATION_CONTEXT() REPRESENTATION_CONTEXT('2D SPACE',''
  ) );
#7474 = PCURVE('',#2319,#7475);
#7475 = DEFINITIONAL_REPRESENTATION('',(#7476),#7480);
#7476 = LINE('',#7477,#7478);
#7477 = CARTESIAN_POINT('',(0.,0.));
#7478 = VECTOR('',#7479,1.);
#7479 = DIRECTION('',(1.,0.));
#7480 = ( GEOMETRIC_REPRESENTATION_CONTEXT(2) 
PARAMETRIC_REPRESENTATION_CONTEXT() REPRESENTATION_CONTEXT('2D SPACE',''
  ) );
#7481 = ORIENTED_EDGE('',*,*,#7482,.T.);
#7482 = EDGE_CURVE('',#7460,#7413,#7483,.T.);
#7483 = SURFACE_CURVE('',#7484,(#7488,#7495),.PCURVE_S1.);
#7484 = LINE('',#7485,#7486);
#7485 = CARTESIAN_POINT('',(59.4,-18.,-70.));
#7486 = VECTOR('',#7487,1.);
#7487 = DIRECTION('',(0.,0.,1.));
#7488 = PCURVE('',#93,#7489);
#7489 = DEFINITIONAL_REPRESENTATION('',(#7490),#7494);
#7490 = LINE('',#7491,#7492);
#7491 = CARTESIAN_POINT('',(-70.,59.4));
#7492 = VECTOR('',#7493,1.);
#7493 = DIRECTION('',(1.,0.));
#7494 = ( GEOMETRIC_REPRESENTATION_CONTEXT(2) 
PARAMETRIC_REPRESENTATION_CONTEXT() REPRESENTATION_CONTEXT('2D SPACE',''
  ) );
#7495 = PCURVE('',#2345,#7496);
#7496 = DEFINITIONAL_REPRESENTATION('',(#7497),#7501);
#7497 = LINE('',#7498,#7499);
#7498 = CARTESIAN_POINT('',(0.,0.));
#7499 = VECTOR('',#7500,1.);
#7500 = DIRECTION('',(1.,0.));
#7501 = ( GEOMETRIC_REPRESENTATION_CONTEXT(2) 
PARAMETRIC_REPRESENTATION_CONTEXT() REPRESENTATION_CONTEXT('2D SPACE',''
  ) );
#7502 = FACE_BOUND('',#7503,.F.);
#7503 = EDGE_LOOP('',(#7504,#7530,#7553,#7576));
#7504 = ORIENTED_EDGE('',*,*,#7505,.F.);
#7505 = EDGE_CURVE('',#7506,#7508,#7510,.T.);
#7506 = VERTEX_POINT('',#7507);
#7507 = CARTESIAN_POINT('',(-59.39999999999,-18.,35.108973211989));
#7508 = VERTEX_POINT('',#7509);
#7509 = CARTESIAN_POINT('',(-54.6,-18.,42.188149994989));
#7510 = SURFACE_CURVE('',#7511,(#7516,#7523),.PCURVE_S1.);
#7511 = CIRCLE('',#7512,69.);
#7512 = AXIS2_PLACEMENT_3D('',#7513,#7514,#7515);
#7513 = CARTESIAN_POINT('',(0.,-18.,0.));
#7514 = DIRECTION('',(0.,1.,0.));
#7515 = DIRECTION('',(0.,-0.,1.));
#7516 = PCURVE('',#93,#7517);
#7517 = DEFINITIONAL_REPRESENTATION('',(#7518),#7522);
#7518 = CIRCLE('',#7519,69.);
#7519 = AXIS2_PLACEMENT_2D('',#7520,#7521);
#7520 = CARTESIAN_POINT('',(0.,0.));
#7521 = DIRECTION('',(1.,0.));
#7522 = ( GEOMETRIC_REPRESENTATION_CONTEXT(2) 
PARAMETRIC_REPRESENTATION_CONTEXT() REPRESENTATION_CONTEXT('2D SPACE',''
  ) );
#7523 = PCURVE('',#2378,#7524);
#7524 = DEFINITIONAL_REPRESENTATION('',(#7525),#7529);
#7525 = LINE('',#7526,#7527);
#7526 = CARTESIAN_POINT('',(0.,0.1));
#7527 = VECTOR('',#7528,1.);
#7528 = DIRECTION('',(1.,0.));
#7529 = ( GEOMETRIC_REPRESENTATION_CONTEXT(2) 
PARAMETRIC_REPRESENTATION_CONTEXT() REPRESENTATION_CONTEXT('2D SPACE',''
  ) );
#7530 = ORIENTED_EDGE('',*,*,#7531,.F.);
#7531 = EDGE_CURVE('',#7532,#7506,#7534,.T.);
#7532 = VERTEX_POINT('',#7533);
#7533 = CARTESIAN_POINT('',(-59.4,-18.,0.6));
#7534 = SURFACE_CURVE('',#7535,(#7539,#7546),.PCURVE_S1.);
#7535 = LINE('',#7536,#7537);
#7536 = CARTESIAN_POINT('',(-59.4,-18.,-70.));
#7537 = VECTOR('',#7538,1.);
#7538 = DIRECTION('',(0.,0.,1.));
#7539 = PCURVE('',#93,#7540);
#7540 = DEFINITIONAL_REPRESENTATION('',(#7541),#7545);
#7541 = LINE('',#7542,#7543);
#7542 = CARTESIAN_POINT('',(-70.,-59.4));
#7543 = VECTOR('',#7544,1.);
#7544 = DIRECTION('',(1.,0.));
#7545 = ( GEOMETRIC_REPRESENTATION_CONTEXT(2) 
PARAMETRIC_REPRESENTATION_CONTEXT() REPRESENTATION_CONTEXT('2D SPACE',''
  ) );
#7546 = PCURVE('',#2406,#7547);
#7547 = DEFINITIONAL_REPRESENTATION('',(#7548),#7552);
#7548 = LINE('',#7549,#7550);
#7549 = CARTESIAN_POINT('',(0.,0.));
#7550 = VECTOR('',#7551,1.);
#7551 = DIRECTION('',(1.,0.));
#7552 = ( GEOMETRIC_REPRESENTATION_CONTEXT(2) 
PARAMETRIC_REPRESENTATION_CONTEXT() REPRESENTATION_CONTEXT('2D SPACE',''
  ) );
#7553 = ORIENTED_EDGE('',*,*,#7554,.T.);
#7554 = EDGE_CURVE('',#7532,#7555,#7557,.T.);
#7555 = VERTEX_POINT('',#7556);
#7556 = CARTESIAN_POINT('',(-54.6,-18.,0.6));
#7557 = SURFACE_CURVE('',#7558,(#7562,#7569),.PCURVE_S1.);
#7558 = LINE('',#7559,#7560);
#7559 = CARTESIAN_POINT('',(-70.,-18.,0.6));
#7560 = VECTOR('',#7561,1.);
#7561 = DIRECTION('',(1.,0.,0.));
#7562 = PCURVE('',#93,#7563);
#7563 = DEFINITIONAL_REPRESENTATION('',(#7564),#7568);
#7564 = LINE('',#7565,#7566);
#7565 = CARTESIAN_POINT('',(0.6,-70.));
#7566 = VECTOR('',#7567,1.);
#7567 = DIRECTION('',(0.,1.));
#7568 = ( GEOMETRIC_REPRESENTATION_CONTEXT(2) 
PARAMETRIC_REPRESENTATION_CONTEXT() REPRESENTATION_CONTEXT('2D SPACE',''
  ) );
#7569 = PCURVE('',#2434,#7570);
#7570 = DEFINITIONAL_REPRESENTATION('',(#7571),#7575);
#7571 = LINE('',#7572,#7573);
#7572 = CARTESIAN_POINT('',(0.,0.));
#7573 = VECTOR('',#7574,1.);
#7574 = DIRECTION('',(1.,0.));
#7575 = ( GEOMETRIC_REPRESENTATION_CONTEXT(2) 
PARAMETRIC_REPRESENTATION_CONTEXT() REPRESENTATION_CONTEXT('2D SPACE',''
  ) );
#7576 = ORIENTED_EDGE('',*,*,#7577,.T.);
#7577 = EDGE_CURVE('',#7555,#7508,#7578,.T.);
#7578 = SURFACE_CURVE('',#7579,(#7583,#7590),.PCURVE_S1.);
#7579 = LINE('',#7580,#7581);
#7580 = CARTESIAN_POINT('',(-54.6,-18.,-70.));
#7581 = VECTOR('',#7582,1.);
#7582 = DIRECTION('',(0.,0.,1.));
#7583 = PCURVE('',#93,#7584);
#7584 = DEFINITIONAL_REPRESENTATION('',(#7585),#7589);
#7585 = LINE('',#7586,#7587);
#7586 = CARTESIAN_POINT('',(-70.,-54.6));
#7587 = VECTOR('',#7588,1.);
#7588 = DIRECTION('',(1.,0.));
#7589 = ( GEOMETRIC_REPRESENTATION_CONTEXT(2) 
PARAMETRIC_REPRESENTATION_CONTEXT() REPRESENTATION_CONTEXT('2D SPACE',''
  ) );
#7590 = PCURVE('',#2460,#7591);
#7591 = DEFINITIONAL_REPRESENTATION('',(#7592),#7596);
#7592 = LINE('',#7593,#7594);
#7593 = CARTESIAN_POINT('',(0.,0.));
#7594 = VECTOR('',#7595,1.);
#7595 = DIRECTION('',(1.,0.));
#7596 = ( GEOMETRIC_REPRESENTATION_CONTEXT(2) 
PARAMETRIC_REPRESENTATION_CONTEXT() REPRESENTATION_CONTEXT('2D SPACE',''
  ) );
#7597 = FACE_BOUND('',#7598,.F.);
#7598 = EDGE_LOOP('',(#7599,#7625,#7648,#7671));
#7599 = ORIENTED_EDGE('',*,*,#7600,.F.);
#7600 = EDGE_CURVE('',#7601,#7603,#7605,.T.);
#7601 = VERTEX_POINT('',#7602);
#7602 = CARTESIAN_POINT('',(60.6,-18.,32.994545003683));
#7603 = VERTEX_POINT('',#7604);
#7604 = CARTESIAN_POINT('',(65.4,-18.,21.996363335788));
#7605 = SURFACE_CURVE('',#7606,(#7611,#7618),.PCURVE_S1.);
#7606 = CIRCLE('',#7607,69.);
#7607 = AXIS2_PLACEMENT_3D('',#7608,#7609,#7610);
#7608 = CARTESIAN_POINT('',(0.,-18.,0.));
#7609 = DIRECTION('',(0.,1.,0.));
#7610 = DIRECTION('',(0.,-0.,1.));
#7611 = PCURVE('',#93,#7612);
#7612 = DEFINITIONAL_REPRESENTATION('',(#7613),#7617);
#7613 = CIRCLE('',#7614,69.);
#7614 = AXIS2_PLACEMENT_2D('',#7615,#7616);
#7615 = CARTESIAN_POINT('',(0.,0.));
#7616 = DIRECTION('',(1.,0.));
#7617 = ( GEOMETRIC_REPRESENTATION_CONTEXT(2) 
PARAMETRIC_REPRESENTATION_CONTEXT() REPRESENTATION_CONTEXT('2D SPACE',''
  ) );
#7618 = PCURVE('',#2493,#7619);
#7619 = DEFINITIONAL_REPRESENTATION('',(#7620),#7624);
#7620 = LINE('',#7621,#7622);
#7621 = CARTESIAN_POINT('',(0.,0.1));
#7622 = VECTOR('',#7623,1.);
#7623 = DIRECTION('',(1.,0.));
#7624 = ( GEOMETRIC_REPRESENTATION_CONTEXT(2) 
PARAMETRIC_REPRESENTATION_CONTEXT() REPRESENTATION_CONTEXT('2D SPACE',''
  ) );
#7625 = ORIENTED_EDGE('',*,*,#7626,.F.);
#7626 = EDGE_CURVE('',#7627,#7601,#7629,.T.);
#7627 = VERTEX_POINT('',#7628);
#7628 = CARTESIAN_POINT('',(60.6,-18.,0.6));
#7629 = SURFACE_CURVE('',#7630,(#7634,#7641),.PCURVE_S1.);
#7630 = LINE('',#7631,#7632);
#7631 = CARTESIAN_POINT('',(60.6,-18.,-70.));
#7632 = VECTOR('',#7633,1.);
#7633 = DIRECTION('',(0.,0.,1.));
#7634 = PCURVE('',#93,#7635);
#7635 = DEFINITIONAL_REPRESENTATION('',(#7636),#7640);
#7636 = LINE('',#7637,#7638);
#7637 = CARTESIAN_POINT('',(-70.,60.6));
#7638 = VECTOR('',#7639,1.);
#7639 = DIRECTION('',(1.,0.));
#7640 = ( GEOMETRIC_REPRESENTATION_CONTEXT(2) 
PARAMETRIC_REPRESENTATION_CONTEXT() REPRESENTATION_CONTEXT('2D SPACE',''
  ) );
#7641 = PCURVE('',#2521,#7642);
#7642 = DEFINITIONAL_REPRESENTATION('',(#7643),#7647);
#7643 = LINE('',#7644,#7645);
#7644 = CARTESIAN_POINT('',(0.,0.));
#7645 = VECTOR('',#7646,1.);
#7646 = DIRECTION('',(1.,0.));
#7647 = ( GEOMETRIC_REPRESENTATION_CONTEXT(2) 
PARAMETRIC_REPRESENTATION_CONTEXT() REPRESENTATION_CONTEXT('2D SPACE',''
  ) );
#7648 = ORIENTED_EDGE('',*,*,#7649,.T.);
#7649 = EDGE_CURVE('',#7627,#7650,#7652,.T.);
#7650 = VERTEX_POINT('',#7651);
#7651 = CARTESIAN_POINT('',(65.4,-18.,0.6));
#7652 = SURFACE_CURVE('',#7653,(#7657,#7664),.PCURVE_S1.);
#7653 = LINE('',#7654,#7655);
#7654 = CARTESIAN_POINT('',(-70.,-18.,0.6));
#7655 = VECTOR('',#7656,1.);
#7656 = DIRECTION('',(1.,0.,0.));
#7657 = PCURVE('',#93,#7658);
#7658 = DEFINITIONAL_REPRESENTATION('',(#7659),#7663);
#7659 = LINE('',#7660,#7661);
#7660 = CARTESIAN_POINT('',(0.6,-70.));
#7661 = VECTOR('',#7662,1.);
#7662 = DIRECTION('',(0.,1.));
#7663 = ( GEOMETRIC_REPRESENTATION_CONTEXT(2) 
PARAMETRIC_REPRESENTATION_CONTEXT() REPRESENTATION_CONTEXT('2D SPACE',''
  ) );
#7664 = PCURVE('',#2549,#7665);
#7665 = DEFINITIONAL_REPRESENTATION('',(#7666),#7670);
#7666 = LINE('',#7667,#7668);
#7667 = CARTESIAN_POINT('',(0.,0.));
#7668 = VECTOR('',#7669,1.);
#7669 = DIRECTION('',(1.,0.));
#7670 = ( GEOMETRIC_REPRESENTATION_CONTEXT(2) 
PARAMETRIC_REPRESENTATION_CONTEXT() REPRESENTATION_CONTEXT('2D SPACE',''
  ) );
#7671 = ORIENTED_EDGE('',*,*,#7672,.T.);
#7672 = EDGE_CURVE('',#7650,#7603,#7673,.T.);
#7673 = SURFACE_CURVE('',#7674,(#7678,#7685),.PCURVE_S1.);
#7674 = LINE('',#7675,#7676);
#7675 = CARTESIAN_POINT('',(65.4,-18.,-70.));
#7676 = VECTOR('',#7677,1.);
#7677 = DIRECTION('',(0.,0.,1.));
#7678 = PCURVE('',#93,#7679);
#7679 = DEFINITIONAL_REPRESENTATION('',(#7680),#7684);
#7680 = LINE('',#7681,#7682);
#7681 = CARTESIAN_POINT('',(-70.,65.4));
#7682 = VECTOR('',#7683,1.);
#7683 = DIRECTION('',(1.,0.));
#7684 = ( GEOMETRIC_REPRESENTATION_CONTEXT(2) 
PARAMETRIC_REPRESENTATION_CONTEXT() REPRESENTATION_CONTEXT('2D SPACE',''
  ) );
#7685 = PCURVE('',#2575,#7686);
#7686 = DEFINITIONAL_REPRESENTATION('',(#7687),#7691);
#7687 = LINE('',#7688,#7689);
#7688 = CARTESIAN_POINT('',(0.,0.));
#7689 = VECTOR('',#7690,1.);
#7690 = DIRECTION('',(1.,0.));
#7691 = ( GEOMETRIC_REPRESENTATION_CONTEXT(2) 
PARAMETRIC_REPRESENTATION_CONTEXT() REPRESENTATION_CONTEXT('2D SPACE',''
  ) );
#7692 = FACE_BOUND('',#7693,.F.);
#7693 = EDGE_LOOP('',(#7694,#7720,#7743,#7766));
#7694 = ORIENTED_EDGE('',*,*,#7695,.F.);
#7695 = EDGE_CURVE('',#7696,#7698,#7700,.T.);
#7696 = VERTEX_POINT('',#7697);
#7697 = CARTESIAN_POINT('',(-65.4,-18.,21.996363335788));
#7698 = VERTEX_POINT('',#7699);
#7699 = CARTESIAN_POINT('',(-60.6,-18.,32.994545003683));
#7700 = SURFACE_CURVE('',#7701,(#7706,#7713),.PCURVE_S1.);
#7701 = CIRCLE('',#7702,69.);
#7702 = AXIS2_PLACEMENT_3D('',#7703,#7704,#7705);
#7703 = CARTESIAN_POINT('',(0.,-18.,0.));
#7704 = DIRECTION('',(0.,1.,0.));
#7705 = DIRECTION('',(0.,-0.,1.));
#7706 = PCURVE('',#93,#7707);
#7707 = DEFINITIONAL_REPRESENTATION('',(#7708),#7712);
#7708 = CIRCLE('',#7709,69.);
#7709 = AXIS2_PLACEMENT_2D('',#7710,#7711);
#7710 = CARTESIAN_POINT('',(0.,0.));
#7711 = DIRECTION('',(1.,0.));
#7712 = ( GEOMETRIC_REPRESENTATION_CONTEXT(2) 
PARAMETRIC_REPRESENTATION_CONTEXT() REPRESENTATION_CONTEXT('2D SPACE',''
  ) );
#7713 = PCURVE('',#2608,#7714);
#7714 = DEFINITIONAL_REPRESENTATION('',(#7715),#7719);
#7715 = LINE('',#7716,#7717);
#7716 = CARTESIAN_POINT('',(0.,0.1));
#7717 = VECTOR('',#7718,1.);
#7718 = DIRECTION('',(1.,0.));
#7719 = ( GEOMETRIC_REPRESENTATION_CONTEXT(2) 
PARAMETRIC_REPRESENTATION_CONTEXT() REPRESENTATION_CONTEXT('2D SPACE',''
  ) );
#7720 = ORIENTED_EDGE('',*,*,#7721,.F.);
#7721 = EDGE_CURVE('',#7722,#7696,#7724,.T.);
#7722 = VERTEX_POINT('',#7723);
#7723 = CARTESIAN_POINT('',(-65.4,-18.,0.6));
#7724 = SURFACE_CURVE('',#7725,(#7729,#7736),.PCURVE_S1.);
#7725 = LINE('',#7726,#7727);
#7726 = CARTESIAN_POINT('',(-65.4,-18.,-70.));
#7727 = VECTOR('',#7728,1.);
#7728 = DIRECTION('',(0.,0.,1.));
#7729 = PCURVE('',#93,#7730);
#7730 = DEFINITIONAL_REPRESENTATION('',(#7731),#7735);
#7731 = LINE('',#7732,#7733);
#7732 = CARTESIAN_POINT('',(-70.,-65.4));
#7733 = VECTOR('',#7734,1.);
#7734 = DIRECTION('',(1.,0.));
#7735 = ( GEOMETRIC_REPRESENTATION_CONTEXT(2) 
PARAMETRIC_REPRESENTATION_CONTEXT() REPRESENTATION_CONTEXT('2D SPACE',''
  ) );
#7736 = PCURVE('',#2636,#7737);
#7737 = DEFINITIONAL_REPRESENTATION('',(#7738),#7742);
#7738 = LINE('',#7739,#7740);
#7739 = CARTESIAN_POINT('',(0.,0.));
#7740 = VECTOR('',#7741,1.);
#7741 = DIRECTION('',(1.,0.));
#7742 = ( GEOMETRIC_REPRESENTATION_CONTEXT(2) 
PARAMETRIC_REPRESENTATION_CONTEXT() REPRESENTATION_CONTEXT('2D SPACE',''
  ) );
#7743 = ORIENTED_EDGE('',*,*,#7744,.T.);
#7744 = EDGE_CURVE('',#7722,#7745,#7747,.T.);
#7745 = VERTEX_POINT('',#7746);
#7746 = CARTESIAN_POINT('',(-60.6,-18.,0.6));
#7747 = SURFACE_CURVE('',#7748,(#7752,#7759),.PCURVE_S1.);
#7748 = LINE('',#7749,#7750);
#7749 = CARTESIAN_POINT('',(-70.,-18.,0.6));
#7750 = VECTOR('',#7751,1.);
#7751 = DIRECTION('',(1.,0.,0.));
#7752 = PCURVE('',#93,#7753);
#7753 = DEFINITIONAL_REPRESENTATION('',(#7754),#7758);
#7754 = LINE('',#7755,#7756);
#7755 = CARTESIAN_POINT('',(0.6,-70.));
#7756 = VECTOR('',#7757,1.);
#7757 = DIRECTION('',(0.,1.));
#7758 = ( GEOMETRIC_REPRESENTATION_CONTEXT(2) 
PARAMETRIC_REPRESENTATION_CONTEXT() REPRESENTATION_CONTEXT('2D SPACE',''
  ) );
#7759 = PCURVE('',#2664,#7760);
#7760 = DEFINITIONAL_REPRESENTATION('',(#7761),#7765);
#7761 = LINE('',#7762,#7763);
#7762 = CARTESIAN_POINT('',(0.,0.));
#7763 = VECTOR('',#7764,1.);
#7764 = DIRECTION('',(1.,0.));
#7765 = ( GEOMETRIC_REPRESENTATION_CONTEXT(2) 
PARAMETRIC_REPRESENTATION_CONTEXT() REPRESENTATION_CONTEXT('2D SPACE',''
  ) );
#7766 = ORIENTED_EDGE('',*,*,#7767,.T.);
#7767 = EDGE_CURVE('',#7745,#7698,#7768,.T.);
#7768 = SURFACE_CURVE('',#7769,(#7773,#7780),.PCURVE_S1.);
#7769 = LINE('',#7770,#7771);
#7770 = CARTESIAN_POINT('',(-60.6,-18.,-70.));
#7771 = VECTOR('',#7772,1.);
#7772 = DIRECTION('',(0.,0.,1.));
#7773 = PCURVE('',#93,#7774);
#7774 = DEFINITIONAL_REPRESENTATION('',(#7775),#7779);
#7775 = LINE('',#7776,#7777);
#7776 = CARTESIAN_POINT('',(-70.,-60.6));
#7777 = VECTOR('',#7778,1.);
#7778 = DIRECTION('',(1.,0.));
#7779 = ( GEOMETRIC_REPRESENTATION_CONTEXT(2) 
PARAMETRIC_REPRESENTATION_CONTEXT() REPRESENTATION_CONTEXT('2D SPACE',''
  ) );
#7780 = PCURVE('',#2690,#7781);
#7781 = DEFINITIONAL_REPRESENTATION('',(#7782),#7786);
#7782 = LINE('',#7783,#7784);
#7783 = CARTESIAN_POINT('',(0.,0.));
#7784 = VECTOR('',#7785,1.);
#7785 = DIRECTION('',(1.,0.));
#7786 = ( GEOMETRIC_REPRESENTATION_CONTEXT(2) 
PARAMETRIC_REPRESENTATION_CONTEXT() REPRESENTATION_CONTEXT('2D SPACE',''
  ) );
#7787 = FACE_BOUND('',#7788,.F.);
#7788 = EDGE_LOOP('',(#7789,#7815,#7838));
#7789 = ORIENTED_EDGE('',*,*,#7790,.F.);
#7790 = EDGE_CURVE('',#7791,#7793,#7795,.T.);
#7791 = VERTEX_POINT('',#7792);
#7792 = CARTESIAN_POINT('',(66.6,-18.,18.039955654047));
#7793 = VERTEX_POINT('',#7794);
#7794 = CARTESIAN_POINT('',(68.997391255032,-18.,0.6));
#7795 = SURFACE_CURVE('',#7796,(#7801,#7808),.PCURVE_S1.);
#7796 = CIRCLE('',#7797,69.);
#7797 = AXIS2_PLACEMENT_3D('',#7798,#7799,#7800);
#7798 = CARTESIAN_POINT('',(0.,-18.,0.));
#7799 = DIRECTION('',(0.,1.,0.));
#7800 = DIRECTION('',(0.,-0.,1.));
#7801 = PCURVE('',#93,#7802);
#7802 = DEFINITIONAL_REPRESENTATION('',(#7803),#7807);
#7803 = CIRCLE('',#7804,69.);
#7804 = AXIS2_PLACEMENT_2D('',#7805,#7806);
#7805 = CARTESIAN_POINT('',(0.,0.));
#7806 = DIRECTION('',(1.,0.));
#7807 = ( GEOMETRIC_REPRESENTATION_CONTEXT(2) 
PARAMETRIC_REPRESENTATION_CONTEXT() REPRESENTATION_CONTEXT('2D SPACE',''
  ) );
#7808 = PCURVE('',#2723,#7809);
#7809 = DEFINITIONAL_REPRESENTATION('',(#7810),#7814);
#7810 = LINE('',#7811,#7812);
#7811 = CARTESIAN_POINT('',(0.,0.1));
#7812 = VECTOR('',#7813,1.);
#7813 = DIRECTION('',(1.,0.));
#7814 = ( GEOMETRIC_REPRESENTATION_CONTEXT(2) 
PARAMETRIC_REPRESENTATION_CONTEXT() REPRESENTATION_CONTEXT('2D SPACE',''
  ) );
#7815 = ORIENTED_EDGE('',*,*,#7816,.F.);
#7816 = EDGE_CURVE('',#7817,#7791,#7819,.T.);
#7817 = VERTEX_POINT('',#7818);
#7818 = CARTESIAN_POINT('',(66.6,-18.,0.6));
#7819 = SURFACE_CURVE('',#7820,(#7824,#7831),.PCURVE_S1.);
#7820 = LINE('',#7821,#7822);
#7821 = CARTESIAN_POINT('',(66.6,-18.,-70.));
#7822 = VECTOR('',#7823,1.);
#7823 = DIRECTION('',(0.,0.,1.));
#7824 = PCURVE('',#93,#7825);
#7825 = DEFINITIONAL_REPRESENTATION('',(#7826),#7830);
#7826 = LINE('',#7827,#7828);
#7827 = CARTESIAN_POINT('',(-70.,66.6));
#7828 = VECTOR('',#7829,1.);
#7829 = DIRECTION('',(1.,0.));
#7830 = ( GEOMETRIC_REPRESENTATION_CONTEXT(2) 
PARAMETRIC_REPRESENTATION_CONTEXT() REPRESENTATION_CONTEXT('2D SPACE',''
  ) );
#7831 = PCURVE('',#2751,#7832);
#7832 = DEFINITIONAL_REPRESENTATION('',(#7833),#7837);
#7833 = LINE('',#7834,#7835);
#7834 = CARTESIAN_POINT('',(0.,0.));
#7835 = VECTOR('',#7836,1.);
#7836 = DIRECTION('',(1.,0.));
#7837 = ( GEOMETRIC_REPRESENTATION_CONTEXT(2) 
PARAMETRIC_REPRESENTATION_CONTEXT() REPRESENTATION_CONTEXT('2D SPACE',''
  ) );
#7838 = ORIENTED_EDGE('',*,*,#7839,.T.);
#7839 = EDGE_CURVE('',#7817,#7793,#7840,.T.);
#7840 = SURFACE_CURVE('',#7841,(#7845,#7852),.PCURVE_S1.);
#7841 = LINE('',#7842,#7843);
#7842 = CARTESIAN_POINT('',(-70.,-18.,0.6));
#7843 = VECTOR('',#7844,1.);
#7844 = DIRECTION('',(1.,0.,0.));
#7845 = PCURVE('',#93,#7846);
#7846 = DEFINITIONAL_REPRESENTATION('',(#7847),#7851);
#7847 = LINE('',#7848,#7849);
#7848 = CARTESIAN_POINT('',(0.6,-70.));
#7849 = VECTOR('',#7850,1.);
#7850 = DIRECTION('',(0.,1.));
#7851 = ( GEOMETRIC_REPRESENTATION_CONTEXT(2) 
PARAMETRIC_REPRESENTATION_CONTEXT() REPRESENTATION_CONTEXT('2D SPACE',''
  ) );
#7852 = PCURVE('',#2777,#7853);
#7853 = DEFINITIONAL_REPRESENTATION('',(#7854),#7858);
#7854 = LINE('',#7855,#7856);
#7855 = CARTESIAN_POINT('',(0.,0.));
#7856 = VECTOR('',#7857,1.);
#7857 = DIRECTION('',(1.,0.));
#7858 = ( GEOMETRIC_REPRESENTATION_CONTEXT(2) 
PARAMETRIC_REPRESENTATION_CONTEXT() REPRESENTATION_CONTEXT('2D SPACE',''
  ) );
#7859 = FACE_BOUND('',#7860,.F.);
#7860 = EDGE_LOOP('',(#7861,#7887,#7910));
#7861 = ORIENTED_EDGE('',*,*,#7862,.F.);
#7862 = EDGE_CURVE('',#7863,#7865,#7867,.T.);
#7863 = VERTEX_POINT('',#7864);
#7864 = CARTESIAN_POINT('',(-68.99739125503,-18.,0.6));
#7865 = VERTEX_POINT('',#7866);
#7866 = CARTESIAN_POINT('',(-66.6,-18.,18.039955654047));
#7867 = SURFACE_CURVE('',#7868,(#7873,#7880),.PCURVE_S1.);
#7868 = CIRCLE('',#7869,69.);
#7869 = AXIS2_PLACEMENT_3D('',#7870,#7871,#7872);
#7870 = CARTESIAN_POINT('',(0.,-18.,0.));
#7871 = DIRECTION('',(0.,1.,0.));
#7872 = DIRECTION('',(0.,-0.,1.));
#7873 = PCURVE('',#93,#7874);
#7874 = DEFINITIONAL_REPRESENTATION('',(#7875),#7879);
#7875 = CIRCLE('',#7876,69.);
#7876 = AXIS2_PLACEMENT_2D('',#7877,#7878);
#7877 = CARTESIAN_POINT('',(0.,0.));
#7878 = DIRECTION('',(1.,0.));
#7879 = ( GEOMETRIC_REPRESENTATION_CONTEXT(2) 
PARAMETRIC_REPRESENTATION_CONTEXT() REPRESENTATION_CONTEXT('2D SPACE',''
  ) );
#7880 = PCURVE('',#2810,#7881);
#7881 = DEFINITIONAL_REPRESENTATION('',(#7882),#7886);
#7882 = LINE('',#7883,#7884);
#7883 = CARTESIAN_POINT('',(0.,0.1));
#7884 = VECTOR('',#7885,1.);
#7885 = DIRECTION('',(1.,0.));
#7886 = ( GEOMETRIC_REPRESENTATION_CONTEXT(2) 
PARAMETRIC_REPRESENTATION_CONTEXT() REPRESENTATION_CONTEXT('2D SPACE',''
  ) );
#7887 = ORIENTED_EDGE('',*,*,#7888,.T.);
#7888 = EDGE_CURVE('',#7863,#7889,#7891,.T.);
#7889 = VERTEX_POINT('',#7890);
#7890 = CARTESIAN_POINT('',(-66.6,-18.,0.6));
#7891 = SURFACE_CURVE('',#7892,(#7896,#7903),.PCURVE_S1.);
#7892 = LINE('',#7893,#7894);
#7893 = CARTESIAN_POINT('',(-70.,-18.,0.6));
#7894 = VECTOR('',#7895,1.);
#7895 = DIRECTION('',(1.,0.,0.));
#7896 = PCURVE('',#93,#7897);
#7897 = DEFINITIONAL_REPRESENTATION('',(#7898),#7902);
#7898 = LINE('',#7899,#7900);
#7899 = CARTESIAN_POINT('',(0.6,-70.));
#7900 = VECTOR('',#7901,1.);
#7901 = DIRECTION('',(0.,1.));
#7902 = ( GEOMETRIC_REPRESENTATION_CONTEXT(2) 
PARAMETRIC_REPRESENTATION_CONTEXT() REPRESENTATION_CONTEXT('2D SPACE',''
  ) );
#7903 = PCURVE('',#2838,#7904);
#7904 = DEFINITIONAL_REPRESENTATION('',(#7905),#7909);
#7905 = LINE('',#7906,#7907);
#7906 = CARTESIAN_POINT('',(0.,0.));
#7907 = VECTOR('',#7908,1.);
#7908 = DIRECTION('',(1.,0.));
#7909 = ( GEOMETRIC_REPRESENTATION_CONTEXT(2) 
PARAMETRIC_REPRESENTATION_CONTEXT() REPRESENTATION_CONTEXT('2D SPACE',''
  ) );
#7910 = ORIENTED_EDGE('',*,*,#7911,.T.);
#7911 = EDGE_CURVE('',#7889,#7865,#7912,.T.);
#7912 = SURFACE_CURVE('',#7913,(#7917,#7924),.PCURVE_S1.);
#7913 = LINE('',#7914,#7915);
#7914 = CARTESIAN_POINT('',(-66.6,-18.,-70.));
#7915 = VECTOR('',#7916,1.);
#7916 = DIRECTION('',(0.,0.,1.));
#7917 = PCURVE('',#93,#7918);
#7918 = DEFINITIONAL_REPRESENTATION('',(#7919),#7923);
#7919 = LINE('',#7920,#7921);
#7920 = CARTESIAN_POINT('',(-70.,-66.6));
#7921 = VECTOR('',#7922,1.);
#7922 = DIRECTION('',(1.,0.));
#7923 = ( GEOMETRIC_REPRESENTATION_CONTEXT(2) 
PARAMETRIC_REPRESENTATION_CONTEXT() REPRESENTATION_CONTEXT('2D SPACE',''
  ) );
#7924 = PCURVE('',#2864,#7925);
#7925 = DEFINITIONAL_REPRESENTATION('',(#7926),#7930);
#7926 = LINE('',#7927,#7928);
#7927 = CARTESIAN_POINT('',(0.,0.));
#7928 = VECTOR('',#7929,1.);
#7929 = DIRECTION('',(1.,0.));
#7930 = ( GEOMETRIC_REPRESENTATION_CONTEXT(2) 
PARAMETRIC_REPRESENTATION_CONTEXT() REPRESENTATION_CONTEXT('2D SPACE',''
  ) );
#7931 = FACE_BOUND('',#7932,.F.);
#7932 = EDGE_LOOP('',(#7933,#7959,#7982));
#7933 = ORIENTED_EDGE('',*,*,#7934,.F.);
#7934 = EDGE_CURVE('',#7935,#7937,#7939,.T.);
#7935 = VERTEX_POINT('',#7936);
#7936 = CARTESIAN_POINT('',(68.997391255032,-18.,-0.6));
#7937 = VERTEX_POINT('',#7938);
#7938 = CARTESIAN_POINT('',(66.6,-18.,-18.03995565404));
#7939 = SURFACE_CURVE('',#7940,(#7945,#7952),.PCURVE_S1.);
#7940 = CIRCLE('',#7941,69.);
#7941 = AXIS2_PLACEMENT_3D('',#7942,#7943,#7944);
#7942 = CARTESIAN_POINT('',(0.,-18.,0.));
#7943 = DIRECTION('',(0.,1.,0.));
#7944 = DIRECTION('',(0.,-0.,1.));
#7945 = PCURVE('',#93,#7946);
#7946 = DEFINITIONAL_REPRESENTATION('',(#7947),#7951);
#7947 = CIRCLE('',#7948,69.);
#7948 = AXIS2_PLACEMENT_2D('',#7949,#7950);
#7949 = CARTESIAN_POINT('',(0.,0.));
#7950 = DIRECTION('',(1.,0.));
#7951 = ( GEOMETRIC_REPRESENTATION_CONTEXT(2) 
PARAMETRIC_REPRESENTATION_CONTEXT() REPRESENTATION_CONTEXT('2D SPACE',''
  ) );
#7952 = PCURVE('',#2897,#7953);
#7953 = DEFINITIONAL_REPRESENTATION('',(#7954),#7958);
#7954 = LINE('',#7955,#7956);
#7955 = CARTESIAN_POINT('',(0.,0.1));
#7956 = VECTOR('',#7957,1.);
#7957 = DIRECTION('',(1.,0.));
#7958 = ( GEOMETRIC_REPRESENTATION_CONTEXT(2) 
PARAMETRIC_REPRESENTATION_CONTEXT() REPRESENTATION_CONTEXT('2D SPACE',''
  ) );
#7959 = ORIENTED_EDGE('',*,*,#7960,.F.);
#7960 = EDGE_CURVE('',#7961,#7935,#7963,.T.);
#7961 = VERTEX_POINT('',#7962);
#7962 = CARTESIAN_POINT('',(66.6,-18.,-0.6));
#7963 = SURFACE_CURVE('',#7964,(#7968,#7975),.PCURVE_S1.);
#7964 = LINE('',#7965,#7966);
#7965 = CARTESIAN_POINT('',(-70.,-18.,-0.6));
#7966 = VECTOR('',#7967,1.);
#7967 = DIRECTION('',(1.,0.,0.));
#7968 = PCURVE('',#93,#7969);
#7969 = DEFINITIONAL_REPRESENTATION('',(#7970),#7974);
#7970 = LINE('',#7971,#7972);
#7971 = CARTESIAN_POINT('',(-0.6,-70.));
#7972 = VECTOR('',#7973,1.);
#7973 = DIRECTION('',(0.,1.));
#7974 = ( GEOMETRIC_REPRESENTATION_CONTEXT(2) 
PARAMETRIC_REPRESENTATION_CONTEXT() REPRESENTATION_CONTEXT('2D SPACE',''
  ) );
#7975 = PCURVE('',#2925,#7976);
#7976 = DEFINITIONAL_REPRESENTATION('',(#7977),#7981);
#7977 = LINE('',#7978,#7979);
#7978 = CARTESIAN_POINT('',(0.,0.));
#7979 = VECTOR('',#7980,1.);
#7980 = DIRECTION('',(1.,0.));
#7981 = ( GEOMETRIC_REPRESENTATION_CONTEXT(2) 
PARAMETRIC_REPRESENTATION_CONTEXT() REPRESENTATION_CONTEXT('2D SPACE',''
  ) );
#7982 = ORIENTED_EDGE('',*,*,#7983,.F.);
#7983 = EDGE_CURVE('',#7937,#7961,#7984,.T.);
#7984 = SURFACE_CURVE('',#7985,(#7989,#7996),.PCURVE_S1.);
#7985 = LINE('',#7986,#7987);
#7986 = CARTESIAN_POINT('',(66.6,-18.,-70.));
#7987 = VECTOR('',#7988,1.);
#7988 = DIRECTION('',(0.,0.,1.));
#7989 = PCURVE('',#93,#7990);
#7990 = DEFINITIONAL_REPRESENTATION('',(#7991),#7995);
#7991 = LINE('',#7992,#7993);
#7992 = CARTESIAN_POINT('',(-70.,66.6));
#7993 = VECTOR('',#7994,1.);
#7994 = DIRECTION('',(1.,0.));
#7995 = ( GEOMETRIC_REPRESENTATION_CONTEXT(2) 
PARAMETRIC_REPRESENTATION_CONTEXT() REPRESENTATION_CONTEXT('2D SPACE',''
  ) );
#7996 = PCURVE('',#2951,#7997);
#7997 = DEFINITIONAL_REPRESENTATION('',(#7998),#8002);
#7998 = LINE('',#7999,#8000);
#7999 = CARTESIAN_POINT('',(0.,0.));
#8000 = VECTOR('',#8001,1.);
#8001 = DIRECTION('',(1.,0.));
#8002 = ( GEOMETRIC_REPRESENTATION_CONTEXT(2) 
PARAMETRIC_REPRESENTATION_CONTEXT() REPRESENTATION_CONTEXT('2D SPACE',''
  ) );
#8003 = FACE_BOUND('',#8004,.F.);
#8004 = EDGE_LOOP('',(#8005,#8031,#8054));
#8005 = ORIENTED_EDGE('',*,*,#8006,.F.);
#8006 = EDGE_CURVE('',#8007,#8009,#8011,.T.);
#8007 = VERTEX_POINT('',#8008);
#8008 = CARTESIAN_POINT('',(-66.6,-18.,-18.03995565404));
#8009 = VERTEX_POINT('',#8010);
#8010 = CARTESIAN_POINT('',(-68.99739125503,-18.,-0.6));
#8011 = SURFACE_CURVE('',#8012,(#8017,#8024),.PCURVE_S1.);
#8012 = CIRCLE('',#8013,69.);
#8013 = AXIS2_PLACEMENT_3D('',#8014,#8015,#8016);
#8014 = CARTESIAN_POINT('',(0.,-18.,0.));
#8015 = DIRECTION('',(0.,1.,0.));
#8016 = DIRECTION('',(0.,-0.,1.));
#8017 = PCURVE('',#93,#8018);
#8018 = DEFINITIONAL_REPRESENTATION('',(#8019),#8023);
#8019 = CIRCLE('',#8020,69.);
#8020 = AXIS2_PLACEMENT_2D('',#8021,#8022);
#8021 = CARTESIAN_POINT('',(0.,0.));
#8022 = DIRECTION('',(1.,0.));
#8023 = ( GEOMETRIC_REPRESENTATION_CONTEXT(2) 
PARAMETRIC_REPRESENTATION_CONTEXT() REPRESENTATION_CONTEXT('2D SPACE',''
  ) );
#8024 = PCURVE('',#2984,#8025);
#8025 = DEFINITIONAL_REPRESENTATION('',(#8026),#8030);
#8026 = LINE('',#8027,#8028);
#8027 = CARTESIAN_POINT('',(0.,0.1));
#8028 = VECTOR('',#8029,1.);
#8029 = DIRECTION('',(1.,0.));
#8030 = ( GEOMETRIC_REPRESENTATION_CONTEXT(2) 
PARAMETRIC_REPRESENTATION_CONTEXT() REPRESENTATION_CONTEXT('2D SPACE',''
  ) );
#8031 = ORIENTED_EDGE('',*,*,#8032,.T.);
#8032 = EDGE_CURVE('',#8007,#8033,#8035,.T.);
#8033 = VERTEX_POINT('',#8034);
#8034 = CARTESIAN_POINT('',(-66.6,-18.,-0.6));
#8035 = SURFACE_CURVE('',#8036,(#8040,#8047),.PCURVE_S1.);
#8036 = LINE('',#8037,#8038);
#8037 = CARTESIAN_POINT('',(-66.6,-18.,-70.));
#8038 = VECTOR('',#8039,1.);
#8039 = DIRECTION('',(0.,0.,1.));
#8040 = PCURVE('',#93,#8041);
#8041 = DEFINITIONAL_REPRESENTATION('',(#8042),#8046);
#8042 = LINE('',#8043,#8044);
#8043 = CARTESIAN_POINT('',(-70.,-66.6));
#8044 = VECTOR('',#8045,1.);
#8045 = DIRECTION('',(1.,0.));
#8046 = ( GEOMETRIC_REPRESENTATION_CONTEXT(2) 
PARAMETRIC_REPRESENTATION_CONTEXT() REPRESENTATION_CONTEXT('2D SPACE',''
  ) );
#8047 = PCURVE('',#3012,#8048);
#8048 = DEFINITIONAL_REPRESENTATION('',(#8049),#8053);
#8049 = LINE('',#8050,#8051);
#8050 = CARTESIAN_POINT('',(0.,0.));
#8051 = VECTOR('',#8052,1.);
#8052 = DIRECTION('',(1.,0.));
#8053 = ( GEOMETRIC_REPRESENTATION_CONTEXT(2) 
PARAMETRIC_REPRESENTATION_CONTEXT() REPRESENTATION_CONTEXT('2D SPACE',''
  ) );
#8054 = ORIENTED_EDGE('',*,*,#8055,.F.);
#8055 = EDGE_CURVE('',#8009,#8033,#8056,.T.);
#8056 = SURFACE_CURVE('',#8057,(#8061,#8068),.PCURVE_S1.);
#8057 = LINE('',#8058,#8059);
#8058 = CARTESIAN_POINT('',(-70.,-18.,-0.6));
#8059 = VECTOR('',#8060,1.);
#8060 = DIRECTION('',(1.,0.,0.));
#8061 = PCURVE('',#93,#8062);
#8062 = DEFINITIONAL_REPRESENTATION('',(#8063),#8067);
#8063 = LINE('',#8064,#8065);
#8064 = CARTESIAN_POINT('',(-0.6,-70.));
#8065 = VECTOR('',#8066,1.);
#8066 = DIRECTION('',(0.,1.));
#8067 = ( GEOMETRIC_REPRESENTATION_CONTEXT(2) 
PARAMETRIC_REPRESENTATION_CONTEXT() REPRESENTATION_CONTEXT('2D SPACE',''
  ) );
#8068 = PCURVE('',#3038,#8069);
#8069 = DEFINITIONAL_REPRESENTATION('',(#8070),#8074);
#8070 = LINE('',#8071,#8072);
#8071 = CARTESIAN_POINT('',(0.,0.));
#8072 = VECTOR('',#8073,1.);
#8073 = DIRECTION('',(1.,0.));
#8074 = ( GEOMETRIC_REPRESENTATION_CONTEXT(2) 
PARAMETRIC_REPRESENTATION_CONTEXT() REPRESENTATION_CONTEXT('2D SPACE',''
  ) );
#8075 = FACE_BOUND('',#8076,.F.);
#8076 = EDGE_LOOP('',(#8077,#8103,#8126,#8149));
#8077 = ORIENTED_EDGE('',*,*,#8078,.F.);
#8078 = EDGE_CURVE('',#8079,#8081,#8083,.T.);
#8079 = VERTEX_POINT('',#8080);
#8080 = CARTESIAN_POINT('',(65.4,-18.,-21.99636333578));
#8081 = VERTEX_POINT('',#8082);
#8082 = CARTESIAN_POINT('',(60.600000000001,-18.,-32.99454500367));
#8083 = SURFACE_CURVE('',#8084,(#8089,#8096),.PCURVE_S1.);
#8084 = CIRCLE('',#8085,69.);
#8085 = AXIS2_PLACEMENT_3D('',#8086,#8087,#8088);
#8086 = CARTESIAN_POINT('',(0.,-18.,0.));
#8087 = DIRECTION('',(0.,1.,0.));
#8088 = DIRECTION('',(0.,-0.,1.));
#8089 = PCURVE('',#93,#8090);
#8090 = DEFINITIONAL_REPRESENTATION('',(#8091),#8095);
#8091 = CIRCLE('',#8092,69.);
#8092 = AXIS2_PLACEMENT_2D('',#8093,#8094);
#8093 = CARTESIAN_POINT('',(0.,0.));
#8094 = DIRECTION('',(1.,0.));
#8095 = ( GEOMETRIC_REPRESENTATION_CONTEXT(2) 
PARAMETRIC_REPRESENTATION_CONTEXT() REPRESENTATION_CONTEXT('2D SPACE',''
  ) );
#8096 = PCURVE('',#3071,#8097);
#8097 = DEFINITIONAL_REPRESENTATION('',(#8098),#8102);
#8098 = LINE('',#8099,#8100);
#8099 = CARTESIAN_POINT('',(0.,0.1));
#8100 = VECTOR('',#8101,1.);
#8101 = DIRECTION('',(1.,0.));
#8102 = ( GEOMETRIC_REPRESENTATION_CONTEXT(2) 
PARAMETRIC_REPRESENTATION_CONTEXT() REPRESENTATION_CONTEXT('2D SPACE',''
  ) );
#8103 = ORIENTED_EDGE('',*,*,#8104,.T.);
#8104 = EDGE_CURVE('',#8079,#8105,#8107,.T.);
#8105 = VERTEX_POINT('',#8106);
#8106 = CARTESIAN_POINT('',(65.4,-18.,-0.6));
#8107 = SURFACE_CURVE('',#8108,(#8112,#8119),.PCURVE_S1.);
#8108 = LINE('',#8109,#8110);
#8109 = CARTESIAN_POINT('',(65.4,-18.,-70.));
#8110 = VECTOR('',#8111,1.);
#8111 = DIRECTION('',(0.,0.,1.));
#8112 = PCURVE('',#93,#8113);
#8113 = DEFINITIONAL_REPRESENTATION('',(#8114),#8118);
#8114 = LINE('',#8115,#8116);
#8115 = CARTESIAN_POINT('',(-70.,65.4));
#8116 = VECTOR('',#8117,1.);
#8117 = DIRECTION('',(1.,0.));
#8118 = ( GEOMETRIC_REPRESENTATION_CONTEXT(2) 
PARAMETRIC_REPRESENTATION_CONTEXT() REPRESENTATION_CONTEXT('2D SPACE',''
  ) );
#8119 = PCURVE('',#3099,#8120);
#8120 = DEFINITIONAL_REPRESENTATION('',(#8121),#8125);
#8121 = LINE('',#8122,#8123);
#8122 = CARTESIAN_POINT('',(0.,0.));
#8123 = VECTOR('',#8124,1.);
#8124 = DIRECTION('',(1.,0.));
#8125 = ( GEOMETRIC_REPRESENTATION_CONTEXT(2) 
PARAMETRIC_REPRESENTATION_CONTEXT() REPRESENTATION_CONTEXT('2D SPACE',''
  ) );
#8126 = ORIENTED_EDGE('',*,*,#8127,.F.);
#8127 = EDGE_CURVE('',#8128,#8105,#8130,.T.);
#8128 = VERTEX_POINT('',#8129);
#8129 = CARTESIAN_POINT('',(60.6,-18.,-0.6));
#8130 = SURFACE_CURVE('',#8131,(#8135,#8142),.PCURVE_S1.);
#8131 = LINE('',#8132,#8133);
#8132 = CARTESIAN_POINT('',(-70.,-18.,-0.6));
#8133 = VECTOR('',#8134,1.);
#8134 = DIRECTION('',(1.,0.,0.));
#8135 = PCURVE('',#93,#8136);
#8136 = DEFINITIONAL_REPRESENTATION('',(#8137),#8141);
#8137 = LINE('',#8138,#8139);
#8138 = CARTESIAN_POINT('',(-0.6,-70.));
#8139 = VECTOR('',#8140,1.);
#8140 = DIRECTION('',(0.,1.));
#8141 = ( GEOMETRIC_REPRESENTATION_CONTEXT(2) 
PARAMETRIC_REPRESENTATION_CONTEXT() REPRESENTATION_CONTEXT('2D SPACE',''
  ) );
#8142 = PCURVE('',#3127,#8143);
#8143 = DEFINITIONAL_REPRESENTATION('',(#8144),#8148);
#8144 = LINE('',#8145,#8146);
#8145 = CARTESIAN_POINT('',(0.,0.));
#8146 = VECTOR('',#8147,1.);
#8147 = DIRECTION('',(1.,0.));
#8148 = ( GEOMETRIC_REPRESENTATION_CONTEXT(2) 
PARAMETRIC_REPRESENTATION_CONTEXT() REPRESENTATION_CONTEXT('2D SPACE',''
  ) );
#8149 = ORIENTED_EDGE('',*,*,#8150,.F.);
#8150 = EDGE_CURVE('',#8081,#8128,#8151,.T.);
#8151 = SURFACE_CURVE('',#8152,(#8156,#8163),.PCURVE_S1.);
#8152 = LINE('',#8153,#8154);
#8153 = CARTESIAN_POINT('',(60.6,-18.,-70.));
#8154 = VECTOR('',#8155,1.);
#8155 = DIRECTION('',(0.,0.,1.));
#8156 = PCURVE('',#93,#8157);
#8157 = DEFINITIONAL_REPRESENTATION('',(#8158),#8162);
#8158 = LINE('',#8159,#8160);
#8159 = CARTESIAN_POINT('',(-70.,60.6));
#8160 = VECTOR('',#8161,1.);
#8161 = DIRECTION('',(1.,0.));
#8162 = ( GEOMETRIC_REPRESENTATION_CONTEXT(2) 
PARAMETRIC_REPRESENTATION_CONTEXT() REPRESENTATION_CONTEXT('2D SPACE',''
  ) );
#8163 = PCURVE('',#3153,#8164);
#8164 = DEFINITIONAL_REPRESENTATION('',(#8165),#8169);
#8165 = LINE('',#8166,#8167);
#8166 = CARTESIAN_POINT('',(0.,0.));
#8167 = VECTOR('',#8168,1.);
#8168 = DIRECTION('',(1.,0.));
#8169 = ( GEOMETRIC_REPRESENTATION_CONTEXT(2) 
PARAMETRIC_REPRESENTATION_CONTEXT() REPRESENTATION_CONTEXT('2D SPACE',''
  ) );
#8170 = FACE_BOUND('',#8171,.F.);
#8171 = EDGE_LOOP('',(#8172,#8198,#8221,#8244));
#8172 = ORIENTED_EDGE('',*,*,#8173,.F.);
#8173 = EDGE_CURVE('',#8174,#8176,#8178,.T.);
#8174 = VERTEX_POINT('',#8175);
#8175 = CARTESIAN_POINT('',(-60.6,-18.,-32.99454500367));
#8176 = VERTEX_POINT('',#8177);
#8177 = CARTESIAN_POINT('',(-65.4,-18.,-21.99636333578));
#8178 = SURFACE_CURVE('',#8179,(#8184,#8191),.PCURVE_S1.);
#8179 = CIRCLE('',#8180,69.);
#8180 = AXIS2_PLACEMENT_3D('',#8181,#8182,#8183);
#8181 = CARTESIAN_POINT('',(0.,-18.,0.));
#8182 = DIRECTION('',(0.,1.,0.));
#8183 = DIRECTION('',(0.,-0.,1.));
#8184 = PCURVE('',#93,#8185);
#8185 = DEFINITIONAL_REPRESENTATION('',(#8186),#8190);
#8186 = CIRCLE('',#8187,69.);
#8187 = AXIS2_PLACEMENT_2D('',#8188,#8189);
#8188 = CARTESIAN_POINT('',(0.,0.));
#8189 = DIRECTION('',(1.,0.));
#8190 = ( GEOMETRIC_REPRESENTATION_CONTEXT(2) 
PARAMETRIC_REPRESENTATION_CONTEXT() REPRESENTATION_CONTEXT('2D SPACE',''
  ) );
#8191 = PCURVE('',#3186,#8192);
#8192 = DEFINITIONAL_REPRESENTATION('',(#8193),#8197);
#8193 = LINE('',#8194,#8195);
#8194 = CARTESIAN_POINT('',(0.,0.1));
#8195 = VECTOR('',#8196,1.);
#8196 = DIRECTION('',(1.,0.));
#8197 = ( GEOMETRIC_REPRESENTATION_CONTEXT(2) 
PARAMETRIC_REPRESENTATION_CONTEXT() REPRESENTATION_CONTEXT('2D SPACE',''
  ) );
#8198 = ORIENTED_EDGE('',*,*,#8199,.T.);
#8199 = EDGE_CURVE('',#8174,#8200,#8202,.T.);
#8200 = VERTEX_POINT('',#8201);
#8201 = CARTESIAN_POINT('',(-60.6,-18.,-0.6));
#8202 = SURFACE_CURVE('',#8203,(#8207,#8214),.PCURVE_S1.);
#8203 = LINE('',#8204,#8205);
#8204 = CARTESIAN_POINT('',(-60.6,-18.,-70.));
#8205 = VECTOR('',#8206,1.);
#8206 = DIRECTION('',(0.,0.,1.));
#8207 = PCURVE('',#93,#8208);
#8208 = DEFINITIONAL_REPRESENTATION('',(#8209),#8213);
#8209 = LINE('',#8210,#8211);
#8210 = CARTESIAN_POINT('',(-70.,-60.6));
#8211 = VECTOR('',#8212,1.);
#8212 = DIRECTION('',(1.,0.));
#8213 = ( GEOMETRIC_REPRESENTATION_CONTEXT(2) 
PARAMETRIC_REPRESENTATION_CONTEXT() REPRESENTATION_CONTEXT('2D SPACE',''
  ) );
#8214 = PCURVE('',#3214,#8215);
#8215 = DEFINITIONAL_REPRESENTATION('',(#8216),#8220);
#8216 = LINE('',#8217,#8218);
#8217 = CARTESIAN_POINT('',(0.,0.));
#8218 = VECTOR('',#8219,1.);
#8219 = DIRECTION('',(1.,0.));
#8220 = ( GEOMETRIC_REPRESENTATION_CONTEXT(2) 
PARAMETRIC_REPRESENTATION_CONTEXT() REPRESENTATION_CONTEXT('2D SPACE',''
  ) );
#8221 = ORIENTED_EDGE('',*,*,#8222,.F.);
#8222 = EDGE_CURVE('',#8223,#8200,#8225,.T.);
#8223 = VERTEX_POINT('',#8224);
#8224 = CARTESIAN_POINT('',(-65.4,-18.,-0.6));
#8225 = SURFACE_CURVE('',#8226,(#8230,#8237),.PCURVE_S1.);
#8226 = LINE('',#8227,#8228);
#8227 = CARTESIAN_POINT('',(-70.,-18.,-0.6));
#8228 = VECTOR('',#8229,1.);
#8229 = DIRECTION('',(1.,0.,0.));
#8230 = PCURVE('',#93,#8231);
#8231 = DEFINITIONAL_REPRESENTATION('',(#8232),#8236);
#8232 = LINE('',#8233,#8234);
#8233 = CARTESIAN_POINT('',(-0.6,-70.));
#8234 = VECTOR('',#8235,1.);
#8235 = DIRECTION('',(0.,1.));
#8236 = ( GEOMETRIC_REPRESENTATION_CONTEXT(2) 
PARAMETRIC_REPRESENTATION_CONTEXT() REPRESENTATION_CONTEXT('2D SPACE',''
  ) );
#8237 = PCURVE('',#3242,#8238);
#8238 = DEFINITIONAL_REPRESENTATION('',(#8239),#8243);
#8239 = LINE('',#8240,#8241);
#8240 = CARTESIAN_POINT('',(0.,0.));
#8241 = VECTOR('',#8242,1.);
#8242 = DIRECTION('',(1.,0.));
#8243 = ( GEOMETRIC_REPRESENTATION_CONTEXT(2) 
PARAMETRIC_REPRESENTATION_CONTEXT() REPRESENTATION_CONTEXT('2D SPACE',''
  ) );
#8244 = ORIENTED_EDGE('',*,*,#8245,.F.);
#8245 = EDGE_CURVE('',#8176,#8223,#8246,.T.);
#8246 = SURFACE_CURVE('',#8247,(#8251,#8258),.PCURVE_S1.);
#8247 = LINE('',#8248,#8249);
#8248 = CARTESIAN_POINT('',(-65.4,-18.,-70.));
#8249 = VECTOR('',#8250,1.);
#8250 = DIRECTION('',(0.,0.,1.));
#8251 = PCURVE('',#93,#8252);
#8252 = DEFINITIONAL_REPRESENTATION('',(#8253),#8257);
#8253 = LINE('',#8254,#8255);
#8254 = CARTESIAN_POINT('',(-70.,-65.4));
#8255 = VECTOR('',#8256,1.);
#8256 = DIRECTION('',(1.,0.));
#8257 = ( GEOMETRIC_REPRESENTATION_CONTEXT(2) 
PARAMETRIC_REPRESENTATION_CONTEXT() REPRESENTATION_CONTEXT('2D SPACE',''
  ) );
#8258 = PCURVE('',#3268,#8259);
#8259 = DEFINITIONAL_REPRESENTATION('',(#8260),#8264);
#8260 = LINE('',#8261,#8262);
#8261 = CARTESIAN_POINT('',(0.,0.));
#8262 = VECTOR('',#8263,1.);
#8263 = DIRECTION('',(1.,0.));
#8264 = ( GEOMETRIC_REPRESENTATION_CONTEXT(2) 
PARAMETRIC_REPRESENTATION_CONTEXT() REPRESENTATION_CONTEXT('2D SPACE',''
  ) );
#8265 = FACE_BOUND('',#8266,.F.);
#8266 = EDGE_LOOP('',(#8267,#8293,#8316,#8339));
#8267 = ORIENTED_EDGE('',*,*,#8268,.F.);
#8268 = EDGE_CURVE('',#8269,#8271,#8273,.T.);
#8269 = VERTEX_POINT('',#8270);
#8270 = CARTESIAN_POINT('',(59.400000000001,-18.,-35.10897321198));
#8271 = VERTEX_POINT('',#8272);
#8272 = CARTESIAN_POINT('',(54.599999999999,-18.,-42.18814999499));
#8273 = SURFACE_CURVE('',#8274,(#8279,#8286),.PCURVE_S1.);
#8274 = CIRCLE('',#8275,69.);
#8275 = AXIS2_PLACEMENT_3D('',#8276,#8277,#8278);
#8276 = CARTESIAN_POINT('',(0.,-18.,0.));
#8277 = DIRECTION('',(0.,1.,0.));
#8278 = DIRECTION('',(0.,-0.,1.));
#8279 = PCURVE('',#93,#8280);
#8280 = DEFINITIONAL_REPRESENTATION('',(#8281),#8285);
#8281 = CIRCLE('',#8282,69.);
#8282 = AXIS2_PLACEMENT_2D('',#8283,#8284);
#8283 = CARTESIAN_POINT('',(0.,0.));
#8284 = DIRECTION('',(1.,0.));
#8285 = ( GEOMETRIC_REPRESENTATION_CONTEXT(2) 
PARAMETRIC_REPRESENTATION_CONTEXT() REPRESENTATION_CONTEXT('2D SPACE',''
  ) );
#8286 = PCURVE('',#3301,#8287);
#8287 = DEFINITIONAL_REPRESENTATION('',(#8288),#8292);
#8288 = LINE('',#8289,#8290);
#8289 = CARTESIAN_POINT('',(0.,0.1));
#8290 = VECTOR('',#8291,1.);
#8291 = DIRECTION('',(1.,0.));
#8292 = ( GEOMETRIC_REPRESENTATION_CONTEXT(2) 
PARAMETRIC_REPRESENTATION_CONTEXT() REPRESENTATION_CONTEXT('2D SPACE',''
  ) );
#8293 = ORIENTED_EDGE('',*,*,#8294,.T.);
#8294 = EDGE_CURVE('',#8269,#8295,#8297,.T.);
#8295 = VERTEX_POINT('',#8296);
#8296 = CARTESIAN_POINT('',(59.4,-18.,-0.6));
#8297 = SURFACE_CURVE('',#8298,(#8302,#8309),.PCURVE_S1.);
#8298 = LINE('',#8299,#8300);
#8299 = CARTESIAN_POINT('',(59.4,-18.,-70.));
#8300 = VECTOR('',#8301,1.);
#8301 = DIRECTION('',(0.,0.,1.));
#8302 = PCURVE('',#93,#8303);
#8303 = DEFINITIONAL_REPRESENTATION('',(#8304),#8308);
#8304 = LINE('',#8305,#8306);
#8305 = CARTESIAN_POINT('',(-70.,59.4));
#8306 = VECTOR('',#8307,1.);
#8307 = DIRECTION('',(1.,0.));
#8308 = ( GEOMETRIC_REPRESENTATION_CONTEXT(2) 
PARAMETRIC_REPRESENTATION_CONTEXT() REPRESENTATION_CONTEXT('2D SPACE',''
  ) );
#8309 = PCURVE('',#3329,#8310);
#8310 = DEFINITIONAL_REPRESENTATION('',(#8311),#8315);
#8311 = LINE('',#8312,#8313);
#8312 = CARTESIAN_POINT('',(0.,0.));
#8313 = VECTOR('',#8314,1.);
#8314 = DIRECTION('',(1.,0.));
#8315 = ( GEOMETRIC_REPRESENTATION_CONTEXT(2) 
PARAMETRIC_REPRESENTATION_CONTEXT() REPRESENTATION_CONTEXT('2D SPACE',''
  ) );
#8316 = ORIENTED_EDGE('',*,*,#8317,.F.);
#8317 = EDGE_CURVE('',#8318,#8295,#8320,.T.);
#8318 = VERTEX_POINT('',#8319);
#8319 = CARTESIAN_POINT('',(54.6,-18.,-0.6));
#8320 = SURFACE_CURVE('',#8321,(#8325,#8332),.PCURVE_S1.);
#8321 = LINE('',#8322,#8323);
#8322 = CARTESIAN_POINT('',(-70.,-18.,-0.6));
#8323 = VECTOR('',#8324,1.);
#8324 = DIRECTION('',(1.,0.,0.));
#8325 = PCURVE('',#93,#8326);
#8326 = DEFINITIONAL_REPRESENTATION('',(#8327),#8331);
#8327 = LINE('',#8328,#8329);
#8328 = CARTESIAN_POINT('',(-0.6,-70.));
#8329 = VECTOR('',#8330,1.);
#8330 = DIRECTION('',(0.,1.));
#8331 = ( GEOMETRIC_REPRESENTATION_CONTEXT(2) 
PARAMETRIC_REPRESENTATION_CONTEXT() REPRESENTATION_CONTEXT('2D SPACE',''
  ) );
#8332 = PCURVE('',#3357,#8333);
#8333 = DEFINITIONAL_REPRESENTATION('',(#8334),#8338);
#8334 = LINE('',#8335,#8336);
#8335 = CARTESIAN_POINT('',(0.,0.));
#8336 = VECTOR('',#8337,1.);
#8337 = DIRECTION('',(1.,0.));
#8338 = ( GEOMETRIC_REPRESENTATION_CONTEXT(2) 
PARAMETRIC_REPRESENTATION_CONTEXT() REPRESENTATION_CONTEXT('2D SPACE',''
  ) );
#8339 = ORIENTED_EDGE('',*,*,#8340,.F.);
#8340 = EDGE_CURVE('',#8271,#8318,#8341,.T.);
#8341 = SURFACE_CURVE('',#8342,(#8346,#8353),.PCURVE_S1.);
#8342 = LINE('',#8343,#8344);
#8343 = CARTESIAN_POINT('',(54.6,-18.,-70.));
#8344 = VECTOR('',#8345,1.);
#8345 = DIRECTION('',(0.,0.,1.));
#8346 = PCURVE('',#93,#8347);
#8347 = DEFINITIONAL_REPRESENTATION('',(#8348),#8352);
#8348 = LINE('',#8349,#8350);
#8349 = CARTESIAN_POINT('',(-70.,54.6));
#8350 = VECTOR('',#8351,1.);
#8351 = DIRECTION('',(1.,0.));
#8352 = ( GEOMETRIC_REPRESENTATION_CONTEXT(2) 
PARAMETRIC_REPRESENTATION_CONTEXT() REPRESENTATION_CONTEXT('2D SPACE',''
  ) );
#8353 = PCURVE('',#3383,#8354);
#8354 = DEFINITIONAL_REPRESENTATION('',(#8355),#8359);
#8355 = LINE('',#8356,#8357);
#8356 = CARTESIAN_POINT('',(0.,0.));
#8357 = VECTOR('',#8358,1.);
#8358 = DIRECTION('',(1.,0.));
#8359 = ( GEOMETRIC_REPRESENTATION_CONTEXT(2) 
PARAMETRIC_REPRESENTATION_CONTEXT() REPRESENTATION_CONTEXT('2D SPACE',''
  ) );
#8360 = FACE_BOUND('',#8361,.F.);
#8361 = EDGE_LOOP('',(#8362,#8388,#8411,#8434));
#8362 = ORIENTED_EDGE('',*,*,#8363,.F.);
#8363 = EDGE_CURVE('',#8364,#8366,#8368,.T.);
#8364 = VERTEX_POINT('',#8365);
#8365 = CARTESIAN_POINT('',(-54.59999999999,-18.,-42.18814999499));
#8366 = VERTEX_POINT('',#8367);
#8367 = CARTESIAN_POINT('',(-59.4,-18.,-35.10897321198));
#8368 = SURFACE_CURVE('',#8369,(#8374,#8381),.PCURVE_S1.);
#8369 = CIRCLE('',#8370,69.);
#8370 = AXIS2_PLACEMENT_3D('',#8371,#8372,#8373);
#8371 = CARTESIAN_POINT('',(0.,-18.,0.));
#8372 = DIRECTION('',(0.,1.,0.));
#8373 = DIRECTION('',(0.,-0.,1.));
#8374 = PCURVE('',#93,#8375);
#8375 = DEFINITIONAL_REPRESENTATION('',(#8376),#8380);
#8376 = CIRCLE('',#8377,69.);
#8377 = AXIS2_PLACEMENT_2D('',#8378,#8379);
#8378 = CARTESIAN_POINT('',(0.,0.));
#8379 = DIRECTION('',(1.,0.));
#8380 = ( GEOMETRIC_REPRESENTATION_CONTEXT(2) 
PARAMETRIC_REPRESENTATION_CONTEXT() REPRESENTATION_CONTEXT('2D SPACE',''
  ) );
#8381 = PCURVE('',#3416,#8382);
#8382 = DEFINITIONAL_REPRESENTATION('',(#8383),#8387);
#8383 = LINE('',#8384,#8385);
#8384 = CARTESIAN_POINT('',(0.,0.1));
#8385 = VECTOR('',#8386,1.);
#8386 = DIRECTION('',(1.,0.));
#8387 = ( GEOMETRIC_REPRESENTATION_CONTEXT(2) 
PARAMETRIC_REPRESENTATION_CONTEXT() REPRESENTATION_CONTEXT('2D SPACE',''
  ) );
#8388 = ORIENTED_EDGE('',*,*,#8389,.T.);
#8389 = EDGE_CURVE('',#8364,#8390,#8392,.T.);
#8390 = VERTEX_POINT('',#8391);
#8391 = CARTESIAN_POINT('',(-54.6,-18.,-0.6));
#8392 = SURFACE_CURVE('',#8393,(#8397,#8404),.PCURVE_S1.);
#8393 = LINE('',#8394,#8395);
#8394 = CARTESIAN_POINT('',(-54.6,-18.,-70.));
#8395 = VECTOR('',#8396,1.);
#8396 = DIRECTION('',(0.,0.,1.));
#8397 = PCURVE('',#93,#8398);
#8398 = DEFINITIONAL_REPRESENTATION('',(#8399),#8403);
#8399 = LINE('',#8400,#8401);
#8400 = CARTESIAN_POINT('',(-70.,-54.6));
#8401 = VECTOR('',#8402,1.);
#8402 = DIRECTION('',(1.,0.));
#8403 = ( GEOMETRIC_REPRESENTATION_CONTEXT(2) 
PARAMETRIC_REPRESENTATION_CONTEXT() REPRESENTATION_CONTEXT('2D SPACE',''
  ) );
#8404 = PCURVE('',#3444,#8405);
#8405 = DEFINITIONAL_REPRESENTATION('',(#8406),#8410);
#8406 = LINE('',#8407,#8408);
#8407 = CARTESIAN_POINT('',(0.,0.));
#8408 = VECTOR('',#8409,1.);
#8409 = DIRECTION('',(1.,0.));
#8410 = ( GEOMETRIC_REPRESENTATION_CONTEXT(2) 
PARAMETRIC_REPRESENTATION_CONTEXT() REPRESENTATION_CONTEXT('2D SPACE',''
  ) );
#8411 = ORIENTED_EDGE('',*,*,#8412,.F.);
#8412 = EDGE_CURVE('',#8413,#8390,#8415,.T.);
#8413 = VERTEX_POINT('',#8414);
#8414 = CARTESIAN_POINT('',(-59.4,-18.,-0.6));
#8415 = SURFACE_CURVE('',#8416,(#8420,#8427),.PCURVE_S1.);
#8416 = LINE('',#8417,#8418);
#8417 = CARTESIAN_POINT('',(-70.,-18.,-0.6));
#8418 = VECTOR('',#8419,1.);
#8419 = DIRECTION('',(1.,0.,0.));
#8420 = PCURVE('',#93,#8421);
#8421 = DEFINITIONAL_REPRESENTATION('',(#8422),#8426);
#8422 = LINE('',#8423,#8424);
#8423 = CARTESIAN_POINT('',(-0.6,-70.));
#8424 = VECTOR('',#8425,1.);
#8425 = DIRECTION('',(0.,1.));
#8426 = ( GEOMETRIC_REPRESENTATION_CONTEXT(2) 
PARAMETRIC_REPRESENTATION_CONTEXT() REPRESENTATION_CONTEXT('2D SPACE',''
  ) );
#8427 = PCURVE('',#3472,#8428);
#8428 = DEFINITIONAL_REPRESENTATION('',(#8429),#8433);
#8429 = LINE('',#8430,#8431);
#8430 = CARTESIAN_POINT('',(0.,0.));
#8431 = VECTOR('',#8432,1.);
#8432 = DIRECTION('',(1.,0.));
#8433 = ( GEOMETRIC_REPRESENTATION_CONTEXT(2) 
PARAMETRIC_REPRESENTATION_CONTEXT() REPRESENTATION_CONTEXT('2D SPACE',''
  ) );
#8434 = ORIENTED_EDGE('',*,*,#8435,.F.);
#8435 = EDGE_CURVE('',#8366,#8413,#8436,.T.);
#8436 = SURFACE_CURVE('',#8437,(#8441,#8448),.PCURVE_S1.);
#8437 = LINE('',#8438,#8439);
#8438 = CARTESIAN_POINT('',(-59.4,-18.,-70.));
#8439 = VECTOR('',#8440,1.);
#8440 = DIRECTION('',(0.,0.,1.));
#8441 = PCURVE('',#93,#8442);
#8442 = DEFINITIONAL_REPRESENTATION('',(#8443),#8447);
#8443 = LINE('',#8444,#8445);
#8444 = CARTESIAN_POINT('',(-70.,-59.4));
#8445 = VECTOR('',#8446,1.);
#8446 = DIRECTION('',(1.,0.));
#8447 = ( GEOMETRIC_REPRESENTATION_CONTEXT(2) 
PARAMETRIC_REPRESENTATION_CONTEXT() REPRESENTATION_CONTEXT('2D SPACE',''
  ) );
#8448 = PCURVE('',#3498,#8449);
#8449 = DEFINITIONAL_REPRESENTATION('',(#8450),#8454);
#8450 = LINE('',#8451,#8452);
#8451 = CARTESIAN_POINT('',(0.,0.));
#8452 = VECTOR('',#8453,1.);
#8453 = DIRECTION('',(1.,0.));
#8454 = ( GEOMETRIC_REPRESENTATION_CONTEXT(2) 
PARAMETRIC_REPRESENTATION_CONTEXT() REPRESENTATION_CONTEXT('2D SPACE',''
  ) );
#8455 = FACE_BOUND('',#8456,.F.);
#8456 = EDGE_LOOP('',(#8457,#8483,#8506,#8529));
#8457 = ORIENTED_EDGE('',*,*,#8458,.F.);
#8458 = EDGE_CURVE('',#8459,#8461,#8463,.T.);
#8459 = VERTEX_POINT('',#8460);
#8460 = CARTESIAN_POINT('',(53.399999999999,-18.,-43.69713949448));
#8461 = VERTEX_POINT('',#8462);
#8462 = CARTESIAN_POINT('',(48.6,-18.,-48.9799959167));
#8463 = SURFACE_CURVE('',#8464,(#8469,#8476),.PCURVE_S1.);
#8464 = CIRCLE('',#8465,69.);
#8465 = AXIS2_PLACEMENT_3D('',#8466,#8467,#8468);
#8466 = CARTESIAN_POINT('',(0.,-18.,0.));
#8467 = DIRECTION('',(0.,1.,0.));
#8468 = DIRECTION('',(0.,-0.,1.));
#8469 = PCURVE('',#93,#8470);
#8470 = DEFINITIONAL_REPRESENTATION('',(#8471),#8475);
#8471 = CIRCLE('',#8472,69.);
#8472 = AXIS2_PLACEMENT_2D('',#8473,#8474);
#8473 = CARTESIAN_POINT('',(0.,0.));
#8474 = DIRECTION('',(1.,0.));
#8475 = ( GEOMETRIC_REPRESENTATION_CONTEXT(2) 
PARAMETRIC_REPRESENTATION_CONTEXT() REPRESENTATION_CONTEXT('2D SPACE',''
  ) );
#8476 = PCURVE('',#3531,#8477);
#8477 = DEFINITIONAL_REPRESENTATION('',(#8478),#8482);
#8478 = LINE('',#8479,#8480);
#8479 = CARTESIAN_POINT('',(0.,0.1));
#8480 = VECTOR('',#8481,1.);
#8481 = DIRECTION('',(1.,0.));
#8482 = ( GEOMETRIC_REPRESENTATION_CONTEXT(2) 
PARAMETRIC_REPRESENTATION_CONTEXT() REPRESENTATION_CONTEXT('2D SPACE',''
  ) );
#8483 = ORIENTED_EDGE('',*,*,#8484,.T.);
#8484 = EDGE_CURVE('',#8459,#8485,#8487,.T.);
#8485 = VERTEX_POINT('',#8486);
#8486 = CARTESIAN_POINT('',(53.4,-18.,-0.6));
#8487 = SURFACE_CURVE('',#8488,(#8492,#8499),.PCURVE_S1.);
#8488 = LINE('',#8489,#8490);
#8489 = CARTESIAN_POINT('',(53.4,-18.,-70.));
#8490 = VECTOR('',#8491,1.);
#8491 = DIRECTION('',(0.,0.,1.));
#8492 = PCURVE('',#93,#8493);
#8493 = DEFINITIONAL_REPRESENTATION('',(#8494),#8498);
#8494 = LINE('',#8495,#8496);
#8495 = CARTESIAN_POINT('',(-70.,53.4));
#8496 = VECTOR('',#8497,1.);
#8497 = DIRECTION('',(1.,0.));
#8498 = ( GEOMETRIC_REPRESENTATION_CONTEXT(2) 
PARAMETRIC_REPRESENTATION_CONTEXT() REPRESENTATION_CONTEXT('2D SPACE',''
  ) );
#8499 = PCURVE('',#3559,#8500);
#8500 = DEFINITIONAL_REPRESENTATION('',(#8501),#8505);
#8501 = LINE('',#8502,#8503);
#8502 = CARTESIAN_POINT('',(0.,0.));
#8503 = VECTOR('',#8504,1.);
#8504 = DIRECTION('',(1.,0.));
#8505 = ( GEOMETRIC_REPRESENTATION_CONTEXT(2) 
PARAMETRIC_REPRESENTATION_CONTEXT() REPRESENTATION_CONTEXT('2D SPACE',''
  ) );
#8506 = ORIENTED_EDGE('',*,*,#8507,.F.);
#8507 = EDGE_CURVE('',#8508,#8485,#8510,.T.);
#8508 = VERTEX_POINT('',#8509);
#8509 = CARTESIAN_POINT('',(48.6,-18.,-0.6));
#8510 = SURFACE_CURVE('',#8511,(#8515,#8522),.PCURVE_S1.);
#8511 = LINE('',#8512,#8513);
#8512 = CARTESIAN_POINT('',(-70.,-18.,-0.6));
#8513 = VECTOR('',#8514,1.);
#8514 = DIRECTION('',(1.,0.,0.));
#8515 = PCURVE('',#93,#8516);
#8516 = DEFINITIONAL_REPRESENTATION('',(#8517),#8521);
#8517 = LINE('',#8518,#8519);
#8518 = CARTESIAN_POINT('',(-0.6,-70.));
#8519 = VECTOR('',#8520,1.);
#8520 = DIRECTION('',(0.,1.));
#8521 = ( GEOMETRIC_REPRESENTATION_CONTEXT(2) 
PARAMETRIC_REPRESENTATION_CONTEXT() REPRESENTATION_CONTEXT('2D SPACE',''
  ) );
#8522 = PCURVE('',#3587,#8523);
#8523 = DEFINITIONAL_REPRESENTATION('',(#8524),#8528);
#8524 = LINE('',#8525,#8526);
#8525 = CARTESIAN_POINT('',(0.,0.));
#8526 = VECTOR('',#8527,1.);
#8527 = DIRECTION('',(1.,0.));
#8528 = ( GEOMETRIC_REPRESENTATION_CONTEXT(2) 
PARAMETRIC_REPRESENTATION_CONTEXT() REPRESENTATION_CONTEXT('2D SPACE',''
  ) );
#8529 = ORIENTED_EDGE('',*,*,#8530,.F.);
#8530 = EDGE_CURVE('',#8461,#8508,#8531,.T.);
#8531 = SURFACE_CURVE('',#8532,(#8536,#8543),.PCURVE_S1.);
#8532 = LINE('',#8533,#8534);
#8533 = CARTESIAN_POINT('',(48.6,-18.,-70.));
#8534 = VECTOR('',#8535,1.);
#8535 = DIRECTION('',(0.,0.,1.));
#8536 = PCURVE('',#93,#8537);
#8537 = DEFINITIONAL_REPRESENTATION('',(#8538),#8542);
#8538 = LINE('',#8539,#8540);
#8539 = CARTESIAN_POINT('',(-70.,48.6));
#8540 = VECTOR('',#8541,1.);
#8541 = DIRECTION('',(1.,0.));
#8542 = ( GEOMETRIC_REPRESENTATION_CONTEXT(2) 
PARAMETRIC_REPRESENTATION_CONTEXT() REPRESENTATION_CONTEXT('2D SPACE',''
  ) );
#8543 = PCURVE('',#3613,#8544);
#8544 = DEFINITIONAL_REPRESENTATION('',(#8545),#8549);
#8545 = LINE('',#8546,#8547);
#8546 = CARTESIAN_POINT('',(0.,0.));
#8547 = VECTOR('',#8548,1.);
#8548 = DIRECTION('',(1.,0.));
#8549 = ( GEOMETRIC_REPRESENTATION_CONTEXT(2) 
PARAMETRIC_REPRESENTATION_CONTEXT() REPRESENTATION_CONTEXT('2D SPACE',''
  ) );
#8550 = FACE_BOUND('',#8551,.F.);
#8551 = EDGE_LOOP('',(#8552,#8578,#8601,#8624));
#8552 = ORIENTED_EDGE('',*,*,#8553,.F.);
#8553 = EDGE_CURVE('',#8554,#8556,#8558,.T.);
#8554 = VERTEX_POINT('',#8555);
#8555 = CARTESIAN_POINT('',(-48.6,-18.,-48.9799959167));
#8556 = VERTEX_POINT('',#8557);
#8557 = CARTESIAN_POINT('',(-53.39999999999,-18.,-43.69713949448));
#8558 = SURFACE_CURVE('',#8559,(#8564,#8571),.PCURVE_S1.);
#8559 = CIRCLE('',#8560,69.);
#8560 = AXIS2_PLACEMENT_3D('',#8561,#8562,#8563);
#8561 = CARTESIAN_POINT('',(0.,-18.,0.));
#8562 = DIRECTION('',(0.,1.,0.));
#8563 = DIRECTION('',(0.,-0.,1.));
#8564 = PCURVE('',#93,#8565);
#8565 = DEFINITIONAL_REPRESENTATION('',(#8566),#8570);
#8566 = CIRCLE('',#8567,69.);
#8567 = AXIS2_PLACEMENT_2D('',#8568,#8569);
#8568 = CARTESIAN_POINT('',(0.,0.));
#8569 = DIRECTION('',(1.,0.));
#8570 = ( GEOMETRIC_REPRESENTATION_CONTEXT(2) 
PARAMETRIC_REPRESENTATION_CONTEXT() REPRESENTATION_CONTEXT('2D SPACE',''
  ) );
#8571 = PCURVE('',#3646,#8572);
#8572 = DEFINITIONAL_REPRESENTATION('',(#8573),#8577);
#8573 = LINE('',#8574,#8575);
#8574 = CARTESIAN_POINT('',(0.,0.1));
#8575 = VECTOR('',#8576,1.);
#8576 = DIRECTION('',(1.,0.));
#8577 = ( GEOMETRIC_REPRESENTATION_CONTEXT(2) 
PARAMETRIC_REPRESENTATION_CONTEXT() REPRESENTATION_CONTEXT('2D SPACE',''
  ) );
#8578 = ORIENTED_EDGE('',*,*,#8579,.T.);
#8579 = EDGE_CURVE('',#8554,#8580,#8582,.T.);
#8580 = VERTEX_POINT('',#8581);
#8581 = CARTESIAN_POINT('',(-48.6,-18.,-0.6));
#8582 = SURFACE_CURVE('',#8583,(#8587,#8594),.PCURVE_S1.);
#8583 = LINE('',#8584,#8585);
#8584 = CARTESIAN_POINT('',(-48.6,-18.,-70.));
#8585 = VECTOR('',#8586,1.);
#8586 = DIRECTION('',(0.,0.,1.));
#8587 = PCURVE('',#93,#8588);
#8588 = DEFINITIONAL_REPRESENTATION('',(#8589),#8593);
#8589 = LINE('',#8590,#8591);
#8590 = CARTESIAN_POINT('',(-70.,-48.6));
#8591 = VECTOR('',#8592,1.);
#8592 = DIRECTION('',(1.,0.));
#8593 = ( GEOMETRIC_REPRESENTATION_CONTEXT(2) 
PARAMETRIC_REPRESENTATION_CONTEXT() REPRESENTATION_CONTEXT('2D SPACE',''
  ) );
#8594 = PCURVE('',#3674,#8595);
#8595 = DEFINITIONAL_REPRESENTATION('',(#8596),#8600);
#8596 = LINE('',#8597,#8598);
#8597 = CARTESIAN_POINT('',(0.,0.));
#8598 = VECTOR('',#8599,1.);
#8599 = DIRECTION('',(1.,0.));
#8600 = ( GEOMETRIC_REPRESENTATION_CONTEXT(2) 
PARAMETRIC_REPRESENTATION_CONTEXT() REPRESENTATION_CONTEXT('2D SPACE',''
  ) );
#8601 = ORIENTED_EDGE('',*,*,#8602,.F.);
#8602 = EDGE_CURVE('',#8603,#8580,#8605,.T.);
#8603 = VERTEX_POINT('',#8604);
#8604 = CARTESIAN_POINT('',(-53.4,-18.,-0.6));
#8605 = SURFACE_CURVE('',#8606,(#8610,#8617),.PCURVE_S1.);
#8606 = LINE('',#8607,#8608);
#8607 = CARTESIAN_POINT('',(-70.,-18.,-0.6));
#8608 = VECTOR('',#8609,1.);
#8609 = DIRECTION('',(1.,0.,0.));
#8610 = PCURVE('',#93,#8611);
#8611 = DEFINITIONAL_REPRESENTATION('',(#8612),#8616);
#8612 = LINE('',#8613,#8614);
#8613 = CARTESIAN_POINT('',(-0.6,-70.));
#8614 = VECTOR('',#8615,1.);
#8615 = DIRECTION('',(0.,1.));
#8616 = ( GEOMETRIC_REPRESENTATION_CONTEXT(2) 
PARAMETRIC_REPRESENTATION_CONTEXT() REPRESENTATION_CONTEXT('2D SPACE',''
  ) );
#8617 = PCURVE('',#3702,#8618);
#8618 = DEFINITIONAL_REPRESENTATION('',(#8619),#8623);
#8619 = LINE('',#8620,#8621);
#8620 = CARTESIAN_POINT('',(0.,0.));
#8621 = VECTOR('',#8622,1.);
#8622 = DIRECTION('',(1.,0.));
#8623 = ( GEOMETRIC_REPRESENTATION_CONTEXT(2) 
PARAMETRIC_REPRESENTATION_CONTEXT() REPRESENTATION_CONTEXT('2D SPACE',''
  ) );
#8624 = ORIENTED_EDGE('',*,*,#8625,.F.);
#8625 = EDGE_CURVE('',#8556,#8603,#8626,.T.);
#8626 = SURFACE_CURVE('',#8627,(#8631,#8638),.PCURVE_S1.);
#8627 = LINE('',#8628,#8629);
#8628 = CARTESIAN_POINT('',(-53.4,-18.,-70.));
#8629 = VECTOR('',#8630,1.);
#8630 = DIRECTION('',(0.,0.,1.));
#8631 = PCURVE('',#93,#8632);
#8632 = DEFINITIONAL_REPRESENTATION('',(#8633),#8637);
#8633 = LINE('',#8634,#8635);
#8634 = CARTESIAN_POINT('',(-70.,-53.4));
#8635 = VECTOR('',#8636,1.);
#8636 = DIRECTION('',(1.,0.));
#8637 = ( GEOMETRIC_REPRESENTATION_CONTEXT(2) 
PARAMETRIC_REPRESENTATION_CONTEXT() REPRESENTATION_CONTEXT('2D SPACE',''
  ) );
#8638 = PCURVE('',#3728,#8639);
#8639 = DEFINITIONAL_REPRESENTATION('',(#8640),#8644);
#8640 = LINE('',#8641,#8642);
#8641 = CARTESIAN_POINT('',(0.,0.));
#8642 = VECTOR('',#8643,1.);
#8643 = DIRECTION('',(1.,0.));
#8644 = ( GEOMETRIC_REPRESENTATION_CONTEXT(2) 
PARAMETRIC_REPRESENTATION_CONTEXT() REPRESENTATION_CONTEXT('2D SPACE',''
  ) );
#8645 = FACE_BOUND('',#8646,.F.);
#8646 = EDGE_LOOP('',(#8647,#8673,#8696,#8719));
#8647 = ORIENTED_EDGE('',*,*,#8648,.F.);
#8648 = EDGE_CURVE('',#8649,#8651,#8653,.T.);
#8649 = VERTEX_POINT('',#8650);
#8650 = CARTESIAN_POINT('',(47.4,-18.,-50.14219779786));
#8651 = VERTEX_POINT('',#8652);
#8652 = CARTESIAN_POINT('',(42.599999999999,-18.,-54.27927781391));
#8653 = SURFACE_CURVE('',#8654,(#8659,#8666),.PCURVE_S1.);
#8654 = CIRCLE('',#8655,69.);
#8655 = AXIS2_PLACEMENT_3D('',#8656,#8657,#8658);
#8656 = CARTESIAN_POINT('',(0.,-18.,0.));
#8657 = DIRECTION('',(0.,1.,0.));
#8658 = DIRECTION('',(0.,-0.,1.));
#8659 = PCURVE('',#93,#8660);
#8660 = DEFINITIONAL_REPRESENTATION('',(#8661),#8665);
#8661 = CIRCLE('',#8662,69.);
#8662 = AXIS2_PLACEMENT_2D('',#8663,#8664);
#8663 = CARTESIAN_POINT('',(0.,0.));
#8664 = DIRECTION('',(1.,0.));
#8665 = ( GEOMETRIC_REPRESENTATION_CONTEXT(2) 
PARAMETRIC_REPRESENTATION_CONTEXT() REPRESENTATION_CONTEXT('2D SPACE',''
  ) );
#8666 = PCURVE('',#3761,#8667);
#8667 = DEFINITIONAL_REPRESENTATION('',(#8668),#8672);
#8668 = LINE('',#8669,#8670);
#8669 = CARTESIAN_POINT('',(0.,0.1));
#8670 = VECTOR('',#8671,1.);
#8671 = DIRECTION('',(1.,0.));
#8672 = ( GEOMETRIC_REPRESENTATION_CONTEXT(2) 
PARAMETRIC_REPRESENTATION_CONTEXT() REPRESENTATION_CONTEXT('2D SPACE',''
  ) );
#8673 = ORIENTED_EDGE('',*,*,#8674,.T.);
#8674 = EDGE_CURVE('',#8649,#8675,#8677,.T.);
#8675 = VERTEX_POINT('',#8676);
#8676 = CARTESIAN_POINT('',(47.4,-18.,-0.6));
#8677 = SURFACE_CURVE('',#8678,(#8682,#8689),.PCURVE_S1.);
#8678 = LINE('',#8679,#8680);
#8679 = CARTESIAN_POINT('',(47.4,-18.,-70.));
#8680 = VECTOR('',#8681,1.);
#8681 = DIRECTION('',(0.,0.,1.));
#8682 = PCURVE('',#93,#8683);
#8683 = DEFINITIONAL_REPRESENTATION('',(#8684),#8688);
#8684 = LINE('',#8685,#8686);
#8685 = CARTESIAN_POINT('',(-70.,47.4));
#8686 = VECTOR('',#8687,1.);
#8687 = DIRECTION('',(1.,0.));
#8688 = ( GEOMETRIC_REPRESENTATION_CONTEXT(2) 
PARAMETRIC_REPRESENTATION_CONTEXT() REPRESENTATION_CONTEXT('2D SPACE',''
  ) );
#8689 = PCURVE('',#3789,#8690);
#8690 = DEFINITIONAL_REPRESENTATION('',(#8691),#8695);
#8691 = LINE('',#8692,#8693);
#8692 = CARTESIAN_POINT('',(0.,0.));
#8693 = VECTOR('',#8694,1.);
#8694 = DIRECTION('',(1.,0.));
#8695 = ( GEOMETRIC_REPRESENTATION_CONTEXT(2) 
PARAMETRIC_REPRESENTATION_CONTEXT() REPRESENTATION_CONTEXT('2D SPACE',''
  ) );
#8696 = ORIENTED_EDGE('',*,*,#8697,.F.);
#8697 = EDGE_CURVE('',#8698,#8675,#8700,.T.);
#8698 = VERTEX_POINT('',#8699);
#8699 = CARTESIAN_POINT('',(42.6,-18.,-0.6));
#8700 = SURFACE_CURVE('',#8701,(#8705,#8712),.PCURVE_S1.);
#8701 = LINE('',#8702,#8703);
#8702 = CARTESIAN_POINT('',(-70.,-18.,-0.6));
#8703 = VECTOR('',#8704,1.);
#8704 = DIRECTION('',(1.,0.,0.));
#8705 = PCURVE('',#93,#8706);
#8706 = DEFINITIONAL_REPRESENTATION('',(#8707),#8711);
#8707 = LINE('',#8708,#8709);
#8708 = CARTESIAN_POINT('',(-0.6,-70.));
#8709 = VECTOR('',#8710,1.);
#8710 = DIRECTION('',(0.,1.));
#8711 = ( GEOMETRIC_REPRESENTATION_CONTEXT(2) 
PARAMETRIC_REPRESENTATION_CONTEXT() REPRESENTATION_CONTEXT('2D SPACE',''
  ) );
#8712 = PCURVE('',#3817,#8713);
#8713 = DEFINITIONAL_REPRESENTATION('',(#8714),#8718);
#8714 = LINE('',#8715,#8716);
#8715 = CARTESIAN_POINT('',(0.,0.));
#8716 = VECTOR('',#8717,1.);
#8717 = DIRECTION('',(1.,0.));
#8718 = ( GEOMETRIC_REPRESENTATION_CONTEXT(2) 
PARAMETRIC_REPRESENTATION_CONTEXT() REPRESENTATION_CONTEXT('2D SPACE',''
  ) );
#8719 = ORIENTED_EDGE('',*,*,#8720,.F.);
#8720 = EDGE_CURVE('',#8651,#8698,#8721,.T.);
#8721 = SURFACE_CURVE('',#8722,(#8726,#8733),.PCURVE_S1.);
#8722 = LINE('',#8723,#8724);
#8723 = CARTESIAN_POINT('',(42.6,-18.,-70.));
#8724 = VECTOR('',#8725,1.);
#8725 = DIRECTION('',(0.,0.,1.));
#8726 = PCURVE('',#93,#8727);
#8727 = DEFINITIONAL_REPRESENTATION('',(#8728),#8732);
#8728 = LINE('',#8729,#8730);
#8729 = CARTESIAN_POINT('',(-70.,42.6));
#8730 = VECTOR('',#8731,1.);
#8731 = DIRECTION('',(1.,0.));
#8732 = ( GEOMETRIC_REPRESENTATION_CONTEXT(2) 
PARAMETRIC_REPRESENTATION_CONTEXT() REPRESENTATION_CONTEXT('2D SPACE',''
  ) );
#8733 = PCURVE('',#3843,#8734);
#8734 = DEFINITIONAL_REPRESENTATION('',(#8735),#8739);
#8735 = LINE('',#8736,#8737);
#8736 = CARTESIAN_POINT('',(0.,0.));
#8737 = VECTOR('',#8738,1.);
#8738 = DIRECTION('',(1.,0.));
#8739 = ( GEOMETRIC_REPRESENTATION_CONTEXT(2) 
PARAMETRIC_REPRESENTATION_CONTEXT() REPRESENTATION_CONTEXT('2D SPACE',''
  ) );
#8740 = FACE_BOUND('',#8741,.F.);
#8741 = EDGE_LOOP('',(#8742,#8768,#8791,#8814));
#8742 = ORIENTED_EDGE('',*,*,#8743,.F.);
#8743 = EDGE_CURVE('',#8744,#8746,#8748,.T.);
#8744 = VERTEX_POINT('',#8745);
#8745 = CARTESIAN_POINT('',(-42.59999999999,-18.,-54.27927781391));
#8746 = VERTEX_POINT('',#8747);
#8747 = CARTESIAN_POINT('',(-47.4,-18.,-50.14219779786));
#8748 = SURFACE_CURVE('',#8749,(#8754,#8761),.PCURVE_S1.);
#8749 = CIRCLE('',#8750,69.);
#8750 = AXIS2_PLACEMENT_3D('',#8751,#8752,#8753);
#8751 = CARTESIAN_POINT('',(0.,-18.,0.));
#8752 = DIRECTION('',(0.,1.,0.));
#8753 = DIRECTION('',(0.,-0.,1.));
#8754 = PCURVE('',#93,#8755);
#8755 = DEFINITIONAL_REPRESENTATION('',(#8756),#8760);
#8756 = CIRCLE('',#8757,69.);
#8757 = AXIS2_PLACEMENT_2D('',#8758,#8759);
#8758 = CARTESIAN_POINT('',(0.,0.));
#8759 = DIRECTION('',(1.,0.));
#8760 = ( GEOMETRIC_REPRESENTATION_CONTEXT(2) 
PARAMETRIC_REPRESENTATION_CONTEXT() REPRESENTATION_CONTEXT('2D SPACE',''
  ) );
#8761 = PCURVE('',#3876,#8762);
#8762 = DEFINITIONAL_REPRESENTATION('',(#8763),#8767);
#8763 = LINE('',#8764,#8765);
#8764 = CARTESIAN_POINT('',(0.,0.1));
#8765 = VECTOR('',#8766,1.);
#8766 = DIRECTION('',(1.,0.));
#8767 = ( GEOMETRIC_REPRESENTATION_CONTEXT(2) 
PARAMETRIC_REPRESENTATION_CONTEXT() REPRESENTATION_CONTEXT('2D SPACE',''
  ) );
#8768 = ORIENTED_EDGE('',*,*,#8769,.T.);
#8769 = EDGE_CURVE('',#8744,#8770,#8772,.T.);
#8770 = VERTEX_POINT('',#8771);
#8771 = CARTESIAN_POINT('',(-42.6,-18.,-0.6));
#8772 = SURFACE_CURVE('',#8773,(#8777,#8784),.PCURVE_S1.);
#8773 = LINE('',#8774,#8775);
#8774 = CARTESIAN_POINT('',(-42.6,-18.,-70.));
#8775 = VECTOR('',#8776,1.);
#8776 = DIRECTION('',(0.,0.,1.));
#8777 = PCURVE('',#93,#8778);
#8778 = DEFINITIONAL_REPRESENTATION('',(#8779),#8783);
#8779 = LINE('',#8780,#8781);
#8780 = CARTESIAN_POINT('',(-70.,-42.6));
#8781 = VECTOR('',#8782,1.);
#8782 = DIRECTION('',(1.,0.));
#8783 = ( GEOMETRIC_REPRESENTATION_CONTEXT(2) 
PARAMETRIC_REPRESENTATION_CONTEXT() REPRESENTATION_CONTEXT('2D SPACE',''
  ) );
#8784 = PCURVE('',#3904,#8785);
#8785 = DEFINITIONAL_REPRESENTATION('',(#8786),#8790);
#8786 = LINE('',#8787,#8788);
#8787 = CARTESIAN_POINT('',(0.,0.));
#8788 = VECTOR('',#8789,1.);
#8789 = DIRECTION('',(1.,0.));
#8790 = ( GEOMETRIC_REPRESENTATION_CONTEXT(2) 
PARAMETRIC_REPRESENTATION_CONTEXT() REPRESENTATION_CONTEXT('2D SPACE',''
  ) );
#8791 = ORIENTED_EDGE('',*,*,#8792,.F.);
#8792 = EDGE_CURVE('',#8793,#8770,#8795,.T.);
#8793 = VERTEX_POINT('',#8794);
#8794 = CARTESIAN_POINT('',(-47.4,-18.,-0.6));
#8795 = SURFACE_CURVE('',#8796,(#8800,#8807),.PCURVE_S1.);
#8796 = LINE('',#8797,#8798);
#8797 = CARTESIAN_POINT('',(-70.,-18.,-0.6));
#8798 = VECTOR('',#8799,1.);
#8799 = DIRECTION('',(1.,0.,0.));
#8800 = PCURVE('',#93,#8801);
#8801 = DEFINITIONAL_REPRESENTATION('',(#8802),#8806);
#8802 = LINE('',#8803,#8804);
#8803 = CARTESIAN_POINT('',(-0.6,-70.));
#8804 = VECTOR('',#8805,1.);
#8805 = DIRECTION('',(0.,1.));
#8806 = ( GEOMETRIC_REPRESENTATION_CONTEXT(2) 
PARAMETRIC_REPRESENTATION_CONTEXT() REPRESENTATION_CONTEXT('2D SPACE',''
  ) );
#8807 = PCURVE('',#3932,#8808);
#8808 = DEFINITIONAL_REPRESENTATION('',(#8809),#8813);
#8809 = LINE('',#8810,#8811);
#8810 = CARTESIAN_POINT('',(0.,0.));
#8811 = VECTOR('',#8812,1.);
#8812 = DIRECTION('',(1.,0.));
#8813 = ( GEOMETRIC_REPRESENTATION_CONTEXT(2) 
PARAMETRIC_REPRESENTATION_CONTEXT() REPRESENTATION_CONTEXT('2D SPACE',''
  ) );
#8814 = ORIENTED_EDGE('',*,*,#8815,.F.);
#8815 = EDGE_CURVE('',#8746,#8793,#8816,.T.);
#8816 = SURFACE_CURVE('',#8817,(#8821,#8828),.PCURVE_S1.);
#8817 = LINE('',#8818,#8819);
#8818 = CARTESIAN_POINT('',(-47.4,-18.,-70.));
#8819 = VECTOR('',#8820,1.);
#8820 = DIRECTION('',(0.,0.,1.));
#8821 = PCURVE('',#93,#8822);
#8822 = DEFINITIONAL_REPRESENTATION('',(#8823),#8827);
#8823 = LINE('',#8824,#8825);
#8824 = CARTESIAN_POINT('',(-70.,-47.4));
#8825 = VECTOR('',#8826,1.);
#8826 = DIRECTION('',(1.,0.));
#8827 = ( GEOMETRIC_REPRESENTATION_CONTEXT(2) 
PARAMETRIC_REPRESENTATION_CONTEXT() REPRESENTATION_CONTEXT('2D SPACE',''
  ) );
#8828 = PCURVE('',#3958,#8829);
#8829 = DEFINITIONAL_REPRESENTATION('',(#8830),#8834);
#8830 = LINE('',#8831,#8832);
#8831 = CARTESIAN_POINT('',(0.,0.));
#8832 = VECTOR('',#8833,1.);
#8833 = DIRECTION('',(1.,0.));
#8834 = ( GEOMETRIC_REPRESENTATION_CONTEXT(2) 
PARAMETRIC_REPRESENTATION_CONTEXT() REPRESENTATION_CONTEXT('2D SPACE',''
  ) );
#8835 = FACE_BOUND('',#8836,.F.);
#8836 = EDGE_LOOP('',(#8837,#8863,#8886,#8909));
#8837 = ORIENTED_EDGE('',*,*,#8838,.F.);
#8838 = EDGE_CURVE('',#8839,#8841,#8843,.T.);
#8839 = VERTEX_POINT('',#8840);
#8840 = CARTESIAN_POINT('',(41.400000000001,-18.,-55.19999999999));
#8841 = VERTEX_POINT('',#8842);
#8842 = CARTESIAN_POINT('',(36.600000000001,-18.,-58.49307651337));
#8843 = SURFACE_CURVE('',#8844,(#8849,#8856),.PCURVE_S1.);
#8844 = CIRCLE('',#8845,69.);
#8845 = AXIS2_PLACEMENT_3D('',#8846,#8847,#8848);
#8846 = CARTESIAN_POINT('',(0.,-18.,0.));
#8847 = DIRECTION('',(0.,1.,0.));
#8848 = DIRECTION('',(0.,-0.,1.));
#8849 = PCURVE('',#93,#8850);
#8850 = DEFINITIONAL_REPRESENTATION('',(#8851),#8855);
#8851 = CIRCLE('',#8852,69.);
#8852 = AXIS2_PLACEMENT_2D('',#8853,#8854);
#8853 = CARTESIAN_POINT('',(0.,0.));
#8854 = DIRECTION('',(1.,0.));
#8855 = ( GEOMETRIC_REPRESENTATION_CONTEXT(2) 
PARAMETRIC_REPRESENTATION_CONTEXT() REPRESENTATION_CONTEXT('2D SPACE',''
  ) );
#8856 = PCURVE('',#3991,#8857);
#8857 = DEFINITIONAL_REPRESENTATION('',(#8858),#8862);
#8858 = LINE('',#8859,#8860);
#8859 = CARTESIAN_POINT('',(0.,0.1));
#8860 = VECTOR('',#8861,1.);
#8861 = DIRECTION('',(1.,0.));
#8862 = ( GEOMETRIC_REPRESENTATION_CONTEXT(2) 
PARAMETRIC_REPRESENTATION_CONTEXT() REPRESENTATION_CONTEXT('2D SPACE',''
  ) );
#8863 = ORIENTED_EDGE('',*,*,#8864,.T.);
#8864 = EDGE_CURVE('',#8839,#8865,#8867,.T.);
#8865 = VERTEX_POINT('',#8866);
#8866 = CARTESIAN_POINT('',(41.4,-18.,-0.6));
#8867 = SURFACE_CURVE('',#8868,(#8872,#8879),.PCURVE_S1.);
#8868 = LINE('',#8869,#8870);
#8869 = CARTESIAN_POINT('',(41.4,-18.,-70.));
#8870 = VECTOR('',#8871,1.);
#8871 = DIRECTION('',(0.,0.,1.));
#8872 = PCURVE('',#93,#8873);
#8873 = DEFINITIONAL_REPRESENTATION('',(#8874),#8878);
#8874 = LINE('',#8875,#8876);
#8875 = CARTESIAN_POINT('',(-70.,41.4));
#8876 = VECTOR('',#8877,1.);
#8877 = DIRECTION('',(1.,0.));
#8878 = ( GEOMETRIC_REPRESENTATION_CONTEXT(2) 
PARAMETRIC_REPRESENTATION_CONTEXT() REPRESENTATION_CONTEXT('2D SPACE',''
  ) );
#8879 = PCURVE('',#4019,#8880);
#8880 = DEFINITIONAL_REPRESENTATION('',(#8881),#8885);
#8881 = LINE('',#8882,#8883);
#8882 = CARTESIAN_POINT('',(0.,0.));
#8883 = VECTOR('',#8884,1.);
#8884 = DIRECTION('',(1.,0.));
#8885 = ( GEOMETRIC_REPRESENTATION_CONTEXT(2) 
PARAMETRIC_REPRESENTATION_CONTEXT() REPRESENTATION_CONTEXT('2D SPACE',''
  ) );
#8886 = ORIENTED_EDGE('',*,*,#8887,.F.);
#8887 = EDGE_CURVE('',#8888,#8865,#8890,.T.);
#8888 = VERTEX_POINT('',#8889);
#8889 = CARTESIAN_POINT('',(36.6,-18.,-0.6));
#8890 = SURFACE_CURVE('',#8891,(#8895,#8902),.PCURVE_S1.);
#8891 = LINE('',#8892,#8893);
#8892 = CARTESIAN_POINT('',(-70.,-18.,-0.6));
#8893 = VECTOR('',#8894,1.);
#8894 = DIRECTION('',(1.,0.,0.));
#8895 = PCURVE('',#93,#8896);
#8896 = DEFINITIONAL_REPRESENTATION('',(#8897),#8901);
#8897 = LINE('',#8898,#8899);
#8898 = CARTESIAN_POINT('',(-0.6,-70.));
#8899 = VECTOR('',#8900,1.);
#8900 = DIRECTION('',(0.,1.));
#8901 = ( GEOMETRIC_REPRESENTATION_CONTEXT(2) 
PARAMETRIC_REPRESENTATION_CONTEXT() REPRESENTATION_CONTEXT('2D SPACE',''
  ) );
#8902 = PCURVE('',#4047,#8903);
#8903 = DEFINITIONAL_REPRESENTATION('',(#8904),#8908);
#8904 = LINE('',#8905,#8906);
#8905 = CARTESIAN_POINT('',(0.,0.));
#8906 = VECTOR('',#8907,1.);
#8907 = DIRECTION('',(1.,0.));
#8908 = ( GEOMETRIC_REPRESENTATION_CONTEXT(2) 
PARAMETRIC_REPRESENTATION_CONTEXT() REPRESENTATION_CONTEXT('2D SPACE',''
  ) );
#8909 = ORIENTED_EDGE('',*,*,#8910,.F.);
#8910 = EDGE_CURVE('',#8841,#8888,#8911,.T.);
#8911 = SURFACE_CURVE('',#8912,(#8916,#8923),.PCURVE_S1.);
#8912 = LINE('',#8913,#8914);
#8913 = CARTESIAN_POINT('',(36.6,-18.,-70.));
#8914 = VECTOR('',#8915,1.);
#8915 = DIRECTION('',(0.,0.,1.));
#8916 = PCURVE('',#93,#8917);
#8917 = DEFINITIONAL_REPRESENTATION('',(#8918),#8922);
#8918 = LINE('',#8919,#8920);
#8919 = CARTESIAN_POINT('',(-70.,36.6));
#8920 = VECTOR('',#8921,1.);
#8921 = DIRECTION('',(1.,0.));
#8922 = ( GEOMETRIC_REPRESENTATION_CONTEXT(2) 
PARAMETRIC_REPRESENTATION_CONTEXT() REPRESENTATION_CONTEXT('2D SPACE',''
  ) );
#8923 = PCURVE('',#4073,#8924);
#8924 = DEFINITIONAL_REPRESENTATION('',(#8925),#8929);
#8925 = LINE('',#8926,#8927);
#8926 = CARTESIAN_POINT('',(0.,0.));
#8927 = VECTOR('',#8928,1.);
#8928 = DIRECTION('',(1.,0.));
#8929 = ( GEOMETRIC_REPRESENTATION_CONTEXT(2) 
PARAMETRIC_REPRESENTATION_CONTEXT() REPRESENTATION_CONTEXT('2D SPACE',''
  ) );
#8930 = FACE_BOUND('',#8931,.F.);
#8931 = EDGE_LOOP('',(#8932,#8958,#8981,#9004));
#8932 = ORIENTED_EDGE('',*,*,#8933,.F.);
#8933 = EDGE_CURVE('',#8934,#8936,#8938,.T.);
#8934 = VERTEX_POINT('',#8935);
#8935 = CARTESIAN_POINT('',(-36.6,-18.,-58.49307651337));
#8936 = VERTEX_POINT('',#8937);
#8937 = CARTESIAN_POINT('',(-41.4,-18.,-55.19999999999));
#8938 = SURFACE_CURVE('',#8939,(#8944,#8951),.PCURVE_S1.);
#8939 = CIRCLE('',#8940,69.);
#8940 = AXIS2_PLACEMENT_3D('',#8941,#8942,#8943);
#8941 = CARTESIAN_POINT('',(0.,-18.,0.));
#8942 = DIRECTION('',(0.,1.,0.));
#8943 = DIRECTION('',(0.,-0.,1.));
#8944 = PCURVE('',#93,#8945);
#8945 = DEFINITIONAL_REPRESENTATION('',(#8946),#8950);
#8946 = CIRCLE('',#8947,69.);
#8947 = AXIS2_PLACEMENT_2D('',#8948,#8949);
#8948 = CARTESIAN_POINT('',(0.,0.));
#8949 = DIRECTION('',(1.,0.));
#8950 = ( GEOMETRIC_REPRESENTATION_CONTEXT(2) 
PARAMETRIC_REPRESENTATION_CONTEXT() REPRESENTATION_CONTEXT('2D SPACE',''
  ) );
#8951 = PCURVE('',#4106,#8952);
#8952 = DEFINITIONAL_REPRESENTATION('',(#8953),#8957);
#8953 = LINE('',#8954,#8955);
#8954 = CARTESIAN_POINT('',(0.,0.1));
#8955 = VECTOR('',#8956,1.);
#8956 = DIRECTION('',(1.,0.));
#8957 = ( GEOMETRIC_REPRESENTATION_CONTEXT(2) 
PARAMETRIC_REPRESENTATION_CONTEXT() REPRESENTATION_CONTEXT('2D SPACE',''
  ) );
#8958 = ORIENTED_EDGE('',*,*,#8959,.T.);
#8959 = EDGE_CURVE('',#8934,#8960,#8962,.T.);
#8960 = VERTEX_POINT('',#8961);
#8961 = CARTESIAN_POINT('',(-36.6,-18.,-0.6));
#8962 = SURFACE_CURVE('',#8963,(#8967,#8974),.PCURVE_S1.);
#8963 = LINE('',#8964,#8965);
#8964 = CARTESIAN_POINT('',(-36.6,-18.,-70.));
#8965 = VECTOR('',#8966,1.);
#8966 = DIRECTION('',(0.,0.,1.));
#8967 = PCURVE('',#93,#8968);
#8968 = DEFINITIONAL_REPRESENTATION('',(#8969),#8973);
#8969 = LINE('',#8970,#8971);
#8970 = CARTESIAN_POINT('',(-70.,-36.6));
#8971 = VECTOR('',#8972,1.);
#8972 = DIRECTION('',(1.,0.));
#8973 = ( GEOMETRIC_REPRESENTATION_CONTEXT(2) 
PARAMETRIC_REPRESENTATION_CONTEXT() REPRESENTATION_CONTEXT('2D SPACE',''
  ) );
#8974 = PCURVE('',#4134,#8975);
#8975 = DEFINITIONAL_REPRESENTATION('',(#8976),#8980);
#8976 = LINE('',#8977,#8978);
#8977 = CARTESIAN_POINT('',(0.,0.));
#8978 = VECTOR('',#8979,1.);
#8979 = DIRECTION('',(1.,0.));
#8980 = ( GEOMETRIC_REPRESENTATION_CONTEXT(2) 
PARAMETRIC_REPRESENTATION_CONTEXT() REPRESENTATION_CONTEXT('2D SPACE',''
  ) );
#8981 = ORIENTED_EDGE('',*,*,#8982,.F.);
#8982 = EDGE_CURVE('',#8983,#8960,#8985,.T.);
#8983 = VERTEX_POINT('',#8984);
#8984 = CARTESIAN_POINT('',(-41.4,-18.,-0.6));
#8985 = SURFACE_CURVE('',#8986,(#8990,#8997),.PCURVE_S1.);
#8986 = LINE('',#8987,#8988);
#8987 = CARTESIAN_POINT('',(-70.,-18.,-0.6));
#8988 = VECTOR('',#8989,1.);
#8989 = DIRECTION('',(1.,0.,0.));
#8990 = PCURVE('',#93,#8991);
#8991 = DEFINITIONAL_REPRESENTATION('',(#8992),#8996);
#8992 = LINE('',#8993,#8994);
#8993 = CARTESIAN_POINT('',(-0.6,-70.));
#8994 = VECTOR('',#8995,1.);
#8995 = DIRECTION('',(0.,1.));
#8996 = ( GEOMETRIC_REPRESENTATION_CONTEXT(2) 
PARAMETRIC_REPRESENTATION_CONTEXT() REPRESENTATION_CONTEXT('2D SPACE',''
  ) );
#8997 = PCURVE('',#4162,#8998);
#8998 = DEFINITIONAL_REPRESENTATION('',(#8999),#9003);
#8999 = LINE('',#9000,#9001);
#9000 = CARTESIAN_POINT('',(0.,0.));
#9001 = VECTOR('',#9002,1.);
#9002 = DIRECTION('',(1.,0.));
#9003 = ( GEOMETRIC_REPRESENTATION_CONTEXT(2) 
PARAMETRIC_REPRESENTATION_CONTEXT() REPRESENTATION_CONTEXT('2D SPACE',''
  ) );
#9004 = ORIENTED_EDGE('',*,*,#9005,.F.);
#9005 = EDGE_CURVE('',#8936,#8983,#9006,.T.);
#9006 = SURFACE_CURVE('',#9007,(#9011,#9018),.PCURVE_S1.);
#9007 = LINE('',#9008,#9009);
#9008 = CARTESIAN_POINT('',(-41.4,-18.,-70.));
#9009 = VECTOR('',#9010,1.);
#9010 = DIRECTION('',(0.,0.,1.));
#9011 = PCURVE('',#93,#9012);
#9012 = DEFINITIONAL_REPRESENTATION('',(#9013),#9017);
#9013 = LINE('',#9014,#9015);
#9014 = CARTESIAN_POINT('',(-70.,-41.4));
#9015 = VECTOR('',#9016,1.);
#9016 = DIRECTION('',(1.,0.));
#9017 = ( GEOMETRIC_REPRESENTATION_CONTEXT(2) 
PARAMETRIC_REPRESENTATION_CONTEXT() REPRESENTATION_CONTEXT('2D SPACE',''
  ) );
#9018 = PCURVE('',#4188,#9019);
#9019 = DEFINITIONAL_REPRESENTATION('',(#9020),#9024);
#9020 = LINE('',#9021,#9022);
#9021 = CARTESIAN_POINT('',(0.,0.));
#9022 = VECTOR('',#9023,1.);
#9023 = DIRECTION('',(1.,0.));
#9024 = ( GEOMETRIC_REPRESENTATION_CONTEXT(2) 
PARAMETRIC_REPRESENTATION_CONTEXT() REPRESENTATION_CONTEXT('2D SPACE',''
  ) );
#9025 = FACE_BOUND('',#9026,.F.);
#9026 = EDGE_LOOP('',(#9027,#9053,#9076,#9099));
#9027 = ORIENTED_EDGE('',*,*,#9028,.F.);
#9028 = EDGE_CURVE('',#9029,#9031,#9033,.T.);
#9029 = VERTEX_POINT('',#9030);
#9030 = CARTESIAN_POINT('',(35.399999999998,-18.,-59.22702086041));
#9031 = VERTEX_POINT('',#9032);
#9032 = CARTESIAN_POINT('',(30.600000000002,-18.,-61.84367388827));
#9033 = SURFACE_CURVE('',#9034,(#9039,#9046),.PCURVE_S1.);
#9034 = CIRCLE('',#9035,69.);
#9035 = AXIS2_PLACEMENT_3D('',#9036,#9037,#9038);
#9036 = CARTESIAN_POINT('',(0.,-18.,0.));
#9037 = DIRECTION('',(0.,1.,0.));
#9038 = DIRECTION('',(0.,-0.,1.));
#9039 = PCURVE('',#93,#9040);
#9040 = DEFINITIONAL_REPRESENTATION('',(#9041),#9045);
#9041 = CIRCLE('',#9042,69.);
#9042 = AXIS2_PLACEMENT_2D('',#9043,#9044);
#9043 = CARTESIAN_POINT('',(0.,0.));
#9044 = DIRECTION('',(1.,0.));
#9045 = ( GEOMETRIC_REPRESENTATION_CONTEXT(2) 
PARAMETRIC_REPRESENTATION_CONTEXT() REPRESENTATION_CONTEXT('2D SPACE',''
  ) );
#9046 = PCURVE('',#4221,#9047);
#9047 = DEFINITIONAL_REPRESENTATION('',(#9048),#9052);
#9048 = LINE('',#9049,#9050);
#9049 = CARTESIAN_POINT('',(0.,0.1));
#9050 = VECTOR('',#9051,1.);
#9051 = DIRECTION('',(1.,0.));
#9052 = ( GEOMETRIC_REPRESENTATION_CONTEXT(2) 
PARAMETRIC_REPRESENTATION_CONTEXT() REPRESENTATION_CONTEXT('2D SPACE',''
  ) );
#9053 = ORIENTED_EDGE('',*,*,#9054,.T.);
#9054 = EDGE_CURVE('',#9029,#9055,#9057,.T.);
#9055 = VERTEX_POINT('',#9056);
#9056 = CARTESIAN_POINT('',(35.4,-18.,-0.6));
#9057 = SURFACE_CURVE('',#9058,(#9062,#9069),.PCURVE_S1.);
#9058 = LINE('',#9059,#9060);
#9059 = CARTESIAN_POINT('',(35.4,-18.,-70.));
#9060 = VECTOR('',#9061,1.);
#9061 = DIRECTION('',(0.,0.,1.));
#9062 = PCURVE('',#93,#9063);
#9063 = DEFINITIONAL_REPRESENTATION('',(#9064),#9068);
#9064 = LINE('',#9065,#9066);
#9065 = CARTESIAN_POINT('',(-70.,35.4));
#9066 = VECTOR('',#9067,1.);
#9067 = DIRECTION('',(1.,0.));
#9068 = ( GEOMETRIC_REPRESENTATION_CONTEXT(2) 
PARAMETRIC_REPRESENTATION_CONTEXT() REPRESENTATION_CONTEXT('2D SPACE',''
  ) );
#9069 = PCURVE('',#4249,#9070);
#9070 = DEFINITIONAL_REPRESENTATION('',(#9071),#9075);
#9071 = LINE('',#9072,#9073);
#9072 = CARTESIAN_POINT('',(0.,0.));
#9073 = VECTOR('',#9074,1.);
#9074 = DIRECTION('',(1.,0.));
#9075 = ( GEOMETRIC_REPRESENTATION_CONTEXT(2) 
PARAMETRIC_REPRESENTATION_CONTEXT() REPRESENTATION_CONTEXT('2D SPACE',''
  ) );
#9076 = ORIENTED_EDGE('',*,*,#9077,.F.);
#9077 = EDGE_CURVE('',#9078,#9055,#9080,.T.);
#9078 = VERTEX_POINT('',#9079);
#9079 = CARTESIAN_POINT('',(30.6,-18.,-0.6));
#9080 = SURFACE_CURVE('',#9081,(#9085,#9092),.PCURVE_S1.);
#9081 = LINE('',#9082,#9083);
#9082 = CARTESIAN_POINT('',(-70.,-18.,-0.6));
#9083 = VECTOR('',#9084,1.);
#9084 = DIRECTION('',(1.,0.,0.));
#9085 = PCURVE('',#93,#9086);
#9086 = DEFINITIONAL_REPRESENTATION('',(#9087),#9091);
#9087 = LINE('',#9088,#9089);
#9088 = CARTESIAN_POINT('',(-0.6,-70.));
#9089 = VECTOR('',#9090,1.);
#9090 = DIRECTION('',(0.,1.));
#9091 = ( GEOMETRIC_REPRESENTATION_CONTEXT(2) 
PARAMETRIC_REPRESENTATION_CONTEXT() REPRESENTATION_CONTEXT('2D SPACE',''
  ) );
#9092 = PCURVE('',#4277,#9093);
#9093 = DEFINITIONAL_REPRESENTATION('',(#9094),#9098);
#9094 = LINE('',#9095,#9096);
#9095 = CARTESIAN_POINT('',(0.,0.));
#9096 = VECTOR('',#9097,1.);
#9097 = DIRECTION('',(1.,0.));
#9098 = ( GEOMETRIC_REPRESENTATION_CONTEXT(2) 
PARAMETRIC_REPRESENTATION_CONTEXT() REPRESENTATION_CONTEXT('2D SPACE',''
  ) );
#9099 = ORIENTED_EDGE('',*,*,#9100,.F.);
#9100 = EDGE_CURVE('',#9031,#9078,#9101,.T.);
#9101 = SURFACE_CURVE('',#9102,(#9106,#9113),.PCURVE_S1.);
#9102 = LINE('',#9103,#9104);
#9103 = CARTESIAN_POINT('',(30.6,-18.,-70.));
#9104 = VECTOR('',#9105,1.);
#9105 = DIRECTION('',(0.,0.,1.));
#9106 = PCURVE('',#93,#9107);
#9107 = DEFINITIONAL_REPRESENTATION('',(#9108),#9112);
#9108 = LINE('',#9109,#9110);
#9109 = CARTESIAN_POINT('',(-70.,30.6));
#9110 = VECTOR('',#9111,1.);
#9111 = DIRECTION('',(1.,0.));
#9112 = ( GEOMETRIC_REPRESENTATION_CONTEXT(2) 
PARAMETRIC_REPRESENTATION_CONTEXT() REPRESENTATION_CONTEXT('2D SPACE',''
  ) );
#9113 = PCURVE('',#4303,#9114);
#9114 = DEFINITIONAL_REPRESENTATION('',(#9115),#9119);
#9115 = LINE('',#9116,#9117);
#9116 = CARTESIAN_POINT('',(0.,0.));
#9117 = VECTOR('',#9118,1.);
#9118 = DIRECTION('',(1.,0.));
#9119 = ( GEOMETRIC_REPRESENTATION_CONTEXT(2) 
PARAMETRIC_REPRESENTATION_CONTEXT() REPRESENTATION_CONTEXT('2D SPACE',''
  ) );
#9120 = FACE_BOUND('',#9121,.F.);
#9121 = EDGE_LOOP('',(#9122,#9148,#9171,#9194));
#9122 = ORIENTED_EDGE('',*,*,#9123,.F.);
#9123 = EDGE_CURVE('',#9124,#9126,#9128,.T.);
#9124 = VERTEX_POINT('',#9125);
#9125 = CARTESIAN_POINT('',(-30.6,-18.,-61.84367388827));
#9126 = VERTEX_POINT('',#9127);
#9127 = CARTESIAN_POINT('',(-35.39999999999,-18.,-59.22702086041));
#9128 = SURFACE_CURVE('',#9129,(#9134,#9141),.PCURVE_S1.);
#9129 = CIRCLE('',#9130,69.);
#9130 = AXIS2_PLACEMENT_3D('',#9131,#9132,#9133);
#9131 = CARTESIAN_POINT('',(0.,-18.,0.));
#9132 = DIRECTION('',(0.,1.,0.));
#9133 = DIRECTION('',(0.,-0.,1.));
#9134 = PCURVE('',#93,#9135);
#9135 = DEFINITIONAL_REPRESENTATION('',(#9136),#9140);
#9136 = CIRCLE('',#9137,69.);
#9137 = AXIS2_PLACEMENT_2D('',#9138,#9139);
#9138 = CARTESIAN_POINT('',(0.,0.));
#9139 = DIRECTION('',(1.,0.));
#9140 = ( GEOMETRIC_REPRESENTATION_CONTEXT(2) 
PARAMETRIC_REPRESENTATION_CONTEXT() REPRESENTATION_CONTEXT('2D SPACE',''
  ) );
#9141 = PCURVE('',#4336,#9142);
#9142 = DEFINITIONAL_REPRESENTATION('',(#9143),#9147);
#9143 = LINE('',#9144,#9145);
#9144 = CARTESIAN_POINT('',(0.,0.1));
#9145 = VECTOR('',#9146,1.);
#9146 = DIRECTION('',(1.,0.));
#9147 = ( GEOMETRIC_REPRESENTATION_CONTEXT(2) 
PARAMETRIC_REPRESENTATION_CONTEXT() REPRESENTATION_CONTEXT('2D SPACE',''
  ) );
#9148 = ORIENTED_EDGE('',*,*,#9149,.T.);
#9149 = EDGE_CURVE('',#9124,#9150,#9152,.T.);
#9150 = VERTEX_POINT('',#9151);
#9151 = CARTESIAN_POINT('',(-30.6,-18.,-0.6));
#9152 = SURFACE_CURVE('',#9153,(#9157,#9164),.PCURVE_S1.);
#9153 = LINE('',#9154,#9155);
#9154 = CARTESIAN_POINT('',(-30.6,-18.,-70.));
#9155 = VECTOR('',#9156,1.);
#9156 = DIRECTION('',(0.,0.,1.));
#9157 = PCURVE('',#93,#9158);
#9158 = DEFINITIONAL_REPRESENTATION('',(#9159),#9163);
#9159 = LINE('',#9160,#9161);
#9160 = CARTESIAN_POINT('',(-70.,-30.6));
#9161 = VECTOR('',#9162,1.);
#9162 = DIRECTION('',(1.,0.));
#9163 = ( GEOMETRIC_REPRESENTATION_CONTEXT(2) 
PARAMETRIC_REPRESENTATION_CONTEXT() REPRESENTATION_CONTEXT('2D SPACE',''
  ) );
#9164 = PCURVE('',#4364,#9165);
#9165 = DEFINITIONAL_REPRESENTATION('',(#9166),#9170);
#9166 = LINE('',#9167,#9168);
#9167 = CARTESIAN_POINT('',(0.,0.));
#9168 = VECTOR('',#9169,1.);
#9169 = DIRECTION('',(1.,0.));
#9170 = ( GEOMETRIC_REPRESENTATION_CONTEXT(2) 
PARAMETRIC_REPRESENTATION_CONTEXT() REPRESENTATION_CONTEXT('2D SPACE',''
  ) );
#9171 = ORIENTED_EDGE('',*,*,#9172,.F.);
#9172 = EDGE_CURVE('',#9173,#9150,#9175,.T.);
#9173 = VERTEX_POINT('',#9174);
#9174 = CARTESIAN_POINT('',(-35.4,-18.,-0.6));
#9175 = SURFACE_CURVE('',#9176,(#9180,#9187),.PCURVE_S1.);
#9176 = LINE('',#9177,#9178);
#9177 = CARTESIAN_POINT('',(-70.,-18.,-0.6));
#9178 = VECTOR('',#9179,1.);
#9179 = DIRECTION('',(1.,0.,0.));
#9180 = PCURVE('',#93,#9181);
#9181 = DEFINITIONAL_REPRESENTATION('',(#9182),#9186);
#9182 = LINE('',#9183,#9184);
#9183 = CARTESIAN_POINT('',(-0.6,-70.));
#9184 = VECTOR('',#9185,1.);
#9185 = DIRECTION('',(0.,1.));
#9186 = ( GEOMETRIC_REPRESENTATION_CONTEXT(2) 
PARAMETRIC_REPRESENTATION_CONTEXT() REPRESENTATION_CONTEXT('2D SPACE',''
  ) );
#9187 = PCURVE('',#4392,#9188);
#9188 = DEFINITIONAL_REPRESENTATION('',(#9189),#9193);
#9189 = LINE('',#9190,#9191);
#9190 = CARTESIAN_POINT('',(0.,0.));
#9191 = VECTOR('',#9192,1.);
#9192 = DIRECTION('',(1.,0.));
#9193 = ( GEOMETRIC_REPRESENTATION_CONTEXT(2) 
PARAMETRIC_REPRESENTATION_CONTEXT() REPRESENTATION_CONTEXT('2D SPACE',''
  ) );
#9194 = ORIENTED_EDGE('',*,*,#9195,.F.);
#9195 = EDGE_CURVE('',#9126,#9173,#9196,.T.);
#9196 = SURFACE_CURVE('',#9197,(#9201,#9208),.PCURVE_S1.);
#9197 = LINE('',#9198,#9199);
#9198 = CARTESIAN_POINT('',(-35.4,-18.,-70.));
#9199 = VECTOR('',#9200,1.);
#9200 = DIRECTION('',(0.,0.,1.));
#9201 = PCURVE('',#93,#9202);
#9202 = DEFINITIONAL_REPRESENTATION('',(#9203),#9207);
#9203 = LINE('',#9204,#9205);
#9204 = CARTESIAN_POINT('',(-70.,-35.4));
#9205 = VECTOR('',#9206,1.);
#9206 = DIRECTION('',(1.,0.));
#9207 = ( GEOMETRIC_REPRESENTATION_CONTEXT(2) 
PARAMETRIC_REPRESENTATION_CONTEXT() REPRESENTATION_CONTEXT('2D SPACE',''
  ) );
#9208 = PCURVE('',#4418,#9209);
#9209 = DEFINITIONAL_REPRESENTATION('',(#9210),#9214);
#9210 = LINE('',#9211,#9212);
#9211 = CARTESIAN_POINT('',(0.,0.));
#9212 = VECTOR('',#9213,1.);
#9213 = DIRECTION('',(1.,0.));
#9214 = ( GEOMETRIC_REPRESENTATION_CONTEXT(2) 
PARAMETRIC_REPRESENTATION_CONTEXT() REPRESENTATION_CONTEXT('2D SPACE',''
  ) );
#9215 = FACE_BOUND('',#9216,.F.);
#9216 = EDGE_LOOP('',(#9217,#9243,#9266,#9289));
#9217 = ORIENTED_EDGE('',*,*,#9218,.F.);
#9218 = EDGE_CURVE('',#9219,#9221,#9223,.T.);
#9219 = VERTEX_POINT('',#9220);
#9220 = CARTESIAN_POINT('',(29.399999999999,-18.,-62.42307265747));
#9221 = VERTEX_POINT('',#9222);
#9222 = CARTESIAN_POINT('',(24.600000000001,-18.,-64.4658048891));
#9223 = SURFACE_CURVE('',#9224,(#9229,#9236),.PCURVE_S1.);
#9224 = CIRCLE('',#9225,69.);
#9225 = AXIS2_PLACEMENT_3D('',#9226,#9227,#9228);
#9226 = CARTESIAN_POINT('',(0.,-18.,0.));
#9227 = DIRECTION('',(0.,1.,0.));
#9228 = DIRECTION('',(0.,-0.,1.));
#9229 = PCURVE('',#93,#9230);
#9230 = DEFINITIONAL_REPRESENTATION('',(#9231),#9235);
#9231 = CIRCLE('',#9232,69.);
#9232 = AXIS2_PLACEMENT_2D('',#9233,#9234);
#9233 = CARTESIAN_POINT('',(0.,0.));
#9234 = DIRECTION('',(1.,0.));
#9235 = ( GEOMETRIC_REPRESENTATION_CONTEXT(2) 
PARAMETRIC_REPRESENTATION_CONTEXT() REPRESENTATION_CONTEXT('2D SPACE',''
  ) );
#9236 = PCURVE('',#4451,#9237);
#9237 = DEFINITIONAL_REPRESENTATION('',(#9238),#9242);
#9238 = LINE('',#9239,#9240);
#9239 = CARTESIAN_POINT('',(0.,0.1));
#9240 = VECTOR('',#9241,1.);
#9241 = DIRECTION('',(1.,0.));
#9242 = ( GEOMETRIC_REPRESENTATION_CONTEXT(2) 
PARAMETRIC_REPRESENTATION_CONTEXT() REPRESENTATION_CONTEXT('2D SPACE',''
  ) );
#9243 = ORIENTED_EDGE('',*,*,#9244,.T.);
#9244 = EDGE_CURVE('',#9219,#9245,#9247,.T.);
#9245 = VERTEX_POINT('',#9246);
#9246 = CARTESIAN_POINT('',(29.4,-18.,-0.6));
#9247 = SURFACE_CURVE('',#9248,(#9252,#9259),.PCURVE_S1.);
#9248 = LINE('',#9249,#9250);
#9249 = CARTESIAN_POINT('',(29.4,-18.,-70.));
#9250 = VECTOR('',#9251,1.);
#9251 = DIRECTION('',(0.,0.,1.));
#9252 = PCURVE('',#93,#9253);
#9253 = DEFINITIONAL_REPRESENTATION('',(#9254),#9258);
#9254 = LINE('',#9255,#9256);
#9255 = CARTESIAN_POINT('',(-70.,29.4));
#9256 = VECTOR('',#9257,1.);
#9257 = DIRECTION('',(1.,0.));
#9258 = ( GEOMETRIC_REPRESENTATION_CONTEXT(2) 
PARAMETRIC_REPRESENTATION_CONTEXT() REPRESENTATION_CONTEXT('2D SPACE',''
  ) );
#9259 = PCURVE('',#4479,#9260);
#9260 = DEFINITIONAL_REPRESENTATION('',(#9261),#9265);
#9261 = LINE('',#9262,#9263);
#9262 = CARTESIAN_POINT('',(0.,0.));
#9263 = VECTOR('',#9264,1.);
#9264 = DIRECTION('',(1.,0.));
#9265 = ( GEOMETRIC_REPRESENTATION_CONTEXT(2) 
PARAMETRIC_REPRESENTATION_CONTEXT() REPRESENTATION_CONTEXT('2D SPACE',''
  ) );
#9266 = ORIENTED_EDGE('',*,*,#9267,.F.);
#9267 = EDGE_CURVE('',#9268,#9245,#9270,.T.);
#9268 = VERTEX_POINT('',#9269);
#9269 = CARTESIAN_POINT('',(24.6,-18.,-0.6));
#9270 = SURFACE_CURVE('',#9271,(#9275,#9282),.PCURVE_S1.);
#9271 = LINE('',#9272,#9273);
#9272 = CARTESIAN_POINT('',(-70.,-18.,-0.6));
#9273 = VECTOR('',#9274,1.);
#9274 = DIRECTION('',(1.,0.,0.));
#9275 = PCURVE('',#93,#9276);
#9276 = DEFINITIONAL_REPRESENTATION('',(#9277),#9281);
#9277 = LINE('',#9278,#9279);
#9278 = CARTESIAN_POINT('',(-0.6,-70.));
#9279 = VECTOR('',#9280,1.);
#9280 = DIRECTION('',(0.,1.));
#9281 = ( GEOMETRIC_REPRESENTATION_CONTEXT(2) 
PARAMETRIC_REPRESENTATION_CONTEXT() REPRESENTATION_CONTEXT('2D SPACE',''
  ) );
#9282 = PCURVE('',#4507,#9283);
#9283 = DEFINITIONAL_REPRESENTATION('',(#9284),#9288);
#9284 = LINE('',#9285,#9286);
#9285 = CARTESIAN_POINT('',(0.,0.));
#9286 = VECTOR('',#9287,1.);
#9287 = DIRECTION('',(1.,0.));
#9288 = ( GEOMETRIC_REPRESENTATION_CONTEXT(2) 
PARAMETRIC_REPRESENTATION_CONTEXT() REPRESENTATION_CONTEXT('2D SPACE',''
  ) );
#9289 = ORIENTED_EDGE('',*,*,#9290,.F.);
#9290 = EDGE_CURVE('',#9221,#9268,#9291,.T.);
#9291 = SURFACE_CURVE('',#9292,(#9296,#9303),.PCURVE_S1.);
#9292 = LINE('',#9293,#9294);
#9293 = CARTESIAN_POINT('',(24.6,-18.,-70.));
#9294 = VECTOR('',#9295,1.);
#9295 = DIRECTION('',(0.,0.,1.));
#9296 = PCURVE('',#93,#9297);
#9297 = DEFINITIONAL_REPRESENTATION('',(#9298),#9302);
#9298 = LINE('',#9299,#9300);
#9299 = CARTESIAN_POINT('',(-70.,24.6));
#9300 = VECTOR('',#9301,1.);
#9301 = DIRECTION('',(1.,0.));
#9302 = ( GEOMETRIC_REPRESENTATION_CONTEXT(2) 
PARAMETRIC_REPRESENTATION_CONTEXT() REPRESENTATION_CONTEXT('2D SPACE',''
  ) );
#9303 = PCURVE('',#4533,#9304);
#9304 = DEFINITIONAL_REPRESENTATION('',(#9305),#9309);
#9305 = LINE('',#9306,#9307);
#9306 = CARTESIAN_POINT('',(0.,0.));
#9307 = VECTOR('',#9308,1.);
#9308 = DIRECTION('',(1.,0.));
#9309 = ( GEOMETRIC_REPRESENTATION_CONTEXT(2) 
PARAMETRIC_REPRESENTATION_CONTEXT() REPRESENTATION_CONTEXT('2D SPACE',''
  ) );
#9310 = FACE_BOUND('',#9311,.F.);
#9311 = EDGE_LOOP('',(#9312,#9338,#9361,#9384));
#9312 = ORIENTED_EDGE('',*,*,#9313,.F.);
#9313 = EDGE_CURVE('',#9314,#9316,#9318,.T.);
#9314 = VERTEX_POINT('',#9315);
#9315 = CARTESIAN_POINT('',(-24.6,-18.,-64.4658048891));
#9316 = VERTEX_POINT('',#9317);
#9317 = CARTESIAN_POINT('',(-29.39999999999,-18.,-62.42307265747));
#9318 = SURFACE_CURVE('',#9319,(#9324,#9331),.PCURVE_S1.);
#9319 = CIRCLE('',#9320,69.);
#9320 = AXIS2_PLACEMENT_3D('',#9321,#9322,#9323);
#9321 = CARTESIAN_POINT('',(0.,-18.,0.));
#9322 = DIRECTION('',(0.,1.,0.));
#9323 = DIRECTION('',(0.,-0.,1.));
#9324 = PCURVE('',#93,#9325);
#9325 = DEFINITIONAL_REPRESENTATION('',(#9326),#9330);
#9326 = CIRCLE('',#9327,69.);
#9327 = AXIS2_PLACEMENT_2D('',#9328,#9329);
#9328 = CARTESIAN_POINT('',(0.,0.));
#9329 = DIRECTION('',(1.,0.));
#9330 = ( GEOMETRIC_REPRESENTATION_CONTEXT(2) 
PARAMETRIC_REPRESENTATION_CONTEXT() REPRESENTATION_CONTEXT('2D SPACE',''
  ) );
#9331 = PCURVE('',#4566,#9332);
#9332 = DEFINITIONAL_REPRESENTATION('',(#9333),#9337);
#9333 = LINE('',#9334,#9335);
#9334 = CARTESIAN_POINT('',(0.,0.1));
#9335 = VECTOR('',#9336,1.);
#9336 = DIRECTION('',(1.,0.));
#9337 = ( GEOMETRIC_REPRESENTATION_CONTEXT(2) 
PARAMETRIC_REPRESENTATION_CONTEXT() REPRESENTATION_CONTEXT('2D SPACE',''
  ) );
#9338 = ORIENTED_EDGE('',*,*,#9339,.T.);
#9339 = EDGE_CURVE('',#9314,#9340,#9342,.T.);
#9340 = VERTEX_POINT('',#9341);
#9341 = CARTESIAN_POINT('',(-24.6,-18.,-0.6));
#9342 = SURFACE_CURVE('',#9343,(#9347,#9354),.PCURVE_S1.);
#9343 = LINE('',#9344,#9345);
#9344 = CARTESIAN_POINT('',(-24.6,-18.,-70.));
#9345 = VECTOR('',#9346,1.);
#9346 = DIRECTION('',(0.,0.,1.));
#9347 = PCURVE('',#93,#9348);
#9348 = DEFINITIONAL_REPRESENTATION('',(#9349),#9353);
#9349 = LINE('',#9350,#9351);
#9350 = CARTESIAN_POINT('',(-70.,-24.6));
#9351 = VECTOR('',#9352,1.);
#9352 = DIRECTION('',(1.,0.));
#9353 = ( GEOMETRIC_REPRESENTATION_CONTEXT(2) 
PARAMETRIC_REPRESENTATION_CONTEXT() REPRESENTATION_CONTEXT('2D SPACE',''
  ) );
#9354 = PCURVE('',#4594,#9355);
#9355 = DEFINITIONAL_REPRESENTATION('',(#9356),#9360);
#9356 = LINE('',#9357,#9358);
#9357 = CARTESIAN_POINT('',(0.,0.));
#9358 = VECTOR('',#9359,1.);
#9359 = DIRECTION('',(1.,0.));
#9360 = ( GEOMETRIC_REPRESENTATION_CONTEXT(2) 
PARAMETRIC_REPRESENTATION_CONTEXT() REPRESENTATION_CONTEXT('2D SPACE',''
  ) );
#9361 = ORIENTED_EDGE('',*,*,#9362,.F.);
#9362 = EDGE_CURVE('',#9363,#9340,#9365,.T.);
#9363 = VERTEX_POINT('',#9364);
#9364 = CARTESIAN_POINT('',(-29.4,-18.,-0.6));
#9365 = SURFACE_CURVE('',#9366,(#9370,#9377),.PCURVE_S1.);
#9366 = LINE('',#9367,#9368);
#9367 = CARTESIAN_POINT('',(-70.,-18.,-0.6));
#9368 = VECTOR('',#9369,1.);
#9369 = DIRECTION('',(1.,0.,0.));
#9370 = PCURVE('',#93,#9371);
#9371 = DEFINITIONAL_REPRESENTATION('',(#9372),#9376);
#9372 = LINE('',#9373,#9374);
#9373 = CARTESIAN_POINT('',(-0.6,-70.));
#9374 = VECTOR('',#9375,1.);
#9375 = DIRECTION('',(0.,1.));
#9376 = ( GEOMETRIC_REPRESENTATION_CONTEXT(2) 
PARAMETRIC_REPRESENTATION_CONTEXT() REPRESENTATION_CONTEXT('2D SPACE',''
  ) );
#9377 = PCURVE('',#4622,#9378);
#9378 = DEFINITIONAL_REPRESENTATION('',(#9379),#9383);
#9379 = LINE('',#9380,#9381);
#9380 = CARTESIAN_POINT('',(0.,0.));
#9381 = VECTOR('',#9382,1.);
#9382 = DIRECTION('',(1.,0.));
#9383 = ( GEOMETRIC_REPRESENTATION_CONTEXT(2) 
PARAMETRIC_REPRESENTATION_CONTEXT() REPRESENTATION_CONTEXT('2D SPACE',''
  ) );
#9384 = ORIENTED_EDGE('',*,*,#9385,.F.);
#9385 = EDGE_CURVE('',#9316,#9363,#9386,.T.);
#9386 = SURFACE_CURVE('',#9387,(#9391,#9398),.PCURVE_S1.);
#9387 = LINE('',#9388,#9389);
#9388 = CARTESIAN_POINT('',(-29.4,-18.,-70.));
#9389 = VECTOR('',#9390,1.);
#9390 = DIRECTION('',(0.,0.,1.));
#9391 = PCURVE('',#93,#9392);
#9392 = DEFINITIONAL_REPRESENTATION('',(#9393),#9397);
#9393 = LINE('',#9394,#9395);
#9394 = CARTESIAN_POINT('',(-70.,-29.4));
#9395 = VECTOR('',#9396,1.);
#9396 = DIRECTION('',(1.,0.));
#9397 = ( GEOMETRIC_REPRESENTATION_CONTEXT(2) 
PARAMETRIC_REPRESENTATION_CONTEXT() REPRESENTATION_CONTEXT('2D SPACE',''
  ) );
#9398 = PCURVE('',#4648,#9399);
#9399 = DEFINITIONAL_REPRESENTATION('',(#9400),#9404);
#9400 = LINE('',#9401,#9402);
#9401 = CARTESIAN_POINT('',(0.,0.));
#9402 = VECTOR('',#9403,1.);
#9403 = DIRECTION('',(1.,0.));
#9404 = ( GEOMETRIC_REPRESENTATION_CONTEXT(2) 
PARAMETRIC_REPRESENTATION_CONTEXT() REPRESENTATION_CONTEXT('2D SPACE',''
  ) );
#9405 = FACE_BOUND('',#9406,.F.);
#9406 = EDGE_LOOP('',(#9407,#9433,#9456,#9479));
#9407 = ORIENTED_EDGE('',*,*,#9408,.F.);
#9408 = EDGE_CURVE('',#9409,#9411,#9413,.T.);
#9409 = VERTEX_POINT('',#9410);
#9410 = CARTESIAN_POINT('',(23.4,-18.,-64.91101601423));
#9411 = VERTEX_POINT('',#9412);
#9412 = CARTESIAN_POINT('',(18.6,-18.,-66.44576735955));
#9413 = SURFACE_CURVE('',#9414,(#9419,#9426),.PCURVE_S1.);
#9414 = CIRCLE('',#9415,69.);
#9415 = AXIS2_PLACEMENT_3D('',#9416,#9417,#9418);
#9416 = CARTESIAN_POINT('',(0.,-18.,0.));
#9417 = DIRECTION('',(0.,1.,0.));
#9418 = DIRECTION('',(0.,-0.,1.));
#9419 = PCURVE('',#93,#9420);
#9420 = DEFINITIONAL_REPRESENTATION('',(#9421),#9425);
#9421 = CIRCLE('',#9422,69.);
#9422 = AXIS2_PLACEMENT_2D('',#9423,#9424);
#9423 = CARTESIAN_POINT('',(0.,0.));
#9424 = DIRECTION('',(1.,0.));
#9425 = ( GEOMETRIC_REPRESENTATION_CONTEXT(2) 
PARAMETRIC_REPRESENTATION_CONTEXT() REPRESENTATION_CONTEXT('2D SPACE',''
  ) );
#9426 = PCURVE('',#4681,#9427);
#9427 = DEFINITIONAL_REPRESENTATION('',(#9428),#9432);
#9428 = LINE('',#9429,#9430);
#9429 = CARTESIAN_POINT('',(0.,0.1));
#9430 = VECTOR('',#9431,1.);
#9431 = DIRECTION('',(1.,0.));
#9432 = ( GEOMETRIC_REPRESENTATION_CONTEXT(2) 
PARAMETRIC_REPRESENTATION_CONTEXT() REPRESENTATION_CONTEXT('2D SPACE',''
  ) );
#9433 = ORIENTED_EDGE('',*,*,#9434,.T.);
#9434 = EDGE_CURVE('',#9409,#9435,#9437,.T.);
#9435 = VERTEX_POINT('',#9436);
#9436 = CARTESIAN_POINT('',(23.4,-18.,-0.6));
#9437 = SURFACE_CURVE('',#9438,(#9442,#9449),.PCURVE_S1.);
#9438 = LINE('',#9439,#9440);
#9439 = CARTESIAN_POINT('',(23.4,-18.,-70.));
#9440 = VECTOR('',#9441,1.);
#9441 = DIRECTION('',(0.,0.,1.));
#9442 = PCURVE('',#93,#9443);
#9443 = DEFINITIONAL_REPRESENTATION('',(#9444),#9448);
#9444 = LINE('',#9445,#9446);
#9445 = CARTESIAN_POINT('',(-70.,23.4));
#9446 = VECTOR('',#9447,1.);
#9447 = DIRECTION('',(1.,0.));
#9448 = ( GEOMETRIC_REPRESENTATION_CONTEXT(2) 
PARAMETRIC_REPRESENTATION_CONTEXT() REPRESENTATION_CONTEXT('2D SPACE',''
  ) );
#9449 = PCURVE('',#4709,#9450);
#9450 = DEFINITIONAL_REPRESENTATION('',(#9451),#9455);
#9451 = LINE('',#9452,#9453);
#9452 = CARTESIAN_POINT('',(0.,0.));
#9453 = VECTOR('',#9454,1.);
#9454 = DIRECTION('',(1.,0.));
#9455 = ( GEOMETRIC_REPRESENTATION_CONTEXT(2) 
PARAMETRIC_REPRESENTATION_CONTEXT() REPRESENTATION_CONTEXT('2D SPACE',''
  ) );
#9456 = ORIENTED_EDGE('',*,*,#9457,.F.);
#9457 = EDGE_CURVE('',#9458,#9435,#9460,.T.);
#9458 = VERTEX_POINT('',#9459);
#9459 = CARTESIAN_POINT('',(18.6,-18.,-0.6));
#9460 = SURFACE_CURVE('',#9461,(#9465,#9472),.PCURVE_S1.);
#9461 = LINE('',#9462,#9463);
#9462 = CARTESIAN_POINT('',(-70.,-18.,-0.6));
#9463 = VECTOR('',#9464,1.);
#9464 = DIRECTION('',(1.,0.,0.));
#9465 = PCURVE('',#93,#9466);
#9466 = DEFINITIONAL_REPRESENTATION('',(#9467),#9471);
#9467 = LINE('',#9468,#9469);
#9468 = CARTESIAN_POINT('',(-0.6,-70.));
#9469 = VECTOR('',#9470,1.);
#9470 = DIRECTION('',(0.,1.));
#9471 = ( GEOMETRIC_REPRESENTATION_CONTEXT(2) 
PARAMETRIC_REPRESENTATION_CONTEXT() REPRESENTATION_CONTEXT('2D SPACE',''
  ) );
#9472 = PCURVE('',#4737,#9473);
#9473 = DEFINITIONAL_REPRESENTATION('',(#9474),#9478);
#9474 = LINE('',#9475,#9476);
#9475 = CARTESIAN_POINT('',(0.,0.));
#9476 = VECTOR('',#9477,1.);
#9477 = DIRECTION('',(1.,0.));
#9478 = ( GEOMETRIC_REPRESENTATION_CONTEXT(2) 
PARAMETRIC_REPRESENTATION_CONTEXT() REPRESENTATION_CONTEXT('2D SPACE',''
  ) );
#9479 = ORIENTED_EDGE('',*,*,#9480,.F.);
#9480 = EDGE_CURVE('',#9411,#9458,#9481,.T.);
#9481 = SURFACE_CURVE('',#9482,(#9486,#9493),.PCURVE_S1.);
#9482 = LINE('',#9483,#9484);
#9483 = CARTESIAN_POINT('',(18.6,-18.,-70.));
#9484 = VECTOR('',#9485,1.);
#9485 = DIRECTION('',(0.,0.,1.));
#9486 = PCURVE('',#93,#9487);
#9487 = DEFINITIONAL_REPRESENTATION('',(#9488),#9492);
#9488 = LINE('',#9489,#9490);
#9489 = CARTESIAN_POINT('',(-70.,18.6));
#9490 = VECTOR('',#9491,1.);
#9491 = DIRECTION('',(1.,0.));
#9492 = ( GEOMETRIC_REPRESENTATION_CONTEXT(2) 
PARAMETRIC_REPRESENTATION_CONTEXT() REPRESENTATION_CONTEXT('2D SPACE',''
  ) );
#9493 = PCURVE('',#4763,#9494);
#9494 = DEFINITIONAL_REPRESENTATION('',(#9495),#9499);
#9495 = LINE('',#9496,#9497);
#9496 = CARTESIAN_POINT('',(0.,0.));
#9497 = VECTOR('',#9498,1.);
#9498 = DIRECTION('',(1.,0.));
#9499 = ( GEOMETRIC_REPRESENTATION_CONTEXT(2) 
PARAMETRIC_REPRESENTATION_CONTEXT() REPRESENTATION_CONTEXT('2D SPACE',''
  ) );
#9500 = FACE_BOUND('',#9501,.F.);
#9501 = EDGE_LOOP('',(#9502,#9528,#9551,#9574));
#9502 = ORIENTED_EDGE('',*,*,#9503,.F.);
#9503 = EDGE_CURVE('',#9504,#9506,#9508,.T.);
#9504 = VERTEX_POINT('',#9505);
#9505 = CARTESIAN_POINT('',(-18.6,-18.,-66.44576735955));
#9506 = VERTEX_POINT('',#9507);
#9507 = CARTESIAN_POINT('',(-23.4,-18.,-64.91101601423));
#9508 = SURFACE_CURVE('',#9509,(#9514,#9521),.PCURVE_S1.);
#9509 = CIRCLE('',#9510,69.);
#9510 = AXIS2_PLACEMENT_3D('',#9511,#9512,#9513);
#9511 = CARTESIAN_POINT('',(0.,-18.,0.));
#9512 = DIRECTION('',(0.,1.,0.));
#9513 = DIRECTION('',(0.,-0.,1.));
#9514 = PCURVE('',#93,#9515);
#9515 = DEFINITIONAL_REPRESENTATION('',(#9516),#9520);
#9516 = CIRCLE('',#9517,69.);
#9517 = AXIS2_PLACEMENT_2D('',#9518,#9519);
#9518 = CARTESIAN_POINT('',(0.,0.));
#9519 = DIRECTION('',(1.,0.));
#9520 = ( GEOMETRIC_REPRESENTATION_CONTEXT(2) 
PARAMETRIC_REPRESENTATION_CONTEXT() REPRESENTATION_CONTEXT('2D SPACE',''
  ) );
#9521 = PCURVE('',#4796,#9522);
#9522 = DEFINITIONAL_REPRESENTATION('',(#9523),#9527);
#9523 = LINE('',#9524,#9525);
#9524 = CARTESIAN_POINT('',(0.,0.1));
#9525 = VECTOR('',#9526,1.);
#9526 = DIRECTION('',(1.,0.));
#9527 = ( GEOMETRIC_REPRESENTATION_CONTEXT(2) 
PARAMETRIC_REPRESENTATION_CONTEXT() REPRESENTATION_CONTEXT('2D SPACE',''
  ) );
#9528 = ORIENTED_EDGE('',*,*,#9529,.T.);
#9529 = EDGE_CURVE('',#9504,#9530,#9532,.T.);
#9530 = VERTEX_POINT('',#9531);
#9531 = CARTESIAN_POINT('',(-18.6,-18.,-0.6));
#9532 = SURFACE_CURVE('',#9533,(#9537,#9544),.PCURVE_S1.);
#9533 = LINE('',#9534,#9535);
#9534 = CARTESIAN_POINT('',(-18.6,-18.,-70.));
#9535 = VECTOR('',#9536,1.);
#9536 = DIRECTION('',(0.,0.,1.));
#9537 = PCURVE('',#93,#9538);
#9538 = DEFINITIONAL_REPRESENTATION('',(#9539),#9543);
#9539 = LINE('',#9540,#9541);
#9540 = CARTESIAN_POINT('',(-70.,-18.6));
#9541 = VECTOR('',#9542,1.);
#9542 = DIRECTION('',(1.,0.));
#9543 = ( GEOMETRIC_REPRESENTATION_CONTEXT(2) 
PARAMETRIC_REPRESENTATION_CONTEXT() REPRESENTATION_CONTEXT('2D SPACE',''
  ) );
#9544 = PCURVE('',#4824,#9545);
#9545 = DEFINITIONAL_REPRESENTATION('',(#9546),#9550);
#9546 = LINE('',#9547,#9548);
#9547 = CARTESIAN_POINT('',(0.,0.));
#9548 = VECTOR('',#9549,1.);
#9549 = DIRECTION('',(1.,0.));
#9550 = ( GEOMETRIC_REPRESENTATION_CONTEXT(2) 
PARAMETRIC_REPRESENTATION_CONTEXT() REPRESENTATION_CONTEXT('2D SPACE',''
  ) );
#9551 = ORIENTED_EDGE('',*,*,#9552,.F.);
#9552 = EDGE_CURVE('',#9553,#9530,#9555,.T.);
#9553 = VERTEX_POINT('',#9554);
#9554 = CARTESIAN_POINT('',(-23.4,-18.,-0.6));
#9555 = SURFACE_CURVE('',#9556,(#9560,#9567),.PCURVE_S1.);
#9556 = LINE('',#9557,#9558);
#9557 = CARTESIAN_POINT('',(-70.,-18.,-0.6));
#9558 = VECTOR('',#9559,1.);
#9559 = DIRECTION('',(1.,0.,0.));
#9560 = PCURVE('',#93,#9561);
#9561 = DEFINITIONAL_REPRESENTATION('',(#9562),#9566);
#9562 = LINE('',#9563,#9564);
#9563 = CARTESIAN_POINT('',(-0.6,-70.));
#9564 = VECTOR('',#9565,1.);
#9565 = DIRECTION('',(0.,1.));
#9566 = ( GEOMETRIC_REPRESENTATION_CONTEXT(2) 
PARAMETRIC_REPRESENTATION_CONTEXT() REPRESENTATION_CONTEXT('2D SPACE',''
  ) );
#9567 = PCURVE('',#4852,#9568);
#9568 = DEFINITIONAL_REPRESENTATION('',(#9569),#9573);
#9569 = LINE('',#9570,#9571);
#9570 = CARTESIAN_POINT('',(0.,0.));
#9571 = VECTOR('',#9572,1.);
#9572 = DIRECTION('',(1.,0.));
#9573 = ( GEOMETRIC_REPRESENTATION_CONTEXT(2) 
PARAMETRIC_REPRESENTATION_CONTEXT() REPRESENTATION_CONTEXT('2D SPACE',''
  ) );
#9574 = ORIENTED_EDGE('',*,*,#9575,.F.);
#9575 = EDGE_CURVE('',#9506,#9553,#9576,.T.);
#9576 = SURFACE_CURVE('',#9577,(#9581,#9588),.PCURVE_S1.);
#9577 = LINE('',#9578,#9579);
#9578 = CARTESIAN_POINT('',(-23.4,-18.,-70.));
#9579 = VECTOR('',#9580,1.);
#9580 = DIRECTION('',(0.,0.,1.));
#9581 = PCURVE('',#93,#9582);
#9582 = DEFINITIONAL_REPRESENTATION('',(#9583),#9587);
#9583 = LINE('',#9584,#9585);
#9584 = CARTESIAN_POINT('',(-70.,-23.4));
#9585 = VECTOR('',#9586,1.);
#9586 = DIRECTION('',(1.,0.));
#9587 = ( GEOMETRIC_REPRESENTATION_CONTEXT(2) 
PARAMETRIC_REPRESENTATION_CONTEXT() REPRESENTATION_CONTEXT('2D SPACE',''
  ) );
#9588 = PCURVE('',#4878,#9589);
#9589 = DEFINITIONAL_REPRESENTATION('',(#9590),#9594);
#9590 = LINE('',#9591,#9592);
#9591 = CARTESIAN_POINT('',(0.,0.));
#9592 = VECTOR('',#9593,1.);
#9593 = DIRECTION('',(1.,0.));
#9594 = ( GEOMETRIC_REPRESENTATION_CONTEXT(2) 
PARAMETRIC_REPRESENTATION_CONTEXT() REPRESENTATION_CONTEXT('2D SPACE',''
  ) );
#9595 = FACE_BOUND('',#9596,.F.);
#9596 = EDGE_LOOP('',(#9597,#9623,#9646,#9669));
#9597 = ORIENTED_EDGE('',*,*,#9598,.F.);
#9598 = EDGE_CURVE('',#9599,#9601,#9603,.T.);
#9599 = VERTEX_POINT('',#9600);
#9600 = CARTESIAN_POINT('',(17.400000000001,-18.,-66.77005316756));
#9601 = VERTEX_POINT('',#9602);
#9602 = CARTESIAN_POINT('',(12.600000000001,-18.,-67.83981132049));
#9603 = SURFACE_CURVE('',#9604,(#9609,#9616),.PCURVE_S1.);
#9604 = CIRCLE('',#9605,69.);
#9605 = AXIS2_PLACEMENT_3D('',#9606,#9607,#9608);
#9606 = CARTESIAN_POINT('',(0.,-18.,0.));
#9607 = DIRECTION('',(0.,1.,0.));
#9608 = DIRECTION('',(0.,-0.,1.));
#9609 = PCURVE('',#93,#9610);
#9610 = DEFINITIONAL_REPRESENTATION('',(#9611),#9615);
#9611 = CIRCLE('',#9612,69.);
#9612 = AXIS2_PLACEMENT_2D('',#9613,#9614);
#9613 = CARTESIAN_POINT('',(0.,0.));
#9614 = DIRECTION('',(1.,0.));
#9615 = ( GEOMETRIC_REPRESENTATION_CONTEXT(2) 
PARAMETRIC_REPRESENTATION_CONTEXT() REPRESENTATION_CONTEXT('2D SPACE',''
  ) );
#9616 = PCURVE('',#4911,#9617);
#9617 = DEFINITIONAL_REPRESENTATION('',(#9618),#9622);
#9618 = LINE('',#9619,#9620);
#9619 = CARTESIAN_POINT('',(0.,0.1));
#9620 = VECTOR('',#9621,1.);
#9621 = DIRECTION('',(1.,0.));
#9622 = ( GEOMETRIC_REPRESENTATION_CONTEXT(2) 
PARAMETRIC_REPRESENTATION_CONTEXT() REPRESENTATION_CONTEXT('2D SPACE',''
  ) );
#9623 = ORIENTED_EDGE('',*,*,#9624,.T.);
#9624 = EDGE_CURVE('',#9599,#9625,#9627,.T.);
#9625 = VERTEX_POINT('',#9626);
#9626 = CARTESIAN_POINT('',(17.4,-18.,-0.6));
#9627 = SURFACE_CURVE('',#9628,(#9632,#9639),.PCURVE_S1.);
#9628 = LINE('',#9629,#9630);
#9629 = CARTESIAN_POINT('',(17.4,-18.,-70.));
#9630 = VECTOR('',#9631,1.);
#9631 = DIRECTION('',(0.,0.,1.));
#9632 = PCURVE('',#93,#9633);
#9633 = DEFINITIONAL_REPRESENTATION('',(#9634),#9638);
#9634 = LINE('',#9635,#9636);
#9635 = CARTESIAN_POINT('',(-70.,17.4));
#9636 = VECTOR('',#9637,1.);
#9637 = DIRECTION('',(1.,0.));
#9638 = ( GEOMETRIC_REPRESENTATION_CONTEXT(2) 
PARAMETRIC_REPRESENTATION_CONTEXT() REPRESENTATION_CONTEXT('2D SPACE',''
  ) );
#9639 = PCURVE('',#4939,#9640);
#9640 = DEFINITIONAL_REPRESENTATION('',(#9641),#9645);
#9641 = LINE('',#9642,#9643);
#9642 = CARTESIAN_POINT('',(0.,0.));
#9643 = VECTOR('',#9644,1.);
#9644 = DIRECTION('',(1.,0.));
#9645 = ( GEOMETRIC_REPRESENTATION_CONTEXT(2) 
PARAMETRIC_REPRESENTATION_CONTEXT() REPRESENTATION_CONTEXT('2D SPACE',''
  ) );
#9646 = ORIENTED_EDGE('',*,*,#9647,.F.);
#9647 = EDGE_CURVE('',#9648,#9625,#9650,.T.);
#9648 = VERTEX_POINT('',#9649);
#9649 = CARTESIAN_POINT('',(12.6,-18.,-0.6));
#9650 = SURFACE_CURVE('',#9651,(#9655,#9662),.PCURVE_S1.);
#9651 = LINE('',#9652,#9653);
#9652 = CARTESIAN_POINT('',(-70.,-18.,-0.6));
#9653 = VECTOR('',#9654,1.);
#9654 = DIRECTION('',(1.,0.,0.));
#9655 = PCURVE('',#93,#9656);
#9656 = DEFINITIONAL_REPRESENTATION('',(#9657),#9661);
#9657 = LINE('',#9658,#9659);
#9658 = CARTESIAN_POINT('',(-0.6,-70.));
#9659 = VECTOR('',#9660,1.);
#9660 = DIRECTION('',(0.,1.));
#9661 = ( GEOMETRIC_REPRESENTATION_CONTEXT(2) 
PARAMETRIC_REPRESENTATION_CONTEXT() REPRESENTATION_CONTEXT('2D SPACE',''
  ) );
#9662 = PCURVE('',#4967,#9663);
#9663 = DEFINITIONAL_REPRESENTATION('',(#9664),#9668);
#9664 = LINE('',#9665,#9666);
#9665 = CARTESIAN_POINT('',(0.,0.));
#9666 = VECTOR('',#9667,1.);
#9667 = DIRECTION('',(1.,0.));
#9668 = ( GEOMETRIC_REPRESENTATION_CONTEXT(2) 
PARAMETRIC_REPRESENTATION_CONTEXT() REPRESENTATION_CONTEXT('2D SPACE',''
  ) );
#9669 = ORIENTED_EDGE('',*,*,#9670,.F.);
#9670 = EDGE_CURVE('',#9601,#9648,#9671,.T.);
#9671 = SURFACE_CURVE('',#9672,(#9676,#9683),.PCURVE_S1.);
#9672 = LINE('',#9673,#9674);
#9673 = CARTESIAN_POINT('',(12.6,-18.,-70.));
#9674 = VECTOR('',#9675,1.);
#9675 = DIRECTION('',(0.,0.,1.));
#9676 = PCURVE('',#93,#9677);
#9677 = DEFINITIONAL_REPRESENTATION('',(#9678),#9682);
#9678 = LINE('',#9679,#9680);
#9679 = CARTESIAN_POINT('',(-70.,12.6));
#9680 = VECTOR('',#9681,1.);
#9681 = DIRECTION('',(1.,0.));
#9682 = ( GEOMETRIC_REPRESENTATION_CONTEXT(2) 
PARAMETRIC_REPRESENTATION_CONTEXT() REPRESENTATION_CONTEXT('2D SPACE',''
  ) );
#9683 = PCURVE('',#4993,#9684);
#9684 = DEFINITIONAL_REPRESENTATION('',(#9685),#9689);
#9685 = LINE('',#9686,#9687);
#9686 = CARTESIAN_POINT('',(0.,0.));
#9687 = VECTOR('',#9688,1.);
#9688 = DIRECTION('',(1.,0.));
#9689 = ( GEOMETRIC_REPRESENTATION_CONTEXT(2) 
PARAMETRIC_REPRESENTATION_CONTEXT() REPRESENTATION_CONTEXT('2D SPACE',''
  ) );
#9690 = FACE_BOUND('',#9691,.F.);
#9691 = EDGE_LOOP('',(#9692,#9718,#9741,#9764));
#9692 = ORIENTED_EDGE('',*,*,#9693,.F.);
#9693 = EDGE_CURVE('',#9694,#9696,#9698,.T.);
#9694 = VERTEX_POINT('',#9695);
#9695 = CARTESIAN_POINT('',(-12.6,-18.,-67.83981132049));
#9696 = VERTEX_POINT('',#9697);
#9697 = CARTESIAN_POINT('',(-17.4,-18.,-66.77005316756));
#9698 = SURFACE_CURVE('',#9699,(#9704,#9711),.PCURVE_S1.);
#9699 = CIRCLE('',#9700,69.);
#9700 = AXIS2_PLACEMENT_3D('',#9701,#9702,#9703);
#9701 = CARTESIAN_POINT('',(0.,-18.,0.));
#9702 = DIRECTION('',(0.,1.,0.));
#9703 = DIRECTION('',(0.,-0.,1.));
#9704 = PCURVE('',#93,#9705);
#9705 = DEFINITIONAL_REPRESENTATION('',(#9706),#9710);
#9706 = CIRCLE('',#9707,69.);
#9707 = AXIS2_PLACEMENT_2D('',#9708,#9709);
#9708 = CARTESIAN_POINT('',(0.,0.));
#9709 = DIRECTION('',(1.,0.));
#9710 = ( GEOMETRIC_REPRESENTATION_CONTEXT(2) 
PARAMETRIC_REPRESENTATION_CONTEXT() REPRESENTATION_CONTEXT('2D SPACE',''
  ) );
#9711 = PCURVE('',#5026,#9712);
#9712 = DEFINITIONAL_REPRESENTATION('',(#9713),#9717);
#9713 = LINE('',#9714,#9715);
#9714 = CARTESIAN_POINT('',(0.,0.1));
#9715 = VECTOR('',#9716,1.);
#9716 = DIRECTION('',(1.,0.));
#9717 = ( GEOMETRIC_REPRESENTATION_CONTEXT(2) 
PARAMETRIC_REPRESENTATION_CONTEXT() REPRESENTATION_CONTEXT('2D SPACE',''
  ) );
#9718 = ORIENTED_EDGE('',*,*,#9719,.T.);
#9719 = EDGE_CURVE('',#9694,#9720,#9722,.T.);
#9720 = VERTEX_POINT('',#9721);
#9721 = CARTESIAN_POINT('',(-12.6,-18.,-0.6));
#9722 = SURFACE_CURVE('',#9723,(#9727,#9734),.PCURVE_S1.);
#9723 = LINE('',#9724,#9725);
#9724 = CARTESIAN_POINT('',(-12.6,-18.,-70.));
#9725 = VECTOR('',#9726,1.);
#9726 = DIRECTION('',(0.,0.,1.));
#9727 = PCURVE('',#93,#9728);
#9728 = DEFINITIONAL_REPRESENTATION('',(#9729),#9733);
#9729 = LINE('',#9730,#9731);
#9730 = CARTESIAN_POINT('',(-70.,-12.6));
#9731 = VECTOR('',#9732,1.);
#9732 = DIRECTION('',(1.,0.));
#9733 = ( GEOMETRIC_REPRESENTATION_CONTEXT(2) 
PARAMETRIC_REPRESENTATION_CONTEXT() REPRESENTATION_CONTEXT('2D SPACE',''
  ) );
#9734 = PCURVE('',#5054,#9735);
#9735 = DEFINITIONAL_REPRESENTATION('',(#9736),#9740);
#9736 = LINE('',#9737,#9738);
#9737 = CARTESIAN_POINT('',(0.,0.));
#9738 = VECTOR('',#9739,1.);
#9739 = DIRECTION('',(1.,0.));
#9740 = ( GEOMETRIC_REPRESENTATION_CONTEXT(2) 
PARAMETRIC_REPRESENTATION_CONTEXT() REPRESENTATION_CONTEXT('2D SPACE',''
  ) );
#9741 = ORIENTED_EDGE('',*,*,#9742,.F.);
#9742 = EDGE_CURVE('',#9743,#9720,#9745,.T.);
#9743 = VERTEX_POINT('',#9744);
#9744 = CARTESIAN_POINT('',(-17.4,-18.,-0.6));
#9745 = SURFACE_CURVE('',#9746,(#9750,#9757),.PCURVE_S1.);
#9746 = LINE('',#9747,#9748);
#9747 = CARTESIAN_POINT('',(-70.,-18.,-0.6));
#9748 = VECTOR('',#9749,1.);
#9749 = DIRECTION('',(1.,0.,0.));
#9750 = PCURVE('',#93,#9751);
#9751 = DEFINITIONAL_REPRESENTATION('',(#9752),#9756);
#9752 = LINE('',#9753,#9754);
#9753 = CARTESIAN_POINT('',(-0.6,-70.));
#9754 = VECTOR('',#9755,1.);
#9755 = DIRECTION('',(0.,1.));
#9756 = ( GEOMETRIC_REPRESENTATION_CONTEXT(2) 
PARAMETRIC_REPRESENTATION_CONTEXT() REPRESENTATION_CONTEXT('2D SPACE',''
  ) );
#9757 = PCURVE('',#5082,#9758);
#9758 = DEFINITIONAL_REPRESENTATION('',(#9759),#9763);
#9759 = LINE('',#9760,#9761);
#9760 = CARTESIAN_POINT('',(0.,0.));
#9761 = VECTOR('',#9762,1.);
#9762 = DIRECTION('',(1.,0.));
#9763 = ( GEOMETRIC_REPRESENTATION_CONTEXT(2) 
PARAMETRIC_REPRESENTATION_CONTEXT() REPRESENTATION_CONTEXT('2D SPACE',''
  ) );
#9764 = ORIENTED_EDGE('',*,*,#9765,.F.);
#9765 = EDGE_CURVE('',#9696,#9743,#9766,.T.);
#9766 = SURFACE_CURVE('',#9767,(#9771,#9778),.PCURVE_S1.);
#9767 = LINE('',#9768,#9769);
#9768 = CARTESIAN_POINT('',(-17.4,-18.,-70.));
#9769 = VECTOR('',#9770,1.);
#9770 = DIRECTION('',(0.,0.,1.));
#9771 = PCURVE('',#93,#9772);
#9772 = DEFINITIONAL_REPRESENTATION('',(#9773),#9777);
#9773 = LINE('',#9774,#9775);
#9774 = CARTESIAN_POINT('',(-70.,-17.4));
#9775 = VECTOR('',#9776,1.);
#9776 = DIRECTION('',(1.,0.));
#9777 = ( GEOMETRIC_REPRESENTATION_CONTEXT(2) 
PARAMETRIC_REPRESENTATION_CONTEXT() REPRESENTATION_CONTEXT('2D SPACE',''
  ) );
#9778 = PCURVE('',#5108,#9779);
#9779 = DEFINITIONAL_REPRESENTATION('',(#9780),#9784);
#9780 = LINE('',#9781,#9782);
#9781 = CARTESIAN_POINT('',(0.,0.));
#9782 = VECTOR('',#9783,1.);
#9783 = DIRECTION('',(1.,0.));
#9784 = ( GEOMETRIC_REPRESENTATION_CONTEXT(2) 
PARAMETRIC_REPRESENTATION_CONTEXT() REPRESENTATION_CONTEXT('2D SPACE',''
  ) );
#9785 = FACE_BOUND('',#9786,.F.);
#9786 = EDGE_LOOP('',(#9787,#9813,#9836,#9859));
#9787 = ORIENTED_EDGE('',*,*,#9788,.F.);
#9788 = EDGE_CURVE('',#9789,#9791,#9793,.T.);
#9789 = VERTEX_POINT('',#9790);
#9790 = CARTESIAN_POINT('',(11.4,-18.,-68.05174501803));
#9791 = VERTEX_POINT('',#9792);
#9792 = CARTESIAN_POINT('',(6.600000000001,-18.,-68.68362250202));
#9793 = SURFACE_CURVE('',#9794,(#9799,#9806),.PCURVE_S1.);
#9794 = CIRCLE('',#9795,69.);
#9795 = AXIS2_PLACEMENT_3D('',#9796,#9797,#9798);
#9796 = CARTESIAN_POINT('',(0.,-18.,0.));
#9797 = DIRECTION('',(0.,1.,0.));
#9798 = DIRECTION('',(0.,-0.,1.));
#9799 = PCURVE('',#93,#9800);
#9800 = DEFINITIONAL_REPRESENTATION('',(#9801),#9805);
#9801 = CIRCLE('',#9802,69.);
#9802 = AXIS2_PLACEMENT_2D('',#9803,#9804);
#9803 = CARTESIAN_POINT('',(0.,0.));
#9804 = DIRECTION('',(1.,0.));
#9805 = ( GEOMETRIC_REPRESENTATION_CONTEXT(2) 
PARAMETRIC_REPRESENTATION_CONTEXT() REPRESENTATION_CONTEXT('2D SPACE',''
  ) );
#9806 = PCURVE('',#5141,#9807);
#9807 = DEFINITIONAL_REPRESENTATION('',(#9808),#9812);
#9808 = LINE('',#9809,#9810);
#9809 = CARTESIAN_POINT('',(0.,0.1));
#9810 = VECTOR('',#9811,1.);
#9811 = DIRECTION('',(1.,0.));
#9812 = ( GEOMETRIC_REPRESENTATION_CONTEXT(2) 
PARAMETRIC_REPRESENTATION_CONTEXT() REPRESENTATION_CONTEXT('2D SPACE',''
  ) );
#9813 = ORIENTED_EDGE('',*,*,#9814,.T.);
#9814 = EDGE_CURVE('',#9789,#9815,#9817,.T.);
#9815 = VERTEX_POINT('',#9816);
#9816 = CARTESIAN_POINT('',(11.4,-18.,-0.6));
#9817 = SURFACE_CURVE('',#9818,(#9822,#9829),.PCURVE_S1.);
#9818 = LINE('',#9819,#9820);
#9819 = CARTESIAN_POINT('',(11.4,-18.,-70.));
#9820 = VECTOR('',#9821,1.);
#9821 = DIRECTION('',(0.,0.,1.));
#9822 = PCURVE('',#93,#9823);
#9823 = DEFINITIONAL_REPRESENTATION('',(#9824),#9828);
#9824 = LINE('',#9825,#9826);
#9825 = CARTESIAN_POINT('',(-70.,11.4));
#9826 = VECTOR('',#9827,1.);
#9827 = DIRECTION('',(1.,0.));
#9828 = ( GEOMETRIC_REPRESENTATION_CONTEXT(2) 
PARAMETRIC_REPRESENTATION_CONTEXT() REPRESENTATION_CONTEXT('2D SPACE',''
  ) );
#9829 = PCURVE('',#5169,#9830);
#9830 = DEFINITIONAL_REPRESENTATION('',(#9831),#9835);
#9831 = LINE('',#9832,#9833);
#9832 = CARTESIAN_POINT('',(0.,0.));
#9833 = VECTOR('',#9834,1.);
#9834 = DIRECTION('',(1.,0.));
#9835 = ( GEOMETRIC_REPRESENTATION_CONTEXT(2) 
PARAMETRIC_REPRESENTATION_CONTEXT() REPRESENTATION_CONTEXT('2D SPACE',''
  ) );
#9836 = ORIENTED_EDGE('',*,*,#9837,.F.);
#9837 = EDGE_CURVE('',#9838,#9815,#9840,.T.);
#9838 = VERTEX_POINT('',#9839);
#9839 = CARTESIAN_POINT('',(6.6,-18.,-0.6));
#9840 = SURFACE_CURVE('',#9841,(#9845,#9852),.PCURVE_S1.);
#9841 = LINE('',#9842,#9843);
#9842 = CARTESIAN_POINT('',(-70.,-18.,-0.6));
#9843 = VECTOR('',#9844,1.);
#9844 = DIRECTION('',(1.,0.,0.));
#9845 = PCURVE('',#93,#9846);
#9846 = DEFINITIONAL_REPRESENTATION('',(#9847),#9851);
#9847 = LINE('',#9848,#9849);
#9848 = CARTESIAN_POINT('',(-0.6,-70.));
#9849 = VECTOR('',#9850,1.);
#9850 = DIRECTION('',(0.,1.));
#9851 = ( GEOMETRIC_REPRESENTATION_CONTEXT(2) 
PARAMETRIC_REPRESENTATION_CONTEXT() REPRESENTATION_CONTEXT('2D SPACE',''
  ) );
#9852 = PCURVE('',#5197,#9853);
#9853 = DEFINITIONAL_REPRESENTATION('',(#9854),#9858);
#9854 = LINE('',#9855,#9856);
#9855 = CARTESIAN_POINT('',(0.,0.));
#9856 = VECTOR('',#9857,1.);
#9857 = DIRECTION('',(1.,0.));
#9858 = ( GEOMETRIC_REPRESENTATION_CONTEXT(2) 
PARAMETRIC_REPRESENTATION_CONTEXT() REPRESENTATION_CONTEXT('2D SPACE',''
  ) );
#9859 = ORIENTED_EDGE('',*,*,#9860,.F.);
#9860 = EDGE_CURVE('',#9791,#9838,#9861,.T.);
#9861 = SURFACE_CURVE('',#9862,(#9866,#9873),.PCURVE_S1.);
#9862 = LINE('',#9863,#9864);
#9863 = CARTESIAN_POINT('',(6.6,-18.,-70.));
#9864 = VECTOR('',#9865,1.);
#9865 = DIRECTION('',(0.,0.,1.));
#9866 = PCURVE('',#93,#9867);
#9867 = DEFINITIONAL_REPRESENTATION('',(#9868),#9872);
#9868 = LINE('',#9869,#9870);
#9869 = CARTESIAN_POINT('',(-70.,6.6));
#9870 = VECTOR('',#9871,1.);
#9871 = DIRECTION('',(1.,0.));
#9872 = ( GEOMETRIC_REPRESENTATION_CONTEXT(2) 
PARAMETRIC_REPRESENTATION_CONTEXT() REPRESENTATION_CONTEXT('2D SPACE',''
  ) );
#9873 = PCURVE('',#5223,#9874);
#9874 = DEFINITIONAL_REPRESENTATION('',(#9875),#9879);
#9875 = LINE('',#9876,#9877);
#9876 = CARTESIAN_POINT('',(0.,0.));
#9877 = VECTOR('',#9878,1.);
#9878 = DIRECTION('',(1.,0.));
#9879 = ( GEOMETRIC_REPRESENTATION_CONTEXT(2) 
PARAMETRIC_REPRESENTATION_CONTEXT() REPRESENTATION_CONTEXT('2D SPACE',''
  ) );
#9880 = FACE_BOUND('',#9881,.F.);
#9881 = EDGE_LOOP('',(#9882,#9908,#9931,#9954));
#9882 = ORIENTED_EDGE('',*,*,#9883,.F.);
#9883 = EDGE_CURVE('',#9884,#9886,#9888,.T.);
#9884 = VERTEX_POINT('',#9885);
#9885 = CARTESIAN_POINT('',(-6.600000000001,-18.,-68.68362250202));
#9886 = VERTEX_POINT('',#9887);
#9887 = CARTESIAN_POINT('',(-11.4,-18.,-68.05174501803));
#9888 = SURFACE_CURVE('',#9889,(#9894,#9901),.PCURVE_S1.);
#9889 = CIRCLE('',#9890,69.);
#9890 = AXIS2_PLACEMENT_3D('',#9891,#9892,#9893);
#9891 = CARTESIAN_POINT('',(0.,-18.,0.));
#9892 = DIRECTION('',(0.,1.,0.));
#9893 = DIRECTION('',(0.,-0.,1.));
#9894 = PCURVE('',#93,#9895);
#9895 = DEFINITIONAL_REPRESENTATION('',(#9896),#9900);
#9896 = CIRCLE('',#9897,69.);
#9897 = AXIS2_PLACEMENT_2D('',#9898,#9899);
#9898 = CARTESIAN_POINT('',(0.,0.));
#9899 = DIRECTION('',(1.,0.));
#9900 = ( GEOMETRIC_REPRESENTATION_CONTEXT(2) 
PARAMETRIC_REPRESENTATION_CONTEXT() REPRESENTATION_CONTEXT('2D SPACE',''
  ) );
#9901 = PCURVE('',#5256,#9902);
#9902 = DEFINITIONAL_REPRESENTATION('',(#9903),#9907);
#9903 = LINE('',#9904,#9905);
#9904 = CARTESIAN_POINT('',(0.,0.1));
#9905 = VECTOR('',#9906,1.);
#9906 = DIRECTION('',(1.,0.));
#9907 = ( GEOMETRIC_REPRESENTATION_CONTEXT(2) 
PARAMETRIC_REPRESENTATION_CONTEXT() REPRESENTATION_CONTEXT('2D SPACE',''
  ) );
#9908 = ORIENTED_EDGE('',*,*,#9909,.T.);
#9909 = EDGE_CURVE('',#9884,#9910,#9912,.T.);
#9910 = VERTEX_POINT('',#9911);
#9911 = CARTESIAN_POINT('',(-6.6,-18.,-0.6));
#9912 = SURFACE_CURVE('',#9913,(#9917,#9924),.PCURVE_S1.);
#9913 = LINE('',#9914,#9915);
#9914 = CARTESIAN_POINT('',(-6.6,-18.,-70.));
#9915 = VECTOR('',#9916,1.);
#9916 = DIRECTION('',(0.,0.,1.));
#9917 = PCURVE('',#93,#9918);
#9918 = DEFINITIONAL_REPRESENTATION('',(#9919),#9923);
#9919 = LINE('',#9920,#9921);
#9920 = CARTESIAN_POINT('',(-70.,-6.6));
#9921 = VECTOR('',#9922,1.);
#9922 = DIRECTION('',(1.,0.));
#9923 = ( GEOMETRIC_REPRESENTATION_CONTEXT(2) 
PARAMETRIC_REPRESENTATION_CONTEXT() REPRESENTATION_CONTEXT('2D SPACE',''
  ) );
#9924 = PCURVE('',#5284,#9925);
#9925 = DEFINITIONAL_REPRESENTATION('',(#9926),#9930);
#9926 = LINE('',#9927,#9928);
#9927 = CARTESIAN_POINT('',(0.,0.));
#9928 = VECTOR('',#9929,1.);
#9929 = DIRECTION('',(1.,0.));
#9930 = ( GEOMETRIC_REPRESENTATION_CONTEXT(2) 
PARAMETRIC_REPRESENTATION_CONTEXT() REPRESENTATION_CONTEXT('2D SPACE',''
  ) );
#9931 = ORIENTED_EDGE('',*,*,#9932,.F.);
#9932 = EDGE_CURVE('',#9933,#9910,#9935,.T.);
#9933 = VERTEX_POINT('',#9934);
#9934 = CARTESIAN_POINT('',(-11.4,-18.,-0.6));
#9935 = SURFACE_CURVE('',#9936,(#9940,#9947),.PCURVE_S1.);
#9936 = LINE('',#9937,#9938);
#9937 = CARTESIAN_POINT('',(-70.,-18.,-0.6));
#9938 = VECTOR('',#9939,1.);
#9939 = DIRECTION('',(1.,0.,0.));
#9940 = PCURVE('',#93,#9941);
#9941 = DEFINITIONAL_REPRESENTATION('',(#9942),#9946);
#9942 = LINE('',#9943,#9944);
#9943 = CARTESIAN_POINT('',(-0.6,-70.));
#9944 = VECTOR('',#9945,1.);
#9945 = DIRECTION('',(0.,1.));
#9946 = ( GEOMETRIC_REPRESENTATION_CONTEXT(2) 
PARAMETRIC_REPRESENTATION_CONTEXT() REPRESENTATION_CONTEXT('2D SPACE',''
  ) );
#9947 = PCURVE('',#5312,#9948);
#9948 = DEFINITIONAL_REPRESENTATION('',(#9949),#9953);
#9949 = LINE('',#9950,#9951);
#9950 = CARTESIAN_POINT('',(0.,0.));
#9951 = VECTOR('',#9952,1.);
#9952 = DIRECTION('',(1.,0.));
#9953 = ( GEOMETRIC_REPRESENTATION_CONTEXT(2) 
PARAMETRIC_REPRESENTATION_CONTEXT() REPRESENTATION_CONTEXT('2D SPACE',''
  ) );
#9954 = ORIENTED_EDGE('',*,*,#9955,.F.);
#9955 = EDGE_CURVE('',#9886,#9933,#9956,.T.);
#9956 = SURFACE_CURVE('',#9957,(#9961,#9968),.PCURVE_S1.);
#9957 = LINE('',#9958,#9959);
#9958 = CARTESIAN_POINT('',(-11.4,-18.,-70.));
#9959 = VECTOR('',#9960,1.);
#9960 = DIRECTION('',(0.,0.,1.));
#9961 = PCURVE('',#93,#9962);
#9962 = DEFINITIONAL_REPRESENTATION('',(#9963),#9967);
#9963 = LINE('',#9964,#9965);
#9964 = CARTESIAN_POINT('',(-70.,-11.4));
#9965 = VECTOR('',#9966,1.);
#9966 = DIRECTION('',(1.,0.));
#9967 = ( GEOMETRIC_REPRESENTATION_CONTEXT(2) 
PARAMETRIC_REPRESENTATION_CONTEXT() REPRESENTATION_CONTEXT('2D SPACE',''
  ) );
#9968 = PCURVE('',#5338,#9969);
#9969 = DEFINITIONAL_REPRESENTATION('',(#9970),#9974);
#9970 = LINE('',#9971,#9972);
#9971 = CARTESIAN_POINT('',(0.,0.));
#9972 = VECTOR('',#9973,1.);
#9973 = DIRECTION('',(1.,0.));
#9974 = ( GEOMETRIC_REPRESENTATION_CONTEXT(2) 
PARAMETRIC_REPRESENTATION_CONTEXT() REPRESENTATION_CONTEXT('2D SPACE',''
  ) );
#9975 = FACE_BOUND('',#9976,.F.);
#9976 = EDGE_LOOP('',(#9977,#10003,#10026,#10049));
#9977 = ORIENTED_EDGE('',*,*,#9978,.F.);
#9978 = EDGE_CURVE('',#9979,#9981,#9983,.T.);
#9979 = VERTEX_POINT('',#9980);
#9980 = CARTESIAN_POINT('',(5.400000000001,-18.,-68.78837111023));
#9981 = VERTEX_POINT('',#9982);
#9982 = CARTESIAN_POINT('',(0.599999999999,-18.,-68.99739125503));
#9983 = SURFACE_CURVE('',#9984,(#9989,#9996),.PCURVE_S1.);
#9984 = CIRCLE('',#9985,69.);
#9985 = AXIS2_PLACEMENT_3D('',#9986,#9987,#9988);
#9986 = CARTESIAN_POINT('',(0.,-18.,0.));
#9987 = DIRECTION('',(0.,1.,0.));
#9988 = DIRECTION('',(0.,-0.,1.));
#9989 = PCURVE('',#93,#9990);
#9990 = DEFINITIONAL_REPRESENTATION('',(#9991),#9995);
#9991 = CIRCLE('',#9992,69.);
#9992 = AXIS2_PLACEMENT_2D('',#9993,#9994);
#9993 = CARTESIAN_POINT('',(0.,0.));
#9994 = DIRECTION('',(1.,0.));
#9995 = ( GEOMETRIC_REPRESENTATION_CONTEXT(2) 
PARAMETRIC_REPRESENTATION_CONTEXT() REPRESENTATION_CONTEXT('2D SPACE',''
  ) );
#9996 = PCURVE('',#5371,#9997);
#9997 = DEFINITIONAL_REPRESENTATION('',(#9998),#10002);
#9998 = LINE('',#9999,#10000);
#9999 = CARTESIAN_POINT('',(0.,0.1));
#10000 = VECTOR('',#10001,1.);
#10001 = DIRECTION('',(1.,0.));
#10002 = ( GEOMETRIC_REPRESENTATION_CONTEXT(2) 
PARAMETRIC_REPRESENTATION_CONTEXT() REPRESENTATION_CONTEXT('2D SPACE',''
  ) );
#10003 = ORIENTED_EDGE('',*,*,#10004,.T.);
#10004 = EDGE_CURVE('',#9979,#10005,#10007,.T.);
#10005 = VERTEX_POINT('',#10006);
#10006 = CARTESIAN_POINT('',(5.4,-18.,-0.6));
#10007 = SURFACE_CURVE('',#10008,(#10012,#10019),.PCURVE_S1.);
#10008 = LINE('',#10009,#10010);
#10009 = CARTESIAN_POINT('',(5.4,-18.,-70.));
#10010 = VECTOR('',#10011,1.);
#10011 = DIRECTION('',(0.,0.,1.));
#10012 = PCURVE('',#93,#10013);
#10013 = DEFINITIONAL_REPRESENTATION('',(#10014),#10018);
#10014 = LINE('',#10015,#10016);
#10015 = CARTESIAN_POINT('',(-70.,5.4));
#10016 = VECTOR('',#10017,1.);
#10017 = DIRECTION('',(1.,0.));
#10018 = ( GEOMETRIC_REPRESENTATION_CONTEXT(2) 
PARAMETRIC_REPRESENTATION_CONTEXT() REPRESENTATION_CONTEXT('2D SPACE',''
  ) );
#10019 = PCURVE('',#5399,#10020);
#10020 = DEFINITIONAL_REPRESENTATION('',(#10021),#10025);
#10021 = LINE('',#10022,#10023);
#10022 = CARTESIAN_POINT('',(0.,0.));
#10023 = VECTOR('',#10024,1.);
#10024 = DIRECTION('',(1.,0.));
#10025 = ( GEOMETRIC_REPRESENTATION_CONTEXT(2) 
PARAMETRIC_REPRESENTATION_CONTEXT() REPRESENTATION_CONTEXT('2D SPACE',''
  ) );
#10026 = ORIENTED_EDGE('',*,*,#10027,.F.);
#10027 = EDGE_CURVE('',#10028,#10005,#10030,.T.);
#10028 = VERTEX_POINT('',#10029);
#10029 = CARTESIAN_POINT('',(0.6,-18.,-0.6));
#10030 = SURFACE_CURVE('',#10031,(#10035,#10042),.PCURVE_S1.);
#10031 = LINE('',#10032,#10033);
#10032 = CARTESIAN_POINT('',(-70.,-18.,-0.6));
#10033 = VECTOR('',#10034,1.);
#10034 = DIRECTION('',(1.,0.,0.));
#10035 = PCURVE('',#93,#10036);
#10036 = DEFINITIONAL_REPRESENTATION('',(#10037),#10041);
#10037 = LINE('',#10038,#10039);
#10038 = CARTESIAN_POINT('',(-0.6,-70.));
#10039 = VECTOR('',#10040,1.);
#10040 = DIRECTION('',(0.,1.));
#10041 = ( GEOMETRIC_REPRESENTATION_CONTEXT(2) 
PARAMETRIC_REPRESENTATION_CONTEXT() REPRESENTATION_CONTEXT('2D SPACE',''
  ) );
#10042 = PCURVE('',#5427,#10043);
#10043 = DEFINITIONAL_REPRESENTATION('',(#10044),#10048);
#10044 = LINE('',#10045,#10046);
#10045 = CARTESIAN_POINT('',(0.,0.));
#10046 = VECTOR('',#10047,1.);
#10047 = DIRECTION('',(1.,0.));
#10048 = ( GEOMETRIC_REPRESENTATION_CONTEXT(2) 
PARAMETRIC_REPRESENTATION_CONTEXT() REPRESENTATION_CONTEXT('2D SPACE',''
  ) );
#10049 = ORIENTED_EDGE('',*,*,#10050,.F.);
#10050 = EDGE_CURVE('',#9981,#10028,#10051,.T.);
#10051 = SURFACE_CURVE('',#10052,(#10056,#10063),.PCURVE_S1.);
#10052 = LINE('',#10053,#10054);
#10053 = CARTESIAN_POINT('',(0.6,-18.,-70.));
#10054 = VECTOR('',#10055,1.);
#10055 = DIRECTION('',(0.,0.,1.));
#10056 = PCURVE('',#93,#10057);
#10057 = DEFINITIONAL_REPRESENTATION('',(#10058),#10062);
#10058 = LINE('',#10059,#10060);
#10059 = CARTESIAN_POINT('',(-70.,0.6));
#10060 = VECTOR('',#10061,1.);
#10061 = DIRECTION('',(1.,0.));
#10062 = ( GEOMETRIC_REPRESENTATION_CONTEXT(2) 
PARAMETRIC_REPRESENTATION_CONTEXT() REPRESENTATION_CONTEXT('2D SPACE',''
  ) );
#10063 = PCURVE('',#5453,#10064);
#10064 = DEFINITIONAL_REPRESENTATION('',(#10065),#10069);
#10065 = LINE('',#10066,#10067);
#10066 = CARTESIAN_POINT('',(0.,0.));
#10067 = VECTOR('',#10068,1.);
#10068 = DIRECTION('',(1.,0.));
#10069 = ( GEOMETRIC_REPRESENTATION_CONTEXT(2) 
PARAMETRIC_REPRESENTATION_CONTEXT() REPRESENTATION_CONTEXT('2D SPACE',''
  ) );
#10070 = FACE_BOUND('',#10071,.F.);
#10071 = EDGE_LOOP('',(#10072,#10098,#10121,#10144));
#10072 = ORIENTED_EDGE('',*,*,#10073,.F.);
#10073 = EDGE_CURVE('',#10074,#10076,#10078,.T.);
#10074 = VERTEX_POINT('',#10075);
#10075 = CARTESIAN_POINT('',(-0.599999999999,-18.,-68.99739125503));
#10076 = VERTEX_POINT('',#10077);
#10077 = CARTESIAN_POINT('',(-5.400000000001,-18.,-68.78837111023));
#10078 = SURFACE_CURVE('',#10079,(#10084,#10091),.PCURVE_S1.);
#10079 = CIRCLE('',#10080,69.);
#10080 = AXIS2_PLACEMENT_3D('',#10081,#10082,#10083);
#10081 = CARTESIAN_POINT('',(0.,-18.,0.));
#10082 = DIRECTION('',(0.,1.,0.));
#10083 = DIRECTION('',(0.,-0.,1.));
#10084 = PCURVE('',#93,#10085);
#10085 = DEFINITIONAL_REPRESENTATION('',(#10086),#10090);
#10086 = CIRCLE('',#10087,69.);
#10087 = AXIS2_PLACEMENT_2D('',#10088,#10089);
#10088 = CARTESIAN_POINT('',(0.,0.));
#10089 = DIRECTION('',(1.,0.));
#10090 = ( GEOMETRIC_REPRESENTATION_CONTEXT(2) 
PARAMETRIC_REPRESENTATION_CONTEXT() REPRESENTATION_CONTEXT('2D SPACE',''
  ) );
#10091 = PCURVE('',#5486,#10092);
#10092 = DEFINITIONAL_REPRESENTATION('',(#10093),#10097);
#10093 = LINE('',#10094,#10095);
#10094 = CARTESIAN_POINT('',(0.,0.1));
#10095 = VECTOR('',#10096,1.);
#10096 = DIRECTION('',(1.,0.));
#10097 = ( GEOMETRIC_REPRESENTATION_CONTEXT(2) 
PARAMETRIC_REPRESENTATION_CONTEXT() REPRESENTATION_CONTEXT('2D SPACE',''
  ) );
#10098 = ORIENTED_EDGE('',*,*,#10099,.T.);
#10099 = EDGE_CURVE('',#10074,#10100,#10102,.T.);
#10100 = VERTEX_POINT('',#10101);
#10101 = CARTESIAN_POINT('',(-0.6,-18.,-0.6));
#10102 = SURFACE_CURVE('',#10103,(#10107,#10114),.PCURVE_S1.);
#10103 = LINE('',#10104,#10105);
#10104 = CARTESIAN_POINT('',(-0.6,-18.,-70.));
#10105 = VECTOR('',#10106,1.);
#10106 = DIRECTION('',(0.,0.,1.));
#10107 = PCURVE('',#93,#10108);
#10108 = DEFINITIONAL_REPRESENTATION('',(#10109),#10113);
#10109 = LINE('',#10110,#10111);
#10110 = CARTESIAN_POINT('',(-70.,-0.6));
#10111 = VECTOR('',#10112,1.);
#10112 = DIRECTION('',(1.,0.));
#10113 = ( GEOMETRIC_REPRESENTATION_CONTEXT(2) 
PARAMETRIC_REPRESENTATION_CONTEXT() REPRESENTATION_CONTEXT('2D SPACE',''
  ) );
#10114 = PCURVE('',#5514,#10115);
#10115 = DEFINITIONAL_REPRESENTATION('',(#10116),#10120);
#10116 = LINE('',#10117,#10118);
#10117 = CARTESIAN_POINT('',(0.,0.));
#10118 = VECTOR('',#10119,1.);
#10119 = DIRECTION('',(1.,0.));
#10120 = ( GEOMETRIC_REPRESENTATION_CONTEXT(2) 
PARAMETRIC_REPRESENTATION_CONTEXT() REPRESENTATION_CONTEXT('2D SPACE',''
  ) );
#10121 = ORIENTED_EDGE('',*,*,#10122,.F.);
#10122 = EDGE_CURVE('',#10123,#10100,#10125,.T.);
#10123 = VERTEX_POINT('',#10124);
#10124 = CARTESIAN_POINT('',(-5.4,-18.,-0.6));
#10125 = SURFACE_CURVE('',#10126,(#10130,#10137),.PCURVE_S1.);
#10126 = LINE('',#10127,#10128);
#10127 = CARTESIAN_POINT('',(-70.,-18.,-0.6));
#10128 = VECTOR('',#10129,1.);
#10129 = DIRECTION('',(1.,0.,0.));
#10130 = PCURVE('',#93,#10131);
#10131 = DEFINITIONAL_REPRESENTATION('',(#10132),#10136);
#10132 = LINE('',#10133,#10134);
#10133 = CARTESIAN_POINT('',(-0.6,-70.));
#10134 = VECTOR('',#10135,1.);
#10135 = DIRECTION('',(0.,1.));
#10136 = ( GEOMETRIC_REPRESENTATION_CONTEXT(2) 
PARAMETRIC_REPRESENTATION_CONTEXT() REPRESENTATION_CONTEXT('2D SPACE',''
  ) );
#10137 = PCURVE('',#5542,#10138);
#10138 = DEFINITIONAL_REPRESENTATION('',(#10139),#10143);
#10139 = LINE('',#10140,#10141);
#10140 = CARTESIAN_POINT('',(0.,0.));
#10141 = VECTOR('',#10142,1.);
#10142 = DIRECTION('',(1.,0.));
#10143 = ( GEOMETRIC_REPRESENTATION_CONTEXT(2) 
PARAMETRIC_REPRESENTATION_CONTEXT() REPRESENTATION_CONTEXT('2D SPACE',''
  ) );
#10144 = ORIENTED_EDGE('',*,*,#10145,.F.);
#10145 = EDGE_CURVE('',#10076,#10123,#10146,.T.);
#10146 = SURFACE_CURVE('',#10147,(#10151,#10158),.PCURVE_S1.);
#10147 = LINE('',#10148,#10149);
#10148 = CARTESIAN_POINT('',(-5.4,-18.,-70.));
#10149 = VECTOR('',#10150,1.);
#10150 = DIRECTION('',(0.,0.,1.));
#10151 = PCURVE('',#93,#10152);
#10152 = DEFINITIONAL_REPRESENTATION('',(#10153),#10157);
#10153 = LINE('',#10154,#10155);
#10154 = CARTESIAN_POINT('',(-70.,-5.4));
#10155 = VECTOR('',#10156,1.);
#10156 = DIRECTION('',(1.,0.));
#10157 = ( GEOMETRIC_REPRESENTATION_CONTEXT(2) 
PARAMETRIC_REPRESENTATION_CONTEXT() REPRESENTATION_CONTEXT('2D SPACE',''
  ) );
#10158 = PCURVE('',#5568,#10159);
#10159 = DEFINITIONAL_REPRESENTATION('',(#10160),#10164);
#10160 = LINE('',#10161,#10162);
#10161 = CARTESIAN_POINT('',(0.,0.));
#10162 = VECTOR('',#10163,1.);
#10163 = DIRECTION('',(1.,0.));
#10164 = ( GEOMETRIC_REPRESENTATION_CONTEXT(2) 
PARAMETRIC_REPRESENTATION_CONTEXT() REPRESENTATION_CONTEXT('2D SPACE',''
  ) );
#10165 = FACE_BOUND('',#10166,.F.);
#10166 = EDGE_LOOP('',(#10167));
#10167 = ORIENTED_EDGE('',*,*,#10168,.F.);
#10168 = EDGE_CURVE('',#10169,#10169,#10171,.T.);
#10169 = VERTEX_POINT('',#10170);
#10170 = CARTESIAN_POINT('',(-2.694222958124E-16,-18.,73.1));
#10171 = SURFACE_CURVE('',#10172,(#10177,#10184),.PCURVE_S1.);
#10172 = CIRCLE('',#10173,1.1);
#10173 = AXIS2_PLACEMENT_3D('',#10174,#10175,#10176);
#10174 = CARTESIAN_POINT('',(0.,-18.,72.));
#10175 = DIRECTION('',(0.,1.,0.));
#10176 = DIRECTION('',(0.,-0.,1.));
#10177 = PCURVE('',#93,#10178);
#10178 = DEFINITIONAL_REPRESENTATION('',(#10179),#10183);
#10179 = CIRCLE('',#10180,1.1);
#10180 = AXIS2_PLACEMENT_2D('',#10181,#10182);
#10181 = CARTESIAN_POINT('',(72.,0.));
#10182 = DIRECTION('',(1.,0.));
#10183 = ( GEOMETRIC_REPRESENTATION_CONTEXT(2) 
PARAMETRIC_REPRESENTATION_CONTEXT() REPRESENTATION_CONTEXT('2D SPACE',''
  ) );
#10184 = PCURVE('',#5599,#10185);
#10185 = DEFINITIONAL_REPRESENTATION('',(#10186),#10190);
#10186 = LINE('',#10187,#10188);
#10187 = CARTESIAN_POINT('',(0.,0.1));
#10188 = VECTOR('',#10189,1.);
#10189 = DIRECTION('',(1.,0.));
#10190 = ( GEOMETRIC_REPRESENTATION_CONTEXT(2) 
PARAMETRIC_REPRESENTATION_CONTEXT() REPRESENTATION_CONTEXT('2D SPACE',''
  ) );
#10191 = FACE_BOUND('',#10192,.F.);
#10192 = EDGE_LOOP('',(#10193));
#10193 = ORIENTED_EDGE('',*,*,#10194,.F.);
#10194 = EDGE_CURVE('',#10195,#10195,#10197,.T.);
#10195 = VERTEX_POINT('',#10196);
#10196 = CARTESIAN_POINT('',(72.,-18.,1.1));
#10197 = SURFACE_CURVE('',#10198,(#10203,#10210),.PCURVE_S1.);
#10198 = CIRCLE('',#10199,1.1);
#10199 = AXIS2_PLACEMENT_3D('',#10200,#10201,#10202);
#10200 = CARTESIAN_POINT('',(72.,-18.,0.));
#10201 = DIRECTION('',(0.,1.,0.));
#10202 = DIRECTION('',(0.,-0.,1.));
#10203 = PCURVE('',#93,#10204);
#10204 = DEFINITIONAL_REPRESENTATION('',(#10205),#10209);
#10205 = CIRCLE('',#10206,1.1);
#10206 = AXIS2_PLACEMENT_2D('',#10207,#10208);
#10207 = CARTESIAN_POINT('',(0.,72.));
#10208 = DIRECTION('',(1.,0.));
#10209 = ( GEOMETRIC_REPRESENTATION_CONTEXT(2) 
PARAMETRIC_REPRESENTATION_CONTEXT() REPRESENTATION_CONTEXT('2D SPACE',''
  ) );
#10210 = PCURVE('',#5630,#10211);
#10211 = DEFINITIONAL_REPRESENTATION('',(#10212),#10216);
#10212 = LINE('',#10213,#10214);
#10213 = CARTESIAN_POINT('',(0.,0.1));
#10214 = VECTOR('',#10215,1.);
#10215 = DIRECTION('',(1.,0.));
#10216 = ( GEOMETRIC_REPRESENTATION_CONTEXT(2) 
PARAMETRIC_REPRESENTATION_CONTEXT() REPRESENTATION_CONTEXT('2D SPACE',''
  ) );
#10217 = ADVANCED_FACE('',(#10218),#129,.F.);
#10218 = FACE_BOUND('',#10219,.F.);
#10219 = EDGE_LOOP('',(#10220,#10221,#10242,#10243));
#10220 = ORIENTED_EDGE('',*,*,#112,.F.);
#10221 = ORIENTED_EDGE('',*,*,#10222,.F.);
#10222 = EDGE_CURVE('',#5649,#113,#10223,.T.);
#10223 = SEAM_CURVE('',#10224,(#10228,#10235),.PCURVE_S1.);
#10224 = LINE('',#10225,#10226);
#10225 = CARTESIAN_POINT('',(-72.,-18.1,1.1));
#10226 = VECTOR('',#10227,1.);
#10227 = DIRECTION('',(0.,1.,0.));
#10228 = PCURVE('',#129,#10229);
#10229 = DEFINITIONAL_REPRESENTATION('',(#10230),#10234);
#10230 = LINE('',#10231,#10232);
#10231 = CARTESIAN_POINT('',(6.28318530718,-0.));
#10232 = VECTOR('',#10233,1.);
#10233 = DIRECTION('',(0.,1.));
#10234 = ( GEOMETRIC_REPRESENTATION_CONTEXT(2) 
PARAMETRIC_REPRESENTATION_CONTEXT() REPRESENTATION_CONTEXT('2D SPACE',''
  ) );
#10235 = PCURVE('',#129,#10236);
#10236 = DEFINITIONAL_REPRESENTATION('',(#10237),#10241);
#10237 = LINE('',#10238,#10239);
#10238 = CARTESIAN_POINT('',(0.,-0.));
#10239 = VECTOR('',#10240,1.);
#10240 = DIRECTION('',(0.,1.));
#10241 = ( GEOMETRIC_REPRESENTATION_CONTEXT(2) 
PARAMETRIC_REPRESENTATION_CONTEXT() REPRESENTATION_CONTEXT('2D SPACE',''
  ) );
#10242 = ORIENTED_EDGE('',*,*,#5648,.T.);
#10243 = ORIENTED_EDGE('',*,*,#10222,.T.);
#10244 = ADVANCED_FACE('',(#10245),#160,.F.);
#10245 = FACE_BOUND('',#10246,.F.);
#10246 = EDGE_LOOP('',(#10247,#10248,#10269,#10270));
#10247 = ORIENTED_EDGE('',*,*,#143,.F.);
#10248 = ORIENTED_EDGE('',*,*,#10249,.F.);
#10249 = EDGE_CURVE('',#5675,#144,#10250,.T.);
#10250 = SEAM_CURVE('',#10251,(#10255,#10262),.PCURVE_S1.);
#10251 = LINE('',#10252,#10253);
#10252 = CARTESIAN_POINT('',(-2.694222958124E-16,-18.1,-70.9));
#10253 = VECTOR('',#10254,1.);
#10254 = DIRECTION('',(0.,1.,0.));
#10255 = PCURVE('',#160,#10256);
#10256 = DEFINITIONAL_REPRESENTATION('',(#10257),#10261);
#10257 = LINE('',#10258,#10259);
#10258 = CARTESIAN_POINT('',(6.28318530718,-0.));
#10259 = VECTOR('',#10260,1.);
#10260 = DIRECTION('',(0.,1.));
#10261 = ( GEOMETRIC_REPRESENTATION_CONTEXT(2) 
PARAMETRIC_REPRESENTATION_CONTEXT() REPRESENTATION_CONTEXT('2D SPACE',''
  ) );
#10262 = PCURVE('',#160,#10263);
#10263 = DEFINITIONAL_REPRESENTATION('',(#10264),#10268);
#10264 = LINE('',#10265,#10266);
#10265 = CARTESIAN_POINT('',(0.,-0.));
#10266 = VECTOR('',#10267,1.);
#10267 = DIRECTION('',(0.,1.));
#10268 = ( GEOMETRIC_REPRESENTATION_CONTEXT(2) 
PARAMETRIC_REPRESENTATION_CONTEXT() REPRESENTATION_CONTEXT('2D SPACE',''
  ) );
#10269 = ORIENTED_EDGE('',*,*,#5674,.T.);
#10270 = ORIENTED_EDGE('',*,*,#10249,.T.);
#10271 = ADVANCED_FACE('',(#10272),#193,.F.);
#10272 = FACE_BOUND('',#10273,.F.);
#10273 = EDGE_LOOP('',(#10274,#10275,#10295,#10296));
#10274 = ORIENTED_EDGE('',*,*,#174,.F.);
#10275 = ORIENTED_EDGE('',*,*,#10276,.F.);
#10276 = EDGE_CURVE('',#5701,#175,#10277,.T.);
#10277 = SURFACE_CURVE('',#10278,(#10282,#10289),.PCURVE_S1.);
#10278 = LINE('',#10279,#10280);
#10279 = CARTESIAN_POINT('',(0.6,-18.,68.997391255032));
#10280 = VECTOR('',#10281,1.);
#10281 = DIRECTION('',(0.,1.,0.));
#10282 = PCURVE('',#193,#10283);
#10283 = DEFINITIONAL_REPRESENTATION('',(#10284),#10288);
#10284 = LINE('',#10285,#10286);
#10285 = CARTESIAN_POINT('',(8.695761763681E-03,0.1));
#10286 = VECTOR('',#10287,1.);
#10287 = DIRECTION('',(0.,1.));
#10288 = ( GEOMETRIC_REPRESENTATION_CONTEXT(2) 
PARAMETRIC_REPRESENTATION_CONTEXT() REPRESENTATION_CONTEXT('2D SPACE',''
  ) );
#10289 = PCURVE('',#221,#10290);
#10290 = DEFINITIONAL_REPRESENTATION('',(#10291),#10294);
#10291 = B_SPLINE_CURVE_WITH_KNOTS('',1,(#10292,#10293),.UNSPECIFIED.,
  .F.,.F.,(2,2),(-5.999999999062E-07,2.4000006),
  .PIECEWISE_BEZIER_KNOTS.);
#10292 = CARTESIAN_POINT('',(138.99739125503,5.999999999062E-07));
#10293 = CARTESIAN_POINT('',(138.99739125503,-2.4000006));
#10294 = ( GEOMETRIC_REPRESENTATION_CONTEXT(2) 
PARAMETRIC_REPRESENTATION_CONTEXT() REPRESENTATION_CONTEXT('2D SPACE',''
  ) );
#10295 = ORIENTED_EDGE('',*,*,#5700,.T.);
#10296 = ORIENTED_EDGE('',*,*,#10297,.T.);
#10297 = EDGE_CURVE('',#5703,#177,#10298,.T.);
#10298 = SURFACE_CURVE('',#10299,(#10303,#10310),.PCURVE_S1.);
#10299 = LINE('',#10300,#10301);
#10300 = CARTESIAN_POINT('',(5.4,-18.,68.788371110239));
#10301 = VECTOR('',#10302,1.);
#10302 = DIRECTION('',(0.,1.,0.));
#10303 = PCURVE('',#193,#10304);
#10304 = DEFINITIONAL_REPRESENTATION('',(#10305),#10309);
#10305 = LINE('',#10306,#10307);
#10306 = CARTESIAN_POINT('',(7.834097877696E-02,0.1));
#10307 = VECTOR('',#10308,1.);
#10308 = DIRECTION('',(0.,1.));
#10309 = ( GEOMETRIC_REPRESENTATION_CONTEXT(2) 
PARAMETRIC_REPRESENTATION_CONTEXT() REPRESENTATION_CONTEXT('2D SPACE',''
  ) );
#10310 = PCURVE('',#275,#10311);
#10311 = DEFINITIONAL_REPRESENTATION('',(#10312),#10315);
#10312 = B_SPLINE_CURVE_WITH_KNOTS('',1,(#10313,#10314),.UNSPECIFIED.,
  .F.,.F.,(2,2),(-5.999999999062E-07,2.4000006),
  .PIECEWISE_BEZIER_KNOTS.);
#10313 = CARTESIAN_POINT('',(138.78837111023,5.999999999062E-07));
#10314 = CARTESIAN_POINT('',(138.78837111023,-2.4000006));
#10315 = ( GEOMETRIC_REPRESENTATION_CONTEXT(2) 
PARAMETRIC_REPRESENTATION_CONTEXT() REPRESENTATION_CONTEXT('2D SPACE',''
  ) );
#10316 = ADVANCED_FACE('',(#10317),#308,.F.);
#10317 = FACE_BOUND('',#10318,.F.);
#10318 = EDGE_LOOP('',(#10319,#10339,#10340,#10360));
#10319 = ORIENTED_EDGE('',*,*,#10320,.T.);
#10320 = EDGE_CURVE('',#5798,#292,#10321,.T.);
#10321 = SURFACE_CURVE('',#10322,(#10326,#10333),.PCURVE_S1.);
#10322 = LINE('',#10323,#10324);
#10323 = CARTESIAN_POINT('',(-0.6,-18.,68.997391255032));
#10324 = VECTOR('',#10325,1.);
#10325 = DIRECTION('',(0.,1.,0.));
#10326 = PCURVE('',#308,#10327);
#10327 = DEFINITIONAL_REPRESENTATION('',(#10328),#10332);
#10328 = LINE('',#10329,#10330);
#10329 = CARTESIAN_POINT('',(6.274489545416,0.1));
#10330 = VECTOR('',#10331,1.);
#10331 = DIRECTION('',(0.,1.));
#10332 = ( GEOMETRIC_REPRESENTATION_CONTEXT(2) 
PARAMETRIC_REPRESENTATION_CONTEXT() REPRESENTATION_CONTEXT('2D SPACE',''
  ) );
#10333 = PCURVE('',#390,#10334);
#10334 = DEFINITIONAL_REPRESENTATION('',(#10335),#10338);
#10335 = B_SPLINE_CURVE_WITH_KNOTS('',1,(#10336,#10337),.UNSPECIFIED.,
  .F.,.F.,(2,2),(-5.999999999062E-07,2.4000006),
  .PIECEWISE_BEZIER_KNOTS.);
#10336 = CARTESIAN_POINT('',(138.99739125503,5.999999999062E-07));
#10337 = CARTESIAN_POINT('',(138.99739125503,-2.4000006));
#10338 = ( GEOMETRIC_REPRESENTATION_CONTEXT(2) 
PARAMETRIC_REPRESENTATION_CONTEXT() REPRESENTATION_CONTEXT('2D SPACE',''
  ) );
#10339 = ORIENTED_EDGE('',*,*,#289,.F.);
#10340 = ORIENTED_EDGE('',*,*,#10341,.F.);
#10341 = EDGE_CURVE('',#5796,#290,#10342,.T.);
#10342 = SURFACE_CURVE('',#10343,(#10347,#10354),.PCURVE_S1.);
#10343 = LINE('',#10344,#10345);
#10344 = CARTESIAN_POINT('',(-5.4,-18.,68.788371110239));
#10345 = VECTOR('',#10346,1.);
#10346 = DIRECTION('',(0.,1.,0.));
#10347 = PCURVE('',#308,#10348);
#10348 = DEFINITIONAL_REPRESENTATION('',(#10349),#10353);
#10349 = LINE('',#10350,#10351);
#10350 = CARTESIAN_POINT('',(6.204844328403,0.1));
#10351 = VECTOR('',#10352,1.);
#10352 = DIRECTION('',(0.,1.));
#10353 = ( GEOMETRIC_REPRESENTATION_CONTEXT(2) 
PARAMETRIC_REPRESENTATION_CONTEXT() REPRESENTATION_CONTEXT('2D SPACE',''
  ) );
#10354 = PCURVE('',#336,#10355);
#10355 = DEFINITIONAL_REPRESENTATION('',(#10356),#10359);
#10356 = B_SPLINE_CURVE_WITH_KNOTS('',1,(#10357,#10358),.UNSPECIFIED.,
  .F.,.F.,(2,2),(-5.999999999062E-07,2.4000006),
  .PIECEWISE_BEZIER_KNOTS.);
#10357 = CARTESIAN_POINT('',(138.78837111023,5.999999999062E-07));
#10358 = CARTESIAN_POINT('',(138.78837111023,-2.4000006));
#10359 = ( GEOMETRIC_REPRESENTATION_CONTEXT(2) 
PARAMETRIC_REPRESENTATION_CONTEXT() REPRESENTATION_CONTEXT('2D SPACE',''
  ) );
#10360 = ORIENTED_EDGE('',*,*,#5795,.T.);
#10361 = ADVANCED_FACE('',(#10362),#423,.F.);
#10362 = FACE_BOUND('',#10363,.F.);
#10363 = EDGE_LOOP('',(#10364,#10365,#10385,#10386));
#10364 = ORIENTED_EDGE('',*,*,#404,.F.);
#10365 = ORIENTED_EDGE('',*,*,#10366,.F.);
#10366 = EDGE_CURVE('',#5891,#405,#10367,.T.);
#10367 = SURFACE_CURVE('',#10368,(#10372,#10379),.PCURVE_S1.);
#10368 = LINE('',#10369,#10370);
#10369 = CARTESIAN_POINT('',(6.6,-18.,68.68362250202));
#10370 = VECTOR('',#10371,1.);
#10371 = DIRECTION('',(0.,1.,0.));
#10372 = PCURVE('',#423,#10373);
#10373 = DEFINITIONAL_REPRESENTATION('',(#10374),#10378);
#10374 = LINE('',#10375,#10376);
#10375 = CARTESIAN_POINT('',(9.57986367527E-02,0.1));
#10376 = VECTOR('',#10377,1.);
#10377 = DIRECTION('',(0.,1.));
#10378 = ( GEOMETRIC_REPRESENTATION_CONTEXT(2) 
PARAMETRIC_REPRESENTATION_CONTEXT() REPRESENTATION_CONTEXT('2D SPACE',''
  ) );
#10379 = PCURVE('',#451,#10380);
#10380 = DEFINITIONAL_REPRESENTATION('',(#10381),#10384);
#10381 = B_SPLINE_CURVE_WITH_KNOTS('',1,(#10382,#10383),.UNSPECIFIED.,
  .F.,.F.,(2,2),(-5.999999999062E-07,2.4000006),
  .PIECEWISE_BEZIER_KNOTS.);
#10382 = CARTESIAN_POINT('',(138.68362250202,5.999999999062E-07));
#10383 = CARTESIAN_POINT('',(138.68362250202,-2.4000006));
#10384 = ( GEOMETRIC_REPRESENTATION_CONTEXT(2) 
PARAMETRIC_REPRESENTATION_CONTEXT() REPRESENTATION_CONTEXT('2D SPACE',''
  ) );
#10385 = ORIENTED_EDGE('',*,*,#5890,.T.);
#10386 = ORIENTED_EDGE('',*,*,#10387,.T.);
#10387 = EDGE_CURVE('',#5893,#407,#10388,.T.);
#10388 = SURFACE_CURVE('',#10389,(#10393,#10400),.PCURVE_S1.);
#10389 = LINE('',#10390,#10391);
#10390 = CARTESIAN_POINT('',(11.4,-18.,68.051745018038));
#10391 = VECTOR('',#10392,1.);
#10392 = DIRECTION('',(0.,1.,0.));
#10393 = PCURVE('',#423,#10394);
#10394 = DEFINITIONAL_REPRESENTATION('',(#10395),#10399);
#10395 = LINE('',#10396,#10397);
#10396 = CARTESIAN_POINT('',(0.165978427747,0.1));
#10397 = VECTOR('',#10398,1.);
#10398 = DIRECTION('',(0.,1.));
#10399 = ( GEOMETRIC_REPRESENTATION_CONTEXT(2) 
PARAMETRIC_REPRESENTATION_CONTEXT() REPRESENTATION_CONTEXT('2D SPACE',''
  ) );
#10400 = PCURVE('',#505,#10401);
#10401 = DEFINITIONAL_REPRESENTATION('',(#10402),#10405);
#10402 = B_SPLINE_CURVE_WITH_KNOTS('',1,(#10403,#10404),.UNSPECIFIED.,
  .F.,.F.,(2,2),(-5.999999999062E-07,2.4000006),
  .PIECEWISE_BEZIER_KNOTS.);
#10403 = CARTESIAN_POINT('',(138.05174501803,5.999999999062E-07));
#10404 = CARTESIAN_POINT('',(138.05174501803,-2.4000006));
#10405 = ( GEOMETRIC_REPRESENTATION_CONTEXT(2) 
PARAMETRIC_REPRESENTATION_CONTEXT() REPRESENTATION_CONTEXT('2D SPACE',''
  ) );
#10406 = ADVANCED_FACE('',(#10407),#538,.F.);
#10407 = FACE_BOUND('',#10408,.F.);
#10408 = EDGE_LOOP('',(#10409,#10429,#10430,#10450));
#10409 = ORIENTED_EDGE('',*,*,#10410,.T.);
#10410 = EDGE_CURVE('',#5988,#522,#10411,.T.);
#10411 = SURFACE_CURVE('',#10412,(#10416,#10423),.PCURVE_S1.);
#10412 = LINE('',#10413,#10414);
#10413 = CARTESIAN_POINT('',(-6.6,-18.,68.68362250202));
#10414 = VECTOR('',#10415,1.);
#10415 = DIRECTION('',(0.,1.,0.));
#10416 = PCURVE('',#538,#10417);
#10417 = DEFINITIONAL_REPRESENTATION('',(#10418),#10422);
#10418 = LINE('',#10419,#10420);
#10419 = CARTESIAN_POINT('',(6.187386670427,0.1));
#10420 = VECTOR('',#10421,1.);
#10421 = DIRECTION('',(0.,1.));
#10422 = ( GEOMETRIC_REPRESENTATION_CONTEXT(2) 
PARAMETRIC_REPRESENTATION_CONTEXT() REPRESENTATION_CONTEXT('2D SPACE',''
  ) );
#10423 = PCURVE('',#620,#10424);
#10424 = DEFINITIONAL_REPRESENTATION('',(#10425),#10428);
#10425 = B_SPLINE_CURVE_WITH_KNOTS('',1,(#10426,#10427),.UNSPECIFIED.,
  .F.,.F.,(2,2),(-5.999999999062E-07,2.4000006),
  .PIECEWISE_BEZIER_KNOTS.);
#10426 = CARTESIAN_POINT('',(138.68362250202,5.999999999062E-07));
#10427 = CARTESIAN_POINT('',(138.68362250202,-2.4000006));
#10428 = ( GEOMETRIC_REPRESENTATION_CONTEXT(2) 
PARAMETRIC_REPRESENTATION_CONTEXT() REPRESENTATION_CONTEXT('2D SPACE',''
  ) );
#10429 = ORIENTED_EDGE('',*,*,#519,.F.);
#10430 = ORIENTED_EDGE('',*,*,#10431,.F.);
#10431 = EDGE_CURVE('',#5986,#520,#10432,.T.);
#10432 = SURFACE_CURVE('',#10433,(#10437,#10444),.PCURVE_S1.);
#10433 = LINE('',#10434,#10435);
#10434 = CARTESIAN_POINT('',(-11.4,-18.,68.051745018038));
#10435 = VECTOR('',#10436,1.);
#10436 = DIRECTION('',(0.,1.,0.));
#10437 = PCURVE('',#538,#10438);
#10438 = DEFINITIONAL_REPRESENTATION('',(#10439),#10443);
#10439 = LINE('',#10440,#10441);
#10440 = CARTESIAN_POINT('',(6.117206879433,0.1));
#10441 = VECTOR('',#10442,1.);
#10442 = DIRECTION('',(0.,1.));
#10443 = ( GEOMETRIC_REPRESENTATION_CONTEXT(2) 
PARAMETRIC_REPRESENTATION_CONTEXT() REPRESENTATION_CONTEXT('2D SPACE',''
  ) );
#10444 = PCURVE('',#566,#10445);
#10445 = DEFINITIONAL_REPRESENTATION('',(#10446),#10449);
#10446 = B_SPLINE_CURVE_WITH_KNOTS('',1,(#10447,#10448),.UNSPECIFIED.,
  .F.,.F.,(2,2),(-5.999999999062E-07,2.4000006),
  .PIECEWISE_BEZIER_KNOTS.);
#10447 = CARTESIAN_POINT('',(138.05174501803,5.999999999062E-07));
#10448 = CARTESIAN_POINT('',(138.05174501803,-2.4000006));
#10449 = ( GEOMETRIC_REPRESENTATION_CONTEXT(2) 
PARAMETRIC_REPRESENTATION_CONTEXT() REPRESENTATION_CONTEXT('2D SPACE',''
  ) );
#10450 = ORIENTED_EDGE('',*,*,#5985,.T.);
#10451 = ADVANCED_FACE('',(#10452),#653,.F.);
#10452 = FACE_BOUND('',#10453,.F.);
#10453 = EDGE_LOOP('',(#10454,#10455,#10475,#10476));
#10454 = ORIENTED_EDGE('',*,*,#634,.F.);
#10455 = ORIENTED_EDGE('',*,*,#10456,.F.);
#10456 = EDGE_CURVE('',#6081,#635,#10457,.T.);
#10457 = SURFACE_CURVE('',#10458,(#10462,#10469),.PCURVE_S1.);
#10458 = LINE('',#10459,#10460);
#10459 = CARTESIAN_POINT('',(12.6,-18.,67.839811320492));
#10460 = VECTOR('',#10461,1.);
#10461 = DIRECTION('',(0.,1.,0.));
#10462 = PCURVE('',#653,#10463);
#10463 = DEFINITIONAL_REPRESENTATION('',(#10464),#10468);
#10464 = LINE('',#10465,#10466);
#10465 = CARTESIAN_POINT('',(0.183639110165,0.1));
#10466 = VECTOR('',#10467,1.);
#10467 = DIRECTION('',(0.,1.));
#10468 = ( GEOMETRIC_REPRESENTATION_CONTEXT(2) 
PARAMETRIC_REPRESENTATION_CONTEXT() REPRESENTATION_CONTEXT('2D SPACE',''
  ) );
#10469 = PCURVE('',#681,#10470);
#10470 = DEFINITIONAL_REPRESENTATION('',(#10471),#10474);
#10471 = B_SPLINE_CURVE_WITH_KNOTS('',1,(#10472,#10473),.UNSPECIFIED.,
  .F.,.F.,(2,2),(-5.999999999062E-07,2.4000006),
  .PIECEWISE_BEZIER_KNOTS.);
#10472 = CARTESIAN_POINT('',(137.83981132049,5.999999999062E-07));
#10473 = CARTESIAN_POINT('',(137.83981132049,-2.4000006));
#10474 = ( GEOMETRIC_REPRESENTATION_CONTEXT(2) 
PARAMETRIC_REPRESENTATION_CONTEXT() REPRESENTATION_CONTEXT('2D SPACE',''
  ) );
#10475 = ORIENTED_EDGE('',*,*,#6080,.T.);
#10476 = ORIENTED_EDGE('',*,*,#10477,.T.);
#10477 = EDGE_CURVE('',#6083,#637,#10478,.T.);
#10478 = SURFACE_CURVE('',#10479,(#10483,#10490),.PCURVE_S1.);
#10479 = LINE('',#10480,#10481);
#10480 = CARTESIAN_POINT('',(17.4,-18.,66.770053167569));
#10481 = VECTOR('',#10482,1.);
#10482 = DIRECTION('',(0.,1.,0.));
#10483 = PCURVE('',#653,#10484);
#10484 = DEFINITIONAL_REPRESENTATION('',(#10485),#10489);
#10485 = LINE('',#10486,#10487);
#10486 = CARTESIAN_POINT('',(0.25492611593,0.1));
#10487 = VECTOR('',#10488,1.);
#10488 = DIRECTION('',(0.,1.));
#10489 = ( GEOMETRIC_REPRESENTATION_CONTEXT(2) 
PARAMETRIC_REPRESENTATION_CONTEXT() REPRESENTATION_CONTEXT('2D SPACE',''
  ) );
#10490 = PCURVE('',#735,#10491);
#10491 = DEFINITIONAL_REPRESENTATION('',(#10492),#10495);
#10492 = B_SPLINE_CURVE_WITH_KNOTS('',1,(#10493,#10494),.UNSPECIFIED.,
  .F.,.F.,(2,2),(-5.999999999062E-07,2.4000006),
  .PIECEWISE_BEZIER_KNOTS.);
#10493 = CARTESIAN_POINT('',(136.77005316756,5.999999999062E-07));
#10494 = CARTESIAN_POINT('',(136.77005316756,-2.4000006));
#10495 = ( GEOMETRIC_REPRESENTATION_CONTEXT(2) 
PARAMETRIC_REPRESENTATION_CONTEXT() REPRESENTATION_CONTEXT('2D SPACE',''
  ) );
#10496 = ADVANCED_FACE('',(#10497),#768,.F.);
#10497 = FACE_BOUND('',#10498,.F.);
#10498 = EDGE_LOOP('',(#10499,#10519,#10520,#10540));
#10499 = ORIENTED_EDGE('',*,*,#10500,.T.);
#10500 = EDGE_CURVE('',#6178,#752,#10501,.T.);
#10501 = SURFACE_CURVE('',#10502,(#10506,#10513),.PCURVE_S1.);
#10502 = LINE('',#10503,#10504);
#10503 = CARTESIAN_POINT('',(-12.6,-18.,67.839811320492));
#10504 = VECTOR('',#10505,1.);
#10505 = DIRECTION('',(0.,1.,0.));
#10506 = PCURVE('',#768,#10507);
#10507 = DEFINITIONAL_REPRESENTATION('',(#10508),#10512);
#10508 = LINE('',#10509,#10510);
#10509 = CARTESIAN_POINT('',(6.099546197015,0.1));
#10510 = VECTOR('',#10511,1.);
#10511 = DIRECTION('',(0.,1.));
#10512 = ( GEOMETRIC_REPRESENTATION_CONTEXT(2) 
PARAMETRIC_REPRESENTATION_CONTEXT() REPRESENTATION_CONTEXT('2D SPACE',''
  ) );
#10513 = PCURVE('',#850,#10514);
#10514 = DEFINITIONAL_REPRESENTATION('',(#10515),#10518);
#10515 = B_SPLINE_CURVE_WITH_KNOTS('',1,(#10516,#10517),.UNSPECIFIED.,
  .F.,.F.,(2,2),(-5.999999999062E-07,2.4000006),
  .PIECEWISE_BEZIER_KNOTS.);
#10516 = CARTESIAN_POINT('',(137.83981132049,5.999999999062E-07));
#10517 = CARTESIAN_POINT('',(137.83981132049,-2.4000006));
#10518 = ( GEOMETRIC_REPRESENTATION_CONTEXT(2) 
PARAMETRIC_REPRESENTATION_CONTEXT() REPRESENTATION_CONTEXT('2D SPACE',''
  ) );
#10519 = ORIENTED_EDGE('',*,*,#749,.F.);
#10520 = ORIENTED_EDGE('',*,*,#10521,.F.);
#10521 = EDGE_CURVE('',#6176,#750,#10522,.T.);
#10522 = SURFACE_CURVE('',#10523,(#10527,#10534),.PCURVE_S1.);
#10523 = LINE('',#10524,#10525);
#10524 = CARTESIAN_POINT('',(-17.4,-18.,66.770053167569));
#10525 = VECTOR('',#10526,1.);
#10526 = DIRECTION('',(0.,1.,0.));
#10527 = PCURVE('',#768,#10528);
#10528 = DEFINITIONAL_REPRESENTATION('',(#10529),#10533);
#10529 = LINE('',#10530,#10531);
#10530 = CARTESIAN_POINT('',(6.028259191249,0.1));
#10531 = VECTOR('',#10532,1.);
#10532 = DIRECTION('',(0.,1.));
#10533 = ( GEOMETRIC_REPRESENTATION_CONTEXT(2) 
PARAMETRIC_REPRESENTATION_CONTEXT() REPRESENTATION_CONTEXT('2D SPACE',''
  ) );
#10534 = PCURVE('',#796,#10535);
#10535 = DEFINITIONAL_REPRESENTATION('',(#10536),#10539);
#10536 = B_SPLINE_CURVE_WITH_KNOTS('',1,(#10537,#10538),.UNSPECIFIED.,
  .F.,.F.,(2,2),(-5.999999999062E-07,2.4000006),
  .PIECEWISE_BEZIER_KNOTS.);
#10537 = CARTESIAN_POINT('',(136.77005316756,5.999999999062E-07));
#10538 = CARTESIAN_POINT('',(136.77005316756,-2.4000006));
#10539 = ( GEOMETRIC_REPRESENTATION_CONTEXT(2) 
PARAMETRIC_REPRESENTATION_CONTEXT() REPRESENTATION_CONTEXT('2D SPACE',''
  ) );
#10540 = ORIENTED_EDGE('',*,*,#6175,.T.);
#10541 = ADVANCED_FACE('',(#10542),#883,.F.);
#10542 = FACE_BOUND('',#10543,.F.);
#10543 = EDGE_LOOP('',(#10544,#10545,#10565,#10566));
#10544 = ORIENTED_EDGE('',*,*,#864,.F.);
#10545 = ORIENTED_EDGE('',*,*,#10546,.F.);
#10546 = EDGE_CURVE('',#6271,#865,#10547,.T.);
#10547 = SURFACE_CURVE('',#10548,(#10552,#10559),.PCURVE_S1.);
#10548 = LINE('',#10549,#10550);
#10549 = CARTESIAN_POINT('',(18.6,-18.,66.445767359554));
#10550 = VECTOR('',#10551,1.);
#10551 = DIRECTION('',(0.,1.,0.));
#10552 = PCURVE('',#883,#10553);
#10553 = DEFINITIONAL_REPRESENTATION('',(#10554),#10558);
#10554 = LINE('',#10555,#10556);
#10555 = CARTESIAN_POINT('',(0.27294150689,0.1));
#10556 = VECTOR('',#10557,1.);
#10557 = DIRECTION('',(0.,1.));
#10558 = ( GEOMETRIC_REPRESENTATION_CONTEXT(2) 
PARAMETRIC_REPRESENTATION_CONTEXT() REPRESENTATION_CONTEXT('2D SPACE',''
  ) );
#10559 = PCURVE('',#911,#10560);
#10560 = DEFINITIONAL_REPRESENTATION('',(#10561),#10564);
#10561 = B_SPLINE_CURVE_WITH_KNOTS('',1,(#10562,#10563),.UNSPECIFIED.,
  .F.,.F.,(2,2),(-5.999999999062E-07,2.4000006),
  .PIECEWISE_BEZIER_KNOTS.);
#10562 = CARTESIAN_POINT('',(136.44576735955,5.999999999062E-07));
#10563 = CARTESIAN_POINT('',(136.44576735955,-2.4000006));
#10564 = ( GEOMETRIC_REPRESENTATION_CONTEXT(2) 
PARAMETRIC_REPRESENTATION_CONTEXT() REPRESENTATION_CONTEXT('2D SPACE',''
  ) );
#10565 = ORIENTED_EDGE('',*,*,#6270,.T.);
#10566 = ORIENTED_EDGE('',*,*,#10567,.T.);
#10567 = EDGE_CURVE('',#6273,#867,#10568,.T.);
#10568 = SURFACE_CURVE('',#10569,(#10573,#10580),.PCURVE_S1.);
#10569 = LINE('',#10570,#10571);
#10570 = CARTESIAN_POINT('',(23.4,-18.,64.911016014233));
#10571 = VECTOR('',#10572,1.);
#10572 = DIRECTION('',(0.,1.,0.));
#10573 = PCURVE('',#883,#10574);
#10574 = DEFINITIONAL_REPRESENTATION('',(#10575),#10579);
#10575 = LINE('',#10576,#10577);
#10576 = CARTESIAN_POINT('',(0.345992401006,0.1));
#10577 = VECTOR('',#10578,1.);
#10578 = DIRECTION('',(0.,1.));
#10579 = ( GEOMETRIC_REPRESENTATION_CONTEXT(2) 
PARAMETRIC_REPRESENTATION_CONTEXT() REPRESENTATION_CONTEXT('2D SPACE',''
  ) );
#10580 = PCURVE('',#965,#10581);
#10581 = DEFINITIONAL_REPRESENTATION('',(#10582),#10585);
#10582 = B_SPLINE_CURVE_WITH_KNOTS('',1,(#10583,#10584),.UNSPECIFIED.,
  .F.,.F.,(2,2),(-5.999999999062E-07,2.4000006),
  .PIECEWISE_BEZIER_KNOTS.);
#10583 = CARTESIAN_POINT('',(134.91101601423,5.999999999062E-07));
#10584 = CARTESIAN_POINT('',(134.91101601423,-2.4000006));
#10585 = ( GEOMETRIC_REPRESENTATION_CONTEXT(2) 
PARAMETRIC_REPRESENTATION_CONTEXT() REPRESENTATION_CONTEXT('2D SPACE',''
  ) );
#10586 = ADVANCED_FACE('',(#10587),#998,.F.);
#10587 = FACE_BOUND('',#10588,.F.);
#10588 = EDGE_LOOP('',(#10589,#10609,#10610,#10630));
#10589 = ORIENTED_EDGE('',*,*,#10590,.T.);
#10590 = EDGE_CURVE('',#6368,#982,#10591,.T.);
#10591 = SURFACE_CURVE('',#10592,(#10596,#10603),.PCURVE_S1.);
#10592 = LINE('',#10593,#10594);
#10593 = CARTESIAN_POINT('',(-18.6,-18.,66.445767359554));
#10594 = VECTOR('',#10595,1.);
#10595 = DIRECTION('',(0.,1.,0.));
#10596 = PCURVE('',#998,#10597);
#10597 = DEFINITIONAL_REPRESENTATION('',(#10598),#10602);
#10598 = LINE('',#10599,#10600);
#10599 = CARTESIAN_POINT('',(6.01024380029,0.1));
#10600 = VECTOR('',#10601,1.);
#10601 = DIRECTION('',(0.,1.));
#10602 = ( GEOMETRIC_REPRESENTATION_CONTEXT(2) 
PARAMETRIC_REPRESENTATION_CONTEXT() REPRESENTATION_CONTEXT('2D SPACE',''
  ) );
#10603 = PCURVE('',#1080,#10604);
#10604 = DEFINITIONAL_REPRESENTATION('',(#10605),#10608);
#10605 = B_SPLINE_CURVE_WITH_KNOTS('',1,(#10606,#10607),.UNSPECIFIED.,
  .F.,.F.,(2,2),(-5.999999999062E-07,2.4000006),
  .PIECEWISE_BEZIER_KNOTS.);
#10606 = CARTESIAN_POINT('',(136.44576735955,5.999999999062E-07));
#10607 = CARTESIAN_POINT('',(136.44576735955,-2.4000006));
#10608 = ( GEOMETRIC_REPRESENTATION_CONTEXT(2) 
PARAMETRIC_REPRESENTATION_CONTEXT() REPRESENTATION_CONTEXT('2D SPACE',''
  ) );
#10609 = ORIENTED_EDGE('',*,*,#979,.F.);
#10610 = ORIENTED_EDGE('',*,*,#10611,.F.);
#10611 = EDGE_CURVE('',#6366,#980,#10612,.T.);
#10612 = SURFACE_CURVE('',#10613,(#10617,#10624),.PCURVE_S1.);
#10613 = LINE('',#10614,#10615);
#10614 = CARTESIAN_POINT('',(-23.4,-18.,64.911016014233));
#10615 = VECTOR('',#10616,1.);
#10616 = DIRECTION('',(0.,1.,0.));
#10617 = PCURVE('',#998,#10618);
#10618 = DEFINITIONAL_REPRESENTATION('',(#10619),#10623);
#10619 = LINE('',#10620,#10621);
#10620 = CARTESIAN_POINT('',(5.937192906173,0.1));
#10621 = VECTOR('',#10622,1.);
#10622 = DIRECTION('',(0.,1.));
#10623 = ( GEOMETRIC_REPRESENTATION_CONTEXT(2) 
PARAMETRIC_REPRESENTATION_CONTEXT() REPRESENTATION_CONTEXT('2D SPACE',''
  ) );
#10624 = PCURVE('',#1026,#10625);
#10625 = DEFINITIONAL_REPRESENTATION('',(#10626),#10629);
#10626 = B_SPLINE_CURVE_WITH_KNOTS('',1,(#10627,#10628),.UNSPECIFIED.,
  .F.,.F.,(2,2),(-5.999999999062E-07,2.4000006),
  .PIECEWISE_BEZIER_KNOTS.);
#10627 = CARTESIAN_POINT('',(134.91101601423,5.999999999062E-07));
#10628 = CARTESIAN_POINT('',(134.91101601423,-2.4000006));
#10629 = ( GEOMETRIC_REPRESENTATION_CONTEXT(2) 
PARAMETRIC_REPRESENTATION_CONTEXT() REPRESENTATION_CONTEXT('2D SPACE',''
  ) );
#10630 = ORIENTED_EDGE('',*,*,#6365,.T.);
#10631 = ADVANCED_FACE('',(#10632),#1113,.F.);
#10632 = FACE_BOUND('',#10633,.F.);
#10633 = EDGE_LOOP('',(#10634,#10635,#10655,#10656));
#10634 = ORIENTED_EDGE('',*,*,#1094,.F.);
#10635 = ORIENTED_EDGE('',*,*,#10636,.F.);
#10636 = EDGE_CURVE('',#6461,#1095,#10637,.T.);
#10637 = SURFACE_CURVE('',#10638,(#10642,#10649),.PCURVE_S1.);
#10638 = LINE('',#10639,#10640);
#10639 = CARTESIAN_POINT('',(24.6,-18.,64.465804889104));
#10640 = VECTOR('',#10641,1.);
#10641 = DIRECTION('',(0.,1.,0.));
#10642 = PCURVE('',#1113,#10643);
#10643 = DEFINITIONAL_REPRESENTATION('',(#10644),#10648);
#10644 = LINE('',#10645,#10646);
#10645 = CARTESIAN_POINT('',(0.364542332616,0.1));
#10646 = VECTOR('',#10647,1.);
#10647 = DIRECTION('',(0.,1.));
#10648 = ( GEOMETRIC_REPRESENTATION_CONTEXT(2) 
PARAMETRIC_REPRESENTATION_CONTEXT() REPRESENTATION_CONTEXT('2D SPACE',''
  ) );
#10649 = PCURVE('',#1141,#10650);
#10650 = DEFINITIONAL_REPRESENTATION('',(#10651),#10654);
#10651 = B_SPLINE_CURVE_WITH_KNOTS('',1,(#10652,#10653),.UNSPECIFIED.,
  .F.,.F.,(2,2),(-5.999999999062E-07,2.4000006),
  .PIECEWISE_BEZIER_KNOTS.);
#10652 = CARTESIAN_POINT('',(134.4658048891,5.999999999062E-07));
#10653 = CARTESIAN_POINT('',(134.4658048891,-2.4000006));
#10654 = ( GEOMETRIC_REPRESENTATION_CONTEXT(2) 
PARAMETRIC_REPRESENTATION_CONTEXT() REPRESENTATION_CONTEXT('2D SPACE',''
  ) );
#10655 = ORIENTED_EDGE('',*,*,#6460,.T.);
#10656 = ORIENTED_EDGE('',*,*,#10657,.T.);
#10657 = EDGE_CURVE('',#6463,#1097,#10658,.T.);
#10658 = SURFACE_CURVE('',#10659,(#10663,#10670),.PCURVE_S1.);
#10659 = LINE('',#10660,#10661);
#10660 = CARTESIAN_POINT('',(29.4,-18.,62.423072657472));
#10661 = VECTOR('',#10662,1.);
#10662 = DIRECTION('',(0.,1.,0.));
#10663 = PCURVE('',#1113,#10664);
#10664 = DEFINITIONAL_REPRESENTATION('',(#10665),#10669);
#10665 = LINE('',#10666,#10667);
#10666 = CARTESIAN_POINT('',(0.440163024974,0.1));
#10667 = VECTOR('',#10668,1.);
#10668 = DIRECTION('',(0.,1.));
#10669 = ( GEOMETRIC_REPRESENTATION_CONTEXT(2) 
PARAMETRIC_REPRESENTATION_CONTEXT() REPRESENTATION_CONTEXT('2D SPACE',''
  ) );
#10670 = PCURVE('',#1195,#10671);
#10671 = DEFINITIONAL_REPRESENTATION('',(#10672),#10675);
#10672 = B_SPLINE_CURVE_WITH_KNOTS('',1,(#10673,#10674),.UNSPECIFIED.,
  .F.,.F.,(2,2),(-5.999999999062E-07,2.4000006),
  .PIECEWISE_BEZIER_KNOTS.);
#10673 = CARTESIAN_POINT('',(132.42307265747,5.999999999062E-07));
#10674 = CARTESIAN_POINT('',(132.42307265747,-2.4000006));
#10675 = ( GEOMETRIC_REPRESENTATION_CONTEXT(2) 
PARAMETRIC_REPRESENTATION_CONTEXT() REPRESENTATION_CONTEXT('2D SPACE',''
  ) );
#10676 = ADVANCED_FACE('',(#10677),#1228,.F.);
#10677 = FACE_BOUND('',#10678,.F.);
#10678 = EDGE_LOOP('',(#10679,#10699,#10700,#10720));
#10679 = ORIENTED_EDGE('',*,*,#10680,.T.);
#10680 = EDGE_CURVE('',#6558,#1212,#10681,.T.);
#10681 = SURFACE_CURVE('',#10682,(#10686,#10693),.PCURVE_S1.);
#10682 = LINE('',#10683,#10684);
#10683 = CARTESIAN_POINT('',(-24.6,-18.,64.465804889104));
#10684 = VECTOR('',#10685,1.);
#10685 = DIRECTION('',(0.,1.,0.));
#10686 = PCURVE('',#1228,#10687);
#10687 = DEFINITIONAL_REPRESENTATION('',(#10688),#10692);
#10688 = LINE('',#10689,#10690);
#10689 = CARTESIAN_POINT('',(5.918642974564,0.1));
#10690 = VECTOR('',#10691,1.);
#10691 = DIRECTION('',(0.,1.));
#10692 = ( GEOMETRIC_REPRESENTATION_CONTEXT(2) 
PARAMETRIC_REPRESENTATION_CONTEXT() REPRESENTATION_CONTEXT('2D SPACE',''
  ) );
#10693 = PCURVE('',#1310,#10694);
#10694 = DEFINITIONAL_REPRESENTATION('',(#10695),#10698);
#10695 = B_SPLINE_CURVE_WITH_KNOTS('',1,(#10696,#10697),.UNSPECIFIED.,
  .F.,.F.,(2,2),(-5.999999999062E-07,2.4000006),
  .PIECEWISE_BEZIER_KNOTS.);
#10696 = CARTESIAN_POINT('',(134.4658048891,5.999999999062E-07));
#10697 = CARTESIAN_POINT('',(134.4658048891,-2.4000006));
#10698 = ( GEOMETRIC_REPRESENTATION_CONTEXT(2) 
PARAMETRIC_REPRESENTATION_CONTEXT() REPRESENTATION_CONTEXT('2D SPACE',''
  ) );
#10699 = ORIENTED_EDGE('',*,*,#1209,.F.);
#10700 = ORIENTED_EDGE('',*,*,#10701,.F.);
#10701 = EDGE_CURVE('',#6556,#1210,#10702,.T.);
#10702 = SURFACE_CURVE('',#10703,(#10707,#10714),.PCURVE_S1.);
#10703 = LINE('',#10704,#10705);
#10704 = CARTESIAN_POINT('',(-29.4,-18.,62.423072657472));
#10705 = VECTOR('',#10706,1.);
#10706 = DIRECTION('',(0.,1.,0.));
#10707 = PCURVE('',#1228,#10708);
#10708 = DEFINITIONAL_REPRESENTATION('',(#10709),#10713);
#10709 = LINE('',#10710,#10711);
#10710 = CARTESIAN_POINT('',(5.843022282205,0.1));
#10711 = VECTOR('',#10712,1.);
#10712 = DIRECTION('',(0.,1.));
#10713 = ( GEOMETRIC_REPRESENTATION_CONTEXT(2) 
PARAMETRIC_REPRESENTATION_CONTEXT() REPRESENTATION_CONTEXT('2D SPACE',''
  ) );
#10714 = PCURVE('',#1256,#10715);
#10715 = DEFINITIONAL_REPRESENTATION('',(#10716),#10719);
#10716 = B_SPLINE_CURVE_WITH_KNOTS('',1,(#10717,#10718),.UNSPECIFIED.,
  .F.,.F.,(2,2),(-5.999999999062E-07,2.4000006),
  .PIECEWISE_BEZIER_KNOTS.);
#10717 = CARTESIAN_POINT('',(132.42307265747,5.999999999062E-07));
#10718 = CARTESIAN_POINT('',(132.42307265747,-2.4000006));
#10719 = ( GEOMETRIC_REPRESENTATION_CONTEXT(2) 
PARAMETRIC_REPRESENTATION_CONTEXT() REPRESENTATION_CONTEXT('2D SPACE',''
  ) );
#10720 = ORIENTED_EDGE('',*,*,#6555,.T.);
#10721 = ADVANCED_FACE('',(#10722),#1343,.F.);
#10722 = FACE_BOUND('',#10723,.F.);
#10723 = EDGE_LOOP('',(#10724,#10725,#10745,#10746));
#10724 = ORIENTED_EDGE('',*,*,#1324,.F.);
#10725 = ORIENTED_EDGE('',*,*,#10726,.F.);
#10726 = EDGE_CURVE('',#6651,#1325,#10727,.T.);
#10727 = SURFACE_CURVE('',#10728,(#10732,#10739),.PCURVE_S1.);
#10728 = LINE('',#10729,#10730);
#10729 = CARTESIAN_POINT('',(30.6,-18.,61.843673888281));
#10730 = VECTOR('',#10731,1.);
#10731 = DIRECTION('',(0.,1.,0.));
#10732 = PCURVE('',#1343,#10733);
#10733 = DEFINITIONAL_REPRESENTATION('',(#10734),#10738);
#10734 = LINE('',#10735,#10736);
#10735 = CARTESIAN_POINT('',(0.459475716987,0.1));
#10736 = VECTOR('',#10737,1.);
#10737 = DIRECTION('',(0.,1.));
#10738 = ( GEOMETRIC_REPRESENTATION_CONTEXT(2) 
PARAMETRIC_REPRESENTATION_CONTEXT() REPRESENTATION_CONTEXT('2D SPACE',''
  ) );
#10739 = PCURVE('',#1371,#10740);
#10740 = DEFINITIONAL_REPRESENTATION('',(#10741),#10744);
#10741 = B_SPLINE_CURVE_WITH_KNOTS('',1,(#10742,#10743),.UNSPECIFIED.,
  .F.,.F.,(2,2),(-5.999999999062E-07,2.4000006),
  .PIECEWISE_BEZIER_KNOTS.);
#10742 = CARTESIAN_POINT('',(131.84367388828,5.999999999062E-07));
#10743 = CARTESIAN_POINT('',(131.84367388828,-2.4000006));
#10744 = ( GEOMETRIC_REPRESENTATION_CONTEXT(2) 
PARAMETRIC_REPRESENTATION_CONTEXT() REPRESENTATION_CONTEXT('2D SPACE',''
  ) );
#10745 = ORIENTED_EDGE('',*,*,#6650,.T.);
#10746 = ORIENTED_EDGE('',*,*,#10747,.T.);
#10747 = EDGE_CURVE('',#6653,#1327,#10748,.T.);
#10748 = SURFACE_CURVE('',#10749,(#10753,#10760),.PCURVE_S1.);
#10749 = LINE('',#10750,#10751);
#10750 = CARTESIAN_POINT('',(35.4,-18.,59.227020860415));
#10751 = VECTOR('',#10752,1.);
#10752 = DIRECTION('',(0.,1.,0.));
#10753 = PCURVE('',#1343,#10754);
#10754 = DEFINITIONAL_REPRESENTATION('',(#10755),#10759);
#10755 = LINE('',#10756,#10757);
#10756 = CARTESIAN_POINT('',(0.538726727447,0.1));
#10757 = VECTOR('',#10758,1.);
#10758 = DIRECTION('',(0.,1.));
#10759 = ( GEOMETRIC_REPRESENTATION_CONTEXT(2) 
PARAMETRIC_REPRESENTATION_CONTEXT() REPRESENTATION_CONTEXT('2D SPACE',''
  ) );
#10760 = PCURVE('',#1425,#10761);
#10761 = DEFINITIONAL_REPRESENTATION('',(#10762),#10765);
#10762 = B_SPLINE_CURVE_WITH_KNOTS('',1,(#10763,#10764),.UNSPECIFIED.,
  .F.,.F.,(2,2),(-5.999999999062E-07,2.4000006),
  .PIECEWISE_BEZIER_KNOTS.);
#10763 = CARTESIAN_POINT('',(129.22702086041,5.999999999062E-07));
#10764 = CARTESIAN_POINT('',(129.22702086041,-2.4000006));
#10765 = ( GEOMETRIC_REPRESENTATION_CONTEXT(2) 
PARAMETRIC_REPRESENTATION_CONTEXT() REPRESENTATION_CONTEXT('2D SPACE',''
  ) );
#10766 = ADVANCED_FACE('',(#10767),#1458,.F.);
#10767 = FACE_BOUND('',#10768,.F.);
#10768 = EDGE_LOOP('',(#10769,#10789,#10790,#10810));
#10769 = ORIENTED_EDGE('',*,*,#10770,.T.);
#10770 = EDGE_CURVE('',#6748,#1442,#10771,.T.);
#10771 = SURFACE_CURVE('',#10772,(#10776,#10783),.PCURVE_S1.);
#10772 = LINE('',#10773,#10774);
#10773 = CARTESIAN_POINT('',(-30.6,-18.,61.843673888281));
#10774 = VECTOR('',#10775,1.);
#10775 = DIRECTION('',(0.,1.,0.));
#10776 = PCURVE('',#1458,#10777);
#10777 = DEFINITIONAL_REPRESENTATION('',(#10778),#10782);
#10778 = LINE('',#10779,#10780);
#10779 = CARTESIAN_POINT('',(5.823709590192,0.1));
#10780 = VECTOR('',#10781,1.);
#10781 = DIRECTION('',(0.,1.));
#10782 = ( GEOMETRIC_REPRESENTATION_CONTEXT(2) 
PARAMETRIC_REPRESENTATION_CONTEXT() REPRESENTATION_CONTEXT('2D SPACE',''
  ) );
#10783 = PCURVE('',#1540,#10784);
#10784 = DEFINITIONAL_REPRESENTATION('',(#10785),#10788);
#10785 = B_SPLINE_CURVE_WITH_KNOTS('',1,(#10786,#10787),.UNSPECIFIED.,
  .F.,.F.,(2,2),(-5.999999999062E-07,2.4000006),
  .PIECEWISE_BEZIER_KNOTS.);
#10786 = CARTESIAN_POINT('',(131.84367388828,5.999999999062E-07));
#10787 = CARTESIAN_POINT('',(131.84367388828,-2.4000006));
#10788 = ( GEOMETRIC_REPRESENTATION_CONTEXT(2) 
PARAMETRIC_REPRESENTATION_CONTEXT() REPRESENTATION_CONTEXT('2D SPACE',''
  ) );
#10789 = ORIENTED_EDGE('',*,*,#1439,.F.);
#10790 = ORIENTED_EDGE('',*,*,#10791,.F.);
#10791 = EDGE_CURVE('',#6746,#1440,#10792,.T.);
#10792 = SURFACE_CURVE('',#10793,(#10797,#10804),.PCURVE_S1.);
#10793 = LINE('',#10794,#10795);
#10794 = CARTESIAN_POINT('',(-35.4,-18.,59.227020860415));
#10795 = VECTOR('',#10796,1.);
#10796 = DIRECTION('',(0.,1.,0.));
#10797 = PCURVE('',#1458,#10798);
#10798 = DEFINITIONAL_REPRESENTATION('',(#10799),#10803);
#10799 = LINE('',#10800,#10801);
#10800 = CARTESIAN_POINT('',(5.744458579733,0.1));
#10801 = VECTOR('',#10802,1.);
#10802 = DIRECTION('',(0.,1.));
#10803 = ( GEOMETRIC_REPRESENTATION_CONTEXT(2) 
PARAMETRIC_REPRESENTATION_CONTEXT() REPRESENTATION_CONTEXT('2D SPACE',''
  ) );
#10804 = PCURVE('',#1486,#10805);
#10805 = DEFINITIONAL_REPRESENTATION('',(#10806),#10809);
#10806 = B_SPLINE_CURVE_WITH_KNOTS('',1,(#10807,#10808),.UNSPECIFIED.,
  .F.,.F.,(2,2),(-5.999999999062E-07,2.4000006),
  .PIECEWISE_BEZIER_KNOTS.);
#10807 = CARTESIAN_POINT('',(129.22702086041,5.999999999062E-07));
#10808 = CARTESIAN_POINT('',(129.22702086041,-2.4000006));
#10809 = ( GEOMETRIC_REPRESENTATION_CONTEXT(2) 
PARAMETRIC_REPRESENTATION_CONTEXT() REPRESENTATION_CONTEXT('2D SPACE',''
  ) );
#10810 = ORIENTED_EDGE('',*,*,#6745,.T.);
#10811 = ADVANCED_FACE('',(#10812),#1573,.F.);
#10812 = FACE_BOUND('',#10813,.F.);
#10813 = EDGE_LOOP('',(#10814,#10815,#10835,#10836));
#10814 = ORIENTED_EDGE('',*,*,#1554,.F.);
#10815 = ORIENTED_EDGE('',*,*,#10816,.F.);
#10816 = EDGE_CURVE('',#6841,#1555,#10817,.T.);
#10817 = SURFACE_CURVE('',#10818,(#10822,#10829),.PCURVE_S1.);
#10818 = LINE('',#10819,#10820);
#10819 = CARTESIAN_POINT('',(36.6,-18.,58.493076513379));
#10820 = VECTOR('',#10821,1.);
#10821 = DIRECTION('',(0.,1.,0.));
#10822 = PCURVE('',#1573,#10823);
#10823 = DEFINITIONAL_REPRESENTATION('',(#10824),#10828);
#10824 = LINE('',#10825,#10826);
#10825 = CARTESIAN_POINT('',(0.559113364308,0.1));
#10826 = VECTOR('',#10827,1.);
#10827 = DIRECTION('',(0.,1.));
#10828 = ( GEOMETRIC_REPRESENTATION_CONTEXT(2) 
PARAMETRIC_REPRESENTATION_CONTEXT() REPRESENTATION_CONTEXT('2D SPACE',''
  ) );
#10829 = PCURVE('',#1601,#10830);
#10830 = DEFINITIONAL_REPRESENTATION('',(#10831),#10834);
#10831 = B_SPLINE_CURVE_WITH_KNOTS('',1,(#10832,#10833),.UNSPECIFIED.,
  .F.,.F.,(2,2),(-5.999999999062E-07,2.4000006),
  .PIECEWISE_BEZIER_KNOTS.);
#10832 = CARTESIAN_POINT('',(128.49307651337,5.999999999062E-07));
#10833 = CARTESIAN_POINT('',(128.49307651337,-2.4000006));
#10834 = ( GEOMETRIC_REPRESENTATION_CONTEXT(2) 
PARAMETRIC_REPRESENTATION_CONTEXT() REPRESENTATION_CONTEXT('2D SPACE',''
  ) );
#10835 = ORIENTED_EDGE('',*,*,#6840,.T.);
#10836 = ORIENTED_EDGE('',*,*,#10837,.T.);
#10837 = EDGE_CURVE('',#6843,#1557,#10838,.T.);
#10838 = SURFACE_CURVE('',#10839,(#10843,#10850),.PCURVE_S1.);
#10839 = LINE('',#10840,#10841);
#10840 = CARTESIAN_POINT('',(41.4,-18.,55.2));
#10841 = VECTOR('',#10842,1.);
#10842 = DIRECTION('',(0.,1.,0.));
#10843 = PCURVE('',#1573,#10844);
#10844 = DEFINITIONAL_REPRESENTATION('',(#10845),#10849);
#10845 = LINE('',#10846,#10847);
#10846 = CARTESIAN_POINT('',(0.643501108793,0.1));
#10847 = VECTOR('',#10848,1.);
#10848 = DIRECTION('',(0.,1.));
#10849 = ( GEOMETRIC_REPRESENTATION_CONTEXT(2) 
PARAMETRIC_REPRESENTATION_CONTEXT() REPRESENTATION_CONTEXT('2D SPACE',''
  ) );
#10850 = PCURVE('',#1655,#10851);
#10851 = DEFINITIONAL_REPRESENTATION('',(#10852),#10855);
#10852 = B_SPLINE_CURVE_WITH_KNOTS('',1,(#10853,#10854),.UNSPECIFIED.,
  .F.,.F.,(2,2),(-5.999999999062E-07,2.4000006),
  .PIECEWISE_BEZIER_KNOTS.);
#10853 = CARTESIAN_POINT('',(125.2,5.999999999062E-07));
#10854 = CARTESIAN_POINT('',(125.2,-2.4000006));
#10855 = ( GEOMETRIC_REPRESENTATION_CONTEXT(2) 
PARAMETRIC_REPRESENTATION_CONTEXT() REPRESENTATION_CONTEXT('2D SPACE',''
  ) );
#10856 = ADVANCED_FACE('',(#10857),#1688,.F.);
#10857 = FACE_BOUND('',#10858,.F.);
#10858 = EDGE_LOOP('',(#10859,#10879,#10880,#10900));
#10859 = ORIENTED_EDGE('',*,*,#10860,.T.);
#10860 = EDGE_CURVE('',#6938,#1672,#10861,.T.);
#10861 = SURFACE_CURVE('',#10862,(#10866,#10873),.PCURVE_S1.);
#10862 = LINE('',#10863,#10864);
#10863 = CARTESIAN_POINT('',(-36.6,-18.,58.493076513379));
#10864 = VECTOR('',#10865,1.);
#10865 = DIRECTION('',(0.,1.,0.));
#10866 = PCURVE('',#1688,#10867);
#10867 = DEFINITIONAL_REPRESENTATION('',(#10868),#10872);
#10868 = LINE('',#10869,#10870);
#10869 = CARTESIAN_POINT('',(5.724071942872,0.1));
#10870 = VECTOR('',#10871,1.);
#10871 = DIRECTION('',(0.,1.));
#10872 = ( GEOMETRIC_REPRESENTATION_CONTEXT(2) 
PARAMETRIC_REPRESENTATION_CONTEXT() REPRESENTATION_CONTEXT('2D SPACE',''
  ) );
#10873 = PCURVE('',#1770,#10874);
#10874 = DEFINITIONAL_REPRESENTATION('',(#10875),#10878);
#10875 = B_SPLINE_CURVE_WITH_KNOTS('',1,(#10876,#10877),.UNSPECIFIED.,
  .F.,.F.,(2,2),(-5.999999999062E-07,2.4000006),
  .PIECEWISE_BEZIER_KNOTS.);
#10876 = CARTESIAN_POINT('',(128.49307651337,5.999999999062E-07));
#10877 = CARTESIAN_POINT('',(128.49307651337,-2.4000006));
#10878 = ( GEOMETRIC_REPRESENTATION_CONTEXT(2) 
PARAMETRIC_REPRESENTATION_CONTEXT() REPRESENTATION_CONTEXT('2D SPACE',''
  ) );
#10879 = ORIENTED_EDGE('',*,*,#1669,.F.);
#10880 = ORIENTED_EDGE('',*,*,#10881,.F.);
#10881 = EDGE_CURVE('',#6936,#1670,#10882,.T.);
#10882 = SURFACE_CURVE('',#10883,(#10887,#10894),.PCURVE_S1.);
#10883 = LINE('',#10884,#10885);
#10884 = CARTESIAN_POINT('',(-41.4,-18.,55.2));
#10885 = VECTOR('',#10886,1.);
#10886 = DIRECTION('',(0.,1.,0.));
#10887 = PCURVE('',#1688,#10888);
#10888 = DEFINITIONAL_REPRESENTATION('',(#10889),#10893);
#10889 = LINE('',#10890,#10891);
#10890 = CARTESIAN_POINT('',(5.639684198386,0.1));
#10891 = VECTOR('',#10892,1.);
#10892 = DIRECTION('',(0.,1.));
#10893 = ( GEOMETRIC_REPRESENTATION_CONTEXT(2) 
PARAMETRIC_REPRESENTATION_CONTEXT() REPRESENTATION_CONTEXT('2D SPACE',''
  ) );
#10894 = PCURVE('',#1716,#10895);
#10895 = DEFINITIONAL_REPRESENTATION('',(#10896),#10899);
#10896 = B_SPLINE_CURVE_WITH_KNOTS('',1,(#10897,#10898),.UNSPECIFIED.,
  .F.,.F.,(2,2),(-5.999999999062E-07,2.4000006),
  .PIECEWISE_BEZIER_KNOTS.);
#10897 = CARTESIAN_POINT('',(125.2,5.999999999062E-07));
#10898 = CARTESIAN_POINT('',(125.2,-2.4000006));
#10899 = ( GEOMETRIC_REPRESENTATION_CONTEXT(2) 
PARAMETRIC_REPRESENTATION_CONTEXT() REPRESENTATION_CONTEXT('2D SPACE',''
  ) );
#10900 = ORIENTED_EDGE('',*,*,#6935,.T.);
#10901 = ADVANCED_FACE('',(#10902),#1803,.F.);
#10902 = FACE_BOUND('',#10903,.F.);
#10903 = EDGE_LOOP('',(#10904,#10905,#10925,#10926));
#10904 = ORIENTED_EDGE('',*,*,#1784,.F.);
#10905 = ORIENTED_EDGE('',*,*,#10906,.F.);
#10906 = EDGE_CURVE('',#7031,#1785,#10907,.T.);
#10907 = SURFACE_CURVE('',#10908,(#10912,#10919),.PCURVE_S1.);
#10908 = LINE('',#10909,#10910);
#10909 = CARTESIAN_POINT('',(42.6,-18.,54.279277813913));
#10910 = VECTOR('',#10911,1.);
#10911 = DIRECTION('',(0.,1.,0.));
#10912 = PCURVE('',#1803,#10913);
#10913 = DEFINITIONAL_REPRESENTATION('',(#10914),#10918);
#10914 = LINE('',#10915,#10916);
#10915 = CARTESIAN_POINT('',(0.665422187745,0.1));
#10916 = VECTOR('',#10917,1.);
#10917 = DIRECTION('',(0.,1.));
#10918 = ( GEOMETRIC_REPRESENTATION_CONTEXT(2) 
PARAMETRIC_REPRESENTATION_CONTEXT() REPRESENTATION_CONTEXT('2D SPACE',''
  ) );
#10919 = PCURVE('',#1831,#10920);
#10920 = DEFINITIONAL_REPRESENTATION('',(#10921),#10924);
#10921 = B_SPLINE_CURVE_WITH_KNOTS('',1,(#10922,#10923),.UNSPECIFIED.,
  .F.,.F.,(2,2),(-5.999999999062E-07,2.4000006),
  .PIECEWISE_BEZIER_KNOTS.);
#10922 = CARTESIAN_POINT('',(124.27927781391,5.999999999062E-07));
#10923 = CARTESIAN_POINT('',(124.27927781391,-2.4000006));
#10924 = ( GEOMETRIC_REPRESENTATION_CONTEXT(2) 
PARAMETRIC_REPRESENTATION_CONTEXT() REPRESENTATION_CONTEXT('2D SPACE',''
  ) );
#10925 = ORIENTED_EDGE('',*,*,#7030,.T.);
#10926 = ORIENTED_EDGE('',*,*,#10927,.T.);
#10927 = EDGE_CURVE('',#7033,#1787,#10928,.T.);
#10928 = SURFACE_CURVE('',#10929,(#10933,#10940),.PCURVE_S1.);
#10929 = LINE('',#10930,#10931);
#10930 = CARTESIAN_POINT('',(47.4,-18.,50.142197797863));
#10931 = VECTOR('',#10932,1.);
#10932 = DIRECTION('',(0.,1.,0.));
#10933 = PCURVE('',#1803,#10934);
#10934 = DEFINITIONAL_REPRESENTATION('',(#10935),#10939);
#10935 = LINE('',#10936,#10937);
#10936 = CARTESIAN_POINT('',(0.757292627724,0.1));
#10937 = VECTOR('',#10938,1.);
#10938 = DIRECTION('',(0.,1.));
#10939 = ( GEOMETRIC_REPRESENTATION_CONTEXT(2) 
PARAMETRIC_REPRESENTATION_CONTEXT() REPRESENTATION_CONTEXT('2D SPACE',''
  ) );
#10940 = PCURVE('',#1885,#10941);
#10941 = DEFINITIONAL_REPRESENTATION('',(#10942),#10945);
#10942 = B_SPLINE_CURVE_WITH_KNOTS('',1,(#10943,#10944),.UNSPECIFIED.,
  .F.,.F.,(2,2),(-5.999999999062E-07,2.4000006),
  .PIECEWISE_BEZIER_KNOTS.);
#10943 = CARTESIAN_POINT('',(120.14219779786,5.999999999062E-07));
#10944 = CARTESIAN_POINT('',(120.14219779786,-2.4000006));
#10945 = ( GEOMETRIC_REPRESENTATION_CONTEXT(2) 
PARAMETRIC_REPRESENTATION_CONTEXT() REPRESENTATION_CONTEXT('2D SPACE',''
  ) );
#10946 = ADVANCED_FACE('',(#10947),#1918,.F.);
#10947 = FACE_BOUND('',#10948,.F.);
#10948 = EDGE_LOOP('',(#10949,#10969,#10970,#10990));
#10949 = ORIENTED_EDGE('',*,*,#10950,.T.);
#10950 = EDGE_CURVE('',#7128,#1902,#10951,.T.);
#10951 = SURFACE_CURVE('',#10952,(#10956,#10963),.PCURVE_S1.);
#10952 = LINE('',#10953,#10954);
#10953 = CARTESIAN_POINT('',(-42.6,-18.,54.279277813913));
#10954 = VECTOR('',#10955,1.);
#10955 = DIRECTION('',(0.,1.,0.));
#10956 = PCURVE('',#1918,#10957);
#10957 = DEFINITIONAL_REPRESENTATION('',(#10958),#10962);
#10958 = LINE('',#10959,#10960);
#10959 = CARTESIAN_POINT('',(5.617763119435,0.1));
#10960 = VECTOR('',#10961,1.);
#10961 = DIRECTION('',(0.,1.));
#10962 = ( GEOMETRIC_REPRESENTATION_CONTEXT(2) 
PARAMETRIC_REPRESENTATION_CONTEXT() REPRESENTATION_CONTEXT('2D SPACE',''
  ) );
#10963 = PCURVE('',#2000,#10964);
#10964 = DEFINITIONAL_REPRESENTATION('',(#10965),#10968);
#10965 = B_SPLINE_CURVE_WITH_KNOTS('',1,(#10966,#10967),.UNSPECIFIED.,
  .F.,.F.,(2,2),(-5.999999999062E-07,2.4000006),
  .PIECEWISE_BEZIER_KNOTS.);
#10966 = CARTESIAN_POINT('',(124.27927781391,5.999999999062E-07));
#10967 = CARTESIAN_POINT('',(124.27927781391,-2.4000006));
#10968 = ( GEOMETRIC_REPRESENTATION_CONTEXT(2) 
PARAMETRIC_REPRESENTATION_CONTEXT() REPRESENTATION_CONTEXT('2D SPACE',''
  ) );
#10969 = ORIENTED_EDGE('',*,*,#1899,.F.);
#10970 = ORIENTED_EDGE('',*,*,#10971,.F.);
#10971 = EDGE_CURVE('',#7126,#1900,#10972,.T.);
#10972 = SURFACE_CURVE('',#10973,(#10977,#10984),.PCURVE_S1.);
#10973 = LINE('',#10974,#10975);
#10974 = CARTESIAN_POINT('',(-47.4,-18.,50.142197797863));
#10975 = VECTOR('',#10976,1.);
#10976 = DIRECTION('',(0.,1.,0.));
#10977 = PCURVE('',#1918,#10978);
#10978 = DEFINITIONAL_REPRESENTATION('',(#10979),#10983);
#10979 = LINE('',#10980,#10981);
#10980 = CARTESIAN_POINT('',(5.525892679455,0.1));
#10981 = VECTOR('',#10982,1.);
#10982 = DIRECTION('',(0.,1.));
#10983 = ( GEOMETRIC_REPRESENTATION_CONTEXT(2) 
PARAMETRIC_REPRESENTATION_CONTEXT() REPRESENTATION_CONTEXT('2D SPACE',''
  ) );
#10984 = PCURVE('',#1946,#10985);
#10985 = DEFINITIONAL_REPRESENTATION('',(#10986),#10989);
#10986 = B_SPLINE_CURVE_WITH_KNOTS('',1,(#10987,#10988),.UNSPECIFIED.,
  .F.,.F.,(2,2),(-5.999999999062E-07,2.4000006),
  .PIECEWISE_BEZIER_KNOTS.);
#10987 = CARTESIAN_POINT('',(120.14219779786,5.999999999062E-07));
#10988 = CARTESIAN_POINT('',(120.14219779786,-2.4000006));
#10989 = ( GEOMETRIC_REPRESENTATION_CONTEXT(2) 
PARAMETRIC_REPRESENTATION_CONTEXT() REPRESENTATION_CONTEXT('2D SPACE',''
  ) );
#10990 = ORIENTED_EDGE('',*,*,#7125,.T.);
#10991 = ADVANCED_FACE('',(#10992),#2033,.F.);
#10992 = FACE_BOUND('',#10993,.F.);
#10993 = EDGE_LOOP('',(#10994,#10995,#11015,#11016));
#10994 = ORIENTED_EDGE('',*,*,#2014,.F.);
#10995 = ORIENTED_EDGE('',*,*,#10996,.F.);
#10996 = EDGE_CURVE('',#7221,#2015,#10997,.T.);
#10997 = SURFACE_CURVE('',#10998,(#11002,#11009),.PCURVE_S1.);
#10998 = LINE('',#10999,#11000);
#10999 = CARTESIAN_POINT('',(48.6,-18.,48.979995916701));
#11000 = VECTOR('',#11001,1.);
#11001 = DIRECTION('',(0.,1.,0.));
#11002 = PCURVE('',#2033,#11003);
#11003 = DEFINITIONAL_REPRESENTATION('',(#11004),#11008);
#11004 = LINE('',#11005,#11006);
#11005 = CARTESIAN_POINT('',(0.781503984142,0.1));
#11006 = VECTOR('',#11007,1.);
#11007 = DIRECTION('',(0.,1.));
#11008 = ( GEOMETRIC_REPRESENTATION_CONTEXT(2) 
PARAMETRIC_REPRESENTATION_CONTEXT() REPRESENTATION_CONTEXT('2D SPACE',''
  ) );
#11009 = PCURVE('',#2061,#11010);
#11010 = DEFINITIONAL_REPRESENTATION('',(#11011),#11014);
#11011 = B_SPLINE_CURVE_WITH_KNOTS('',1,(#11012,#11013),.UNSPECIFIED.,
  .F.,.F.,(2,2),(-5.999999999062E-07,2.4000006),
  .PIECEWISE_BEZIER_KNOTS.);
#11012 = CARTESIAN_POINT('',(118.9799959167,5.999999999062E-07));
#11013 = CARTESIAN_POINT('',(118.9799959167,-2.4000006));
#11014 = ( GEOMETRIC_REPRESENTATION_CONTEXT(2) 
PARAMETRIC_REPRESENTATION_CONTEXT() REPRESENTATION_CONTEXT('2D SPACE',''
  ) );
#11015 = ORIENTED_EDGE('',*,*,#7220,.T.);
#11016 = ORIENTED_EDGE('',*,*,#11017,.T.);
#11017 = EDGE_CURVE('',#7223,#2017,#11018,.T.);
#11018 = SURFACE_CURVE('',#11019,(#11023,#11030),.PCURVE_S1.);
#11019 = LINE('',#11020,#11021);
#11020 = CARTESIAN_POINT('',(53.4,-18.,43.69713949448));
#11021 = VECTOR('',#11022,1.);
#11022 = DIRECTION('',(0.,1.,0.));
#11023 = PCURVE('',#2033,#11024);
#11024 = DEFINITIONAL_REPRESENTATION('',(#11025),#11029);
#11025 = LINE('',#11026,#11027);
#11026 = CARTESIAN_POINT('',(0.884996930869,0.1));
#11027 = VECTOR('',#11028,1.);
#11028 = DIRECTION('',(0.,1.));
#11029 = ( GEOMETRIC_REPRESENTATION_CONTEXT(2) 
PARAMETRIC_REPRESENTATION_CONTEXT() REPRESENTATION_CONTEXT('2D SPACE',''
  ) );
#11030 = PCURVE('',#2115,#11031);
#11031 = DEFINITIONAL_REPRESENTATION('',(#11032),#11035);
#11032 = B_SPLINE_CURVE_WITH_KNOTS('',1,(#11033,#11034),.UNSPECIFIED.,
  .F.,.F.,(2,2),(-5.999999999062E-07,2.4000006),
  .PIECEWISE_BEZIER_KNOTS.);
#11033 = CARTESIAN_POINT('',(113.69713949448,5.999999999062E-07));
#11034 = CARTESIAN_POINT('',(113.69713949448,-2.4000006));
#11035 = ( GEOMETRIC_REPRESENTATION_CONTEXT(2) 
PARAMETRIC_REPRESENTATION_CONTEXT() REPRESENTATION_CONTEXT('2D SPACE',''
  ) );
#11036 = ADVANCED_FACE('',(#11037),#2148,.F.);
#11037 = FACE_BOUND('',#11038,.F.);
#11038 = EDGE_LOOP('',(#11039,#11059,#11060,#11080));
#11039 = ORIENTED_EDGE('',*,*,#11040,.T.);
#11040 = EDGE_CURVE('',#7318,#2132,#11041,.T.);
#11041 = SURFACE_CURVE('',#11042,(#11046,#11053),.PCURVE_S1.);
#11042 = LINE('',#11043,#11044);
#11043 = CARTESIAN_POINT('',(-48.6,-18.,48.979995916701));
#11044 = VECTOR('',#11045,1.);
#11045 = DIRECTION('',(0.,1.,0.));
#11046 = PCURVE('',#2148,#11047);
#11047 = DEFINITIONAL_REPRESENTATION('',(#11048),#11052);
#11048 = LINE('',#11049,#11050);
#11049 = CARTESIAN_POINT('',(5.501681323038,0.1));
#11050 = VECTOR('',#11051,1.);
#11051 = DIRECTION('',(0.,1.));
#11052 = ( GEOMETRIC_REPRESENTATION_CONTEXT(2) 
PARAMETRIC_REPRESENTATION_CONTEXT() REPRESENTATION_CONTEXT('2D SPACE',''
  ) );
#11053 = PCURVE('',#2230,#11054);
#11054 = DEFINITIONAL_REPRESENTATION('',(#11055),#11058);
#11055 = B_SPLINE_CURVE_WITH_KNOTS('',1,(#11056,#11057),.UNSPECIFIED.,
  .F.,.F.,(2,2),(-5.999999999062E-07,2.4000006),
  .PIECEWISE_BEZIER_KNOTS.);
#11056 = CARTESIAN_POINT('',(118.9799959167,5.999999999062E-07));
#11057 = CARTESIAN_POINT('',(118.9799959167,-2.4000006));
#11058 = ( GEOMETRIC_REPRESENTATION_CONTEXT(2) 
PARAMETRIC_REPRESENTATION_CONTEXT() REPRESENTATION_CONTEXT('2D SPACE',''
  ) );
#11059 = ORIENTED_EDGE('',*,*,#2129,.F.);
#11060 = ORIENTED_EDGE('',*,*,#11061,.F.);
#11061 = EDGE_CURVE('',#7316,#2130,#11062,.T.);
#11062 = SURFACE_CURVE('',#11063,(#11067,#11074),.PCURVE_S1.);
#11063 = LINE('',#11064,#11065);
#11064 = CARTESIAN_POINT('',(-53.4,-18.,43.69713949448));
#11065 = VECTOR('',#11066,1.);
#11066 = DIRECTION('',(0.,1.,0.));
#11067 = PCURVE('',#2148,#11068);
#11068 = DEFINITIONAL_REPRESENTATION('',(#11069),#11073);
#11069 = LINE('',#11070,#11071);
#11070 = CARTESIAN_POINT('',(5.39818837631,0.1));
#11071 = VECTOR('',#11072,1.);
#11072 = DIRECTION('',(0.,1.));
#11073 = ( GEOMETRIC_REPRESENTATION_CONTEXT(2) 
PARAMETRIC_REPRESENTATION_CONTEXT() REPRESENTATION_CONTEXT('2D SPACE',''
  ) );
#11074 = PCURVE('',#2176,#11075);
#11075 = DEFINITIONAL_REPRESENTATION('',(#11076),#11079);
#11076 = B_SPLINE_CURVE_WITH_KNOTS('',1,(#11077,#11078),.UNSPECIFIED.,
  .F.,.F.,(2,2),(-5.999999999062E-07,2.4000006),
  .PIECEWISE_BEZIER_KNOTS.);
#11077 = CARTESIAN_POINT('',(113.69713949448,5.999999999062E-07));
#11078 = CARTESIAN_POINT('',(113.69713949448,-2.4000006));
#11079 = ( GEOMETRIC_REPRESENTATION_CONTEXT(2) 
PARAMETRIC_REPRESENTATION_CONTEXT() REPRESENTATION_CONTEXT('2D SPACE',''
  ) );
#11080 = ORIENTED_EDGE('',*,*,#7315,.T.);
#11081 = ADVANCED_FACE('',(#11082),#2263,.F.);
#11082 = FACE_BOUND('',#11083,.F.);
#11083 = EDGE_LOOP('',(#11084,#11085,#11105,#11106));
#11084 = ORIENTED_EDGE('',*,*,#2244,.F.);
#11085 = ORIENTED_EDGE('',*,*,#11086,.F.);
#11086 = EDGE_CURVE('',#7411,#2245,#11087,.T.);
#11087 = SURFACE_CURVE('',#11088,(#11092,#11099),.PCURVE_S1.);
#11088 = LINE('',#11089,#11090);
#11089 = CARTESIAN_POINT('',(54.6,-18.,42.188149994993));
#11090 = VECTOR('',#11091,1.);
#11091 = DIRECTION('',(0.,1.,0.));
#11092 = PCURVE('',#2263,#11093);
#11093 = DEFINITIONAL_REPRESENTATION('',(#11094),#11098);
#11094 = LINE('',#11095,#11096);
#11095 = CARTESIAN_POINT('',(0.912939362645,0.1));
#11096 = VECTOR('',#11097,1.);
#11097 = DIRECTION('',(0.,1.));
#11098 = ( GEOMETRIC_REPRESENTATION_CONTEXT(2) 
PARAMETRIC_REPRESENTATION_CONTEXT() REPRESENTATION_CONTEXT('2D SPACE',''
  ) );
#11099 = PCURVE('',#2291,#11100);
#11100 = DEFINITIONAL_REPRESENTATION('',(#11101),#11104);
#11101 = B_SPLINE_CURVE_WITH_KNOTS('',1,(#11102,#11103),.UNSPECIFIED.,
  .F.,.F.,(2,2),(-5.999999999062E-07,2.4000006),
  .PIECEWISE_BEZIER_KNOTS.);
#11102 = CARTESIAN_POINT('',(112.18814999499,5.999999999062E-07));
#11103 = CARTESIAN_POINT('',(112.18814999499,-2.4000006));
#11104 = ( GEOMETRIC_REPRESENTATION_CONTEXT(2) 
PARAMETRIC_REPRESENTATION_CONTEXT() REPRESENTATION_CONTEXT('2D SPACE',''
  ) );
#11105 = ORIENTED_EDGE('',*,*,#7410,.T.);
#11106 = ORIENTED_EDGE('',*,*,#11107,.T.);
#11107 = EDGE_CURVE('',#7413,#2247,#11108,.T.);
#11108 = SURFACE_CURVE('',#11109,(#11113,#11120),.PCURVE_S1.);
#11109 = LINE('',#11110,#11111);
#11110 = CARTESIAN_POINT('',(59.4,-18.,35.108973211987));
#11111 = VECTOR('',#11112,1.);
#11112 = DIRECTION('',(0.,1.,0.));
#11113 = PCURVE('',#2263,#11114);
#11114 = DEFINITIONAL_REPRESENTATION('',(#11115),#11119);
#11115 = LINE('',#11116,#11117);
#11116 = CARTESIAN_POINT('',(1.03697617463,0.1));
#11117 = VECTOR('',#11118,1.);
#11118 = DIRECTION('',(0.,1.));
#11119 = ( GEOMETRIC_REPRESENTATION_CONTEXT(2) 
PARAMETRIC_REPRESENTATION_CONTEXT() REPRESENTATION_CONTEXT('2D SPACE',''
  ) );
#11120 = PCURVE('',#2345,#11121);
#11121 = DEFINITIONAL_REPRESENTATION('',(#11122),#11125);
#11122 = B_SPLINE_CURVE_WITH_KNOTS('',1,(#11123,#11124),.UNSPECIFIED.,
  .F.,.F.,(2,2),(-5.999999999062E-07,2.4000006),
  .PIECEWISE_BEZIER_KNOTS.);
#11123 = CARTESIAN_POINT('',(105.10897321198,5.999999999062E-07));
#11124 = CARTESIAN_POINT('',(105.10897321198,-2.4000006));
#11125 = ( GEOMETRIC_REPRESENTATION_CONTEXT(2) 
PARAMETRIC_REPRESENTATION_CONTEXT() REPRESENTATION_CONTEXT('2D SPACE',''
  ) );
#11126 = ADVANCED_FACE('',(#11127),#2378,.F.);
#11127 = FACE_BOUND('',#11128,.F.);
#11128 = EDGE_LOOP('',(#11129,#11149,#11150,#11170));
#11129 = ORIENTED_EDGE('',*,*,#11130,.T.);
#11130 = EDGE_CURVE('',#7508,#2362,#11131,.T.);
#11131 = SURFACE_CURVE('',#11132,(#11136,#11143),.PCURVE_S1.);
#11132 = LINE('',#11133,#11134);
#11133 = CARTESIAN_POINT('',(-54.6,-18.,42.188149994993));
#11134 = VECTOR('',#11135,1.);
#11135 = DIRECTION('',(0.,1.,0.));
#11136 = PCURVE('',#2378,#11137);
#11137 = DEFINITIONAL_REPRESENTATION('',(#11138),#11142);
#11138 = LINE('',#11139,#11140);
#11139 = CARTESIAN_POINT('',(5.370245944535,0.1));
#11140 = VECTOR('',#11141,1.);
#11141 = DIRECTION('',(0.,1.));
#11142 = ( GEOMETRIC_REPRESENTATION_CONTEXT(2) 
PARAMETRIC_REPRESENTATION_CONTEXT() REPRESENTATION_CONTEXT('2D SPACE',''
  ) );
#11143 = PCURVE('',#2460,#11144);
#11144 = DEFINITIONAL_REPRESENTATION('',(#11145),#11148);
#11145 = B_SPLINE_CURVE_WITH_KNOTS('',1,(#11146,#11147),.UNSPECIFIED.,
  .F.,.F.,(2,2),(-5.999999999062E-07,2.4000006),
  .PIECEWISE_BEZIER_KNOTS.);
#11146 = CARTESIAN_POINT('',(112.18814999499,5.999999999062E-07));
#11147 = CARTESIAN_POINT('',(112.18814999499,-2.4000006));
#11148 = ( GEOMETRIC_REPRESENTATION_CONTEXT(2) 
PARAMETRIC_REPRESENTATION_CONTEXT() REPRESENTATION_CONTEXT('2D SPACE',''
  ) );
#11149 = ORIENTED_EDGE('',*,*,#2359,.F.);
#11150 = ORIENTED_EDGE('',*,*,#11151,.F.);
#11151 = EDGE_CURVE('',#7506,#2360,#11152,.T.);
#11152 = SURFACE_CURVE('',#11153,(#11157,#11164),.PCURVE_S1.);
#11153 = LINE('',#11154,#11155);
#11154 = CARTESIAN_POINT('',(-59.4,-18.,35.108973211987));
#11155 = VECTOR('',#11156,1.);
#11156 = DIRECTION('',(0.,1.,0.));
#11157 = PCURVE('',#2378,#11158);
#11158 = DEFINITIONAL_REPRESENTATION('',(#11159),#11163);
#11159 = LINE('',#11160,#11161);
#11160 = CARTESIAN_POINT('',(5.246209132549,0.1));
#11161 = VECTOR('',#11162,1.);
#11162 = DIRECTION('',(0.,1.));
#11163 = ( GEOMETRIC_REPRESENTATION_CONTEXT(2) 
PARAMETRIC_REPRESENTATION_CONTEXT() REPRESENTATION_CONTEXT('2D SPACE',''
  ) );
#11164 = PCURVE('',#2406,#11165);
#11165 = DEFINITIONAL_REPRESENTATION('',(#11166),#11169);
#11166 = B_SPLINE_CURVE_WITH_KNOTS('',1,(#11167,#11168),.UNSPECIFIED.,
  .F.,.F.,(2,2),(-5.999999999062E-07,2.4000006),
  .PIECEWISE_BEZIER_KNOTS.);
#11167 = CARTESIAN_POINT('',(105.10897321198,5.999999999062E-07));
#11168 = CARTESIAN_POINT('',(105.10897321198,-2.4000006));
#11169 = ( GEOMETRIC_REPRESENTATION_CONTEXT(2) 
PARAMETRIC_REPRESENTATION_CONTEXT() REPRESENTATION_CONTEXT('2D SPACE',''
  ) );
#11170 = ORIENTED_EDGE('',*,*,#7505,.T.);
#11171 = ADVANCED_FACE('',(#11172),#2493,.F.);
#11172 = FACE_BOUND('',#11173,.F.);
#11173 = EDGE_LOOP('',(#11174,#11175,#11195,#11196));
#11174 = ORIENTED_EDGE('',*,*,#2474,.F.);
#11175 = ORIENTED_EDGE('',*,*,#11176,.F.);
#11176 = EDGE_CURVE('',#7601,#2475,#11177,.T.);
#11177 = SURFACE_CURVE('',#11178,(#11182,#11189),.PCURVE_S1.);
#11178 = LINE('',#11179,#11180);
#11179 = CARTESIAN_POINT('',(60.6,-18.,32.994545003682));
#11180 = VECTOR('',#11181,1.);
#11181 = DIRECTION('',(0.,1.,0.));
#11182 = PCURVE('',#2493,#11183);
#11183 = DEFINITIONAL_REPRESENTATION('',(#11184),#11188);
#11184 = LINE('',#11185,#11186);
#11185 = CARTESIAN_POINT('',(1.07221299838,0.1));
#11186 = VECTOR('',#11187,1.);
#11187 = DIRECTION('',(0.,1.));
#11188 = ( GEOMETRIC_REPRESENTATION_CONTEXT(2) 
PARAMETRIC_REPRESENTATION_CONTEXT() REPRESENTATION_CONTEXT('2D SPACE',''
  ) );
#11189 = PCURVE('',#2521,#11190);
#11190 = DEFINITIONAL_REPRESENTATION('',(#11191),#11194);
#11191 = B_SPLINE_CURVE_WITH_KNOTS('',1,(#11192,#11193),.UNSPECIFIED.,
  .F.,.F.,(2,2),(-5.999999999062E-07,2.4000006),
  .PIECEWISE_BEZIER_KNOTS.);
#11192 = CARTESIAN_POINT('',(102.99454500368,5.999999999062E-07));
#11193 = CARTESIAN_POINT('',(102.99454500368,-2.4000006));
#11194 = ( GEOMETRIC_REPRESENTATION_CONTEXT(2) 
PARAMETRIC_REPRESENTATION_CONTEXT() REPRESENTATION_CONTEXT('2D SPACE',''
  ) );
#11195 = ORIENTED_EDGE('',*,*,#7600,.T.);
#11196 = ORIENTED_EDGE('',*,*,#11197,.T.);
#11197 = EDGE_CURVE('',#7603,#2477,#11198,.T.);
#11198 = SURFACE_CURVE('',#11199,(#11203,#11210),.PCURVE_S1.);
#11199 = LINE('',#11200,#11201);
#11200 = CARTESIAN_POINT('',(65.4,-18.,21.996363335788));
#11201 = VECTOR('',#11202,1.);
#11202 = DIRECTION('',(0.,1.,0.));
#11203 = PCURVE('',#2493,#11204);
#11204 = DEFINITIONAL_REPRESENTATION('',(#11205),#11209);
#11205 = LINE('',#11206,#11207);
#11206 = CARTESIAN_POINT('',(1.246345963075,0.1));
#11207 = VECTOR('',#11208,1.);
#11208 = DIRECTION('',(0.,1.));
#11209 = ( GEOMETRIC_REPRESENTATION_CONTEXT(2) 
PARAMETRIC_REPRESENTATION_CONTEXT() REPRESENTATION_CONTEXT('2D SPACE',''
  ) );
#11210 = PCURVE('',#2575,#11211);
#11211 = DEFINITIONAL_REPRESENTATION('',(#11212),#11215);
#11212 = B_SPLINE_CURVE_WITH_KNOTS('',1,(#11213,#11214),.UNSPECIFIED.,
  .F.,.F.,(2,2),(-5.999999999062E-07,2.4000006),
  .PIECEWISE_BEZIER_KNOTS.);
#11213 = CARTESIAN_POINT('',(91.996363335788,5.999999999062E-07));
#11214 = CARTESIAN_POINT('',(91.996363335788,-2.4000006));
#11215 = ( GEOMETRIC_REPRESENTATION_CONTEXT(2) 
PARAMETRIC_REPRESENTATION_CONTEXT() REPRESENTATION_CONTEXT('2D SPACE',''
  ) );
#11216 = ADVANCED_FACE('',(#11217),#2608,.F.);
#11217 = FACE_BOUND('',#11218,.F.);
#11218 = EDGE_LOOP('',(#11219,#11239,#11240,#11260));
#11219 = ORIENTED_EDGE('',*,*,#11220,.T.);
#11220 = EDGE_CURVE('',#7698,#2592,#11221,.T.);
#11221 = SURFACE_CURVE('',#11222,(#11226,#11233),.PCURVE_S1.);
#11222 = LINE('',#11223,#11224);
#11223 = CARTESIAN_POINT('',(-60.6,-18.,32.994545003682));
#11224 = VECTOR('',#11225,1.);
#11225 = DIRECTION('',(0.,1.,0.));
#11226 = PCURVE('',#2608,#11227);
#11227 = DEFINITIONAL_REPRESENTATION('',(#11228),#11232);
#11228 = LINE('',#11229,#11230);
#11229 = CARTESIAN_POINT('',(5.2109723088,0.1));
#11230 = VECTOR('',#11231,1.);
#11231 = DIRECTION('',(0.,1.));
#11232 = ( GEOMETRIC_REPRESENTATION_CONTEXT(2) 
PARAMETRIC_REPRESENTATION_CONTEXT() REPRESENTATION_CONTEXT('2D SPACE',''
  ) );
#11233 = PCURVE('',#2690,#11234);
#11234 = DEFINITIONAL_REPRESENTATION('',(#11235),#11238);
#11235 = B_SPLINE_CURVE_WITH_KNOTS('',1,(#11236,#11237),.UNSPECIFIED.,
  .F.,.F.,(2,2),(-5.999999999062E-07,2.4000006),
  .PIECEWISE_BEZIER_KNOTS.);
#11236 = CARTESIAN_POINT('',(102.99454500368,5.999999999062E-07));
#11237 = CARTESIAN_POINT('',(102.99454500368,-2.4000006));
#11238 = ( GEOMETRIC_REPRESENTATION_CONTEXT(2) 
PARAMETRIC_REPRESENTATION_CONTEXT() REPRESENTATION_CONTEXT('2D SPACE',''
  ) );
#11239 = ORIENTED_EDGE('',*,*,#2589,.F.);
#11240 = ORIENTED_EDGE('',*,*,#11241,.F.);
#11241 = EDGE_CURVE('',#7696,#2590,#11242,.T.);
#11242 = SURFACE_CURVE('',#11243,(#11247,#11254),.PCURVE_S1.);
#11243 = LINE('',#11244,#11245);
#11244 = CARTESIAN_POINT('',(-65.4,-18.,21.996363335788));
#11245 = VECTOR('',#11246,1.);
#11246 = DIRECTION('',(0.,1.,0.));
#11247 = PCURVE('',#2608,#11248);
#11248 = DEFINITIONAL_REPRESENTATION('',(#11249),#11253);
#11249 = LINE('',#11250,#11251);
#11250 = CARTESIAN_POINT('',(5.036839344105,0.1));
#11251 = VECTOR('',#11252,1.);
#11252 = DIRECTION('',(0.,1.));
#11253 = ( GEOMETRIC_REPRESENTATION_CONTEXT(2) 
PARAMETRIC_REPRESENTATION_CONTEXT() REPRESENTATION_CONTEXT('2D SPACE',''
  ) );
#11254 = PCURVE('',#2636,#11255);
#11255 = DEFINITIONAL_REPRESENTATION('',(#11256),#11259);
#11256 = B_SPLINE_CURVE_WITH_KNOTS('',1,(#11257,#11258),.UNSPECIFIED.,
  .F.,.F.,(2,2),(-5.999999999062E-07,2.4000006),
  .PIECEWISE_BEZIER_KNOTS.);
#11257 = CARTESIAN_POINT('',(91.996363335788,5.999999999062E-07));
#11258 = CARTESIAN_POINT('',(91.996363335788,-2.4000006));
#11259 = ( GEOMETRIC_REPRESENTATION_CONTEXT(2) 
PARAMETRIC_REPRESENTATION_CONTEXT() REPRESENTATION_CONTEXT('2D SPACE',''
  ) );
#11260 = ORIENTED_EDGE('',*,*,#7695,.T.);
#11261 = ADVANCED_FACE('',(#11262),#2723,.F.);
#11262 = FACE_BOUND('',#11263,.F.);
#11263 = EDGE_LOOP('',(#11264,#11265,#11285,#11286));
#11264 = ORIENTED_EDGE('',*,*,#2704,.F.);
#11265 = ORIENTED_EDGE('',*,*,#11266,.F.);
#11266 = EDGE_CURVE('',#7791,#2705,#11267,.T.);
#11267 = SURFACE_CURVE('',#11268,(#11272,#11279),.PCURVE_S1.);
#11268 = LINE('',#11269,#11270);
#11269 = CARTESIAN_POINT('',(66.6,-18.,18.039955654048));
#11270 = VECTOR('',#11271,1.);
#11271 = DIRECTION('',(0.,1.,0.));
#11272 = PCURVE('',#2723,#11273);
#11273 = DEFINITIONAL_REPRESENTATION('',(#11274),#11278);
#11274 = LINE('',#11275,#11276);
#11275 = CARTESIAN_POINT('',(1.306273592622,0.1));
#11276 = VECTOR('',#11277,1.);
#11277 = DIRECTION('',(0.,1.));
#11278 = ( GEOMETRIC_REPRESENTATION_CONTEXT(2) 
PARAMETRIC_REPRESENTATION_CONTEXT() REPRESENTATION_CONTEXT('2D SPACE',''
  ) );
#11279 = PCURVE('',#2751,#11280);
#11280 = DEFINITIONAL_REPRESENTATION('',(#11281),#11284);
#11281 = B_SPLINE_CURVE_WITH_KNOTS('',1,(#11282,#11283),.UNSPECIFIED.,
  .F.,.F.,(2,2),(-5.999999999062E-07,2.4000006),
  .PIECEWISE_BEZIER_KNOTS.);
#11282 = CARTESIAN_POINT('',(88.039955654048,5.999999999062E-07));
#11283 = CARTESIAN_POINT('',(88.039955654048,-2.4000006));
#11284 = ( GEOMETRIC_REPRESENTATION_CONTEXT(2) 
PARAMETRIC_REPRESENTATION_CONTEXT() REPRESENTATION_CONTEXT('2D SPACE',''
  ) );
#11285 = ORIENTED_EDGE('',*,*,#7790,.T.);
#11286 = ORIENTED_EDGE('',*,*,#11287,.T.);
#11287 = EDGE_CURVE('',#7793,#2707,#11288,.T.);
#11288 = SURFACE_CURVE('',#11289,(#11293,#11300),.PCURVE_S1.);
#11289 = LINE('',#11290,#11291);
#11290 = CARTESIAN_POINT('',(68.997391255032,-18.,0.6));
#11291 = VECTOR('',#11292,1.);
#11292 = DIRECTION('',(0.,1.,0.));
#11293 = PCURVE('',#2723,#11294);
#11294 = DEFINITIONAL_REPRESENTATION('',(#11295),#11299);
#11295 = LINE('',#11296,#11297);
#11296 = CARTESIAN_POINT('',(1.562100565031,0.1));
#11297 = VECTOR('',#11298,1.);
#11298 = DIRECTION('',(0.,1.));
#11299 = ( GEOMETRIC_REPRESENTATION_CONTEXT(2) 
PARAMETRIC_REPRESENTATION_CONTEXT() REPRESENTATION_CONTEXT('2D SPACE',''
  ) );
#11300 = PCURVE('',#2777,#11301);
#11301 = DEFINITIONAL_REPRESENTATION('',(#11302),#11305);
#11302 = B_SPLINE_CURVE_WITH_KNOTS('',1,(#11303,#11304),.UNSPECIFIED.,
  .F.,.F.,(2,2),(-5.999999999062E-07,2.4000006),
  .PIECEWISE_BEZIER_KNOTS.);
#11303 = CARTESIAN_POINT('',(138.99739125503,-5.999999999062E-07));
#11304 = CARTESIAN_POINT('',(138.99739125503,2.4000006));
#11305 = ( GEOMETRIC_REPRESENTATION_CONTEXT(2) 
PARAMETRIC_REPRESENTATION_CONTEXT() REPRESENTATION_CONTEXT('2D SPACE',''
  ) );
#11306 = ADVANCED_FACE('',(#11307),#2810,.F.);
#11307 = FACE_BOUND('',#11308,.F.);
#11308 = EDGE_LOOP('',(#11309,#11329,#11330,#11350));
#11309 = ORIENTED_EDGE('',*,*,#11310,.T.);
#11310 = EDGE_CURVE('',#7865,#2794,#11311,.T.);
#11311 = SURFACE_CURVE('',#11312,(#11316,#11323),.PCURVE_S1.);
#11312 = LINE('',#11313,#11314);
#11313 = CARTESIAN_POINT('',(-66.6,-18.,18.039955654048));
#11314 = VECTOR('',#11315,1.);
#11315 = DIRECTION('',(0.,1.,0.));
#11316 = PCURVE('',#2810,#11317);
#11317 = DEFINITIONAL_REPRESENTATION('',(#11318),#11322);
#11318 = LINE('',#11319,#11320);
#11319 = CARTESIAN_POINT('',(4.976911714558,0.1));
#11320 = VECTOR('',#11321,1.);
#11321 = DIRECTION('',(0.,1.));
#11322 = ( GEOMETRIC_REPRESENTATION_CONTEXT(2) 
PARAMETRIC_REPRESENTATION_CONTEXT() REPRESENTATION_CONTEXT('2D SPACE',''
  ) );
#11323 = PCURVE('',#2864,#11324);
#11324 = DEFINITIONAL_REPRESENTATION('',(#11325),#11328);
#11325 = B_SPLINE_CURVE_WITH_KNOTS('',1,(#11326,#11327),.UNSPECIFIED.,
  .F.,.F.,(2,2),(-5.999999999062E-07,2.4000006),
  .PIECEWISE_BEZIER_KNOTS.);
#11326 = CARTESIAN_POINT('',(88.039955654048,5.999999999062E-07));
#11327 = CARTESIAN_POINT('',(88.039955654048,-2.4000006));
#11328 = ( GEOMETRIC_REPRESENTATION_CONTEXT(2) 
PARAMETRIC_REPRESENTATION_CONTEXT() REPRESENTATION_CONTEXT('2D SPACE',''
  ) );
#11329 = ORIENTED_EDGE('',*,*,#2791,.F.);
#11330 = ORIENTED_EDGE('',*,*,#11331,.F.);
#11331 = EDGE_CURVE('',#7863,#2792,#11332,.T.);
#11332 = SURFACE_CURVE('',#11333,(#11337,#11344),.PCURVE_S1.);
#11333 = LINE('',#11334,#11335);
#11334 = CARTESIAN_POINT('',(-68.99739125503,-18.,0.6));
#11335 = VECTOR('',#11336,1.);
#11336 = DIRECTION('',(0.,1.,0.));
#11337 = PCURVE('',#2810,#11338);
#11338 = DEFINITIONAL_REPRESENTATION('',(#11339),#11343);
#11339 = LINE('',#11340,#11341);
#11340 = CARTESIAN_POINT('',(4.721084742148,0.1));
#11341 = VECTOR('',#11342,1.);
#11342 = DIRECTION('',(0.,1.));
#11343 = ( GEOMETRIC_REPRESENTATION_CONTEXT(2) 
PARAMETRIC_REPRESENTATION_CONTEXT() REPRESENTATION_CONTEXT('2D SPACE',''
  ) );
#11344 = PCURVE('',#2838,#11345);
#11345 = DEFINITIONAL_REPRESENTATION('',(#11346),#11349);
#11346 = B_SPLINE_CURVE_WITH_KNOTS('',1,(#11347,#11348),.UNSPECIFIED.,
  .F.,.F.,(2,2),(-5.999999999062E-07,2.4000006),
  .PIECEWISE_BEZIER_KNOTS.);
#11347 = CARTESIAN_POINT('',(1.002608744968,-5.999999999062E-07));
#11348 = CARTESIAN_POINT('',(1.002608744968,2.4000006));
#11349 = ( GEOMETRIC_REPRESENTATION_CONTEXT(2) 
PARAMETRIC_REPRESENTATION_CONTEXT() REPRESENTATION_CONTEXT('2D SPACE',''
  ) );
#11350 = ORIENTED_EDGE('',*,*,#7862,.T.);
#11351 = ADVANCED_FACE('',(#11352),#2897,.F.);
#11352 = FACE_BOUND('',#11353,.F.);
#11353 = EDGE_LOOP('',(#11354,#11355,#11375,#11376));
#11354 = ORIENTED_EDGE('',*,*,#2878,.F.);
#11355 = ORIENTED_EDGE('',*,*,#11356,.F.);
#11356 = EDGE_CURVE('',#7935,#2879,#11357,.T.);
#11357 = SURFACE_CURVE('',#11358,(#11362,#11369),.PCURVE_S1.);
#11358 = LINE('',#11359,#11360);
#11359 = CARTESIAN_POINT('',(68.997391255032,-18.,-0.6));
#11360 = VECTOR('',#11361,1.);
#11361 = DIRECTION('',(0.,1.,0.));
#11362 = PCURVE('',#2897,#11363);
#11363 = DEFINITIONAL_REPRESENTATION('',(#11364),#11368);
#11364 = LINE('',#11365,#11366);
#11365 = CARTESIAN_POINT('',(1.579492088559,0.1));
#11366 = VECTOR('',#11367,1.);
#11367 = DIRECTION('',(0.,1.));
#11368 = ( GEOMETRIC_REPRESENTATION_CONTEXT(2) 
PARAMETRIC_REPRESENTATION_CONTEXT() REPRESENTATION_CONTEXT('2D SPACE',''
  ) );
#11369 = PCURVE('',#2925,#11370);
#11370 = DEFINITIONAL_REPRESENTATION('',(#11371),#11374);
#11371 = B_SPLINE_CURVE_WITH_KNOTS('',1,(#11372,#11373),.UNSPECIFIED.,
  .F.,.F.,(2,2),(-5.999999999062E-07,2.4000006),
  .PIECEWISE_BEZIER_KNOTS.);
#11372 = CARTESIAN_POINT('',(138.99739125503,-5.999999999062E-07));
#11373 = CARTESIAN_POINT('',(138.99739125503,2.4000006));
#11374 = ( GEOMETRIC_REPRESENTATION_CONTEXT(2) 
PARAMETRIC_REPRESENTATION_CONTEXT() REPRESENTATION_CONTEXT('2D SPACE',''
  ) );
#11375 = ORIENTED_EDGE('',*,*,#7934,.T.);
#11376 = ORIENTED_EDGE('',*,*,#11377,.T.);
#11377 = EDGE_CURVE('',#7937,#2881,#11378,.T.);
#11378 = SURFACE_CURVE('',#11379,(#11383,#11390),.PCURVE_S1.);
#11379 = LINE('',#11380,#11381);
#11380 = CARTESIAN_POINT('',(66.6,-18.,-18.03995565404));
#11381 = VECTOR('',#11382,1.);
#11382 = DIRECTION('',(0.,1.,0.));
#11383 = PCURVE('',#2897,#11384);
#11384 = DEFINITIONAL_REPRESENTATION('',(#11385),#11389);
#11385 = LINE('',#11386,#11387);
#11386 = CARTESIAN_POINT('',(1.835319060968,0.1));
#11387 = VECTOR('',#11388,1.);
#11388 = DIRECTION('',(0.,1.));
#11389 = ( GEOMETRIC_REPRESENTATION_CONTEXT(2) 
PARAMETRIC_REPRESENTATION_CONTEXT() REPRESENTATION_CONTEXT('2D SPACE',''
  ) );
#11390 = PCURVE('',#2951,#11391);
#11391 = DEFINITIONAL_REPRESENTATION('',(#11392),#11395);
#11392 = B_SPLINE_CURVE_WITH_KNOTS('',1,(#11393,#11394),.UNSPECIFIED.,
  .F.,.F.,(2,2),(-5.999999999062E-07,2.4000006),
  .PIECEWISE_BEZIER_KNOTS.);
#11393 = CARTESIAN_POINT('',(51.960044345952,5.999999999062E-07));
#11394 = CARTESIAN_POINT('',(51.960044345952,-2.4000006));
#11395 = ( GEOMETRIC_REPRESENTATION_CONTEXT(2) 
PARAMETRIC_REPRESENTATION_CONTEXT() REPRESENTATION_CONTEXT('2D SPACE',''
  ) );
#11396 = ADVANCED_FACE('',(#11397),#2984,.F.);
#11397 = FACE_BOUND('',#11398,.F.);
#11398 = EDGE_LOOP('',(#11399,#11419,#11420,#11440));
#11399 = ORIENTED_EDGE('',*,*,#11400,.T.);
#11400 = EDGE_CURVE('',#8009,#2968,#11401,.T.);
#11401 = SURFACE_CURVE('',#11402,(#11406,#11413),.PCURVE_S1.);
#11402 = LINE('',#11403,#11404);
#11403 = CARTESIAN_POINT('',(-68.99739125503,-18.,-0.6));
#11404 = VECTOR('',#11405,1.);
#11405 = DIRECTION('',(0.,1.,0.));
#11406 = PCURVE('',#2984,#11407);
#11407 = DEFINITIONAL_REPRESENTATION('',(#11408),#11412);
#11408 = LINE('',#11409,#11410);
#11409 = CARTESIAN_POINT('',(4.703693218621,0.1));
#11410 = VECTOR('',#11411,1.);
#11411 = DIRECTION('',(0.,1.));
#11412 = ( GEOMETRIC_REPRESENTATION_CONTEXT(2) 
PARAMETRIC_REPRESENTATION_CONTEXT() REPRESENTATION_CONTEXT('2D SPACE',''
  ) );
#11413 = PCURVE('',#3038,#11414);
#11414 = DEFINITIONAL_REPRESENTATION('',(#11415),#11418);
#11415 = B_SPLINE_CURVE_WITH_KNOTS('',1,(#11416,#11417),.UNSPECIFIED.,
  .F.,.F.,(2,2),(-5.999999999062E-07,2.4000006),
  .PIECEWISE_BEZIER_KNOTS.);
#11416 = CARTESIAN_POINT('',(1.002608744968,-5.999999999062E-07));
#11417 = CARTESIAN_POINT('',(1.002608744968,2.4000006));
#11418 = ( GEOMETRIC_REPRESENTATION_CONTEXT(2) 
PARAMETRIC_REPRESENTATION_CONTEXT() REPRESENTATION_CONTEXT('2D SPACE',''
  ) );
#11419 = ORIENTED_EDGE('',*,*,#2965,.F.);
#11420 = ORIENTED_EDGE('',*,*,#11421,.F.);
#11421 = EDGE_CURVE('',#8007,#2966,#11422,.T.);
#11422 = SURFACE_CURVE('',#11423,(#11427,#11434),.PCURVE_S1.);
#11423 = LINE('',#11424,#11425);
#11424 = CARTESIAN_POINT('',(-66.6,-18.,-18.03995565404));
#11425 = VECTOR('',#11426,1.);
#11426 = DIRECTION('',(0.,1.,0.));
#11427 = PCURVE('',#2984,#11428);
#11428 = DEFINITIONAL_REPRESENTATION('',(#11429),#11433);
#11429 = LINE('',#11430,#11431);
#11430 = CARTESIAN_POINT('',(4.447866246212,0.1));
#11431 = VECTOR('',#11432,1.);
#11432 = DIRECTION('',(0.,1.));
#11433 = ( GEOMETRIC_REPRESENTATION_CONTEXT(2) 
PARAMETRIC_REPRESENTATION_CONTEXT() REPRESENTATION_CONTEXT('2D SPACE',''
  ) );
#11434 = PCURVE('',#3012,#11435);
#11435 = DEFINITIONAL_REPRESENTATION('',(#11436),#11439);
#11436 = B_SPLINE_CURVE_WITH_KNOTS('',1,(#11437,#11438),.UNSPECIFIED.,
  .F.,.F.,(2,2),(-5.999999999062E-07,2.4000006),
  .PIECEWISE_BEZIER_KNOTS.);
#11437 = CARTESIAN_POINT('',(51.960044345952,5.999999999062E-07));
#11438 = CARTESIAN_POINT('',(51.960044345952,-2.4000006));
#11439 = ( GEOMETRIC_REPRESENTATION_CONTEXT(2) 
PARAMETRIC_REPRESENTATION_CONTEXT() REPRESENTATION_CONTEXT('2D SPACE',''
  ) );
#11440 = ORIENTED_EDGE('',*,*,#8006,.T.);
#11441 = ADVANCED_FACE('',(#11442),#3071,.F.);
#11442 = FACE_BOUND('',#11443,.F.);
#11443 = EDGE_LOOP('',(#11444,#11445,#11465,#11466));
#11444 = ORIENTED_EDGE('',*,*,#3052,.F.);
#11445 = ORIENTED_EDGE('',*,*,#11446,.F.);
#11446 = EDGE_CURVE('',#8079,#3053,#11447,.T.);
#11447 = SURFACE_CURVE('',#11448,(#11452,#11459),.PCURVE_S1.);
#11448 = LINE('',#11449,#11450);
#11449 = CARTESIAN_POINT('',(65.4,-18.,-21.99636333578));
#11450 = VECTOR('',#11451,1.);
#11451 = DIRECTION('',(0.,1.,0.));
#11452 = PCURVE('',#3071,#11453);
#11453 = DEFINITIONAL_REPRESENTATION('',(#11454),#11458);
#11454 = LINE('',#11455,#11456);
#11455 = CARTESIAN_POINT('',(1.895246690515,0.1));
#11456 = VECTOR('',#11457,1.);
#11457 = DIRECTION('',(0.,1.));
#11458 = ( GEOMETRIC_REPRESENTATION_CONTEXT(2) 
PARAMETRIC_REPRESENTATION_CONTEXT() REPRESENTATION_CONTEXT('2D SPACE',''
  ) );
#11459 = PCURVE('',#3099,#11460);
#11460 = DEFINITIONAL_REPRESENTATION('',(#11461),#11464);
#11461 = B_SPLINE_CURVE_WITH_KNOTS('',1,(#11462,#11463),.UNSPECIFIED.,
  .F.,.F.,(2,2),(-5.999999999062E-07,2.4000006),
  .PIECEWISE_BEZIER_KNOTS.);
#11462 = CARTESIAN_POINT('',(48.003636664212,5.999999999062E-07));
#11463 = CARTESIAN_POINT('',(48.003636664212,-2.4000006));
#11464 = ( GEOMETRIC_REPRESENTATION_CONTEXT(2) 
PARAMETRIC_REPRESENTATION_CONTEXT() REPRESENTATION_CONTEXT('2D SPACE',''
  ) );
#11465 = ORIENTED_EDGE('',*,*,#8078,.T.);
#11466 = ORIENTED_EDGE('',*,*,#11467,.T.);
#11467 = EDGE_CURVE('',#8081,#3055,#11468,.T.);
#11468 = SURFACE_CURVE('',#11469,(#11473,#11480),.PCURVE_S1.);
#11469 = LINE('',#11470,#11471);
#11470 = CARTESIAN_POINT('',(60.6,-18.,-32.99454500368));
#11471 = VECTOR('',#11472,1.);
#11472 = DIRECTION('',(0.,1.,0.));
#11473 = PCURVE('',#3071,#11474);
#11474 = DEFINITIONAL_REPRESENTATION('',(#11475),#11479);
#11475 = LINE('',#11476,#11477);
#11476 = CARTESIAN_POINT('',(2.06937965521,0.1));
#11477 = VECTOR('',#11478,1.);
#11478 = DIRECTION('',(0.,1.));
#11479 = ( GEOMETRIC_REPRESENTATION_CONTEXT(2) 
PARAMETRIC_REPRESENTATION_CONTEXT() REPRESENTATION_CONTEXT('2D SPACE',''
  ) );
#11480 = PCURVE('',#3153,#11481);
#11481 = DEFINITIONAL_REPRESENTATION('',(#11482),#11485);
#11482 = B_SPLINE_CURVE_WITH_KNOTS('',1,(#11483,#11484),.UNSPECIFIED.,
  .F.,.F.,(2,2),(-5.999999999062E-07,2.4000006),
  .PIECEWISE_BEZIER_KNOTS.);
#11483 = CARTESIAN_POINT('',(37.005454996318,5.999999999062E-07));
#11484 = CARTESIAN_POINT('',(37.005454996318,-2.4000006));
#11485 = ( GEOMETRIC_REPRESENTATION_CONTEXT(2) 
PARAMETRIC_REPRESENTATION_CONTEXT() REPRESENTATION_CONTEXT('2D SPACE',''
  ) );
#11486 = ADVANCED_FACE('',(#11487),#3186,.F.);
#11487 = FACE_BOUND('',#11488,.F.);
#11488 = EDGE_LOOP('',(#11489,#11509,#11510,#11530));
#11489 = ORIENTED_EDGE('',*,*,#11490,.T.);
#11490 = EDGE_CURVE('',#8176,#3170,#11491,.T.);
#11491 = SURFACE_CURVE('',#11492,(#11496,#11503),.PCURVE_S1.);
#11492 = LINE('',#11493,#11494);
#11493 = CARTESIAN_POINT('',(-65.4,-18.,-21.99636333578));
#11494 = VECTOR('',#11495,1.);
#11495 = DIRECTION('',(0.,1.,0.));
#11496 = PCURVE('',#3186,#11497);
#11497 = DEFINITIONAL_REPRESENTATION('',(#11498),#11502);
#11498 = LINE('',#11499,#11500);
#11499 = CARTESIAN_POINT('',(4.387938616665,0.1));
#11500 = VECTOR('',#11501,1.);
#11501 = DIRECTION('',(0.,1.));
#11502 = ( GEOMETRIC_REPRESENTATION_CONTEXT(2) 
PARAMETRIC_REPRESENTATION_CONTEXT() REPRESENTATION_CONTEXT('2D SPACE',''
  ) );
#11503 = PCURVE('',#3268,#11504);
#11504 = DEFINITIONAL_REPRESENTATION('',(#11505),#11508);
#11505 = B_SPLINE_CURVE_WITH_KNOTS('',1,(#11506,#11507),.UNSPECIFIED.,
  .F.,.F.,(2,2),(-5.999999999062E-07,2.4000006),
  .PIECEWISE_BEZIER_KNOTS.);
#11506 = CARTESIAN_POINT('',(48.003636664212,5.999999999062E-07));
#11507 = CARTESIAN_POINT('',(48.003636664212,-2.4000006));
#11508 = ( GEOMETRIC_REPRESENTATION_CONTEXT(2) 
PARAMETRIC_REPRESENTATION_CONTEXT() REPRESENTATION_CONTEXT('2D SPACE',''
  ) );
#11509 = ORIENTED_EDGE('',*,*,#3167,.F.);
#11510 = ORIENTED_EDGE('',*,*,#11511,.F.);
#11511 = EDGE_CURVE('',#8174,#3168,#11512,.T.);
#11512 = SURFACE_CURVE('',#11513,(#11517,#11524),.PCURVE_S1.);
#11513 = LINE('',#11514,#11515);
#11514 = CARTESIAN_POINT('',(-60.6,-18.,-32.99454500368));
#11515 = VECTOR('',#11516,1.);
#11516 = DIRECTION('',(0.,1.,0.));
#11517 = PCURVE('',#3186,#11518);
#11518 = DEFINITIONAL_REPRESENTATION('',(#11519),#11523);
#11519 = LINE('',#11520,#11521);
#11520 = CARTESIAN_POINT('',(4.21380565197,0.1));
#11521 = VECTOR('',#11522,1.);
#11522 = DIRECTION('',(0.,1.));
#11523 = ( GEOMETRIC_REPRESENTATION_CONTEXT(2) 
PARAMETRIC_REPRESENTATION_CONTEXT() REPRESENTATION_CONTEXT('2D SPACE',''
  ) );
#11524 = PCURVE('',#3214,#11525);
#11525 = DEFINITIONAL_REPRESENTATION('',(#11526),#11529);
#11526 = B_SPLINE_CURVE_WITH_KNOTS('',1,(#11527,#11528),.UNSPECIFIED.,
  .F.,.F.,(2,2),(-5.999999999062E-07,2.4000006),
  .PIECEWISE_BEZIER_KNOTS.);
#11527 = CARTESIAN_POINT('',(37.005454996318,5.999999999062E-07));
#11528 = CARTESIAN_POINT('',(37.005454996318,-2.4000006));
#11529 = ( GEOMETRIC_REPRESENTATION_CONTEXT(2) 
PARAMETRIC_REPRESENTATION_CONTEXT() REPRESENTATION_CONTEXT('2D SPACE',''
  ) );
#11530 = ORIENTED_EDGE('',*,*,#8173,.T.);
#11531 = ADVANCED_FACE('',(#11532),#3301,.F.);
#11532 = FACE_BOUND('',#11533,.F.);
#11533 = EDGE_LOOP('',(#11534,#11535,#11555,#11556));
#11534 = ORIENTED_EDGE('',*,*,#3282,.F.);
#11535 = ORIENTED_EDGE('',*,*,#11536,.F.);
#11536 = EDGE_CURVE('',#8269,#3283,#11537,.T.);
#11537 = SURFACE_CURVE('',#11538,(#11542,#11549),.PCURVE_S1.);
#11538 = LINE('',#11539,#11540);
#11539 = CARTESIAN_POINT('',(59.4,-18.,-35.10897321198));
#11540 = VECTOR('',#11541,1.);
#11541 = DIRECTION('',(0.,1.,0.));
#11542 = PCURVE('',#3301,#11543);
#11543 = DEFINITIONAL_REPRESENTATION('',(#11544),#11548);
#11544 = LINE('',#11545,#11546);
#11545 = CARTESIAN_POINT('',(2.10461647896,0.1));
#11546 = VECTOR('',#11547,1.);
#11547 = DIRECTION('',(0.,1.));
#11548 = ( GEOMETRIC_REPRESENTATION_CONTEXT(2) 
PARAMETRIC_REPRESENTATION_CONTEXT() REPRESENTATION_CONTEXT('2D SPACE',''
  ) );
#11549 = PCURVE('',#3329,#11550);
#11550 = DEFINITIONAL_REPRESENTATION('',(#11551),#11554);
#11551 = B_SPLINE_CURVE_WITH_KNOTS('',1,(#11552,#11553),.UNSPECIFIED.,
  .F.,.F.,(2,2),(-5.999999999062E-07,2.4000006),
  .PIECEWISE_BEZIER_KNOTS.);
#11552 = CARTESIAN_POINT('',(34.891026788013,5.999999999062E-07));
#11553 = CARTESIAN_POINT('',(34.891026788013,-2.4000006));
#11554 = ( GEOMETRIC_REPRESENTATION_CONTEXT(2) 
PARAMETRIC_REPRESENTATION_CONTEXT() REPRESENTATION_CONTEXT('2D SPACE',''
  ) );
#11555 = ORIENTED_EDGE('',*,*,#8268,.T.);
#11556 = ORIENTED_EDGE('',*,*,#11557,.T.);
#11557 = EDGE_CURVE('',#8271,#3285,#11558,.T.);
#11558 = SURFACE_CURVE('',#11559,(#11563,#11570),.PCURVE_S1.);
#11559 = LINE('',#11560,#11561);
#11560 = CARTESIAN_POINT('',(54.6,-18.,-42.18814999499));
#11561 = VECTOR('',#11562,1.);
#11562 = DIRECTION('',(0.,1.,0.));
#11563 = PCURVE('',#3301,#11564);
#11564 = DEFINITIONAL_REPRESENTATION('',(#11565),#11569);
#11565 = LINE('',#11566,#11567);
#11566 = CARTESIAN_POINT('',(2.228653290945,0.1));
#11567 = VECTOR('',#11568,1.);
#11568 = DIRECTION('',(0.,1.));
#11569 = ( GEOMETRIC_REPRESENTATION_CONTEXT(2) 
PARAMETRIC_REPRESENTATION_CONTEXT() REPRESENTATION_CONTEXT('2D SPACE',''
  ) );
#11570 = PCURVE('',#3383,#11571);
#11571 = DEFINITIONAL_REPRESENTATION('',(#11572),#11575);
#11572 = B_SPLINE_CURVE_WITH_KNOTS('',1,(#11573,#11574),.UNSPECIFIED.,
  .F.,.F.,(2,2),(-5.999999999062E-07,2.4000006),
  .PIECEWISE_BEZIER_KNOTS.);
#11573 = CARTESIAN_POINT('',(27.811850005007,5.999999999062E-07));
#11574 = CARTESIAN_POINT('',(27.811850005007,-2.4000006));
#11575 = ( GEOMETRIC_REPRESENTATION_CONTEXT(2) 
PARAMETRIC_REPRESENTATION_CONTEXT() REPRESENTATION_CONTEXT('2D SPACE',''
  ) );
#11576 = ADVANCED_FACE('',(#11577),#3416,.F.);
#11577 = FACE_BOUND('',#11578,.F.);
#11578 = EDGE_LOOP('',(#11579,#11599,#11600,#11620));
#11579 = ORIENTED_EDGE('',*,*,#11580,.T.);
#11580 = EDGE_CURVE('',#8366,#3400,#11581,.T.);
#11581 = SURFACE_CURVE('',#11582,(#11586,#11593),.PCURVE_S1.);
#11582 = LINE('',#11583,#11584);
#11583 = CARTESIAN_POINT('',(-59.4,-18.,-35.10897321198));
#11584 = VECTOR('',#11585,1.);
#11585 = DIRECTION('',(0.,1.,0.));
#11586 = PCURVE('',#3416,#11587);
#11587 = DEFINITIONAL_REPRESENTATION('',(#11588),#11592);
#11588 = LINE('',#11589,#11590);
#11589 = CARTESIAN_POINT('',(4.17856882822,0.1));
#11590 = VECTOR('',#11591,1.);
#11591 = DIRECTION('',(0.,1.));
#11592 = ( GEOMETRIC_REPRESENTATION_CONTEXT(2) 
PARAMETRIC_REPRESENTATION_CONTEXT() REPRESENTATION_CONTEXT('2D SPACE',''
  ) );
#11593 = PCURVE('',#3498,#11594);
#11594 = DEFINITIONAL_REPRESENTATION('',(#11595),#11598);
#11595 = B_SPLINE_CURVE_WITH_KNOTS('',1,(#11596,#11597),.UNSPECIFIED.,
  .F.,.F.,(2,2),(-5.999999999062E-07,2.4000006),
  .PIECEWISE_BEZIER_KNOTS.);
#11596 = CARTESIAN_POINT('',(34.891026788013,5.999999999062E-07));
#11597 = CARTESIAN_POINT('',(34.891026788013,-2.4000006));
#11598 = ( GEOMETRIC_REPRESENTATION_CONTEXT(2) 
PARAMETRIC_REPRESENTATION_CONTEXT() REPRESENTATION_CONTEXT('2D SPACE',''
  ) );
#11599 = ORIENTED_EDGE('',*,*,#3397,.F.);
#11600 = ORIENTED_EDGE('',*,*,#11601,.F.);
#11601 = EDGE_CURVE('',#8364,#3398,#11602,.T.);
#11602 = SURFACE_CURVE('',#11603,(#11607,#11614),.PCURVE_S1.);
#11603 = LINE('',#11604,#11605);
#11604 = CARTESIAN_POINT('',(-54.6,-18.,-42.18814999499));
#11605 = VECTOR('',#11606,1.);
#11606 = DIRECTION('',(0.,1.,0.));
#11607 = PCURVE('',#3416,#11608);
#11608 = DEFINITIONAL_REPRESENTATION('',(#11609),#11613);
#11609 = LINE('',#11610,#11611);
#11610 = CARTESIAN_POINT('',(4.054532016235,0.1));
#11611 = VECTOR('',#11612,1.);
#11612 = DIRECTION('',(0.,1.));
#11613 = ( GEOMETRIC_REPRESENTATION_CONTEXT(2) 
PARAMETRIC_REPRESENTATION_CONTEXT() REPRESENTATION_CONTEXT('2D SPACE',''
  ) );
#11614 = PCURVE('',#3444,#11615);
#11615 = DEFINITIONAL_REPRESENTATION('',(#11616),#11619);
#11616 = B_SPLINE_CURVE_WITH_KNOTS('',1,(#11617,#11618),.UNSPECIFIED.,
  .F.,.F.,(2,2),(-5.999999999062E-07,2.4000006),
  .PIECEWISE_BEZIER_KNOTS.);
#11617 = CARTESIAN_POINT('',(27.811850005007,5.999999999062E-07));
#11618 = CARTESIAN_POINT('',(27.811850005007,-2.4000006));
#11619 = ( GEOMETRIC_REPRESENTATION_CONTEXT(2) 
PARAMETRIC_REPRESENTATION_CONTEXT() REPRESENTATION_CONTEXT('2D SPACE',''
  ) );
#11620 = ORIENTED_EDGE('',*,*,#8363,.T.);
#11621 = ADVANCED_FACE('',(#11622),#3531,.F.);
#11622 = FACE_BOUND('',#11623,.F.);
#11623 = EDGE_LOOP('',(#11624,#11625,#11645,#11646));
#11624 = ORIENTED_EDGE('',*,*,#3512,.F.);
#11625 = ORIENTED_EDGE('',*,*,#11626,.F.);
#11626 = EDGE_CURVE('',#8459,#3513,#11627,.T.);
#11627 = SURFACE_CURVE('',#11628,(#11632,#11639),.PCURVE_S1.);
#11628 = LINE('',#11629,#11630);
#11629 = CARTESIAN_POINT('',(53.4,-18.,-43.69713949448));
#11630 = VECTOR('',#11631,1.);
#11631 = DIRECTION('',(0.,1.,0.));
#11632 = PCURVE('',#3531,#11633);
#11633 = DEFINITIONAL_REPRESENTATION('',(#11634),#11638);
#11634 = LINE('',#11635,#11636);
#11635 = CARTESIAN_POINT('',(2.25659572272,0.1));
#11636 = VECTOR('',#11637,1.);
#11637 = DIRECTION('',(0.,1.));
#11638 = ( GEOMETRIC_REPRESENTATION_CONTEXT(2) 
PARAMETRIC_REPRESENTATION_CONTEXT() REPRESENTATION_CONTEXT('2D SPACE',''
  ) );
#11639 = PCURVE('',#3559,#11640);
#11640 = DEFINITIONAL_REPRESENTATION('',(#11641),#11644);
#11641 = B_SPLINE_CURVE_WITH_KNOTS('',1,(#11642,#11643),.UNSPECIFIED.,
  .F.,.F.,(2,2),(-5.999999999062E-07,2.4000006),
  .PIECEWISE_BEZIER_KNOTS.);
#11642 = CARTESIAN_POINT('',(26.30286050552,5.999999999062E-07));
#11643 = CARTESIAN_POINT('',(26.30286050552,-2.4000006));
#11644 = ( GEOMETRIC_REPRESENTATION_CONTEXT(2) 
PARAMETRIC_REPRESENTATION_CONTEXT() REPRESENTATION_CONTEXT('2D SPACE',''
  ) );
#11645 = ORIENTED_EDGE('',*,*,#8458,.T.);
#11646 = ORIENTED_EDGE('',*,*,#11647,.T.);
#11647 = EDGE_CURVE('',#8461,#3515,#11648,.T.);
#11648 = SURFACE_CURVE('',#11649,(#11653,#11660),.PCURVE_S1.);
#11649 = LINE('',#11650,#11651);
#11650 = CARTESIAN_POINT('',(48.6,-18.,-48.9799959167));
#11651 = VECTOR('',#11652,1.);
#11652 = DIRECTION('',(0.,1.,0.));
#11653 = PCURVE('',#3531,#11654);
#11654 = DEFINITIONAL_REPRESENTATION('',(#11655),#11659);
#11655 = LINE('',#11656,#11657);
#11656 = CARTESIAN_POINT('',(2.360088669448,0.1));
#11657 = VECTOR('',#11658,1.);
#11658 = DIRECTION('',(0.,1.));
#11659 = ( GEOMETRIC_REPRESENTATION_CONTEXT(2) 
PARAMETRIC_REPRESENTATION_CONTEXT() REPRESENTATION_CONTEXT('2D SPACE',''
  ) );
#11660 = PCURVE('',#3613,#11661);
#11661 = DEFINITIONAL_REPRESENTATION('',(#11662),#11665);
#11662 = B_SPLINE_CURVE_WITH_KNOTS('',1,(#11663,#11664),.UNSPECIFIED.,
  .F.,.F.,(2,2),(-5.999999999062E-07,2.4000006),
  .PIECEWISE_BEZIER_KNOTS.);
#11663 = CARTESIAN_POINT('',(21.020004083299,5.999999999062E-07));
#11664 = CARTESIAN_POINT('',(21.020004083299,-2.4000006));
#11665 = ( GEOMETRIC_REPRESENTATION_CONTEXT(2) 
PARAMETRIC_REPRESENTATION_CONTEXT() REPRESENTATION_CONTEXT('2D SPACE',''
  ) );
#11666 = ADVANCED_FACE('',(#11667),#3646,.F.);
#11667 = FACE_BOUND('',#11668,.F.);
#11668 = EDGE_LOOP('',(#11669,#11689,#11690,#11710));
#11669 = ORIENTED_EDGE('',*,*,#11670,.T.);
#11670 = EDGE_CURVE('',#8556,#3630,#11671,.T.);
#11671 = SURFACE_CURVE('',#11672,(#11676,#11683),.PCURVE_S1.);
#11672 = LINE('',#11673,#11674);
#11673 = CARTESIAN_POINT('',(-53.4,-18.,-43.69713949448));
#11674 = VECTOR('',#11675,1.);
#11675 = DIRECTION('',(0.,1.,0.));
#11676 = PCURVE('',#3646,#11677);
#11677 = DEFINITIONAL_REPRESENTATION('',(#11678),#11682);
#11678 = LINE('',#11679,#11680);
#11679 = CARTESIAN_POINT('',(4.026589584459,0.1));
#11680 = VECTOR('',#11681,1.);
#11681 = DIRECTION('',(0.,1.));
#11682 = ( GEOMETRIC_REPRESENTATION_CONTEXT(2) 
PARAMETRIC_REPRESENTATION_CONTEXT() REPRESENTATION_CONTEXT('2D SPACE',''
  ) );
#11683 = PCURVE('',#3728,#11684);
#11684 = DEFINITIONAL_REPRESENTATION('',(#11685),#11688);
#11685 = B_SPLINE_CURVE_WITH_KNOTS('',1,(#11686,#11687),.UNSPECIFIED.,
  .F.,.F.,(2,2),(-5.999999999062E-07,2.4000006),
  .PIECEWISE_BEZIER_KNOTS.);
#11686 = CARTESIAN_POINT('',(26.30286050552,5.999999999062E-07));
#11687 = CARTESIAN_POINT('',(26.30286050552,-2.4000006));
#11688 = ( GEOMETRIC_REPRESENTATION_CONTEXT(2) 
PARAMETRIC_REPRESENTATION_CONTEXT() REPRESENTATION_CONTEXT('2D SPACE',''
  ) );
#11689 = ORIENTED_EDGE('',*,*,#3627,.F.);
#11690 = ORIENTED_EDGE('',*,*,#11691,.F.);
#11691 = EDGE_CURVE('',#8554,#3628,#11692,.T.);
#11692 = SURFACE_CURVE('',#11693,(#11697,#11704),.PCURVE_S1.);
#11693 = LINE('',#11694,#11695);
#11694 = CARTESIAN_POINT('',(-48.6,-18.,-48.9799959167));
#11695 = VECTOR('',#11696,1.);
#11696 = DIRECTION('',(0.,1.,0.));
#11697 = PCURVE('',#3646,#11698);
#11698 = DEFINITIONAL_REPRESENTATION('',(#11699),#11703);
#11699 = LINE('',#11700,#11701);
#11700 = CARTESIAN_POINT('',(3.923096637732,0.1));
#11701 = VECTOR('',#11702,1.);
#11702 = DIRECTION('',(0.,1.));
#11703 = ( GEOMETRIC_REPRESENTATION_CONTEXT(2) 
PARAMETRIC_REPRESENTATION_CONTEXT() REPRESENTATION_CONTEXT('2D SPACE',''
  ) );
#11704 = PCURVE('',#3674,#11705);
#11705 = DEFINITIONAL_REPRESENTATION('',(#11706),#11709);
#11706 = B_SPLINE_CURVE_WITH_KNOTS('',1,(#11707,#11708),.UNSPECIFIED.,
  .F.,.F.,(2,2),(-5.999999999062E-07,2.4000006),
  .PIECEWISE_BEZIER_KNOTS.);
#11707 = CARTESIAN_POINT('',(21.020004083299,5.999999999062E-07));
#11708 = CARTESIAN_POINT('',(21.020004083299,-2.4000006));
#11709 = ( GEOMETRIC_REPRESENTATION_CONTEXT(2) 
PARAMETRIC_REPRESENTATION_CONTEXT() REPRESENTATION_CONTEXT('2D SPACE',''
  ) );
#11710 = ORIENTED_EDGE('',*,*,#8553,.T.);
#11711 = ADVANCED_FACE('',(#11712),#3761,.F.);
#11712 = FACE_BOUND('',#11713,.F.);
#11713 = EDGE_LOOP('',(#11714,#11715,#11735,#11736));
#11714 = ORIENTED_EDGE('',*,*,#3742,.F.);
#11715 = ORIENTED_EDGE('',*,*,#11716,.F.);
#11716 = EDGE_CURVE('',#8649,#3743,#11717,.T.);
#11717 = SURFACE_CURVE('',#11718,(#11722,#11729),.PCURVE_S1.);
#11718 = LINE('',#11719,#11720);
#11719 = CARTESIAN_POINT('',(47.4,-18.,-50.14219779786));
#11720 = VECTOR('',#11721,1.);
#11721 = DIRECTION('',(0.,1.,0.));
#11722 = PCURVE('',#3761,#11723);
#11723 = DEFINITIONAL_REPRESENTATION('',(#11724),#11728);
#11724 = LINE('',#11725,#11726);
#11725 = CARTESIAN_POINT('',(2.384300025865,0.1));
#11726 = VECTOR('',#11727,1.);
#11727 = DIRECTION('',(0.,1.));
#11728 = ( GEOMETRIC_REPRESENTATION_CONTEXT(2) 
PARAMETRIC_REPRESENTATION_CONTEXT() REPRESENTATION_CONTEXT('2D SPACE',''
  ) );
#11729 = PCURVE('',#3789,#11730);
#11730 = DEFINITIONAL_REPRESENTATION('',(#11731),#11734);
#11731 = B_SPLINE_CURVE_WITH_KNOTS('',1,(#11732,#11733),.UNSPECIFIED.,
  .F.,.F.,(2,2),(-5.999999999062E-07,2.4000006),
  .PIECEWISE_BEZIER_KNOTS.);
#11732 = CARTESIAN_POINT('',(19.857802202137,5.999999999062E-07));
#11733 = CARTESIAN_POINT('',(19.857802202137,-2.4000006));
#11734 = ( GEOMETRIC_REPRESENTATION_CONTEXT(2) 
PARAMETRIC_REPRESENTATION_CONTEXT() REPRESENTATION_CONTEXT('2D SPACE',''
  ) );
#11735 = ORIENTED_EDGE('',*,*,#8648,.T.);
#11736 = ORIENTED_EDGE('',*,*,#11737,.T.);
#11737 = EDGE_CURVE('',#8651,#3745,#11738,.T.);
#11738 = SURFACE_CURVE('',#11739,(#11743,#11750),.PCURVE_S1.);
#11739 = LINE('',#11740,#11741);
#11740 = CARTESIAN_POINT('',(42.6,-18.,-54.27927781391));
#11741 = VECTOR('',#11742,1.);
#11742 = DIRECTION('',(0.,1.,0.));
#11743 = PCURVE('',#3761,#11744);
#11744 = DEFINITIONAL_REPRESENTATION('',(#11745),#11749);
#11745 = LINE('',#11746,#11747);
#11746 = CARTESIAN_POINT('',(2.476170465845,0.1));
#11747 = VECTOR('',#11748,1.);
#11748 = DIRECTION('',(0.,1.));
#11749 = ( GEOMETRIC_REPRESENTATION_CONTEXT(2) 
PARAMETRIC_REPRESENTATION_CONTEXT() REPRESENTATION_CONTEXT('2D SPACE',''
  ) );
#11750 = PCURVE('',#3843,#11751);
#11751 = DEFINITIONAL_REPRESENTATION('',(#11752),#11755);
#11752 = B_SPLINE_CURVE_WITH_KNOTS('',1,(#11753,#11754),.UNSPECIFIED.,
  .F.,.F.,(2,2),(-5.999999999062E-07,2.4000006),
  .PIECEWISE_BEZIER_KNOTS.);
#11753 = CARTESIAN_POINT('',(15.720722186087,5.999999999062E-07));
#11754 = CARTESIAN_POINT('',(15.720722186087,-2.4000006));
#11755 = ( GEOMETRIC_REPRESENTATION_CONTEXT(2) 
PARAMETRIC_REPRESENTATION_CONTEXT() REPRESENTATION_CONTEXT('2D SPACE',''
  ) );
#11756 = ADVANCED_FACE('',(#11757),#3876,.F.);
#11757 = FACE_BOUND('',#11758,.F.);
#11758 = EDGE_LOOP('',(#11759,#11779,#11780,#11800));
#11759 = ORIENTED_EDGE('',*,*,#11760,.T.);
#11760 = EDGE_CURVE('',#8746,#3860,#11761,.T.);
#11761 = SURFACE_CURVE('',#11762,(#11766,#11773),.PCURVE_S1.);
#11762 = LINE('',#11763,#11764);
#11763 = CARTESIAN_POINT('',(-47.4,-18.,-50.14219779786));
#11764 = VECTOR('',#11765,1.);
#11765 = DIRECTION('',(0.,1.,0.));
#11766 = PCURVE('',#3876,#11767);
#11767 = DEFINITIONAL_REPRESENTATION('',(#11768),#11772);
#11768 = LINE('',#11769,#11770);
#11769 = CARTESIAN_POINT('',(3.898885281314,0.1));
#11770 = VECTOR('',#11771,1.);
#11771 = DIRECTION('',(0.,1.));
#11772 = ( GEOMETRIC_REPRESENTATION_CONTEXT(2) 
PARAMETRIC_REPRESENTATION_CONTEXT() REPRESENTATION_CONTEXT('2D SPACE',''
  ) );
#11773 = PCURVE('',#3958,#11774);
#11774 = DEFINITIONAL_REPRESENTATION('',(#11775),#11778);
#11775 = B_SPLINE_CURVE_WITH_KNOTS('',1,(#11776,#11777),.UNSPECIFIED.,
  .F.,.F.,(2,2),(-5.999999999062E-07,2.4000006),
  .PIECEWISE_BEZIER_KNOTS.);
#11776 = CARTESIAN_POINT('',(19.857802202137,5.999999999062E-07));
#11777 = CARTESIAN_POINT('',(19.857802202137,-2.4000006));
#11778 = ( GEOMETRIC_REPRESENTATION_CONTEXT(2) 
PARAMETRIC_REPRESENTATION_CONTEXT() REPRESENTATION_CONTEXT('2D SPACE',''
  ) );
#11779 = ORIENTED_EDGE('',*,*,#3857,.F.);
#11780 = ORIENTED_EDGE('',*,*,#11781,.F.);
#11781 = EDGE_CURVE('',#8744,#3858,#11782,.T.);
#11782 = SURFACE_CURVE('',#11783,(#11787,#11794),.PCURVE_S1.);
#11783 = LINE('',#11784,#11785);
#11784 = CARTESIAN_POINT('',(-42.6,-18.,-54.27927781391));
#11785 = VECTOR('',#11786,1.);
#11786 = DIRECTION('',(0.,1.,0.));
#11787 = PCURVE('',#3876,#11788);
#11788 = DEFINITIONAL_REPRESENTATION('',(#11789),#11793);
#11789 = LINE('',#11790,#11791);
#11790 = CARTESIAN_POINT('',(3.807014841334,0.1));
#11791 = VECTOR('',#11792,1.);
#11792 = DIRECTION('',(0.,1.));
#11793 = ( GEOMETRIC_REPRESENTATION_CONTEXT(2) 
PARAMETRIC_REPRESENTATION_CONTEXT() REPRESENTATION_CONTEXT('2D SPACE',''
  ) );
#11794 = PCURVE('',#3904,#11795);
#11795 = DEFINITIONAL_REPRESENTATION('',(#11796),#11799);
#11796 = B_SPLINE_CURVE_WITH_KNOTS('',1,(#11797,#11798),.UNSPECIFIED.,
  .F.,.F.,(2,2),(-5.999999999062E-07,2.4000006),
  .PIECEWISE_BEZIER_KNOTS.);
#11797 = CARTESIAN_POINT('',(15.720722186087,5.999999999062E-07));
#11798 = CARTESIAN_POINT('',(15.720722186087,-2.4000006));
#11799 = ( GEOMETRIC_REPRESENTATION_CONTEXT(2) 
PARAMETRIC_REPRESENTATION_CONTEXT() REPRESENTATION_CONTEXT('2D SPACE',''
  ) );
#11800 = ORIENTED_EDGE('',*,*,#8743,.T.);
#11801 = ADVANCED_FACE('',(#11802),#3991,.F.);
#11802 = FACE_BOUND('',#11803,.F.);
#11803 = EDGE_LOOP('',(#11804,#11805,#11825,#11826));
#11804 = ORIENTED_EDGE('',*,*,#3972,.F.);
#11805 = ORIENTED_EDGE('',*,*,#11806,.F.);
#11806 = EDGE_CURVE('',#8839,#3973,#11807,.T.);
#11807 = SURFACE_CURVE('',#11808,(#11812,#11819),.PCURVE_S1.);
#11808 = LINE('',#11809,#11810);
#11809 = CARTESIAN_POINT('',(41.4,-18.,-55.2));
#11810 = VECTOR('',#11811,1.);
#11811 = DIRECTION('',(0.,1.,0.));
#11812 = PCURVE('',#3991,#11813);
#11813 = DEFINITIONAL_REPRESENTATION('',(#11814),#11818);
#11814 = LINE('',#11815,#11816);
#11815 = CARTESIAN_POINT('',(2.498091544797,0.1));
#11816 = VECTOR('',#11817,1.);
#11817 = DIRECTION('',(0.,1.));
#11818 = ( GEOMETRIC_REPRESENTATION_CONTEXT(2) 
PARAMETRIC_REPRESENTATION_CONTEXT() REPRESENTATION_CONTEXT('2D SPACE',''
  ) );
#11819 = PCURVE('',#4019,#11820);
#11820 = DEFINITIONAL_REPRESENTATION('',(#11821),#11824);
#11821 = B_SPLINE_CURVE_WITH_KNOTS('',1,(#11822,#11823),.UNSPECIFIED.,
  .F.,.F.,(2,2),(-5.999999999062E-07,2.4000006),
  .PIECEWISE_BEZIER_KNOTS.);
#11822 = CARTESIAN_POINT('',(14.8,5.999999999062E-07));
#11823 = CARTESIAN_POINT('',(14.8,-2.4000006));
#11824 = ( GEOMETRIC_REPRESENTATION_CONTEXT(2) 
PARAMETRIC_REPRESENTATION_CONTEXT() REPRESENTATION_CONTEXT('2D SPACE',''
  ) );
#11825 = ORIENTED_EDGE('',*,*,#8838,.T.);
#11826 = ORIENTED_EDGE('',*,*,#11827,.T.);
#11827 = EDGE_CURVE('',#8841,#3975,#11828,.T.);
#11828 = SURFACE_CURVE('',#11829,(#11833,#11840),.PCURVE_S1.);
#11829 = LINE('',#11830,#11831);
#11830 = CARTESIAN_POINT('',(36.6,-18.,-58.49307651337));
#11831 = VECTOR('',#11832,1.);
#11832 = DIRECTION('',(0.,1.,0.));
#11833 = PCURVE('',#3991,#11834);
#11834 = DEFINITIONAL_REPRESENTATION('',(#11835),#11839);
#11835 = LINE('',#11836,#11837);
#11836 = CARTESIAN_POINT('',(2.582479289282,0.1));
#11837 = VECTOR('',#11838,1.);
#11838 = DIRECTION('',(0.,1.));
#11839 = ( GEOMETRIC_REPRESENTATION_CONTEXT(2) 
PARAMETRIC_REPRESENTATION_CONTEXT() REPRESENTATION_CONTEXT('2D SPACE',''
  ) );
#11840 = PCURVE('',#4073,#11841);
#11841 = DEFINITIONAL_REPRESENTATION('',(#11842),#11845);
#11842 = B_SPLINE_CURVE_WITH_KNOTS('',1,(#11843,#11844),.UNSPECIFIED.,
  .F.,.F.,(2,2),(-5.999999999062E-07,2.4000006),
  .PIECEWISE_BEZIER_KNOTS.);
#11843 = CARTESIAN_POINT('',(11.506923486621,5.999999999062E-07));
#11844 = CARTESIAN_POINT('',(11.506923486621,-2.4000006));
#11845 = ( GEOMETRIC_REPRESENTATION_CONTEXT(2) 
PARAMETRIC_REPRESENTATION_CONTEXT() REPRESENTATION_CONTEXT('2D SPACE',''
  ) );
#11846 = ADVANCED_FACE('',(#11847),#4106,.F.);
#11847 = FACE_BOUND('',#11848,.F.);
#11848 = EDGE_LOOP('',(#11849,#11869,#11870,#11890));
#11849 = ORIENTED_EDGE('',*,*,#11850,.T.);
#11850 = EDGE_CURVE('',#8936,#4090,#11851,.T.);
#11851 = SURFACE_CURVE('',#11852,(#11856,#11863),.PCURVE_S1.);
#11852 = LINE('',#11853,#11854);
#11853 = CARTESIAN_POINT('',(-41.4,-18.,-55.2));
#11854 = VECTOR('',#11855,1.);
#11855 = DIRECTION('',(0.,1.,0.));
#11856 = PCURVE('',#4106,#11857);
#11857 = DEFINITIONAL_REPRESENTATION('',(#11858),#11862);
#11858 = LINE('',#11859,#11860);
#11859 = CARTESIAN_POINT('',(3.785093762383,0.1));
#11860 = VECTOR('',#11861,1.);
#11861 = DIRECTION('',(0.,1.));
#11862 = ( GEOMETRIC_REPRESENTATION_CONTEXT(2) 
PARAMETRIC_REPRESENTATION_CONTEXT() REPRESENTATION_CONTEXT('2D SPACE',''
  ) );
#11863 = PCURVE('',#4188,#11864);
#11864 = DEFINITIONAL_REPRESENTATION('',(#11865),#11868);
#11865 = B_SPLINE_CURVE_WITH_KNOTS('',1,(#11866,#11867),.UNSPECIFIED.,
  .F.,.F.,(2,2),(-5.999999999062E-07,2.4000006),
  .PIECEWISE_BEZIER_KNOTS.);
#11866 = CARTESIAN_POINT('',(14.8,5.999999999062E-07));
#11867 = CARTESIAN_POINT('',(14.8,-2.4000006));
#11868 = ( GEOMETRIC_REPRESENTATION_CONTEXT(2) 
PARAMETRIC_REPRESENTATION_CONTEXT() REPRESENTATION_CONTEXT('2D SPACE',''
  ) );
#11869 = ORIENTED_EDGE('',*,*,#4087,.F.);
#11870 = ORIENTED_EDGE('',*,*,#11871,.F.);
#11871 = EDGE_CURVE('',#8934,#4088,#11872,.T.);
#11872 = SURFACE_CURVE('',#11873,(#11877,#11884),.PCURVE_S1.);
#11873 = LINE('',#11874,#11875);
#11874 = CARTESIAN_POINT('',(-36.6,-18.,-58.49307651337));
#11875 = VECTOR('',#11876,1.);
#11876 = DIRECTION('',(0.,1.,0.));
#11877 = PCURVE('',#4106,#11878);
#11878 = DEFINITIONAL_REPRESENTATION('',(#11879),#11883);
#11879 = LINE('',#11880,#11881);
#11880 = CARTESIAN_POINT('',(3.700706017898,0.1));
#11881 = VECTOR('',#11882,1.);
#11882 = DIRECTION('',(0.,1.));
#11883 = ( GEOMETRIC_REPRESENTATION_CONTEXT(2) 
PARAMETRIC_REPRESENTATION_CONTEXT() REPRESENTATION_CONTEXT('2D SPACE',''
  ) );
#11884 = PCURVE('',#4134,#11885);
#11885 = DEFINITIONAL_REPRESENTATION('',(#11886),#11889);
#11886 = B_SPLINE_CURVE_WITH_KNOTS('',1,(#11887,#11888),.UNSPECIFIED.,
  .F.,.F.,(2,2),(-5.999999999062E-07,2.4000006),
  .PIECEWISE_BEZIER_KNOTS.);
#11887 = CARTESIAN_POINT('',(11.506923486621,5.999999999062E-07));
#11888 = CARTESIAN_POINT('',(11.506923486621,-2.4000006));
#11889 = ( GEOMETRIC_REPRESENTATION_CONTEXT(2) 
PARAMETRIC_REPRESENTATION_CONTEXT() REPRESENTATION_CONTEXT('2D SPACE',''
  ) );
#11890 = ORIENTED_EDGE('',*,*,#8933,.T.);
#11891 = ADVANCED_FACE('',(#11892),#4221,.F.);
#11892 = FACE_BOUND('',#11893,.F.);
#11893 = EDGE_LOOP('',(#11894,#11895,#11915,#11916));
#11894 = ORIENTED_EDGE('',*,*,#4202,.F.);
#11895 = ORIENTED_EDGE('',*,*,#11896,.F.);
#11896 = EDGE_CURVE('',#9029,#4203,#11897,.T.);
#11897 = SURFACE_CURVE('',#11898,(#11902,#11909),.PCURVE_S1.);
#11898 = LINE('',#11899,#11900);
#11899 = CARTESIAN_POINT('',(35.4,-18.,-59.22702086041));
#11900 = VECTOR('',#11901,1.);
#11901 = DIRECTION('',(0.,1.,0.));
#11902 = PCURVE('',#4221,#11903);
#11903 = DEFINITIONAL_REPRESENTATION('',(#11904),#11908);
#11904 = LINE('',#11905,#11906);
#11905 = CARTESIAN_POINT('',(2.602865926143,0.1));
#11906 = VECTOR('',#11907,1.);
#11907 = DIRECTION('',(0.,1.));
#11908 = ( GEOMETRIC_REPRESENTATION_CONTEXT(2) 
PARAMETRIC_REPRESENTATION_CONTEXT() REPRESENTATION_CONTEXT('2D SPACE',''
  ) );
#11909 = PCURVE('',#4249,#11910);
#11910 = DEFINITIONAL_REPRESENTATION('',(#11911),#11914);
#11911 = B_SPLINE_CURVE_WITH_KNOTS('',1,(#11912,#11913),.UNSPECIFIED.,
  .F.,.F.,(2,2),(-5.999999999062E-07,2.4000006),
  .PIECEWISE_BEZIER_KNOTS.);
#11912 = CARTESIAN_POINT('',(10.772979139585,5.999999999062E-07));
#11913 = CARTESIAN_POINT('',(10.772979139585,-2.4000006));
#11914 = ( GEOMETRIC_REPRESENTATION_CONTEXT(2) 
PARAMETRIC_REPRESENTATION_CONTEXT() REPRESENTATION_CONTEXT('2D SPACE',''
  ) );
#11915 = ORIENTED_EDGE('',*,*,#9028,.T.);
#11916 = ORIENTED_EDGE('',*,*,#11917,.T.);
#11917 = EDGE_CURVE('',#9031,#4205,#11918,.T.);
#11918 = SURFACE_CURVE('',#11919,(#11923,#11930),.PCURVE_S1.);
#11919 = LINE('',#11920,#11921);
#11920 = CARTESIAN_POINT('',(30.6,-18.,-61.84367388828));
#11921 = VECTOR('',#11922,1.);
#11922 = DIRECTION('',(0.,1.,0.));
#11923 = PCURVE('',#4221,#11924);
#11924 = DEFINITIONAL_REPRESENTATION('',(#11925),#11929);
#11925 = LINE('',#11926,#11927);
#11926 = CARTESIAN_POINT('',(2.682116936602,0.1));
#11927 = VECTOR('',#11928,1.);
#11928 = DIRECTION('',(0.,1.));
#11929 = ( GEOMETRIC_REPRESENTATION_CONTEXT(2) 
PARAMETRIC_REPRESENTATION_CONTEXT() REPRESENTATION_CONTEXT('2D SPACE',''
  ) );
#11930 = PCURVE('',#4303,#11931);
#11931 = DEFINITIONAL_REPRESENTATION('',(#11932),#11935);
#11932 = B_SPLINE_CURVE_WITH_KNOTS('',1,(#11933,#11934),.UNSPECIFIED.,
  .F.,.F.,(2,2),(-5.999999999062E-07,2.4000006),
  .PIECEWISE_BEZIER_KNOTS.);
#11933 = CARTESIAN_POINT('',(8.156326111719,5.999999999062E-07));
#11934 = CARTESIAN_POINT('',(8.156326111719,-2.4000006));
#11935 = ( GEOMETRIC_REPRESENTATION_CONTEXT(2) 
PARAMETRIC_REPRESENTATION_CONTEXT() REPRESENTATION_CONTEXT('2D SPACE',''
  ) );
#11936 = ADVANCED_FACE('',(#11937),#4336,.F.);
#11937 = FACE_BOUND('',#11938,.F.);
#11938 = EDGE_LOOP('',(#11939,#11959,#11960,#11980));
#11939 = ORIENTED_EDGE('',*,*,#11940,.T.);
#11940 = EDGE_CURVE('',#9126,#4320,#11941,.T.);
#11941 = SURFACE_CURVE('',#11942,(#11946,#11953),.PCURVE_S1.);
#11942 = LINE('',#11943,#11944);
#11943 = CARTESIAN_POINT('',(-35.4,-18.,-59.22702086041));
#11944 = VECTOR('',#11945,1.);
#11945 = DIRECTION('',(0.,1.,0.));
#11946 = PCURVE('',#4336,#11947);
#11947 = DEFINITIONAL_REPRESENTATION('',(#11948),#11952);
#11948 = LINE('',#11949,#11950);
#11949 = CARTESIAN_POINT('',(3.680319381036,0.1));
#11950 = VECTOR('',#11951,1.);
#11951 = DIRECTION('',(0.,1.));
#11952 = ( GEOMETRIC_REPRESENTATION_CONTEXT(2) 
PARAMETRIC_REPRESENTATION_CONTEXT() REPRESENTATION_CONTEXT('2D SPACE',''
  ) );
#11953 = PCURVE('',#4418,#11954);
#11954 = DEFINITIONAL_REPRESENTATION('',(#11955),#11958);
#11955 = B_SPLINE_CURVE_WITH_KNOTS('',1,(#11956,#11957),.UNSPECIFIED.,
  .F.,.F.,(2,2),(-5.999999999062E-07,2.4000006),
  .PIECEWISE_BEZIER_KNOTS.);
#11956 = CARTESIAN_POINT('',(10.772979139585,5.999999999062E-07));
#11957 = CARTESIAN_POINT('',(10.772979139585,-2.4000006));
#11958 = ( GEOMETRIC_REPRESENTATION_CONTEXT(2) 
PARAMETRIC_REPRESENTATION_CONTEXT() REPRESENTATION_CONTEXT('2D SPACE',''
  ) );
#11959 = ORIENTED_EDGE('',*,*,#4317,.F.);
#11960 = ORIENTED_EDGE('',*,*,#11961,.F.);
#11961 = EDGE_CURVE('',#9124,#4318,#11962,.T.);
#11962 = SURFACE_CURVE('',#11963,(#11967,#11974),.PCURVE_S1.);
#11963 = LINE('',#11964,#11965);
#11964 = CARTESIAN_POINT('',(-30.6,-18.,-61.84367388828));
#11965 = VECTOR('',#11966,1.);
#11966 = DIRECTION('',(0.,1.,0.));
#11967 = PCURVE('',#4336,#11968);
#11968 = DEFINITIONAL_REPRESENTATION('',(#11969),#11973);
#11969 = LINE('',#11970,#11971);
#11970 = CARTESIAN_POINT('',(3.601068370577,0.1));
#11971 = VECTOR('',#11972,1.);
#11972 = DIRECTION('',(0.,1.));
#11973 = ( GEOMETRIC_REPRESENTATION_CONTEXT(2) 
PARAMETRIC_REPRESENTATION_CONTEXT() REPRESENTATION_CONTEXT('2D SPACE',''
  ) );
#11974 = PCURVE('',#4364,#11975);
#11975 = DEFINITIONAL_REPRESENTATION('',(#11976),#11979);
#11976 = B_SPLINE_CURVE_WITH_KNOTS('',1,(#11977,#11978),.UNSPECIFIED.,
  .F.,.F.,(2,2),(-5.999999999062E-07,2.4000006),
  .PIECEWISE_BEZIER_KNOTS.);
#11977 = CARTESIAN_POINT('',(8.156326111719,5.999999999062E-07));
#11978 = CARTESIAN_POINT('',(8.156326111719,-2.4000006));
#11979 = ( GEOMETRIC_REPRESENTATION_CONTEXT(2) 
PARAMETRIC_REPRESENTATION_CONTEXT() REPRESENTATION_CONTEXT('2D SPACE',''
  ) );
#11980 = ORIENTED_EDGE('',*,*,#9123,.T.);
#11981 = ADVANCED_FACE('',(#11982),#4451,.F.);
#11982 = FACE_BOUND('',#11983,.F.);
#11983 = EDGE_LOOP('',(#11984,#11985,#12005,#12006));
#11984 = ORIENTED_EDGE('',*,*,#4432,.F.);
#11985 = ORIENTED_EDGE('',*,*,#11986,.F.);
#11986 = EDGE_CURVE('',#9219,#4433,#11987,.T.);
#11987 = SURFACE_CURVE('',#11988,(#11992,#11999),.PCURVE_S1.);
#11988 = LINE('',#11989,#11990);
#11989 = CARTESIAN_POINT('',(29.4,-18.,-62.42307265747));
#11990 = VECTOR('',#11991,1.);
#11991 = DIRECTION('',(0.,1.,0.));
#11992 = PCURVE('',#4451,#11993);
#11993 = DEFINITIONAL_REPRESENTATION('',(#11994),#11998);
#11994 = LINE('',#11995,#11996);
#11995 = CARTESIAN_POINT('',(2.701429628616,0.1));
#11996 = VECTOR('',#11997,1.);
#11997 = DIRECTION('',(0.,1.));
#11998 = ( GEOMETRIC_REPRESENTATION_CONTEXT(2) 
PARAMETRIC_REPRESENTATION_CONTEXT() REPRESENTATION_CONTEXT('2D SPACE',''
  ) );
#11999 = PCURVE('',#4479,#12000);
#12000 = DEFINITIONAL_REPRESENTATION('',(#12001),#12004);
#12001 = B_SPLINE_CURVE_WITH_KNOTS('',1,(#12002,#12003),.UNSPECIFIED.,
  .F.,.F.,(2,2),(-5.999999999062E-07,2.4000006),
  .PIECEWISE_BEZIER_KNOTS.);
#12002 = CARTESIAN_POINT('',(7.576927342528,5.999999999062E-07));
#12003 = CARTESIAN_POINT('',(7.576927342528,-2.4000006));
#12004 = ( GEOMETRIC_REPRESENTATION_CONTEXT(2) 
PARAMETRIC_REPRESENTATION_CONTEXT() REPRESENTATION_CONTEXT('2D SPACE',''
  ) );
#12005 = ORIENTED_EDGE('',*,*,#9218,.T.);
#12006 = ORIENTED_EDGE('',*,*,#12007,.T.);
#12007 = EDGE_CURVE('',#9221,#4435,#12008,.T.);
#12008 = SURFACE_CURVE('',#12009,(#12013,#12020),.PCURVE_S1.);
#12009 = LINE('',#12010,#12011);
#12010 = CARTESIAN_POINT('',(24.6,-18.,-64.4658048891));
#12011 = VECTOR('',#12012,1.);
#12012 = DIRECTION('',(0.,1.,0.));
#12013 = PCURVE('',#4451,#12014);
#12014 = DEFINITIONAL_REPRESENTATION('',(#12015),#12019);
#12015 = LINE('',#12016,#12017);
#12016 = CARTESIAN_POINT('',(2.777050320974,0.1));
#12017 = VECTOR('',#12018,1.);
#12018 = DIRECTION('',(0.,1.));
#12019 = ( GEOMETRIC_REPRESENTATION_CONTEXT(2) 
PARAMETRIC_REPRESENTATION_CONTEXT() REPRESENTATION_CONTEXT('2D SPACE',''
  ) );
#12020 = PCURVE('',#4533,#12021);
#12021 = DEFINITIONAL_REPRESENTATION('',(#12022),#12025);
#12022 = B_SPLINE_CURVE_WITH_KNOTS('',1,(#12023,#12024),.UNSPECIFIED.,
  .F.,.F.,(2,2),(-5.999999999062E-07,2.4000006),
  .PIECEWISE_BEZIER_KNOTS.);
#12023 = CARTESIAN_POINT('',(5.534195110896,5.999999999062E-07));
#12024 = CARTESIAN_POINT('',(5.534195110896,-2.4000006));
#12025 = ( GEOMETRIC_REPRESENTATION_CONTEXT(2) 
PARAMETRIC_REPRESENTATION_CONTEXT() REPRESENTATION_CONTEXT('2D SPACE',''
  ) );
#12026 = ADVANCED_FACE('',(#12027),#4566,.F.);
#12027 = FACE_BOUND('',#12028,.F.);
#12028 = EDGE_LOOP('',(#12029,#12049,#12050,#12070));
#12029 = ORIENTED_EDGE('',*,*,#12030,.T.);
#12030 = EDGE_CURVE('',#9316,#4550,#12031,.T.);
#12031 = SURFACE_CURVE('',#12032,(#12036,#12043),.PCURVE_S1.);
#12032 = LINE('',#12033,#12034);
#12033 = CARTESIAN_POINT('',(-29.4,-18.,-62.42307265747));
#12034 = VECTOR('',#12035,1.);
#12035 = DIRECTION('',(0.,1.,0.));
#12036 = PCURVE('',#4566,#12037);
#12037 = DEFINITIONAL_REPRESENTATION('',(#12038),#12042);
#12038 = LINE('',#12039,#12040);
#12039 = CARTESIAN_POINT('',(3.581755678564,0.1));
#12040 = VECTOR('',#12041,1.);
#12041 = DIRECTION('',(0.,1.));
#12042 = ( GEOMETRIC_REPRESENTATION_CONTEXT(2) 
PARAMETRIC_REPRESENTATION_CONTEXT() REPRESENTATION_CONTEXT('2D SPACE',''
  ) );
#12043 = PCURVE('',#4648,#12044);
#12044 = DEFINITIONAL_REPRESENTATION('',(#12045),#12048);
#12045 = B_SPLINE_CURVE_WITH_KNOTS('',1,(#12046,#12047),.UNSPECIFIED.,
  .F.,.F.,(2,2),(-5.999999999062E-07,2.4000006),
  .PIECEWISE_BEZIER_KNOTS.);
#12046 = CARTESIAN_POINT('',(7.576927342528,5.999999999062E-07));
#12047 = CARTESIAN_POINT('',(7.576927342528,-2.4000006));
#12048 = ( GEOMETRIC_REPRESENTATION_CONTEXT(2) 
PARAMETRIC_REPRESENTATION_CONTEXT() REPRESENTATION_CONTEXT('2D SPACE',''
  ) );
#12049 = ORIENTED_EDGE('',*,*,#4547,.F.);
#12050 = ORIENTED_EDGE('',*,*,#12051,.F.);
#12051 = EDGE_CURVE('',#9314,#4548,#12052,.T.);
#12052 = SURFACE_CURVE('',#12053,(#12057,#12064),.PCURVE_S1.);
#12053 = LINE('',#12054,#12055);
#12054 = CARTESIAN_POINT('',(-24.6,-18.,-64.4658048891));
#12055 = VECTOR('',#12056,1.);
#12056 = DIRECTION('',(0.,1.,0.));
#12057 = PCURVE('',#4566,#12058);
#12058 = DEFINITIONAL_REPRESENTATION('',(#12059),#12063);
#12059 = LINE('',#12060,#12061);
#12060 = CARTESIAN_POINT('',(3.506134986206,0.1));
#12061 = VECTOR('',#12062,1.);
#12062 = DIRECTION('',(0.,1.));
#12063 = ( GEOMETRIC_REPRESENTATION_CONTEXT(2) 
PARAMETRIC_REPRESENTATION_CONTEXT() REPRESENTATION_CONTEXT('2D SPACE',''
  ) );
#12064 = PCURVE('',#4594,#12065);
#12065 = DEFINITIONAL_REPRESENTATION('',(#12066),#12069);
#12066 = B_SPLINE_CURVE_WITH_KNOTS('',1,(#12067,#12068),.UNSPECIFIED.,
  .F.,.F.,(2,2),(-5.999999999062E-07,2.4000006),
  .PIECEWISE_BEZIER_KNOTS.);
#12067 = CARTESIAN_POINT('',(5.534195110896,5.999999999062E-07));
#12068 = CARTESIAN_POINT('',(5.534195110896,-2.4000006));
#12069 = ( GEOMETRIC_REPRESENTATION_CONTEXT(2) 
PARAMETRIC_REPRESENTATION_CONTEXT() REPRESENTATION_CONTEXT('2D SPACE',''
  ) );
#12070 = ORIENTED_EDGE('',*,*,#9313,.T.);
#12071 = ADVANCED_FACE('',(#12072),#4681,.F.);
#12072 = FACE_BOUND('',#12073,.F.);
#12073 = EDGE_LOOP('',(#12074,#12075,#12095,#12096));
#12074 = ORIENTED_EDGE('',*,*,#4662,.F.);
#12075 = ORIENTED_EDGE('',*,*,#12076,.F.);
#12076 = EDGE_CURVE('',#9409,#4663,#12077,.T.);
#12077 = SURFACE_CURVE('',#12078,(#12082,#12089),.PCURVE_S1.);
#12078 = LINE('',#12079,#12080);
#12079 = CARTESIAN_POINT('',(23.4,-18.,-64.91101601423));
#12080 = VECTOR('',#12081,1.);
#12081 = DIRECTION('',(0.,1.,0.));
#12082 = PCURVE('',#4681,#12083);
#12083 = DEFINITIONAL_REPRESENTATION('',(#12084),#12088);
#12084 = LINE('',#12085,#12086);
#12085 = CARTESIAN_POINT('',(2.795600252583,0.1));
#12086 = VECTOR('',#12087,1.);
#12087 = DIRECTION('',(0.,1.));
#12088 = ( GEOMETRIC_REPRESENTATION_CONTEXT(2) 
PARAMETRIC_REPRESENTATION_CONTEXT() REPRESENTATION_CONTEXT('2D SPACE',''
  ) );
#12089 = PCURVE('',#4709,#12090);
#12090 = DEFINITIONAL_REPRESENTATION('',(#12091),#12094);
#12091 = B_SPLINE_CURVE_WITH_KNOTS('',1,(#12092,#12093),.UNSPECIFIED.,
  .F.,.F.,(2,2),(-5.999999999062E-07,2.4000006),
  .PIECEWISE_BEZIER_KNOTS.);
#12092 = CARTESIAN_POINT('',(5.088983985767,5.999999999062E-07));
#12093 = CARTESIAN_POINT('',(5.088983985767,-2.4000006));
#12094 = ( GEOMETRIC_REPRESENTATION_CONTEXT(2) 
PARAMETRIC_REPRESENTATION_CONTEXT() REPRESENTATION_CONTEXT('2D SPACE',''
  ) );
#12095 = ORIENTED_EDGE('',*,*,#9408,.T.);
#12096 = ORIENTED_EDGE('',*,*,#12097,.T.);
#12097 = EDGE_CURVE('',#9411,#4665,#12098,.T.);
#12098 = SURFACE_CURVE('',#12099,(#12103,#12110),.PCURVE_S1.);
#12099 = LINE('',#12100,#12101);
#12100 = CARTESIAN_POINT('',(18.6,-18.,-66.44576735955));
#12101 = VECTOR('',#12102,1.);
#12102 = DIRECTION('',(0.,1.,0.));
#12103 = PCURVE('',#4681,#12104);
#12104 = DEFINITIONAL_REPRESENTATION('',(#12105),#12109);
#12105 = LINE('',#12106,#12107);
#12106 = CARTESIAN_POINT('',(2.8686511467,0.1));
#12107 = VECTOR('',#12108,1.);
#12108 = DIRECTION('',(0.,1.));
#12109 = ( GEOMETRIC_REPRESENTATION_CONTEXT(2) 
PARAMETRIC_REPRESENTATION_CONTEXT() REPRESENTATION_CONTEXT('2D SPACE',''
  ) );
#12110 = PCURVE('',#4763,#12111);
#12111 = DEFINITIONAL_REPRESENTATION('',(#12112),#12115);
#12112 = B_SPLINE_CURVE_WITH_KNOTS('',1,(#12113,#12114),.UNSPECIFIED.,
  .F.,.F.,(2,2),(-5.999999999062E-07,2.4000006),
  .PIECEWISE_BEZIER_KNOTS.);
#12113 = CARTESIAN_POINT('',(3.554232640446,5.999999999062E-07));
#12114 = CARTESIAN_POINT('',(3.554232640446,-2.4000006));
#12115 = ( GEOMETRIC_REPRESENTATION_CONTEXT(2) 
PARAMETRIC_REPRESENTATION_CONTEXT() REPRESENTATION_CONTEXT('2D SPACE',''
  ) );
#12116 = ADVANCED_FACE('',(#12117),#4796,.F.);
#12117 = FACE_BOUND('',#12118,.F.);
#12118 = EDGE_LOOP('',(#12119,#12139,#12140,#12160));
#12119 = ORIENTED_EDGE('',*,*,#12120,.T.);
#12120 = EDGE_CURVE('',#9506,#4780,#12121,.T.);
#12121 = SURFACE_CURVE('',#12122,(#12126,#12133),.PCURVE_S1.);
#12122 = LINE('',#12123,#12124);
#12123 = CARTESIAN_POINT('',(-23.4,-18.,-64.91101601423));
#12124 = VECTOR('',#12125,1.);
#12125 = DIRECTION('',(0.,1.,0.));
#12126 = PCURVE('',#4796,#12127);
#12127 = DEFINITIONAL_REPRESENTATION('',(#12128),#12132);
#12128 = LINE('',#12129,#12130);
#12129 = CARTESIAN_POINT('',(3.487585054596,0.1));
#12130 = VECTOR('',#12131,1.);
#12131 = DIRECTION('',(0.,1.));
#12132 = ( GEOMETRIC_REPRESENTATION_CONTEXT(2) 
PARAMETRIC_REPRESENTATION_CONTEXT() REPRESENTATION_CONTEXT('2D SPACE',''
  ) );
#12133 = PCURVE('',#4878,#12134);
#12134 = DEFINITIONAL_REPRESENTATION('',(#12135),#12138);
#12135 = B_SPLINE_CURVE_WITH_KNOTS('',1,(#12136,#12137),.UNSPECIFIED.,
  .F.,.F.,(2,2),(-5.999999999062E-07,2.4000006),
  .PIECEWISE_BEZIER_KNOTS.);
#12136 = CARTESIAN_POINT('',(5.088983985767,5.999999999062E-07));
#12137 = CARTESIAN_POINT('',(5.088983985767,-2.4000006));
#12138 = ( GEOMETRIC_REPRESENTATION_CONTEXT(2) 
PARAMETRIC_REPRESENTATION_CONTEXT() REPRESENTATION_CONTEXT('2D SPACE',''
  ) );
#12139 = ORIENTED_EDGE('',*,*,#4777,.F.);
#12140 = ORIENTED_EDGE('',*,*,#12141,.F.);
#12141 = EDGE_CURVE('',#9504,#4778,#12142,.T.);
#12142 = SURFACE_CURVE('',#12143,(#12147,#12154),.PCURVE_S1.);
#12143 = LINE('',#12144,#12145);
#12144 = CARTESIAN_POINT('',(-18.6,-18.,-66.44576735955));
#12145 = VECTOR('',#12146,1.);
#12146 = DIRECTION('',(0.,1.,0.));
#12147 = PCURVE('',#4796,#12148);
#12148 = DEFINITIONAL_REPRESENTATION('',(#12149),#12153);
#12149 = LINE('',#12150,#12151);
#12150 = CARTESIAN_POINT('',(3.414534160479,0.1));
#12151 = VECTOR('',#12152,1.);
#12152 = DIRECTION('',(0.,1.));
#12153 = ( GEOMETRIC_REPRESENTATION_CONTEXT(2) 
PARAMETRIC_REPRESENTATION_CONTEXT() REPRESENTATION_CONTEXT('2D SPACE',''
  ) );
#12154 = PCURVE('',#4824,#12155);
#12155 = DEFINITIONAL_REPRESENTATION('',(#12156),#12159);
#12156 = B_SPLINE_CURVE_WITH_KNOTS('',1,(#12157,#12158),.UNSPECIFIED.,
  .F.,.F.,(2,2),(-5.999999999062E-07,2.4000006),
  .PIECEWISE_BEZIER_KNOTS.);
#12157 = CARTESIAN_POINT('',(3.554232640446,5.999999999062E-07));
#12158 = CARTESIAN_POINT('',(3.554232640446,-2.4000006));
#12159 = ( GEOMETRIC_REPRESENTATION_CONTEXT(2) 
PARAMETRIC_REPRESENTATION_CONTEXT() REPRESENTATION_CONTEXT('2D SPACE',''
  ) );
#12160 = ORIENTED_EDGE('',*,*,#9503,.T.);
#12161 = ADVANCED_FACE('',(#12162),#4911,.F.);
#12162 = FACE_BOUND('',#12163,.F.);
#12163 = EDGE_LOOP('',(#12164,#12165,#12185,#12186));
#12164 = ORIENTED_EDGE('',*,*,#4892,.F.);
#12165 = ORIENTED_EDGE('',*,*,#12166,.F.);
#12166 = EDGE_CURVE('',#9599,#4893,#12167,.T.);
#12167 = SURFACE_CURVE('',#12168,(#12172,#12179),.PCURVE_S1.);
#12168 = LINE('',#12169,#12170);
#12169 = CARTESIAN_POINT('',(17.4,-18.,-66.77005316756));
#12170 = VECTOR('',#12171,1.);
#12171 = DIRECTION('',(0.,1.,0.));
#12172 = PCURVE('',#4911,#12173);
#12173 = DEFINITIONAL_REPRESENTATION('',(#12174),#12178);
#12174 = LINE('',#12175,#12176);
#12175 = CARTESIAN_POINT('',(2.88666653766,0.1));
#12176 = VECTOR('',#12177,1.);
#12177 = DIRECTION('',(0.,1.));
#12178 = ( GEOMETRIC_REPRESENTATION_CONTEXT(2) 
PARAMETRIC_REPRESENTATION_CONTEXT() REPRESENTATION_CONTEXT('2D SPACE',''
  ) );
#12179 = PCURVE('',#4939,#12180);
#12180 = DEFINITIONAL_REPRESENTATION('',(#12181),#12184);
#12181 = B_SPLINE_CURVE_WITH_KNOTS('',1,(#12182,#12183),.UNSPECIFIED.,
  .F.,.F.,(2,2),(-5.999999999062E-07,2.4000006),
  .PIECEWISE_BEZIER_KNOTS.);
#12182 = CARTESIAN_POINT('',(3.229946832431,5.999999999062E-07));
#12183 = CARTESIAN_POINT('',(3.229946832431,-2.4000006));
#12184 = ( GEOMETRIC_REPRESENTATION_CONTEXT(2) 
PARAMETRIC_REPRESENTATION_CONTEXT() REPRESENTATION_CONTEXT('2D SPACE',''
  ) );
#12185 = ORIENTED_EDGE('',*,*,#9598,.T.);
#12186 = ORIENTED_EDGE('',*,*,#12187,.T.);
#12187 = EDGE_CURVE('',#9601,#4895,#12188,.T.);
#12188 = SURFACE_CURVE('',#12189,(#12193,#12200),.PCURVE_S1.);
#12189 = LINE('',#12190,#12191);
#12190 = CARTESIAN_POINT('',(12.6,-18.,-67.83981132049));
#12191 = VECTOR('',#12192,1.);
#12192 = DIRECTION('',(0.,1.,0.));
#12193 = PCURVE('',#4911,#12194);
#12194 = DEFINITIONAL_REPRESENTATION('',(#12195),#12199);
#12195 = LINE('',#12196,#12197);
#12196 = CARTESIAN_POINT('',(2.957953543425,0.1));
#12197 = VECTOR('',#12198,1.);
#12198 = DIRECTION('',(0.,1.));
#12199 = ( GEOMETRIC_REPRESENTATION_CONTEXT(2) 
PARAMETRIC_REPRESENTATION_CONTEXT() REPRESENTATION_CONTEXT('2D SPACE',''
  ) );
#12200 = PCURVE('',#4993,#12201);
#12201 = DEFINITIONAL_REPRESENTATION('',(#12202),#12205);
#12202 = B_SPLINE_CURVE_WITH_KNOTS('',1,(#12203,#12204),.UNSPECIFIED.,
  .F.,.F.,(2,2),(-5.999999999062E-07,2.4000006),
  .PIECEWISE_BEZIER_KNOTS.);
#12203 = CARTESIAN_POINT('',(2.160188679508,5.999999999062E-07));
#12204 = CARTESIAN_POINT('',(2.160188679508,-2.4000006));
#12205 = ( GEOMETRIC_REPRESENTATION_CONTEXT(2) 
PARAMETRIC_REPRESENTATION_CONTEXT() REPRESENTATION_CONTEXT('2D SPACE',''
  ) );
#12206 = ADVANCED_FACE('',(#12207),#5026,.F.);
#12207 = FACE_BOUND('',#12208,.F.);
#12208 = EDGE_LOOP('',(#12209,#12229,#12230,#12250));
#12209 = ORIENTED_EDGE('',*,*,#12210,.T.);
#12210 = EDGE_CURVE('',#9696,#5010,#12211,.T.);
#12211 = SURFACE_CURVE('',#12212,(#12216,#12223),.PCURVE_S1.);
#12212 = LINE('',#12213,#12214);
#12213 = CARTESIAN_POINT('',(-17.4,-18.,-66.77005316756));
#12214 = VECTOR('',#12215,1.);
#12215 = DIRECTION('',(0.,1.,0.));
#12216 = PCURVE('',#5026,#12217);
#12217 = DEFINITIONAL_REPRESENTATION('',(#12218),#12222);
#12218 = LINE('',#12219,#12220);
#12219 = CARTESIAN_POINT('',(3.39651876952,0.1));
#12220 = VECTOR('',#12221,1.);
#12221 = DIRECTION('',(0.,1.));
#12222 = ( GEOMETRIC_REPRESENTATION_CONTEXT(2) 
PARAMETRIC_REPRESENTATION_CONTEXT() REPRESENTATION_CONTEXT('2D SPACE',''
  ) );
#12223 = PCURVE('',#5108,#12224);
#12224 = DEFINITIONAL_REPRESENTATION('',(#12225),#12228);
#12225 = B_SPLINE_CURVE_WITH_KNOTS('',1,(#12226,#12227),.UNSPECIFIED.,
  .F.,.F.,(2,2),(-5.999999999062E-07,2.4000006),
  .PIECEWISE_BEZIER_KNOTS.);
#12226 = CARTESIAN_POINT('',(3.229946832431,5.999999999062E-07));
#12227 = CARTESIAN_POINT('',(3.229946832431,-2.4000006));
#12228 = ( GEOMETRIC_REPRESENTATION_CONTEXT(2) 
PARAMETRIC_REPRESENTATION_CONTEXT() REPRESENTATION_CONTEXT('2D SPACE',''
  ) );
#12229 = ORIENTED_EDGE('',*,*,#5007,.F.);
#12230 = ORIENTED_EDGE('',*,*,#12231,.F.);
#12231 = EDGE_CURVE('',#9694,#5008,#12232,.T.);
#12232 = SURFACE_CURVE('',#12233,(#12237,#12244),.PCURVE_S1.);
#12233 = LINE('',#12234,#12235);
#12234 = CARTESIAN_POINT('',(-12.6,-18.,-67.83981132049));
#12235 = VECTOR('',#12236,1.);
#12236 = DIRECTION('',(0.,1.,0.));
#12237 = PCURVE('',#5026,#12238);
#12238 = DEFINITIONAL_REPRESENTATION('',(#12239),#12243);
#12239 = LINE('',#12240,#12241);
#12240 = CARTESIAN_POINT('',(3.325231763754,0.1));
#12241 = VECTOR('',#12242,1.);
#12242 = DIRECTION('',(0.,1.));
#12243 = ( GEOMETRIC_REPRESENTATION_CONTEXT(2) 
PARAMETRIC_REPRESENTATION_CONTEXT() REPRESENTATION_CONTEXT('2D SPACE',''
  ) );
#12244 = PCURVE('',#5054,#12245);
#12245 = DEFINITIONAL_REPRESENTATION('',(#12246),#12249);
#12246 = B_SPLINE_CURVE_WITH_KNOTS('',1,(#12247,#12248),.UNSPECIFIED.,
  .F.,.F.,(2,2),(-5.999999999062E-07,2.4000006),
  .PIECEWISE_BEZIER_KNOTS.);
#12247 = CARTESIAN_POINT('',(2.160188679508,5.999999999062E-07));
#12248 = CARTESIAN_POINT('',(2.160188679508,-2.4000006));
#12249 = ( GEOMETRIC_REPRESENTATION_CONTEXT(2) 
PARAMETRIC_REPRESENTATION_CONTEXT() REPRESENTATION_CONTEXT('2D SPACE',''
  ) );
#12250 = ORIENTED_EDGE('',*,*,#9693,.T.);
#12251 = ADVANCED_FACE('',(#12252),#5141,.F.);
#12252 = FACE_BOUND('',#12253,.F.);
#12253 = EDGE_LOOP('',(#12254,#12255,#12275,#12276));
#12254 = ORIENTED_EDGE('',*,*,#5122,.F.);
#12255 = ORIENTED_EDGE('',*,*,#12256,.F.);
#12256 = EDGE_CURVE('',#9789,#5123,#12257,.T.);
#12257 = SURFACE_CURVE('',#12258,(#12262,#12269),.PCURVE_S1.);
#12258 = LINE('',#12259,#12260);
#12259 = CARTESIAN_POINT('',(11.4,-18.,-68.05174501803));
#12260 = VECTOR('',#12261,1.);
#12261 = DIRECTION('',(0.,1.,0.));
#12262 = PCURVE('',#5141,#12263);
#12263 = DEFINITIONAL_REPRESENTATION('',(#12264),#12268);
#12264 = LINE('',#12265,#12266);
#12265 = CARTESIAN_POINT('',(2.975614225843,0.1));
#12266 = VECTOR('',#12267,1.);
#12267 = DIRECTION('',(0.,1.));
#12268 = ( GEOMETRIC_REPRESENTATION_CONTEXT(2) 
PARAMETRIC_REPRESENTATION_CONTEXT() REPRESENTATION_CONTEXT('2D SPACE',''
  ) );
#12269 = PCURVE('',#5169,#12270);
#12270 = DEFINITIONAL_REPRESENTATION('',(#12271),#12274);
#12271 = B_SPLINE_CURVE_WITH_KNOTS('',1,(#12272,#12273),.UNSPECIFIED.,
  .F.,.F.,(2,2),(-5.999999999062E-07,2.4000006),
  .PIECEWISE_BEZIER_KNOTS.);
#12272 = CARTESIAN_POINT('',(1.948254981962,5.999999999062E-07));
#12273 = CARTESIAN_POINT('',(1.948254981962,-2.4000006));
#12274 = ( GEOMETRIC_REPRESENTATION_CONTEXT(2) 
PARAMETRIC_REPRESENTATION_CONTEXT() REPRESENTATION_CONTEXT('2D SPACE',''
  ) );
#12275 = ORIENTED_EDGE('',*,*,#9788,.T.);
#12276 = ORIENTED_EDGE('',*,*,#12277,.T.);
#12277 = EDGE_CURVE('',#9791,#5125,#12278,.T.);
#12278 = SURFACE_CURVE('',#12279,(#12283,#12290),.PCURVE_S1.);
#12279 = LINE('',#12280,#12281);
#12280 = CARTESIAN_POINT('',(6.6,-18.,-68.68362250202));
#12281 = VECTOR('',#12282,1.);
#12282 = DIRECTION('',(0.,1.,0.));
#12283 = PCURVE('',#5141,#12284);
#12284 = DEFINITIONAL_REPRESENTATION('',(#12285),#12289);
#12285 = LINE('',#12286,#12287);
#12286 = CARTESIAN_POINT('',(3.045794016837,0.1));
#12287 = VECTOR('',#12288,1.);
#12288 = DIRECTION('',(0.,1.));
#12289 = ( GEOMETRIC_REPRESENTATION_CONTEXT(2) 
PARAMETRIC_REPRESENTATION_CONTEXT() REPRESENTATION_CONTEXT('2D SPACE',''
  ) );
#12290 = PCURVE('',#5223,#12291);
#12291 = DEFINITIONAL_REPRESENTATION('',(#12292),#12295);
#12292 = B_SPLINE_CURVE_WITH_KNOTS('',1,(#12293,#12294),.UNSPECIFIED.,
  .F.,.F.,(2,2),(-5.999999999062E-07,2.4000006),
  .PIECEWISE_BEZIER_KNOTS.);
#12293 = CARTESIAN_POINT('',(1.31637749798,5.999999999062E-07));
#12294 = CARTESIAN_POINT('',(1.31637749798,-2.4000006));
#12295 = ( GEOMETRIC_REPRESENTATION_CONTEXT(2) 
PARAMETRIC_REPRESENTATION_CONTEXT() REPRESENTATION_CONTEXT('2D SPACE',''
  ) );
#12296 = ADVANCED_FACE('',(#12297),#5256,.F.);
#12297 = FACE_BOUND('',#12298,.F.);
#12298 = EDGE_LOOP('',(#12299,#12319,#12320,#12340));
#12299 = ORIENTED_EDGE('',*,*,#12300,.T.);
#12300 = EDGE_CURVE('',#9886,#5240,#12301,.T.);
#12301 = SURFACE_CURVE('',#12302,(#12306,#12313),.PCURVE_S1.);
#12302 = LINE('',#12303,#12304);
#12303 = CARTESIAN_POINT('',(-11.4,-18.,-68.05174501803));
#12304 = VECTOR('',#12305,1.);
#12305 = DIRECTION('',(0.,1.,0.));
#12306 = PCURVE('',#5256,#12307);
#12307 = DEFINITIONAL_REPRESENTATION('',(#12308),#12312);
#12308 = LINE('',#12309,#12310);
#12309 = CARTESIAN_POINT('',(3.307571081337,0.1));
#12310 = VECTOR('',#12311,1.);
#12311 = DIRECTION('',(0.,1.));
#12312 = ( GEOMETRIC_REPRESENTATION_CONTEXT(2) 
PARAMETRIC_REPRESENTATION_CONTEXT() REPRESENTATION_CONTEXT('2D SPACE',''
  ) );
#12313 = PCURVE('',#5338,#12314);
#12314 = DEFINITIONAL_REPRESENTATION('',(#12315),#12318);
#12315 = B_SPLINE_CURVE_WITH_KNOTS('',1,(#12316,#12317),.UNSPECIFIED.,
  .F.,.F.,(2,2),(-5.999999999062E-07,2.4000006),
  .PIECEWISE_BEZIER_KNOTS.);
#12316 = CARTESIAN_POINT('',(1.948254981962,5.999999999062E-07));
#12317 = CARTESIAN_POINT('',(1.948254981962,-2.4000006));
#12318 = ( GEOMETRIC_REPRESENTATION_CONTEXT(2) 
PARAMETRIC_REPRESENTATION_CONTEXT() REPRESENTATION_CONTEXT('2D SPACE',''
  ) );
#12319 = ORIENTED_EDGE('',*,*,#5237,.F.);
#12320 = ORIENTED_EDGE('',*,*,#12321,.F.);
#12321 = EDGE_CURVE('',#9884,#5238,#12322,.T.);
#12322 = SURFACE_CURVE('',#12323,(#12327,#12334),.PCURVE_S1.);
#12323 = LINE('',#12324,#12325);
#12324 = CARTESIAN_POINT('',(-6.6,-18.,-68.68362250202));
#12325 = VECTOR('',#12326,1.);
#12326 = DIRECTION('',(0.,1.,0.));
#12327 = PCURVE('',#5256,#12328);
#12328 = DEFINITIONAL_REPRESENTATION('',(#12329),#12333);
#12329 = LINE('',#12330,#12331);
#12330 = CARTESIAN_POINT('',(3.237391290342,0.1));
#12331 = VECTOR('',#12332,1.);
#12332 = DIRECTION('',(0.,1.));
#12333 = ( GEOMETRIC_REPRESENTATION_CONTEXT(2) 
PARAMETRIC_REPRESENTATION_CONTEXT() REPRESENTATION_CONTEXT('2D SPACE',''
  ) );
#12334 = PCURVE('',#5284,#12335);
#12335 = DEFINITIONAL_REPRESENTATION('',(#12336),#12339);
#12336 = B_SPLINE_CURVE_WITH_KNOTS('',1,(#12337,#12338),.UNSPECIFIED.,
  .F.,.F.,(2,2),(-5.999999999062E-07,2.4000006),
  .PIECEWISE_BEZIER_KNOTS.);
#12337 = CARTESIAN_POINT('',(1.31637749798,5.999999999062E-07));
#12338 = CARTESIAN_POINT('',(1.31637749798,-2.4000006));
#12339 = ( GEOMETRIC_REPRESENTATION_CONTEXT(2) 
PARAMETRIC_REPRESENTATION_CONTEXT() REPRESENTATION_CONTEXT('2D SPACE',''
  ) );
#12340 = ORIENTED_EDGE('',*,*,#9883,.T.);
#12341 = ADVANCED_FACE('',(#12342),#5371,.F.);
#12342 = FACE_BOUND('',#12343,.F.);
#12343 = EDGE_LOOP('',(#12344,#12345,#12365,#12366));
#12344 = ORIENTED_EDGE('',*,*,#5352,.F.);
#12345 = ORIENTED_EDGE('',*,*,#12346,.F.);
#12346 = EDGE_CURVE('',#9979,#5353,#12347,.T.);
#12347 = SURFACE_CURVE('',#12348,(#12352,#12359),.PCURVE_S1.);
#12348 = LINE('',#12349,#12350);
#12349 = CARTESIAN_POINT('',(5.4,-18.,-68.78837111023));
#12350 = VECTOR('',#12351,1.);
#12351 = DIRECTION('',(0.,1.,0.));
#12352 = PCURVE('',#5371,#12353);
#12353 = DEFINITIONAL_REPRESENTATION('',(#12354),#12358);
#12354 = LINE('',#12355,#12356);
#12355 = CARTESIAN_POINT('',(3.063251674813,0.1));
#12356 = VECTOR('',#12357,1.);
#12357 = DIRECTION('',(0.,1.));
#12358 = ( GEOMETRIC_REPRESENTATION_CONTEXT(2) 
PARAMETRIC_REPRESENTATION_CONTEXT() REPRESENTATION_CONTEXT('2D SPACE',''
  ) );
#12359 = PCURVE('',#5399,#12360);
#12360 = DEFINITIONAL_REPRESENTATION('',(#12361),#12364);
#12361 = B_SPLINE_CURVE_WITH_KNOTS('',1,(#12362,#12363),.UNSPECIFIED.,
  .F.,.F.,(2,2),(-5.999999999062E-07,2.4000006),
  .PIECEWISE_BEZIER_KNOTS.);
#12362 = CARTESIAN_POINT('',(1.211628889761,5.999999999062E-07));
#12363 = CARTESIAN_POINT('',(1.211628889761,-2.4000006));
#12364 = ( GEOMETRIC_REPRESENTATION_CONTEXT(2) 
PARAMETRIC_REPRESENTATION_CONTEXT() REPRESENTATION_CONTEXT('2D SPACE',''
  ) );
#12365 = ORIENTED_EDGE('',*,*,#9978,.T.);
#12366 = ORIENTED_EDGE('',*,*,#12367,.T.);
#12367 = EDGE_CURVE('',#9981,#5355,#12368,.T.);
#12368 = SURFACE_CURVE('',#12369,(#12373,#12380),.PCURVE_S1.);
#12369 = LINE('',#12370,#12371);
#12370 = CARTESIAN_POINT('',(0.6,-18.,-68.99739125503));
#12371 = VECTOR('',#12372,1.);
#12372 = DIRECTION('',(0.,1.,0.));
#12373 = PCURVE('',#5371,#12374);
#12374 = DEFINITIONAL_REPRESENTATION('',(#12375),#12379);
#12375 = LINE('',#12376,#12377);
#12376 = CARTESIAN_POINT('',(3.132896891826,0.1));
#12377 = VECTOR('',#12378,1.);
#12378 = DIRECTION('',(0.,1.));
#12379 = ( GEOMETRIC_REPRESENTATION_CONTEXT(2) 
PARAMETRIC_REPRESENTATION_CONTEXT() REPRESENTATION_CONTEXT('2D SPACE',''
  ) );
#12380 = PCURVE('',#5453,#12381);
#12381 = DEFINITIONAL_REPRESENTATION('',(#12382),#12385);
#12382 = B_SPLINE_CURVE_WITH_KNOTS('',1,(#12383,#12384),.UNSPECIFIED.,
  .F.,.F.,(2,2),(-5.999999999062E-07,2.4000006),
  .PIECEWISE_BEZIER_KNOTS.);
#12383 = CARTESIAN_POINT('',(1.002608744968,5.999999999062E-07));
#12384 = CARTESIAN_POINT('',(1.002608744968,-2.4000006));
#12385 = ( GEOMETRIC_REPRESENTATION_CONTEXT(2) 
PARAMETRIC_REPRESENTATION_CONTEXT() REPRESENTATION_CONTEXT('2D SPACE',''
  ) );
#12386 = ADVANCED_FACE('',(#12387),#5486,.F.);
#12387 = FACE_BOUND('',#12388,.F.);
#12388 = EDGE_LOOP('',(#12389,#12409,#12410,#12430));
#12389 = ORIENTED_EDGE('',*,*,#12390,.T.);
#12390 = EDGE_CURVE('',#10076,#5470,#12391,.T.);
#12391 = SURFACE_CURVE('',#12392,(#12396,#12403),.PCURVE_S1.);
#12392 = LINE('',#12393,#12394);
#12393 = CARTESIAN_POINT('',(-5.4,-18.,-68.78837111023));
#12394 = VECTOR('',#12395,1.);
#12395 = DIRECTION('',(0.,1.,0.));
#12396 = PCURVE('',#5486,#12397);
#12397 = DEFINITIONAL_REPRESENTATION('',(#12398),#12402);
#12398 = LINE('',#12399,#12400);
#12399 = CARTESIAN_POINT('',(3.219933632367,0.1));
#12400 = VECTOR('',#12401,1.);
#12401 = DIRECTION('',(0.,1.));
#12402 = ( GEOMETRIC_REPRESENTATION_CONTEXT(2) 
PARAMETRIC_REPRESENTATION_CONTEXT() REPRESENTATION_CONTEXT('2D SPACE',''
  ) );
#12403 = PCURVE('',#5568,#12404);
#12404 = DEFINITIONAL_REPRESENTATION('',(#12405),#12408);
#12405 = B_SPLINE_CURVE_WITH_KNOTS('',1,(#12406,#12407),.UNSPECIFIED.,
  .F.,.F.,(2,2),(-5.999999999062E-07,2.4000006),
  .PIECEWISE_BEZIER_KNOTS.);
#12406 = CARTESIAN_POINT('',(1.211628889761,5.999999999062E-07));
#12407 = CARTESIAN_POINT('',(1.211628889761,-2.4000006));
#12408 = ( GEOMETRIC_REPRESENTATION_CONTEXT(2) 
PARAMETRIC_REPRESENTATION_CONTEXT() REPRESENTATION_CONTEXT('2D SPACE',''
  ) );
#12409 = ORIENTED_EDGE('',*,*,#5467,.F.);
#12410 = ORIENTED_EDGE('',*,*,#12411,.F.);
#12411 = EDGE_CURVE('',#10074,#5468,#12412,.T.);
#12412 = SURFACE_CURVE('',#12413,(#12417,#12424),.PCURVE_S1.);
#12413 = LINE('',#12414,#12415);
#12414 = CARTESIAN_POINT('',(-0.6,-18.,-68.99739125503));
#12415 = VECTOR('',#12416,1.);
#12416 = DIRECTION('',(0.,1.,0.));
#12417 = PCURVE('',#5486,#12418);
#12418 = DEFINITIONAL_REPRESENTATION('',(#12419),#12423);
#12419 = LINE('',#12420,#12421);
#12420 = CARTESIAN_POINT('',(3.150288415353,0.1));
#12421 = VECTOR('',#12422,1.);
#12422 = DIRECTION('',(0.,1.));
#12423 = ( GEOMETRIC_REPRESENTATION_CONTEXT(2) 
PARAMETRIC_REPRESENTATION_CONTEXT() REPRESENTATION_CONTEXT('2D SPACE',''
  ) );
#12424 = PCURVE('',#5514,#12425);
#12425 = DEFINITIONAL_REPRESENTATION('',(#12426),#12429);
#12426 = B_SPLINE_CURVE_WITH_KNOTS('',1,(#12427,#12428),.UNSPECIFIED.,
  .F.,.F.,(2,2),(-5.999999999062E-07,2.4000006),
  .PIECEWISE_BEZIER_KNOTS.);
#12427 = CARTESIAN_POINT('',(1.002608744968,5.999999999062E-07));
#12428 = CARTESIAN_POINT('',(1.002608744968,-2.4000006));
#12429 = ( GEOMETRIC_REPRESENTATION_CONTEXT(2) 
PARAMETRIC_REPRESENTATION_CONTEXT() REPRESENTATION_CONTEXT('2D SPACE',''
  ) );
#12430 = ORIENTED_EDGE('',*,*,#10073,.T.);
#12431 = ADVANCED_FACE('',(#12432),#5599,.F.);
#12432 = FACE_BOUND('',#12433,.F.);
#12433 = EDGE_LOOP('',(#12434,#12435,#12456,#12457));
#12434 = ORIENTED_EDGE('',*,*,#5582,.F.);
#12435 = ORIENTED_EDGE('',*,*,#12436,.F.);
#12436 = EDGE_CURVE('',#10169,#5583,#12437,.T.);
#12437 = SEAM_CURVE('',#12438,(#12442,#12449),.PCURVE_S1.);
#12438 = LINE('',#12439,#12440);
#12439 = CARTESIAN_POINT('',(-2.694222958124E-16,-18.1,73.1));
#12440 = VECTOR('',#12441,1.);
#12441 = DIRECTION('',(0.,1.,0.));
#12442 = PCURVE('',#5599,#12443);
#12443 = DEFINITIONAL_REPRESENTATION('',(#12444),#12448);
#12444 = LINE('',#12445,#12446);
#12445 = CARTESIAN_POINT('',(6.28318530718,-0.));
#12446 = VECTOR('',#12447,1.);
#12447 = DIRECTION('',(0.,1.));
#12448 = ( GEOMETRIC_REPRESENTATION_CONTEXT(2) 
PARAMETRIC_REPRESENTATION_CONTEXT() REPRESENTATION_CONTEXT('2D SPACE',''
  ) );
#12449 = PCURVE('',#5599,#12450);
#12450 = DEFINITIONAL_REPRESENTATION('',(#12451),#12455);
#12451 = LINE('',#12452,#12453);
#12452 = CARTESIAN_POINT('',(0.,-0.));
#12453 = VECTOR('',#12454,1.);
#12454 = DIRECTION('',(0.,1.));
#12455 = ( GEOMETRIC_REPRESENTATION_CONTEXT(2) 
PARAMETRIC_REPRESENTATION_CONTEXT() REPRESENTATION_CONTEXT('2D SPACE',''
  ) );
#12456 = ORIENTED_EDGE('',*,*,#10168,.T.);
#12457 = ORIENTED_EDGE('',*,*,#12436,.T.);
#12458 = ADVANCED_FACE('',(#12459),#5630,.F.);
#12459 = FACE_BOUND('',#12460,.F.);
#12460 = EDGE_LOOP('',(#12461,#12462,#12483,#12484));
#12461 = ORIENTED_EDGE('',*,*,#5613,.F.);
#12462 = ORIENTED_EDGE('',*,*,#12463,.F.);
#12463 = EDGE_CURVE('',#10195,#5614,#12464,.T.);
#12464 = SEAM_CURVE('',#12465,(#12469,#12476),.PCURVE_S1.);
#12465 = LINE('',#12466,#12467);
#12466 = CARTESIAN_POINT('',(72.,-18.1,1.1));
#12467 = VECTOR('',#12468,1.);
#12468 = DIRECTION('',(0.,1.,0.));
#12469 = PCURVE('',#5630,#12470);
#12470 = DEFINITIONAL_REPRESENTATION('',(#12471),#12475);
#12471 = LINE('',#12472,#12473);
#12472 = CARTESIAN_POINT('',(6.28318530718,-0.));
#12473 = VECTOR('',#12474,1.);
#12474 = DIRECTION('',(0.,1.));
#12475 = ( GEOMETRIC_REPRESENTATION_CONTEXT(2) 
PARAMETRIC_REPRESENTATION_CONTEXT() REPRESENTATION_CONTEXT('2D SPACE',''
  ) );
#12476 = PCURVE('',#5630,#12477);
#12477 = DEFINITIONAL_REPRESENTATION('',(#12478),#12482);
#12478 = LINE('',#12479,#12480);
#12479 = CARTESIAN_POINT('',(0.,-0.));
#12480 = VECTOR('',#12481,1.);
#12481 = DIRECTION('',(0.,1.));
#12482 = ( GEOMETRIC_REPRESENTATION_CONTEXT(2) 
PARAMETRIC_REPRESENTATION_CONTEXT() REPRESENTATION_CONTEXT('2D SPACE',''
  ) );
#12483 = ORIENTED_EDGE('',*,*,#10194,.T.);
#12484 = ORIENTED_EDGE('',*,*,#12463,.T.);
#12485 = ADVANCED_FACE('',(#12486),#221,.T.);
#12486 = FACE_BOUND('',#12487,.T.);
#12487 = EDGE_LOOP('',(#12488,#12489,#12508,#12509));
#12488 = ORIENTED_EDGE('',*,*,#5726,.F.);
#12489 = ORIENTED_EDGE('',*,*,#12490,.F.);
#12490 = EDGE_CURVE('',#206,#5727,#12491,.T.);
#12491 = SURFACE_CURVE('',#12492,(#12496,#12502),.PCURVE_S1.);
#12492 = LINE('',#12493,#12494);
#12493 = CARTESIAN_POINT('',(0.6,-18.,0.6));
#12494 = VECTOR('',#12495,1.);
#12495 = DIRECTION('',(0.,-1.,0.));
#12496 = PCURVE('',#221,#12497);
#12497 = DEFINITIONAL_REPRESENTATION('',(#12498),#12501);
#12498 = B_SPLINE_CURVE_WITH_KNOTS('',1,(#12499,#12500),.UNSPECIFIED.,
  .F.,.F.,(2,2),(-2.4,0.),.PIECEWISE_BEZIER_KNOTS.);
#12499 = CARTESIAN_POINT('',(70.6,-2.4));
#12500 = CARTESIAN_POINT('',(70.6,0.));
#12501 = ( GEOMETRIC_REPRESENTATION_CONTEXT(2) 
PARAMETRIC_REPRESENTATION_CONTEXT() REPRESENTATION_CONTEXT('2D SPACE',''
  ) );
#12502 = PCURVE('',#249,#12503);
#12503 = DEFINITIONAL_REPRESENTATION('',(#12504),#12507);
#12504 = B_SPLINE_CURVE_WITH_KNOTS('',1,(#12505,#12506),.UNSPECIFIED.,
  .F.,.F.,(2,2),(-2.4,0.),.PIECEWISE_BEZIER_KNOTS.);
#12505 = CARTESIAN_POINT('',(70.6,2.4));
#12506 = CARTESIAN_POINT('',(70.6,0.));
#12507 = ( GEOMETRIC_REPRESENTATION_CONTEXT(2) 
PARAMETRIC_REPRESENTATION_CONTEXT() REPRESENTATION_CONTEXT('2D SPACE',''
  ) );
#12508 = ORIENTED_EDGE('',*,*,#205,.T.);
#12509 = ORIENTED_EDGE('',*,*,#10276,.F.);
#12510 = ADVANCED_FACE('',(#12511),#390,.F.);
#12511 = FACE_BOUND('',#12512,.F.);
#12512 = EDGE_LOOP('',(#12513,#12514,#12533,#12534));
#12513 = ORIENTED_EDGE('',*,*,#5867,.F.);
#12514 = ORIENTED_EDGE('',*,*,#12515,.F.);
#12515 = EDGE_CURVE('',#349,#5845,#12516,.T.);
#12516 = SURFACE_CURVE('',#12517,(#12521,#12527),.PCURVE_S1.);
#12517 = LINE('',#12518,#12519);
#12518 = CARTESIAN_POINT('',(-0.6,-18.,0.6));
#12519 = VECTOR('',#12520,1.);
#12520 = DIRECTION('',(0.,-1.,0.));
#12521 = PCURVE('',#390,#12522);
#12522 = DEFINITIONAL_REPRESENTATION('',(#12523),#12526);
#12523 = B_SPLINE_CURVE_WITH_KNOTS('',1,(#12524,#12525),.UNSPECIFIED.,
  .F.,.F.,(2,2),(-2.4,0.),.PIECEWISE_BEZIER_KNOTS.);
#12524 = CARTESIAN_POINT('',(70.6,-2.4));
#12525 = CARTESIAN_POINT('',(70.6,0.));
#12526 = ( GEOMETRIC_REPRESENTATION_CONTEXT(2) 
PARAMETRIC_REPRESENTATION_CONTEXT() REPRESENTATION_CONTEXT('2D SPACE',''
  ) );
#12527 = PCURVE('',#364,#12528);
#12528 = DEFINITIONAL_REPRESENTATION('',(#12529),#12532);
#12529 = B_SPLINE_CURVE_WITH_KNOTS('',1,(#12530,#12531),.UNSPECIFIED.,
  .F.,.F.,(2,2),(-2.4,0.),.PIECEWISE_BEZIER_KNOTS.);
#12530 = CARTESIAN_POINT('',(69.4,2.4));
#12531 = CARTESIAN_POINT('',(69.4,0.));
#12532 = ( GEOMETRIC_REPRESENTATION_CONTEXT(2) 
PARAMETRIC_REPRESENTATION_CONTEXT() REPRESENTATION_CONTEXT('2D SPACE',''
  ) );
#12533 = ORIENTED_EDGE('',*,*,#376,.T.);
#12534 = ORIENTED_EDGE('',*,*,#10320,.F.);
#12535 = ADVANCED_FACE('',(#12536),#275,.F.);
#12536 = FACE_BOUND('',#12537,.F.);
#12537 = EDGE_LOOP('',(#12538,#12539,#12558,#12559));
#12538 = ORIENTED_EDGE('',*,*,#5772,.F.);
#12539 = ORIENTED_EDGE('',*,*,#12540,.F.);
#12540 = EDGE_CURVE('',#234,#5750,#12541,.T.);
#12541 = SURFACE_CURVE('',#12542,(#12546,#12552),.PCURVE_S1.);
#12542 = LINE('',#12543,#12544);
#12543 = CARTESIAN_POINT('',(5.4,-18.,0.6));
#12544 = VECTOR('',#12545,1.);
#12545 = DIRECTION('',(0.,-1.,0.));
#12546 = PCURVE('',#275,#12547);
#12547 = DEFINITIONAL_REPRESENTATION('',(#12548),#12551);
#12548 = B_SPLINE_CURVE_WITH_KNOTS('',1,(#12549,#12550),.UNSPECIFIED.,
  .F.,.F.,(2,2),(-2.4,0.),.PIECEWISE_BEZIER_KNOTS.);
#12549 = CARTESIAN_POINT('',(70.6,-2.4));
#12550 = CARTESIAN_POINT('',(70.6,0.));
#12551 = ( GEOMETRIC_REPRESENTATION_CONTEXT(2) 
PARAMETRIC_REPRESENTATION_CONTEXT() REPRESENTATION_CONTEXT('2D SPACE',''
  ) );
#12552 = PCURVE('',#249,#12553);
#12553 = DEFINITIONAL_REPRESENTATION('',(#12554),#12557);
#12554 = B_SPLINE_CURVE_WITH_KNOTS('',1,(#12555,#12556),.UNSPECIFIED.,
  .F.,.F.,(2,2),(-2.4,0.),.PIECEWISE_BEZIER_KNOTS.);
#12555 = CARTESIAN_POINT('',(75.4,2.4));
#12556 = CARTESIAN_POINT('',(75.4,0.));
#12557 = ( GEOMETRIC_REPRESENTATION_CONTEXT(2) 
PARAMETRIC_REPRESENTATION_CONTEXT() REPRESENTATION_CONTEXT('2D SPACE',''
  ) );
#12558 = ORIENTED_EDGE('',*,*,#261,.T.);
#12559 = ORIENTED_EDGE('',*,*,#10297,.F.);
#12560 = ADVANCED_FACE('',(#12561),#336,.T.);
#12561 = FACE_BOUND('',#12562,.T.);
#12562 = EDGE_LOOP('',(#12563,#12564,#12583,#12584));
#12563 = ORIENTED_EDGE('',*,*,#5821,.F.);
#12564 = ORIENTED_EDGE('',*,*,#12565,.F.);
#12565 = EDGE_CURVE('',#321,#5822,#12566,.T.);
#12566 = SURFACE_CURVE('',#12567,(#12571,#12577),.PCURVE_S1.);
#12567 = LINE('',#12568,#12569);
#12568 = CARTESIAN_POINT('',(-5.4,-18.,0.6));
#12569 = VECTOR('',#12570,1.);
#12570 = DIRECTION('',(0.,-1.,0.));
#12571 = PCURVE('',#336,#12572);
#12572 = DEFINITIONAL_REPRESENTATION('',(#12573),#12576);
#12573 = B_SPLINE_CURVE_WITH_KNOTS('',1,(#12574,#12575),.UNSPECIFIED.,
  .F.,.F.,(2,2),(-2.4,0.),.PIECEWISE_BEZIER_KNOTS.);
#12574 = CARTESIAN_POINT('',(70.6,-2.4));
#12575 = CARTESIAN_POINT('',(70.6,0.));
#12576 = ( GEOMETRIC_REPRESENTATION_CONTEXT(2) 
PARAMETRIC_REPRESENTATION_CONTEXT() REPRESENTATION_CONTEXT('2D SPACE',''
  ) );
#12577 = PCURVE('',#364,#12578);
#12578 = DEFINITIONAL_REPRESENTATION('',(#12579),#12582);
#12579 = B_SPLINE_CURVE_WITH_KNOTS('',1,(#12580,#12581),.UNSPECIFIED.,
  .F.,.F.,(2,2),(-2.4,0.),.PIECEWISE_BEZIER_KNOTS.);
#12580 = CARTESIAN_POINT('',(64.6,2.4));
#12581 = CARTESIAN_POINT('',(64.6,0.));
#12582 = ( GEOMETRIC_REPRESENTATION_CONTEXT(2) 
PARAMETRIC_REPRESENTATION_CONTEXT() REPRESENTATION_CONTEXT('2D SPACE',''
  ) );
#12583 = ORIENTED_EDGE('',*,*,#320,.T.);
#12584 = ORIENTED_EDGE('',*,*,#10341,.F.);
#12585 = ADVANCED_FACE('',(#12586),#451,.T.);
#12586 = FACE_BOUND('',#12587,.T.);
#12587 = EDGE_LOOP('',(#12588,#12589,#12608,#12609));
#12588 = ORIENTED_EDGE('',*,*,#5916,.F.);
#12589 = ORIENTED_EDGE('',*,*,#12590,.F.);
#12590 = EDGE_CURVE('',#436,#5917,#12591,.T.);
#12591 = SURFACE_CURVE('',#12592,(#12596,#12602),.PCURVE_S1.);
#12592 = LINE('',#12593,#12594);
#12593 = CARTESIAN_POINT('',(6.6,-18.,0.6));
#12594 = VECTOR('',#12595,1.);
#12595 = DIRECTION('',(0.,-1.,0.));
#12596 = PCURVE('',#451,#12597);
#12597 = DEFINITIONAL_REPRESENTATION('',(#12598),#12601);
#12598 = B_SPLINE_CURVE_WITH_KNOTS('',1,(#12599,#12600),.UNSPECIFIED.,
  .F.,.F.,(2,2),(-2.4,0.),.PIECEWISE_BEZIER_KNOTS.);
#12599 = CARTESIAN_POINT('',(70.6,-2.4));
#12600 = CARTESIAN_POINT('',(70.6,0.));
#12601 = ( GEOMETRIC_REPRESENTATION_CONTEXT(2) 
PARAMETRIC_REPRESENTATION_CONTEXT() REPRESENTATION_CONTEXT('2D SPACE',''
  ) );
#12602 = PCURVE('',#479,#12603);
#12603 = DEFINITIONAL_REPRESENTATION('',(#12604),#12607);
#12604 = B_SPLINE_CURVE_WITH_KNOTS('',1,(#12605,#12606),.UNSPECIFIED.,
  .F.,.F.,(2,2),(-2.4,0.),.PIECEWISE_BEZIER_KNOTS.);
#12605 = CARTESIAN_POINT('',(76.6,2.4));
#12606 = CARTESIAN_POINT('',(76.6,0.));
#12607 = ( GEOMETRIC_REPRESENTATION_CONTEXT(2) 
PARAMETRIC_REPRESENTATION_CONTEXT() REPRESENTATION_CONTEXT('2D SPACE',''
  ) );
#12608 = ORIENTED_EDGE('',*,*,#435,.T.);
#12609 = ORIENTED_EDGE('',*,*,#10366,.F.);
#12610 = ADVANCED_FACE('',(#12611),#620,.F.);
#12611 = FACE_BOUND('',#12612,.F.);
#12612 = EDGE_LOOP('',(#12613,#12614,#12633,#12634));
#12613 = ORIENTED_EDGE('',*,*,#6057,.F.);
#12614 = ORIENTED_EDGE('',*,*,#12615,.F.);
#12615 = EDGE_CURVE('',#579,#6035,#12616,.T.);
#12616 = SURFACE_CURVE('',#12617,(#12621,#12627),.PCURVE_S1.);
#12617 = LINE('',#12618,#12619);
#12618 = CARTESIAN_POINT('',(-6.6,-18.,0.6));
#12619 = VECTOR('',#12620,1.);
#12620 = DIRECTION('',(0.,-1.,0.));
#12621 = PCURVE('',#620,#12622);
#12622 = DEFINITIONAL_REPRESENTATION('',(#12623),#12626);
#12623 = B_SPLINE_CURVE_WITH_KNOTS('',1,(#12624,#12625),.UNSPECIFIED.,
  .F.,.F.,(2,2),(-2.4,0.),.PIECEWISE_BEZIER_KNOTS.);
#12624 = CARTESIAN_POINT('',(70.6,-2.4));
#12625 = CARTESIAN_POINT('',(70.6,0.));
#12626 = ( GEOMETRIC_REPRESENTATION_CONTEXT(2) 
PARAMETRIC_REPRESENTATION_CONTEXT() REPRESENTATION_CONTEXT('2D SPACE',''
  ) );
#12627 = PCURVE('',#594,#12628);
#12628 = DEFINITIONAL_REPRESENTATION('',(#12629),#12632);
#12629 = B_SPLINE_CURVE_WITH_KNOTS('',1,(#12630,#12631),.UNSPECIFIED.,
  .F.,.F.,(2,2),(-2.4,0.),.PIECEWISE_BEZIER_KNOTS.);
#12630 = CARTESIAN_POINT('',(63.4,2.4));
#12631 = CARTESIAN_POINT('',(63.4,0.));
#12632 = ( GEOMETRIC_REPRESENTATION_CONTEXT(2) 
PARAMETRIC_REPRESENTATION_CONTEXT() REPRESENTATION_CONTEXT('2D SPACE',''
  ) );
#12633 = ORIENTED_EDGE('',*,*,#606,.T.);
#12634 = ORIENTED_EDGE('',*,*,#10410,.F.);
#12635 = ADVANCED_FACE('',(#12636),#505,.F.);
#12636 = FACE_BOUND('',#12637,.F.);
#12637 = EDGE_LOOP('',(#12638,#12639,#12658,#12659));
#12638 = ORIENTED_EDGE('',*,*,#5962,.F.);
#12639 = ORIENTED_EDGE('',*,*,#12640,.F.);
#12640 = EDGE_CURVE('',#464,#5940,#12641,.T.);
#12641 = SURFACE_CURVE('',#12642,(#12646,#12652),.PCURVE_S1.);
#12642 = LINE('',#12643,#12644);
#12643 = CARTESIAN_POINT('',(11.4,-18.,0.6));
#12644 = VECTOR('',#12645,1.);
#12645 = DIRECTION('',(0.,-1.,0.));
#12646 = PCURVE('',#505,#12647);
#12647 = DEFINITIONAL_REPRESENTATION('',(#12648),#12651);
#12648 = B_SPLINE_CURVE_WITH_KNOTS('',1,(#12649,#12650),.UNSPECIFIED.,
  .F.,.F.,(2,2),(-2.4,0.),.PIECEWISE_BEZIER_KNOTS.);
#12649 = CARTESIAN_POINT('',(70.6,-2.4));
#12650 = CARTESIAN_POINT('',(70.6,0.));
#12651 = ( GEOMETRIC_REPRESENTATION_CONTEXT(2) 
PARAMETRIC_REPRESENTATION_CONTEXT() REPRESENTATION_CONTEXT('2D SPACE',''
  ) );
#12652 = PCURVE('',#479,#12653);
#12653 = DEFINITIONAL_REPRESENTATION('',(#12654),#12657);
#12654 = B_SPLINE_CURVE_WITH_KNOTS('',1,(#12655,#12656),.UNSPECIFIED.,
  .F.,.F.,(2,2),(-2.4,0.),.PIECEWISE_BEZIER_KNOTS.);
#12655 = CARTESIAN_POINT('',(81.4,2.4));
#12656 = CARTESIAN_POINT('',(81.4,0.));
#12657 = ( GEOMETRIC_REPRESENTATION_CONTEXT(2) 
PARAMETRIC_REPRESENTATION_CONTEXT() REPRESENTATION_CONTEXT('2D SPACE',''
  ) );
#12658 = ORIENTED_EDGE('',*,*,#491,.T.);
#12659 = ORIENTED_EDGE('',*,*,#10387,.F.);
#12660 = ADVANCED_FACE('',(#12661),#566,.T.);
#12661 = FACE_BOUND('',#12662,.T.);
#12662 = EDGE_LOOP('',(#12663,#12664,#12683,#12684));
#12663 = ORIENTED_EDGE('',*,*,#6011,.F.);
#12664 = ORIENTED_EDGE('',*,*,#12665,.F.);
#12665 = EDGE_CURVE('',#551,#6012,#12666,.T.);
#12666 = SURFACE_CURVE('',#12667,(#12671,#12677),.PCURVE_S1.);
#12667 = LINE('',#12668,#12669);
#12668 = CARTESIAN_POINT('',(-11.4,-18.,0.6));
#12669 = VECTOR('',#12670,1.);
#12670 = DIRECTION('',(0.,-1.,0.));
#12671 = PCURVE('',#566,#12672);
#12672 = DEFINITIONAL_REPRESENTATION('',(#12673),#12676);
#12673 = B_SPLINE_CURVE_WITH_KNOTS('',1,(#12674,#12675),.UNSPECIFIED.,
  .F.,.F.,(2,2),(-2.4,0.),.PIECEWISE_BEZIER_KNOTS.);
#12674 = CARTESIAN_POINT('',(70.6,-2.4));
#12675 = CARTESIAN_POINT('',(70.6,0.));
#12676 = ( GEOMETRIC_REPRESENTATION_CONTEXT(2) 
PARAMETRIC_REPRESENTATION_CONTEXT() REPRESENTATION_CONTEXT('2D SPACE',''
  ) );
#12677 = PCURVE('',#594,#12678);
#12678 = DEFINITIONAL_REPRESENTATION('',(#12679),#12682);
#12679 = B_SPLINE_CURVE_WITH_KNOTS('',1,(#12680,#12681),.UNSPECIFIED.,
  .F.,.F.,(2,2),(-2.4,0.),.PIECEWISE_BEZIER_KNOTS.);
#12680 = CARTESIAN_POINT('',(58.6,2.4));
#12681 = CARTESIAN_POINT('',(58.6,0.));
#12682 = ( GEOMETRIC_REPRESENTATION_CONTEXT(2) 
PARAMETRIC_REPRESENTATION_CONTEXT() REPRESENTATION_CONTEXT('2D SPACE',''
  ) );
#12683 = ORIENTED_EDGE('',*,*,#550,.T.);
#12684 = ORIENTED_EDGE('',*,*,#10431,.F.);
#12685 = ADVANCED_FACE('',(#12686),#681,.T.);
#12686 = FACE_BOUND('',#12687,.T.);
#12687 = EDGE_LOOP('',(#12688,#12689,#12708,#12709));
#12688 = ORIENTED_EDGE('',*,*,#6106,.F.);
#12689 = ORIENTED_EDGE('',*,*,#12690,.F.);
#12690 = EDGE_CURVE('',#666,#6107,#12691,.T.);
#12691 = SURFACE_CURVE('',#12692,(#12696,#12702),.PCURVE_S1.);
#12692 = LINE('',#12693,#12694);
#12693 = CARTESIAN_POINT('',(12.6,-18.,0.6));
#12694 = VECTOR('',#12695,1.);
#12695 = DIRECTION('',(0.,-1.,0.));
#12696 = PCURVE('',#681,#12697);
#12697 = DEFINITIONAL_REPRESENTATION('',(#12698),#12701);
#12698 = B_SPLINE_CURVE_WITH_KNOTS('',1,(#12699,#12700),.UNSPECIFIED.,
  .F.,.F.,(2,2),(-2.4,0.),.PIECEWISE_BEZIER_KNOTS.);
#12699 = CARTESIAN_POINT('',(70.6,-2.4));
#12700 = CARTESIAN_POINT('',(70.6,0.));
#12701 = ( GEOMETRIC_REPRESENTATION_CONTEXT(2) 
PARAMETRIC_REPRESENTATION_CONTEXT() REPRESENTATION_CONTEXT('2D SPACE',''
  ) );
#12702 = PCURVE('',#709,#12703);
#12703 = DEFINITIONAL_REPRESENTATION('',(#12704),#12707);
#12704 = B_SPLINE_CURVE_WITH_KNOTS('',1,(#12705,#12706),.UNSPECIFIED.,
  .F.,.F.,(2,2),(-2.4,0.),.PIECEWISE_BEZIER_KNOTS.);
#12705 = CARTESIAN_POINT('',(82.6,2.4));
#12706 = CARTESIAN_POINT('',(82.6,0.));
#12707 = ( GEOMETRIC_REPRESENTATION_CONTEXT(2) 
PARAMETRIC_REPRESENTATION_CONTEXT() REPRESENTATION_CONTEXT('2D SPACE',''
  ) );
#12708 = ORIENTED_EDGE('',*,*,#665,.T.);
#12709 = ORIENTED_EDGE('',*,*,#10456,.F.);
#12710 = ADVANCED_FACE('',(#12711),#850,.F.);
#12711 = FACE_BOUND('',#12712,.F.);
#12712 = EDGE_LOOP('',(#12713,#12714,#12733,#12734));
#12713 = ORIENTED_EDGE('',*,*,#6247,.F.);
#12714 = ORIENTED_EDGE('',*,*,#12715,.F.);
#12715 = EDGE_CURVE('',#809,#6225,#12716,.T.);
#12716 = SURFACE_CURVE('',#12717,(#12721,#12727),.PCURVE_S1.);
#12717 = LINE('',#12718,#12719);
#12718 = CARTESIAN_POINT('',(-12.6,-18.,0.6));
#12719 = VECTOR('',#12720,1.);
#12720 = DIRECTION('',(0.,-1.,0.));
#12721 = PCURVE('',#850,#12722);
#12722 = DEFINITIONAL_REPRESENTATION('',(#12723),#12726);
#12723 = B_SPLINE_CURVE_WITH_KNOTS('',1,(#12724,#12725),.UNSPECIFIED.,
  .F.,.F.,(2,2),(-2.4,0.),.PIECEWISE_BEZIER_KNOTS.);
#12724 = CARTESIAN_POINT('',(70.6,-2.4));
#12725 = CARTESIAN_POINT('',(70.6,0.));
#12726 = ( GEOMETRIC_REPRESENTATION_CONTEXT(2) 
PARAMETRIC_REPRESENTATION_CONTEXT() REPRESENTATION_CONTEXT('2D SPACE',''
  ) );
#12727 = PCURVE('',#824,#12728);
#12728 = DEFINITIONAL_REPRESENTATION('',(#12729),#12732);
#12729 = B_SPLINE_CURVE_WITH_KNOTS('',1,(#12730,#12731),.UNSPECIFIED.,
  .F.,.F.,(2,2),(-2.4,0.),.PIECEWISE_BEZIER_KNOTS.);
#12730 = CARTESIAN_POINT('',(57.4,2.4));
#12731 = CARTESIAN_POINT('',(57.4,0.));
#12732 = ( GEOMETRIC_REPRESENTATION_CONTEXT(2) 
PARAMETRIC_REPRESENTATION_CONTEXT() REPRESENTATION_CONTEXT('2D SPACE',''
  ) );
#12733 = ORIENTED_EDGE('',*,*,#836,.T.);
#12734 = ORIENTED_EDGE('',*,*,#10500,.F.);
#12735 = ADVANCED_FACE('',(#12736),#735,.F.);
#12736 = FACE_BOUND('',#12737,.F.);
#12737 = EDGE_LOOP('',(#12738,#12739,#12758,#12759));
#12738 = ORIENTED_EDGE('',*,*,#6152,.F.);
#12739 = ORIENTED_EDGE('',*,*,#12740,.F.);
#12740 = EDGE_CURVE('',#694,#6130,#12741,.T.);
#12741 = SURFACE_CURVE('',#12742,(#12746,#12752),.PCURVE_S1.);
#12742 = LINE('',#12743,#12744);
#12743 = CARTESIAN_POINT('',(17.4,-18.,0.6));
#12744 = VECTOR('',#12745,1.);
#12745 = DIRECTION('',(0.,-1.,0.));
#12746 = PCURVE('',#735,#12747);
#12747 = DEFINITIONAL_REPRESENTATION('',(#12748),#12751);
#12748 = B_SPLINE_CURVE_WITH_KNOTS('',1,(#12749,#12750),.UNSPECIFIED.,
  .F.,.F.,(2,2),(-2.4,0.),.PIECEWISE_BEZIER_KNOTS.);
#12749 = CARTESIAN_POINT('',(70.6,-2.4));
#12750 = CARTESIAN_POINT('',(70.6,0.));
#12751 = ( GEOMETRIC_REPRESENTATION_CONTEXT(2) 
PARAMETRIC_REPRESENTATION_CONTEXT() REPRESENTATION_CONTEXT('2D SPACE',''
  ) );
#12752 = PCURVE('',#709,#12753);
#12753 = DEFINITIONAL_REPRESENTATION('',(#12754),#12757);
#12754 = B_SPLINE_CURVE_WITH_KNOTS('',1,(#12755,#12756),.UNSPECIFIED.,
  .F.,.F.,(2,2),(-2.4,0.),.PIECEWISE_BEZIER_KNOTS.);
#12755 = CARTESIAN_POINT('',(87.4,2.4));
#12756 = CARTESIAN_POINT('',(87.4,0.));
#12757 = ( GEOMETRIC_REPRESENTATION_CONTEXT(2) 
PARAMETRIC_REPRESENTATION_CONTEXT() REPRESENTATION_CONTEXT('2D SPACE',''
  ) );
#12758 = ORIENTED_EDGE('',*,*,#721,.T.);
#12759 = ORIENTED_EDGE('',*,*,#10477,.F.);
#12760 = ADVANCED_FACE('',(#12761),#796,.T.);
#12761 = FACE_BOUND('',#12762,.T.);
#12762 = EDGE_LOOP('',(#12763,#12764,#12783,#12784));
#12763 = ORIENTED_EDGE('',*,*,#6201,.F.);
#12764 = ORIENTED_EDGE('',*,*,#12765,.F.);
#12765 = EDGE_CURVE('',#781,#6202,#12766,.T.);
#12766 = SURFACE_CURVE('',#12767,(#12771,#12777),.PCURVE_S1.);
#12767 = LINE('',#12768,#12769);
#12768 = CARTESIAN_POINT('',(-17.4,-18.,0.6));
#12769 = VECTOR('',#12770,1.);
#12770 = DIRECTION('',(0.,-1.,0.));
#12771 = PCURVE('',#796,#12772);
#12772 = DEFINITIONAL_REPRESENTATION('',(#12773),#12776);
#12773 = B_SPLINE_CURVE_WITH_KNOTS('',1,(#12774,#12775),.UNSPECIFIED.,
  .F.,.F.,(2,2),(-2.4,0.),.PIECEWISE_BEZIER_KNOTS.);
#12774 = CARTESIAN_POINT('',(70.6,-2.4));
#12775 = CARTESIAN_POINT('',(70.6,0.));
#12776 = ( GEOMETRIC_REPRESENTATION_CONTEXT(2) 
PARAMETRIC_REPRESENTATION_CONTEXT() REPRESENTATION_CONTEXT('2D SPACE',''
  ) );
#12777 = PCURVE('',#824,#12778);
#12778 = DEFINITIONAL_REPRESENTATION('',(#12779),#12782);
#12779 = B_SPLINE_CURVE_WITH_KNOTS('',1,(#12780,#12781),.UNSPECIFIED.,
  .F.,.F.,(2,2),(-2.4,0.),.PIECEWISE_BEZIER_KNOTS.);
#12780 = CARTESIAN_POINT('',(52.6,2.4));
#12781 = CARTESIAN_POINT('',(52.6,0.));
#12782 = ( GEOMETRIC_REPRESENTATION_CONTEXT(2) 
PARAMETRIC_REPRESENTATION_CONTEXT() REPRESENTATION_CONTEXT('2D SPACE',''
  ) );
#12783 = ORIENTED_EDGE('',*,*,#780,.T.);
#12784 = ORIENTED_EDGE('',*,*,#10521,.F.);
#12785 = ADVANCED_FACE('',(#12786),#911,.T.);
#12786 = FACE_BOUND('',#12787,.T.);
#12787 = EDGE_LOOP('',(#12788,#12789,#12808,#12809));
#12788 = ORIENTED_EDGE('',*,*,#6296,.F.);
#12789 = ORIENTED_EDGE('',*,*,#12790,.F.);
#12790 = EDGE_CURVE('',#896,#6297,#12791,.T.);
#12791 = SURFACE_CURVE('',#12792,(#12796,#12802),.PCURVE_S1.);
#12792 = LINE('',#12793,#12794);
#12793 = CARTESIAN_POINT('',(18.6,-18.,0.6));
#12794 = VECTOR('',#12795,1.);
#12795 = DIRECTION('',(0.,-1.,0.));
#12796 = PCURVE('',#911,#12797);
#12797 = DEFINITIONAL_REPRESENTATION('',(#12798),#12801);
#12798 = B_SPLINE_CURVE_WITH_KNOTS('',1,(#12799,#12800),.UNSPECIFIED.,
  .F.,.F.,(2,2),(-2.4,0.),.PIECEWISE_BEZIER_KNOTS.);
#12799 = CARTESIAN_POINT('',(70.6,-2.4));
#12800 = CARTESIAN_POINT('',(70.6,0.));
#12801 = ( GEOMETRIC_REPRESENTATION_CONTEXT(2) 
PARAMETRIC_REPRESENTATION_CONTEXT() REPRESENTATION_CONTEXT('2D SPACE',''
  ) );
#12802 = PCURVE('',#939,#12803);
#12803 = DEFINITIONAL_REPRESENTATION('',(#12804),#12807);
#12804 = B_SPLINE_CURVE_WITH_KNOTS('',1,(#12805,#12806),.UNSPECIFIED.,
  .F.,.F.,(2,2),(-2.4,0.),.PIECEWISE_BEZIER_KNOTS.);
#12805 = CARTESIAN_POINT('',(88.6,2.4));
#12806 = CARTESIAN_POINT('',(88.6,0.));
#12807 = ( GEOMETRIC_REPRESENTATION_CONTEXT(2) 
PARAMETRIC_REPRESENTATION_CONTEXT() REPRESENTATION_CONTEXT('2D SPACE',''
  ) );
#12808 = ORIENTED_EDGE('',*,*,#895,.T.);
#12809 = ORIENTED_EDGE('',*,*,#10546,.F.);
#12810 = ADVANCED_FACE('',(#12811),#1080,.F.);
#12811 = FACE_BOUND('',#12812,.F.);
#12812 = EDGE_LOOP('',(#12813,#12814,#12833,#12834));
#12813 = ORIENTED_EDGE('',*,*,#6437,.F.);
#12814 = ORIENTED_EDGE('',*,*,#12815,.F.);
#12815 = EDGE_CURVE('',#1039,#6415,#12816,.T.);
#12816 = SURFACE_CURVE('',#12817,(#12821,#12827),.PCURVE_S1.);
#12817 = LINE('',#12818,#12819);
#12818 = CARTESIAN_POINT('',(-18.6,-18.,0.6));
#12819 = VECTOR('',#12820,1.);
#12820 = DIRECTION('',(0.,-1.,0.));
#12821 = PCURVE('',#1080,#12822);
#12822 = DEFINITIONAL_REPRESENTATION('',(#12823),#12826);
#12823 = B_SPLINE_CURVE_WITH_KNOTS('',1,(#12824,#12825),.UNSPECIFIED.,
  .F.,.F.,(2,2),(-2.4,0.),.PIECEWISE_BEZIER_KNOTS.);
#12824 = CARTESIAN_POINT('',(70.6,-2.4));
#12825 = CARTESIAN_POINT('',(70.6,0.));
#12826 = ( GEOMETRIC_REPRESENTATION_CONTEXT(2) 
PARAMETRIC_REPRESENTATION_CONTEXT() REPRESENTATION_CONTEXT('2D SPACE',''
  ) );
#12827 = PCURVE('',#1054,#12828);
#12828 = DEFINITIONAL_REPRESENTATION('',(#12829),#12832);
#12829 = B_SPLINE_CURVE_WITH_KNOTS('',1,(#12830,#12831),.UNSPECIFIED.,
  .F.,.F.,(2,2),(-2.4,0.),.PIECEWISE_BEZIER_KNOTS.);
#12830 = CARTESIAN_POINT('',(51.4,2.4));
#12831 = CARTESIAN_POINT('',(51.4,0.));
#12832 = ( GEOMETRIC_REPRESENTATION_CONTEXT(2) 
PARAMETRIC_REPRESENTATION_CONTEXT() REPRESENTATION_CONTEXT('2D SPACE',''
  ) );
#12833 = ORIENTED_EDGE('',*,*,#1066,.T.);
#12834 = ORIENTED_EDGE('',*,*,#10590,.F.);
#12835 = ADVANCED_FACE('',(#12836),#965,.F.);
#12836 = FACE_BOUND('',#12837,.F.);
#12837 = EDGE_LOOP('',(#12838,#12839,#12858,#12859));
#12838 = ORIENTED_EDGE('',*,*,#6342,.F.);
#12839 = ORIENTED_EDGE('',*,*,#12840,.F.);
#12840 = EDGE_CURVE('',#924,#6320,#12841,.T.);
#12841 = SURFACE_CURVE('',#12842,(#12846,#12852),.PCURVE_S1.);
#12842 = LINE('',#12843,#12844);
#12843 = CARTESIAN_POINT('',(23.4,-18.,0.6));
#12844 = VECTOR('',#12845,1.);
#12845 = DIRECTION('',(0.,-1.,0.));
#12846 = PCURVE('',#965,#12847);
#12847 = DEFINITIONAL_REPRESENTATION('',(#12848),#12851);
#12848 = B_SPLINE_CURVE_WITH_KNOTS('',1,(#12849,#12850),.UNSPECIFIED.,
  .F.,.F.,(2,2),(-2.4,0.),.PIECEWISE_BEZIER_KNOTS.);
#12849 = CARTESIAN_POINT('',(70.6,-2.4));
#12850 = CARTESIAN_POINT('',(70.6,0.));
#12851 = ( GEOMETRIC_REPRESENTATION_CONTEXT(2) 
PARAMETRIC_REPRESENTATION_CONTEXT() REPRESENTATION_CONTEXT('2D SPACE',''
  ) );
#12852 = PCURVE('',#939,#12853);
#12853 = DEFINITIONAL_REPRESENTATION('',(#12854),#12857);
#12854 = B_SPLINE_CURVE_WITH_KNOTS('',1,(#12855,#12856),.UNSPECIFIED.,
  .F.,.F.,(2,2),(-2.4,0.),.PIECEWISE_BEZIER_KNOTS.);
#12855 = CARTESIAN_POINT('',(93.4,2.4));
#12856 = CARTESIAN_POINT('',(93.4,0.));
#12857 = ( GEOMETRIC_REPRESENTATION_CONTEXT(2) 
PARAMETRIC_REPRESENTATION_CONTEXT() REPRESENTATION_CONTEXT('2D SPACE',''
  ) );
#12858 = ORIENTED_EDGE('',*,*,#951,.T.);
#12859 = ORIENTED_EDGE('',*,*,#10567,.F.);
#12860 = ADVANCED_FACE('',(#12861),#1026,.T.);
#12861 = FACE_BOUND('',#12862,.T.);
#12862 = EDGE_LOOP('',(#12863,#12864,#12883,#12884));
#12863 = ORIENTED_EDGE('',*,*,#6391,.F.);
#12864 = ORIENTED_EDGE('',*,*,#12865,.F.);
#12865 = EDGE_CURVE('',#1011,#6392,#12866,.T.);
#12866 = SURFACE_CURVE('',#12867,(#12871,#12877),.PCURVE_S1.);
#12867 = LINE('',#12868,#12869);
#12868 = CARTESIAN_POINT('',(-23.4,-18.,0.6));
#12869 = VECTOR('',#12870,1.);
#12870 = DIRECTION('',(0.,-1.,0.));
#12871 = PCURVE('',#1026,#12872);
#12872 = DEFINITIONAL_REPRESENTATION('',(#12873),#12876);
#12873 = B_SPLINE_CURVE_WITH_KNOTS('',1,(#12874,#12875),.UNSPECIFIED.,
  .F.,.F.,(2,2),(-2.4,0.),.PIECEWISE_BEZIER_KNOTS.);
#12874 = CARTESIAN_POINT('',(70.6,-2.4));
#12875 = CARTESIAN_POINT('',(70.6,0.));
#12876 = ( GEOMETRIC_REPRESENTATION_CONTEXT(2) 
PARAMETRIC_REPRESENTATION_CONTEXT() REPRESENTATION_CONTEXT('2D SPACE',''
  ) );
#12877 = PCURVE('',#1054,#12878);
#12878 = DEFINITIONAL_REPRESENTATION('',(#12879),#12882);
#12879 = B_SPLINE_CURVE_WITH_KNOTS('',1,(#12880,#12881),.UNSPECIFIED.,
  .F.,.F.,(2,2),(-2.4,0.),.PIECEWISE_BEZIER_KNOTS.);
#12880 = CARTESIAN_POINT('',(46.6,2.4));
#12881 = CARTESIAN_POINT('',(46.6,0.));
#12882 = ( GEOMETRIC_REPRESENTATION_CONTEXT(2) 
PARAMETRIC_REPRESENTATION_CONTEXT() REPRESENTATION_CONTEXT('2D SPACE',''
  ) );
#12883 = ORIENTED_EDGE('',*,*,#1010,.T.);
#12884 = ORIENTED_EDGE('',*,*,#10611,.F.);
#12885 = ADVANCED_FACE('',(#12886),#1141,.T.);
#12886 = FACE_BOUND('',#12887,.T.);
#12887 = EDGE_LOOP('',(#12888,#12889,#12908,#12909));
#12888 = ORIENTED_EDGE('',*,*,#6486,.F.);
#12889 = ORIENTED_EDGE('',*,*,#12890,.F.);
#12890 = EDGE_CURVE('',#1126,#6487,#12891,.T.);
#12891 = SURFACE_CURVE('',#12892,(#12896,#12902),.PCURVE_S1.);
#12892 = LINE('',#12893,#12894);
#12893 = CARTESIAN_POINT('',(24.6,-18.,0.6));
#12894 = VECTOR('',#12895,1.);
#12895 = DIRECTION('',(0.,-1.,0.));
#12896 = PCURVE('',#1141,#12897);
#12897 = DEFINITIONAL_REPRESENTATION('',(#12898),#12901);
#12898 = B_SPLINE_CURVE_WITH_KNOTS('',1,(#12899,#12900),.UNSPECIFIED.,
  .F.,.F.,(2,2),(-2.4,0.),.PIECEWISE_BEZIER_KNOTS.);
#12899 = CARTESIAN_POINT('',(70.6,-2.4));
#12900 = CARTESIAN_POINT('',(70.6,0.));
#12901 = ( GEOMETRIC_REPRESENTATION_CONTEXT(2) 
PARAMETRIC_REPRESENTATION_CONTEXT() REPRESENTATION_CONTEXT('2D SPACE',''
  ) );
#12902 = PCURVE('',#1169,#12903);
#12903 = DEFINITIONAL_REPRESENTATION('',(#12904),#12907);
#12904 = B_SPLINE_CURVE_WITH_KNOTS('',1,(#12905,#12906),.UNSPECIFIED.,
  .F.,.F.,(2,2),(-2.4,0.),.PIECEWISE_BEZIER_KNOTS.);
#12905 = CARTESIAN_POINT('',(94.6,2.4));
#12906 = CARTESIAN_POINT('',(94.6,0.));
#12907 = ( GEOMETRIC_REPRESENTATION_CONTEXT(2) 
PARAMETRIC_REPRESENTATION_CONTEXT() REPRESENTATION_CONTEXT('2D SPACE',''
  ) );
#12908 = ORIENTED_EDGE('',*,*,#1125,.T.);
#12909 = ORIENTED_EDGE('',*,*,#10636,.F.);
#12910 = ADVANCED_FACE('',(#12911),#1310,.F.);
#12911 = FACE_BOUND('',#12912,.F.);
#12912 = EDGE_LOOP('',(#12913,#12914,#12933,#12934));
#12913 = ORIENTED_EDGE('',*,*,#6627,.F.);
#12914 = ORIENTED_EDGE('',*,*,#12915,.F.);
#12915 = EDGE_CURVE('',#1269,#6605,#12916,.T.);
#12916 = SURFACE_CURVE('',#12917,(#12921,#12927),.PCURVE_S1.);
#12917 = LINE('',#12918,#12919);
#12918 = CARTESIAN_POINT('',(-24.6,-18.,0.6));
#12919 = VECTOR('',#12920,1.);
#12920 = DIRECTION('',(0.,-1.,0.));
#12921 = PCURVE('',#1310,#12922);
#12922 = DEFINITIONAL_REPRESENTATION('',(#12923),#12926);
#12923 = B_SPLINE_CURVE_WITH_KNOTS('',1,(#12924,#12925),.UNSPECIFIED.,
  .F.,.F.,(2,2),(-2.4,0.),.PIECEWISE_BEZIER_KNOTS.);
#12924 = CARTESIAN_POINT('',(70.6,-2.4));
#12925 = CARTESIAN_POINT('',(70.6,0.));
#12926 = ( GEOMETRIC_REPRESENTATION_CONTEXT(2) 
PARAMETRIC_REPRESENTATION_CONTEXT() REPRESENTATION_CONTEXT('2D SPACE',''
  ) );
#12927 = PCURVE('',#1284,#12928);
#12928 = DEFINITIONAL_REPRESENTATION('',(#12929),#12932);
#12929 = B_SPLINE_CURVE_WITH_KNOTS('',1,(#12930,#12931),.UNSPECIFIED.,
  .F.,.F.,(2,2),(-2.4,0.),.PIECEWISE_BEZIER_KNOTS.);
#12930 = CARTESIAN_POINT('',(45.4,2.4));
#12931 = CARTESIAN_POINT('',(45.4,0.));
#12932 = ( GEOMETRIC_REPRESENTATION_CONTEXT(2) 
PARAMETRIC_REPRESENTATION_CONTEXT() REPRESENTATION_CONTEXT('2D SPACE',''
  ) );
#12933 = ORIENTED_EDGE('',*,*,#1296,.T.);
#12934 = ORIENTED_EDGE('',*,*,#10680,.F.);
#12935 = ADVANCED_FACE('',(#12936),#1195,.F.);
#12936 = FACE_BOUND('',#12937,.F.);
#12937 = EDGE_LOOP('',(#12938,#12939,#12958,#12959));
#12938 = ORIENTED_EDGE('',*,*,#6532,.F.);
#12939 = ORIENTED_EDGE('',*,*,#12940,.F.);
#12940 = EDGE_CURVE('',#1154,#6510,#12941,.T.);
#12941 = SURFACE_CURVE('',#12942,(#12946,#12952),.PCURVE_S1.);
#12942 = LINE('',#12943,#12944);
#12943 = CARTESIAN_POINT('',(29.4,-18.,0.6));
#12944 = VECTOR('',#12945,1.);
#12945 = DIRECTION('',(0.,-1.,0.));
#12946 = PCURVE('',#1195,#12947);
#12947 = DEFINITIONAL_REPRESENTATION('',(#12948),#12951);
#12948 = B_SPLINE_CURVE_WITH_KNOTS('',1,(#12949,#12950),.UNSPECIFIED.,
  .F.,.F.,(2,2),(-2.4,0.),.PIECEWISE_BEZIER_KNOTS.);
#12949 = CARTESIAN_POINT('',(70.6,-2.4));
#12950 = CARTESIAN_POINT('',(70.6,0.));
#12951 = ( GEOMETRIC_REPRESENTATION_CONTEXT(2) 
PARAMETRIC_REPRESENTATION_CONTEXT() REPRESENTATION_CONTEXT('2D SPACE',''
  ) );
#12952 = PCURVE('',#1169,#12953);
#12953 = DEFINITIONAL_REPRESENTATION('',(#12954),#12957);
#12954 = B_SPLINE_CURVE_WITH_KNOTS('',1,(#12955,#12956),.UNSPECIFIED.,
  .F.,.F.,(2,2),(-2.4,0.),.PIECEWISE_BEZIER_KNOTS.);
#12955 = CARTESIAN_POINT('',(99.4,2.4));
#12956 = CARTESIAN_POINT('',(99.4,0.));
#12957 = ( GEOMETRIC_REPRESENTATION_CONTEXT(2) 
PARAMETRIC_REPRESENTATION_CONTEXT() REPRESENTATION_CONTEXT('2D SPACE',''
  ) );
#12958 = ORIENTED_EDGE('',*,*,#1181,.T.);
#12959 = ORIENTED_EDGE('',*,*,#10657,.F.);
#12960 = ADVANCED_FACE('',(#12961),#1256,.T.);
#12961 = FACE_BOUND('',#12962,.T.);
#12962 = EDGE_LOOP('',(#12963,#12964,#12983,#12984));
#12963 = ORIENTED_EDGE('',*,*,#6581,.F.);
#12964 = ORIENTED_EDGE('',*,*,#12965,.F.);
#12965 = EDGE_CURVE('',#1241,#6582,#12966,.T.);
#12966 = SURFACE_CURVE('',#12967,(#12971,#12977),.PCURVE_S1.);
#12967 = LINE('',#12968,#12969);
#12968 = CARTESIAN_POINT('',(-29.4,-18.,0.6));
#12969 = VECTOR('',#12970,1.);
#12970 = DIRECTION('',(0.,-1.,0.));
#12971 = PCURVE('',#1256,#12972);
#12972 = DEFINITIONAL_REPRESENTATION('',(#12973),#12976);
#12973 = B_SPLINE_CURVE_WITH_KNOTS('',1,(#12974,#12975),.UNSPECIFIED.,
  .F.,.F.,(2,2),(-2.4,0.),.PIECEWISE_BEZIER_KNOTS.);
#12974 = CARTESIAN_POINT('',(70.6,-2.4));
#12975 = CARTESIAN_POINT('',(70.6,0.));
#12976 = ( GEOMETRIC_REPRESENTATION_CONTEXT(2) 
PARAMETRIC_REPRESENTATION_CONTEXT() REPRESENTATION_CONTEXT('2D SPACE',''
  ) );
#12977 = PCURVE('',#1284,#12978);
#12978 = DEFINITIONAL_REPRESENTATION('',(#12979),#12982);
#12979 = B_SPLINE_CURVE_WITH_KNOTS('',1,(#12980,#12981),.UNSPECIFIED.,
  .F.,.F.,(2,2),(-2.4,0.),.PIECEWISE_BEZIER_KNOTS.);
#12980 = CARTESIAN_POINT('',(40.6,2.4));
#12981 = CARTESIAN_POINT('',(40.6,0.));
#12982 = ( GEOMETRIC_REPRESENTATION_CONTEXT(2) 
PARAMETRIC_REPRESENTATION_CONTEXT() REPRESENTATION_CONTEXT('2D SPACE',''
  ) );
#12983 = ORIENTED_EDGE('',*,*,#1240,.T.);
#12984 = ORIENTED_EDGE('',*,*,#10701,.F.);
#12985 = ADVANCED_FACE('',(#12986),#1371,.T.);
#12986 = FACE_BOUND('',#12987,.T.);
#12987 = EDGE_LOOP('',(#12988,#12989,#13008,#13009));
#12988 = ORIENTED_EDGE('',*,*,#6676,.F.);
#12989 = ORIENTED_EDGE('',*,*,#12990,.F.);
#12990 = EDGE_CURVE('',#1356,#6677,#12991,.T.);
#12991 = SURFACE_CURVE('',#12992,(#12996,#13002),.PCURVE_S1.);
#12992 = LINE('',#12993,#12994);
#12993 = CARTESIAN_POINT('',(30.6,-18.,0.6));
#12994 = VECTOR('',#12995,1.);
#12995 = DIRECTION('',(0.,-1.,0.));
#12996 = PCURVE('',#1371,#12997);
#12997 = DEFINITIONAL_REPRESENTATION('',(#12998),#13001);
#12998 = B_SPLINE_CURVE_WITH_KNOTS('',1,(#12999,#13000),.UNSPECIFIED.,
  .F.,.F.,(2,2),(-2.4,0.),.PIECEWISE_BEZIER_KNOTS.);
#12999 = CARTESIAN_POINT('',(70.6,-2.4));
#13000 = CARTESIAN_POINT('',(70.6,0.));
#13001 = ( GEOMETRIC_REPRESENTATION_CONTEXT(2) 
PARAMETRIC_REPRESENTATION_CONTEXT() REPRESENTATION_CONTEXT('2D SPACE',''
  ) );
#13002 = PCURVE('',#1399,#13003);
#13003 = DEFINITIONAL_REPRESENTATION('',(#13004),#13007);
#13004 = B_SPLINE_CURVE_WITH_KNOTS('',1,(#13005,#13006),.UNSPECIFIED.,
  .F.,.F.,(2,2),(-2.4,0.),.PIECEWISE_BEZIER_KNOTS.);
#13005 = CARTESIAN_POINT('',(100.6,2.4));
#13006 = CARTESIAN_POINT('',(100.6,0.));
#13007 = ( GEOMETRIC_REPRESENTATION_CONTEXT(2) 
PARAMETRIC_REPRESENTATION_CONTEXT() REPRESENTATION_CONTEXT('2D SPACE',''
  ) );
#13008 = ORIENTED_EDGE('',*,*,#1355,.T.);
#13009 = ORIENTED_EDGE('',*,*,#10726,.F.);
#13010 = ADVANCED_FACE('',(#13011),#1540,.F.);
#13011 = FACE_BOUND('',#13012,.F.);
#13012 = EDGE_LOOP('',(#13013,#13014,#13033,#13034));
#13013 = ORIENTED_EDGE('',*,*,#6817,.F.);
#13014 = ORIENTED_EDGE('',*,*,#13015,.F.);
#13015 = EDGE_CURVE('',#1499,#6795,#13016,.T.);
#13016 = SURFACE_CURVE('',#13017,(#13021,#13027),.PCURVE_S1.);
#13017 = LINE('',#13018,#13019);
#13018 = CARTESIAN_POINT('',(-30.6,-18.,0.6));
#13019 = VECTOR('',#13020,1.);
#13020 = DIRECTION('',(0.,-1.,0.));
#13021 = PCURVE('',#1540,#13022);
#13022 = DEFINITIONAL_REPRESENTATION('',(#13023),#13026);
#13023 = B_SPLINE_CURVE_WITH_KNOTS('',1,(#13024,#13025),.UNSPECIFIED.,
  .F.,.F.,(2,2),(-2.4,0.),.PIECEWISE_BEZIER_KNOTS.);
#13024 = CARTESIAN_POINT('',(70.6,-2.4));
#13025 = CARTESIAN_POINT('',(70.6,0.));
#13026 = ( GEOMETRIC_REPRESENTATION_CONTEXT(2) 
PARAMETRIC_REPRESENTATION_CONTEXT() REPRESENTATION_CONTEXT('2D SPACE',''
  ) );
#13027 = PCURVE('',#1514,#13028);
#13028 = DEFINITIONAL_REPRESENTATION('',(#13029),#13032);
#13029 = B_SPLINE_CURVE_WITH_KNOTS('',1,(#13030,#13031),.UNSPECIFIED.,
  .F.,.F.,(2,2),(-2.4,0.),.PIECEWISE_BEZIER_KNOTS.);
#13030 = CARTESIAN_POINT('',(39.4,2.4));
#13031 = CARTESIAN_POINT('',(39.4,0.));
#13032 = ( GEOMETRIC_REPRESENTATION_CONTEXT(2) 
PARAMETRIC_REPRESENTATION_CONTEXT() REPRESENTATION_CONTEXT('2D SPACE',''
  ) );
#13033 = ORIENTED_EDGE('',*,*,#1526,.T.);
#13034 = ORIENTED_EDGE('',*,*,#10770,.F.);
#13035 = ADVANCED_FACE('',(#13036),#1425,.F.);
#13036 = FACE_BOUND('',#13037,.F.);
#13037 = EDGE_LOOP('',(#13038,#13039,#13058,#13059));
#13038 = ORIENTED_EDGE('',*,*,#6722,.F.);
#13039 = ORIENTED_EDGE('',*,*,#13040,.F.);
#13040 = EDGE_CURVE('',#1384,#6700,#13041,.T.);
#13041 = SURFACE_CURVE('',#13042,(#13046,#13052),.PCURVE_S1.);
#13042 = LINE('',#13043,#13044);
#13043 = CARTESIAN_POINT('',(35.4,-18.,0.6));
#13044 = VECTOR('',#13045,1.);
#13045 = DIRECTION('',(0.,-1.,0.));
#13046 = PCURVE('',#1425,#13047);
#13047 = DEFINITIONAL_REPRESENTATION('',(#13048),#13051);
#13048 = B_SPLINE_CURVE_WITH_KNOTS('',1,(#13049,#13050),.UNSPECIFIED.,
  .F.,.F.,(2,2),(-2.4,0.),.PIECEWISE_BEZIER_KNOTS.);
#13049 = CARTESIAN_POINT('',(70.6,-2.4));
#13050 = CARTESIAN_POINT('',(70.6,0.));
#13051 = ( GEOMETRIC_REPRESENTATION_CONTEXT(2) 
PARAMETRIC_REPRESENTATION_CONTEXT() REPRESENTATION_CONTEXT('2D SPACE',''
  ) );
#13052 = PCURVE('',#1399,#13053);
#13053 = DEFINITIONAL_REPRESENTATION('',(#13054),#13057);
#13054 = B_SPLINE_CURVE_WITH_KNOTS('',1,(#13055,#13056),.UNSPECIFIED.,
  .F.,.F.,(2,2),(-2.4,0.),.PIECEWISE_BEZIER_KNOTS.);
#13055 = CARTESIAN_POINT('',(105.4,2.4));
#13056 = CARTESIAN_POINT('',(105.4,0.));
#13057 = ( GEOMETRIC_REPRESENTATION_CONTEXT(2) 
PARAMETRIC_REPRESENTATION_CONTEXT() REPRESENTATION_CONTEXT('2D SPACE',''
  ) );
#13058 = ORIENTED_EDGE('',*,*,#1411,.T.);
#13059 = ORIENTED_EDGE('',*,*,#10747,.F.);
#13060 = ADVANCED_FACE('',(#13061),#1486,.T.);
#13061 = FACE_BOUND('',#13062,.T.);
#13062 = EDGE_LOOP('',(#13063,#13064,#13083,#13084));
#13063 = ORIENTED_EDGE('',*,*,#6771,.F.);
#13064 = ORIENTED_EDGE('',*,*,#13065,.F.);
#13065 = EDGE_CURVE('',#1471,#6772,#13066,.T.);
#13066 = SURFACE_CURVE('',#13067,(#13071,#13077),.PCURVE_S1.);
#13067 = LINE('',#13068,#13069);
#13068 = CARTESIAN_POINT('',(-35.4,-18.,0.6));
#13069 = VECTOR('',#13070,1.);
#13070 = DIRECTION('',(0.,-1.,0.));
#13071 = PCURVE('',#1486,#13072);
#13072 = DEFINITIONAL_REPRESENTATION('',(#13073),#13076);
#13073 = B_SPLINE_CURVE_WITH_KNOTS('',1,(#13074,#13075),.UNSPECIFIED.,
  .F.,.F.,(2,2),(-2.4,0.),.PIECEWISE_BEZIER_KNOTS.);
#13074 = CARTESIAN_POINT('',(70.6,-2.4));
#13075 = CARTESIAN_POINT('',(70.6,0.));
#13076 = ( GEOMETRIC_REPRESENTATION_CONTEXT(2) 
PARAMETRIC_REPRESENTATION_CONTEXT() REPRESENTATION_CONTEXT('2D SPACE',''
  ) );
#13077 = PCURVE('',#1514,#13078);
#13078 = DEFINITIONAL_REPRESENTATION('',(#13079),#13082);
#13079 = B_SPLINE_CURVE_WITH_KNOTS('',1,(#13080,#13081),.UNSPECIFIED.,
  .F.,.F.,(2,2),(-2.4,0.),.PIECEWISE_BEZIER_KNOTS.);
#13080 = CARTESIAN_POINT('',(34.6,2.4));
#13081 = CARTESIAN_POINT('',(34.6,0.));
#13082 = ( GEOMETRIC_REPRESENTATION_CONTEXT(2) 
PARAMETRIC_REPRESENTATION_CONTEXT() REPRESENTATION_CONTEXT('2D SPACE',''
  ) );
#13083 = ORIENTED_EDGE('',*,*,#1470,.T.);
#13084 = ORIENTED_EDGE('',*,*,#10791,.F.);
#13085 = ADVANCED_FACE('',(#13086),#1601,.T.);
#13086 = FACE_BOUND('',#13087,.T.);
#13087 = EDGE_LOOP('',(#13088,#13089,#13108,#13109));
#13088 = ORIENTED_EDGE('',*,*,#6866,.F.);
#13089 = ORIENTED_EDGE('',*,*,#13090,.F.);
#13090 = EDGE_CURVE('',#1586,#6867,#13091,.T.);
#13091 = SURFACE_CURVE('',#13092,(#13096,#13102),.PCURVE_S1.);
#13092 = LINE('',#13093,#13094);
#13093 = CARTESIAN_POINT('',(36.6,-18.,0.6));
#13094 = VECTOR('',#13095,1.);
#13095 = DIRECTION('',(0.,-1.,0.));
#13096 = PCURVE('',#1601,#13097);
#13097 = DEFINITIONAL_REPRESENTATION('',(#13098),#13101);
#13098 = B_SPLINE_CURVE_WITH_KNOTS('',1,(#13099,#13100),.UNSPECIFIED.,
  .F.,.F.,(2,2),(-2.4,0.),.PIECEWISE_BEZIER_KNOTS.);
#13099 = CARTESIAN_POINT('',(70.6,-2.4));
#13100 = CARTESIAN_POINT('',(70.6,0.));
#13101 = ( GEOMETRIC_REPRESENTATION_CONTEXT(2) 
PARAMETRIC_REPRESENTATION_CONTEXT() REPRESENTATION_CONTEXT('2D SPACE',''
  ) );
#13102 = PCURVE('',#1629,#13103);
#13103 = DEFINITIONAL_REPRESENTATION('',(#13104),#13107);
#13104 = B_SPLINE_CURVE_WITH_KNOTS('',1,(#13105,#13106),.UNSPECIFIED.,
  .F.,.F.,(2,2),(-2.4,0.),.PIECEWISE_BEZIER_KNOTS.);
#13105 = CARTESIAN_POINT('',(106.6,2.4));
#13106 = CARTESIAN_POINT('',(106.6,0.));
#13107 = ( GEOMETRIC_REPRESENTATION_CONTEXT(2) 
PARAMETRIC_REPRESENTATION_CONTEXT() REPRESENTATION_CONTEXT('2D SPACE',''
  ) );
#13108 = ORIENTED_EDGE('',*,*,#1585,.T.);
#13109 = ORIENTED_EDGE('',*,*,#10816,.F.);
#13110 = ADVANCED_FACE('',(#13111),#1770,.F.);
#13111 = FACE_BOUND('',#13112,.F.);
#13112 = EDGE_LOOP('',(#13113,#13114,#13133,#13134));
#13113 = ORIENTED_EDGE('',*,*,#7007,.F.);
#13114 = ORIENTED_EDGE('',*,*,#13115,.F.);
#13115 = EDGE_CURVE('',#1729,#6985,#13116,.T.);
#13116 = SURFACE_CURVE('',#13117,(#13121,#13127),.PCURVE_S1.);
#13117 = LINE('',#13118,#13119);
#13118 = CARTESIAN_POINT('',(-36.6,-18.,0.6));
#13119 = VECTOR('',#13120,1.);
#13120 = DIRECTION('',(0.,-1.,0.));
#13121 = PCURVE('',#1770,#13122);
#13122 = DEFINITIONAL_REPRESENTATION('',(#13123),#13126);
#13123 = B_SPLINE_CURVE_WITH_KNOTS('',1,(#13124,#13125),.UNSPECIFIED.,
  .F.,.F.,(2,2),(-2.4,0.),.PIECEWISE_BEZIER_KNOTS.);
#13124 = CARTESIAN_POINT('',(70.6,-2.4));
#13125 = CARTESIAN_POINT('',(70.6,0.));
#13126 = ( GEOMETRIC_REPRESENTATION_CONTEXT(2) 
PARAMETRIC_REPRESENTATION_CONTEXT() REPRESENTATION_CONTEXT('2D SPACE',''
  ) );
#13127 = PCURVE('',#1744,#13128);
#13128 = DEFINITIONAL_REPRESENTATION('',(#13129),#13132);
#13129 = B_SPLINE_CURVE_WITH_KNOTS('',1,(#13130,#13131),.UNSPECIFIED.,
  .F.,.F.,(2,2),(-2.4,0.),.PIECEWISE_BEZIER_KNOTS.);
#13130 = CARTESIAN_POINT('',(33.4,2.4));
#13131 = CARTESIAN_POINT('',(33.4,0.));
#13132 = ( GEOMETRIC_REPRESENTATION_CONTEXT(2) 
PARAMETRIC_REPRESENTATION_CONTEXT() REPRESENTATION_CONTEXT('2D SPACE',''
  ) );
#13133 = ORIENTED_EDGE('',*,*,#1756,.T.);
#13134 = ORIENTED_EDGE('',*,*,#10860,.F.);
#13135 = ADVANCED_FACE('',(#13136),#1655,.F.);
#13136 = FACE_BOUND('',#13137,.F.);
#13137 = EDGE_LOOP('',(#13138,#13139,#13158,#13159));
#13138 = ORIENTED_EDGE('',*,*,#6912,.F.);
#13139 = ORIENTED_EDGE('',*,*,#13140,.F.);
#13140 = EDGE_CURVE('',#1614,#6890,#13141,.T.);
#13141 = SURFACE_CURVE('',#13142,(#13146,#13152),.PCURVE_S1.);
#13142 = LINE('',#13143,#13144);
#13143 = CARTESIAN_POINT('',(41.4,-18.,0.6));
#13144 = VECTOR('',#13145,1.);
#13145 = DIRECTION('',(0.,-1.,0.));
#13146 = PCURVE('',#1655,#13147);
#13147 = DEFINITIONAL_REPRESENTATION('',(#13148),#13151);
#13148 = B_SPLINE_CURVE_WITH_KNOTS('',1,(#13149,#13150),.UNSPECIFIED.,
  .F.,.F.,(2,2),(-2.4,0.),.PIECEWISE_BEZIER_KNOTS.);
#13149 = CARTESIAN_POINT('',(70.6,-2.4));
#13150 = CARTESIAN_POINT('',(70.6,0.));
#13151 = ( GEOMETRIC_REPRESENTATION_CONTEXT(2) 
PARAMETRIC_REPRESENTATION_CONTEXT() REPRESENTATION_CONTEXT('2D SPACE',''
  ) );
#13152 = PCURVE('',#1629,#13153);
#13153 = DEFINITIONAL_REPRESENTATION('',(#13154),#13157);
#13154 = B_SPLINE_CURVE_WITH_KNOTS('',1,(#13155,#13156),.UNSPECIFIED.,
  .F.,.F.,(2,2),(-2.4,0.),.PIECEWISE_BEZIER_KNOTS.);
#13155 = CARTESIAN_POINT('',(111.4,2.4));
#13156 = CARTESIAN_POINT('',(111.4,0.));
#13157 = ( GEOMETRIC_REPRESENTATION_CONTEXT(2) 
PARAMETRIC_REPRESENTATION_CONTEXT() REPRESENTATION_CONTEXT('2D SPACE',''
  ) );
#13158 = ORIENTED_EDGE('',*,*,#1641,.T.);
#13159 = ORIENTED_EDGE('',*,*,#10837,.F.);
#13160 = ADVANCED_FACE('',(#13161),#1716,.T.);
#13161 = FACE_BOUND('',#13162,.T.);
#13162 = EDGE_LOOP('',(#13163,#13164,#13183,#13184));
#13163 = ORIENTED_EDGE('',*,*,#6961,.F.);
#13164 = ORIENTED_EDGE('',*,*,#13165,.F.);
#13165 = EDGE_CURVE('',#1701,#6962,#13166,.T.);
#13166 = SURFACE_CURVE('',#13167,(#13171,#13177),.PCURVE_S1.);
#13167 = LINE('',#13168,#13169);
#13168 = CARTESIAN_POINT('',(-41.4,-18.,0.6));
#13169 = VECTOR('',#13170,1.);
#13170 = DIRECTION('',(0.,-1.,0.));
#13171 = PCURVE('',#1716,#13172);
#13172 = DEFINITIONAL_REPRESENTATION('',(#13173),#13176);
#13173 = B_SPLINE_CURVE_WITH_KNOTS('',1,(#13174,#13175),.UNSPECIFIED.,
  .F.,.F.,(2,2),(-2.4,0.),.PIECEWISE_BEZIER_KNOTS.);
#13174 = CARTESIAN_POINT('',(70.6,-2.4));
#13175 = CARTESIAN_POINT('',(70.6,0.));
#13176 = ( GEOMETRIC_REPRESENTATION_CONTEXT(2) 
PARAMETRIC_REPRESENTATION_CONTEXT() REPRESENTATION_CONTEXT('2D SPACE',''
  ) );
#13177 = PCURVE('',#1744,#13178);
#13178 = DEFINITIONAL_REPRESENTATION('',(#13179),#13182);
#13179 = B_SPLINE_CURVE_WITH_KNOTS('',1,(#13180,#13181),.UNSPECIFIED.,
  .F.,.F.,(2,2),(-2.4,0.),.PIECEWISE_BEZIER_KNOTS.);
#13180 = CARTESIAN_POINT('',(28.6,2.4));
#13181 = CARTESIAN_POINT('',(28.6,0.));
#13182 = ( GEOMETRIC_REPRESENTATION_CONTEXT(2) 
PARAMETRIC_REPRESENTATION_CONTEXT() REPRESENTATION_CONTEXT('2D SPACE',''
  ) );
#13183 = ORIENTED_EDGE('',*,*,#1700,.T.);
#13184 = ORIENTED_EDGE('',*,*,#10881,.F.);
#13185 = ADVANCED_FACE('',(#13186),#1831,.T.);
#13186 = FACE_BOUND('',#13187,.T.);
#13187 = EDGE_LOOP('',(#13188,#13189,#13208,#13209));
#13188 = ORIENTED_EDGE('',*,*,#7056,.F.);
#13189 = ORIENTED_EDGE('',*,*,#13190,.F.);
#13190 = EDGE_CURVE('',#1816,#7057,#13191,.T.);
#13191 = SURFACE_CURVE('',#13192,(#13196,#13202),.PCURVE_S1.);
#13192 = LINE('',#13193,#13194);
#13193 = CARTESIAN_POINT('',(42.6,-18.,0.6));
#13194 = VECTOR('',#13195,1.);
#13195 = DIRECTION('',(0.,-1.,0.));
#13196 = PCURVE('',#1831,#13197);
#13197 = DEFINITIONAL_REPRESENTATION('',(#13198),#13201);
#13198 = B_SPLINE_CURVE_WITH_KNOTS('',1,(#13199,#13200),.UNSPECIFIED.,
  .F.,.F.,(2,2),(-2.4,0.),.PIECEWISE_BEZIER_KNOTS.);
#13199 = CARTESIAN_POINT('',(70.6,-2.4));
#13200 = CARTESIAN_POINT('',(70.6,0.));
#13201 = ( GEOMETRIC_REPRESENTATION_CONTEXT(2) 
PARAMETRIC_REPRESENTATION_CONTEXT() REPRESENTATION_CONTEXT('2D SPACE',''
  ) );
#13202 = PCURVE('',#1859,#13203);
#13203 = DEFINITIONAL_REPRESENTATION('',(#13204),#13207);
#13204 = B_SPLINE_CURVE_WITH_KNOTS('',1,(#13205,#13206),.UNSPECIFIED.,
  .F.,.F.,(2,2),(-2.4,0.),.PIECEWISE_BEZIER_KNOTS.);
#13205 = CARTESIAN_POINT('',(112.6,2.4));
#13206 = CARTESIAN_POINT('',(112.6,0.));
#13207 = ( GEOMETRIC_REPRESENTATION_CONTEXT(2) 
PARAMETRIC_REPRESENTATION_CONTEXT() REPRESENTATION_CONTEXT('2D SPACE',''
  ) );
#13208 = ORIENTED_EDGE('',*,*,#1815,.T.);
#13209 = ORIENTED_EDGE('',*,*,#10906,.F.);
#13210 = ADVANCED_FACE('',(#13211),#2000,.F.);
#13211 = FACE_BOUND('',#13212,.F.);
#13212 = EDGE_LOOP('',(#13213,#13214,#13233,#13234));
#13213 = ORIENTED_EDGE('',*,*,#7197,.F.);
#13214 = ORIENTED_EDGE('',*,*,#13215,.F.);
#13215 = EDGE_CURVE('',#1959,#7175,#13216,.T.);
#13216 = SURFACE_CURVE('',#13217,(#13221,#13227),.PCURVE_S1.);
#13217 = LINE('',#13218,#13219);
#13218 = CARTESIAN_POINT('',(-42.6,-18.,0.6));
#13219 = VECTOR('',#13220,1.);
#13220 = DIRECTION('',(0.,-1.,0.));
#13221 = PCURVE('',#2000,#13222);
#13222 = DEFINITIONAL_REPRESENTATION('',(#13223),#13226);
#13223 = B_SPLINE_CURVE_WITH_KNOTS('',1,(#13224,#13225),.UNSPECIFIED.,
  .F.,.F.,(2,2),(-2.4,0.),.PIECEWISE_BEZIER_KNOTS.);
#13224 = CARTESIAN_POINT('',(70.6,-2.4));
#13225 = CARTESIAN_POINT('',(70.6,0.));
#13226 = ( GEOMETRIC_REPRESENTATION_CONTEXT(2) 
PARAMETRIC_REPRESENTATION_CONTEXT() REPRESENTATION_CONTEXT('2D SPACE',''
  ) );
#13227 = PCURVE('',#1974,#13228);
#13228 = DEFINITIONAL_REPRESENTATION('',(#13229),#13232);
#13229 = B_SPLINE_CURVE_WITH_KNOTS('',1,(#13230,#13231),.UNSPECIFIED.,
  .F.,.F.,(2,2),(-2.4,0.),.PIECEWISE_BEZIER_KNOTS.);
#13230 = CARTESIAN_POINT('',(27.4,2.4));
#13231 = CARTESIAN_POINT('',(27.4,0.));
#13232 = ( GEOMETRIC_REPRESENTATION_CONTEXT(2) 
PARAMETRIC_REPRESENTATION_CONTEXT() REPRESENTATION_CONTEXT('2D SPACE',''
  ) );
#13233 = ORIENTED_EDGE('',*,*,#1986,.T.);
#13234 = ORIENTED_EDGE('',*,*,#10950,.F.);
#13235 = ADVANCED_FACE('',(#13236),#1885,.F.);
#13236 = FACE_BOUND('',#13237,.F.);
#13237 = EDGE_LOOP('',(#13238,#13239,#13258,#13259));
#13238 = ORIENTED_EDGE('',*,*,#7102,.F.);
#13239 = ORIENTED_EDGE('',*,*,#13240,.F.);
#13240 = EDGE_CURVE('',#1844,#7080,#13241,.T.);
#13241 = SURFACE_CURVE('',#13242,(#13246,#13252),.PCURVE_S1.);
#13242 = LINE('',#13243,#13244);
#13243 = CARTESIAN_POINT('',(47.4,-18.,0.6));
#13244 = VECTOR('',#13245,1.);
#13245 = DIRECTION('',(0.,-1.,0.));
#13246 = PCURVE('',#1885,#13247);
#13247 = DEFINITIONAL_REPRESENTATION('',(#13248),#13251);
#13248 = B_SPLINE_CURVE_WITH_KNOTS('',1,(#13249,#13250),.UNSPECIFIED.,
  .F.,.F.,(2,2),(-2.4,0.),.PIECEWISE_BEZIER_KNOTS.);
#13249 = CARTESIAN_POINT('',(70.6,-2.4));
#13250 = CARTESIAN_POINT('',(70.6,0.));
#13251 = ( GEOMETRIC_REPRESENTATION_CONTEXT(2) 
PARAMETRIC_REPRESENTATION_CONTEXT() REPRESENTATION_CONTEXT('2D SPACE',''
  ) );
#13252 = PCURVE('',#1859,#13253);
#13253 = DEFINITIONAL_REPRESENTATION('',(#13254),#13257);
#13254 = B_SPLINE_CURVE_WITH_KNOTS('',1,(#13255,#13256),.UNSPECIFIED.,
  .F.,.F.,(2,2),(-2.4,0.),.PIECEWISE_BEZIER_KNOTS.);
#13255 = CARTESIAN_POINT('',(117.4,2.4));
#13256 = CARTESIAN_POINT('',(117.4,0.));
#13257 = ( GEOMETRIC_REPRESENTATION_CONTEXT(2) 
PARAMETRIC_REPRESENTATION_CONTEXT() REPRESENTATION_CONTEXT('2D SPACE',''
  ) );
#13258 = ORIENTED_EDGE('',*,*,#1871,.T.);
#13259 = ORIENTED_EDGE('',*,*,#10927,.F.);
#13260 = ADVANCED_FACE('',(#13261),#1946,.T.);
#13261 = FACE_BOUND('',#13262,.T.);
#13262 = EDGE_LOOP('',(#13263,#13264,#13283,#13284));
#13263 = ORIENTED_EDGE('',*,*,#7151,.F.);
#13264 = ORIENTED_EDGE('',*,*,#13265,.F.);
#13265 = EDGE_CURVE('',#1931,#7152,#13266,.T.);
#13266 = SURFACE_CURVE('',#13267,(#13271,#13277),.PCURVE_S1.);
#13267 = LINE('',#13268,#13269);
#13268 = CARTESIAN_POINT('',(-47.4,-18.,0.6));
#13269 = VECTOR('',#13270,1.);
#13270 = DIRECTION('',(0.,-1.,0.));
#13271 = PCURVE('',#1946,#13272);
#13272 = DEFINITIONAL_REPRESENTATION('',(#13273),#13276);
#13273 = B_SPLINE_CURVE_WITH_KNOTS('',1,(#13274,#13275),.UNSPECIFIED.,
  .F.,.F.,(2,2),(-2.4,0.),.PIECEWISE_BEZIER_KNOTS.);
#13274 = CARTESIAN_POINT('',(70.6,-2.4));
#13275 = CARTESIAN_POINT('',(70.6,0.));
#13276 = ( GEOMETRIC_REPRESENTATION_CONTEXT(2) 
PARAMETRIC_REPRESENTATION_CONTEXT() REPRESENTATION_CONTEXT('2D SPACE',''
  ) );
#13277 = PCURVE('',#1974,#13278);
#13278 = DEFINITIONAL_REPRESENTATION('',(#13279),#13282);
#13279 = B_SPLINE_CURVE_WITH_KNOTS('',1,(#13280,#13281),.UNSPECIFIED.,
  .F.,.F.,(2,2),(-2.4,0.),.PIECEWISE_BEZIER_KNOTS.);
#13280 = CARTESIAN_POINT('',(22.6,2.4));
#13281 = CARTESIAN_POINT('',(22.6,0.));
#13282 = ( GEOMETRIC_REPRESENTATION_CONTEXT(2) 
PARAMETRIC_REPRESENTATION_CONTEXT() REPRESENTATION_CONTEXT('2D SPACE',''
  ) );
#13283 = ORIENTED_EDGE('',*,*,#1930,.T.);
#13284 = ORIENTED_EDGE('',*,*,#10971,.F.);
#13285 = ADVANCED_FACE('',(#13286),#2061,.T.);
#13286 = FACE_BOUND('',#13287,.T.);
#13287 = EDGE_LOOP('',(#13288,#13289,#13308,#13309));
#13288 = ORIENTED_EDGE('',*,*,#7246,.F.);
#13289 = ORIENTED_EDGE('',*,*,#13290,.F.);
#13290 = EDGE_CURVE('',#2046,#7247,#13291,.T.);
#13291 = SURFACE_CURVE('',#13292,(#13296,#13302),.PCURVE_S1.);
#13292 = LINE('',#13293,#13294);
#13293 = CARTESIAN_POINT('',(48.6,-18.,0.6));
#13294 = VECTOR('',#13295,1.);
#13295 = DIRECTION('',(0.,-1.,0.));
#13296 = PCURVE('',#2061,#13297);
#13297 = DEFINITIONAL_REPRESENTATION('',(#13298),#13301);
#13298 = B_SPLINE_CURVE_WITH_KNOTS('',1,(#13299,#13300),.UNSPECIFIED.,
  .F.,.F.,(2,2),(-2.4,0.),.PIECEWISE_BEZIER_KNOTS.);
#13299 = CARTESIAN_POINT('',(70.6,-2.4));
#13300 = CARTESIAN_POINT('',(70.6,0.));
#13301 = ( GEOMETRIC_REPRESENTATION_CONTEXT(2) 
PARAMETRIC_REPRESENTATION_CONTEXT() REPRESENTATION_CONTEXT('2D SPACE',''
  ) );
#13302 = PCURVE('',#2089,#13303);
#13303 = DEFINITIONAL_REPRESENTATION('',(#13304),#13307);
#13304 = B_SPLINE_CURVE_WITH_KNOTS('',1,(#13305,#13306),.UNSPECIFIED.,
  .F.,.F.,(2,2),(-2.4,0.),.PIECEWISE_BEZIER_KNOTS.);
#13305 = CARTESIAN_POINT('',(118.6,2.4));
#13306 = CARTESIAN_POINT('',(118.6,0.));
#13307 = ( GEOMETRIC_REPRESENTATION_CONTEXT(2) 
PARAMETRIC_REPRESENTATION_CONTEXT() REPRESENTATION_CONTEXT('2D SPACE',''
  ) );
#13308 = ORIENTED_EDGE('',*,*,#2045,.T.);
#13309 = ORIENTED_EDGE('',*,*,#10996,.F.);
#13310 = ADVANCED_FACE('',(#13311),#2230,.F.);
#13311 = FACE_BOUND('',#13312,.F.);
#13312 = EDGE_LOOP('',(#13313,#13314,#13333,#13334));
#13313 = ORIENTED_EDGE('',*,*,#7387,.F.);
#13314 = ORIENTED_EDGE('',*,*,#13315,.F.);
#13315 = EDGE_CURVE('',#2189,#7365,#13316,.T.);
#13316 = SURFACE_CURVE('',#13317,(#13321,#13327),.PCURVE_S1.);
#13317 = LINE('',#13318,#13319);
#13318 = CARTESIAN_POINT('',(-48.6,-18.,0.6));
#13319 = VECTOR('',#13320,1.);
#13320 = DIRECTION('',(0.,-1.,0.));
#13321 = PCURVE('',#2230,#13322);
#13322 = DEFINITIONAL_REPRESENTATION('',(#13323),#13326);
#13323 = B_SPLINE_CURVE_WITH_KNOTS('',1,(#13324,#13325),.UNSPECIFIED.,
  .F.,.F.,(2,2),(-2.4,0.),.PIECEWISE_BEZIER_KNOTS.);
#13324 = CARTESIAN_POINT('',(70.6,-2.4));
#13325 = CARTESIAN_POINT('',(70.6,0.));
#13326 = ( GEOMETRIC_REPRESENTATION_CONTEXT(2) 
PARAMETRIC_REPRESENTATION_CONTEXT() REPRESENTATION_CONTEXT('2D SPACE',''
  ) );
#13327 = PCURVE('',#2204,#13328);
#13328 = DEFINITIONAL_REPRESENTATION('',(#13329),#13332);
#13329 = B_SPLINE_CURVE_WITH_KNOTS('',1,(#13330,#13331),.UNSPECIFIED.,
  .F.,.F.,(2,2),(-2.4,0.),.PIECEWISE_BEZIER_KNOTS.);
#13330 = CARTESIAN_POINT('',(21.4,2.4));
#13331 = CARTESIAN_POINT('',(21.4,0.));
#13332 = ( GEOMETRIC_REPRESENTATION_CONTEXT(2) 
PARAMETRIC_REPRESENTATION_CONTEXT() REPRESENTATION_CONTEXT('2D SPACE',''
  ) );
#13333 = ORIENTED_EDGE('',*,*,#2216,.T.);
#13334 = ORIENTED_EDGE('',*,*,#11040,.F.);
#13335 = ADVANCED_FACE('',(#13336),#2115,.F.);
#13336 = FACE_BOUND('',#13337,.F.);
#13337 = EDGE_LOOP('',(#13338,#13339,#13358,#13359));
#13338 = ORIENTED_EDGE('',*,*,#7292,.F.);
#13339 = ORIENTED_EDGE('',*,*,#13340,.F.);
#13340 = EDGE_CURVE('',#2074,#7270,#13341,.T.);
#13341 = SURFACE_CURVE('',#13342,(#13346,#13352),.PCURVE_S1.);
#13342 = LINE('',#13343,#13344);
#13343 = CARTESIAN_POINT('',(53.4,-18.,0.6));
#13344 = VECTOR('',#13345,1.);
#13345 = DIRECTION('',(0.,-1.,0.));
#13346 = PCURVE('',#2115,#13347);
#13347 = DEFINITIONAL_REPRESENTATION('',(#13348),#13351);
#13348 = B_SPLINE_CURVE_WITH_KNOTS('',1,(#13349,#13350),.UNSPECIFIED.,
  .F.,.F.,(2,2),(-2.4,0.),.PIECEWISE_BEZIER_KNOTS.);
#13349 = CARTESIAN_POINT('',(70.6,-2.4));
#13350 = CARTESIAN_POINT('',(70.6,0.));
#13351 = ( GEOMETRIC_REPRESENTATION_CONTEXT(2) 
PARAMETRIC_REPRESENTATION_CONTEXT() REPRESENTATION_CONTEXT('2D SPACE',''
  ) );
#13352 = PCURVE('',#2089,#13353);
#13353 = DEFINITIONAL_REPRESENTATION('',(#13354),#13357);
#13354 = B_SPLINE_CURVE_WITH_KNOTS('',1,(#13355,#13356),.UNSPECIFIED.,
  .F.,.F.,(2,2),(-2.4,0.),.PIECEWISE_BEZIER_KNOTS.);
#13355 = CARTESIAN_POINT('',(123.4,2.4));
#13356 = CARTESIAN_POINT('',(123.4,0.));
#13357 = ( GEOMETRIC_REPRESENTATION_CONTEXT(2) 
PARAMETRIC_REPRESENTATION_CONTEXT() REPRESENTATION_CONTEXT('2D SPACE',''
  ) );
#13358 = ORIENTED_EDGE('',*,*,#2101,.T.);
#13359 = ORIENTED_EDGE('',*,*,#11017,.F.);
#13360 = ADVANCED_FACE('',(#13361),#2176,.T.);
#13361 = FACE_BOUND('',#13362,.T.);
#13362 = EDGE_LOOP('',(#13363,#13364,#13383,#13384));
#13363 = ORIENTED_EDGE('',*,*,#7341,.F.);
#13364 = ORIENTED_EDGE('',*,*,#13365,.F.);
#13365 = EDGE_CURVE('',#2161,#7342,#13366,.T.);
#13366 = SURFACE_CURVE('',#13367,(#13371,#13377),.PCURVE_S1.);
#13367 = LINE('',#13368,#13369);
#13368 = CARTESIAN_POINT('',(-53.4,-18.,0.6));
#13369 = VECTOR('',#13370,1.);
#13370 = DIRECTION('',(0.,-1.,0.));
#13371 = PCURVE('',#2176,#13372);
#13372 = DEFINITIONAL_REPRESENTATION('',(#13373),#13376);
#13373 = B_SPLINE_CURVE_WITH_KNOTS('',1,(#13374,#13375),.UNSPECIFIED.,
  .F.,.F.,(2,2),(-2.4,0.),.PIECEWISE_BEZIER_KNOTS.);
#13374 = CARTESIAN_POINT('',(70.6,-2.4));
#13375 = CARTESIAN_POINT('',(70.6,0.));
#13376 = ( GEOMETRIC_REPRESENTATION_CONTEXT(2) 
PARAMETRIC_REPRESENTATION_CONTEXT() REPRESENTATION_CONTEXT('2D SPACE',''
  ) );
#13377 = PCURVE('',#2204,#13378);
#13378 = DEFINITIONAL_REPRESENTATION('',(#13379),#13382);
#13379 = B_SPLINE_CURVE_WITH_KNOTS('',1,(#13380,#13381),.UNSPECIFIED.,
  .F.,.F.,(2,2),(-2.4,0.),.PIECEWISE_BEZIER_KNOTS.);
#13380 = CARTESIAN_POINT('',(16.6,2.4));
#13381 = CARTESIAN_POINT('',(16.6,0.));
#13382 = ( GEOMETRIC_REPRESENTATION_CONTEXT(2) 
PARAMETRIC_REPRESENTATION_CONTEXT() REPRESENTATION_CONTEXT('2D SPACE',''
  ) );
#13383 = ORIENTED_EDGE('',*,*,#2160,.T.);
#13384 = ORIENTED_EDGE('',*,*,#11061,.F.);
#13385 = ADVANCED_FACE('',(#13386),#2291,.T.);
#13386 = FACE_BOUND('',#13387,.T.);
#13387 = EDGE_LOOP('',(#13388,#13389,#13408,#13409));
#13388 = ORIENTED_EDGE('',*,*,#7436,.F.);
#13389 = ORIENTED_EDGE('',*,*,#13390,.F.);
#13390 = EDGE_CURVE('',#2276,#7437,#13391,.T.);
#13391 = SURFACE_CURVE('',#13392,(#13396,#13402),.PCURVE_S1.);
#13392 = LINE('',#13393,#13394);
#13393 = CARTESIAN_POINT('',(54.6,-18.,0.6));
#13394 = VECTOR('',#13395,1.);
#13395 = DIRECTION('',(0.,-1.,0.));
#13396 = PCURVE('',#2291,#13397);
#13397 = DEFINITIONAL_REPRESENTATION('',(#13398),#13401);
#13398 = B_SPLINE_CURVE_WITH_KNOTS('',1,(#13399,#13400),.UNSPECIFIED.,
  .F.,.F.,(2,2),(-2.4,0.),.PIECEWISE_BEZIER_KNOTS.);
#13399 = CARTESIAN_POINT('',(70.6,-2.4));
#13400 = CARTESIAN_POINT('',(70.6,0.));
#13401 = ( GEOMETRIC_REPRESENTATION_CONTEXT(2) 
PARAMETRIC_REPRESENTATION_CONTEXT() REPRESENTATION_CONTEXT('2D SPACE',''
  ) );
#13402 = PCURVE('',#2319,#13403);
#13403 = DEFINITIONAL_REPRESENTATION('',(#13404),#13407);
#13404 = B_SPLINE_CURVE_WITH_KNOTS('',1,(#13405,#13406),.UNSPECIFIED.,
  .F.,.F.,(2,2),(-2.4,0.),.PIECEWISE_BEZIER_KNOTS.);
#13405 = CARTESIAN_POINT('',(124.6,2.4));
#13406 = CARTESIAN_POINT('',(124.6,0.));
#13407 = ( GEOMETRIC_REPRESENTATION_CONTEXT(2) 
PARAMETRIC_REPRESENTATION_CONTEXT() REPRESENTATION_CONTEXT('2D SPACE',''
  ) );
#13408 = ORIENTED_EDGE('',*,*,#2275,.T.);
#13409 = ORIENTED_EDGE('',*,*,#11086,.F.);
#13410 = ADVANCED_FACE('',(#13411),#2460,.F.);
#13411 = FACE_BOUND('',#13412,.F.);
#13412 = EDGE_LOOP('',(#13413,#13414,#13433,#13434));
#13413 = ORIENTED_EDGE('',*,*,#7577,.F.);
#13414 = ORIENTED_EDGE('',*,*,#13415,.F.);
#13415 = EDGE_CURVE('',#2419,#7555,#13416,.T.);
#13416 = SURFACE_CURVE('',#13417,(#13421,#13427),.PCURVE_S1.);
#13417 = LINE('',#13418,#13419);
#13418 = CARTESIAN_POINT('',(-54.6,-18.,0.6));
#13419 = VECTOR('',#13420,1.);
#13420 = DIRECTION('',(0.,-1.,0.));
#13421 = PCURVE('',#2460,#13422);
#13422 = DEFINITIONAL_REPRESENTATION('',(#13423),#13426);
#13423 = B_SPLINE_CURVE_WITH_KNOTS('',1,(#13424,#13425),.UNSPECIFIED.,
  .F.,.F.,(2,2),(-2.4,0.),.PIECEWISE_BEZIER_KNOTS.);
#13424 = CARTESIAN_POINT('',(70.6,-2.4));
#13425 = CARTESIAN_POINT('',(70.6,0.));
#13426 = ( GEOMETRIC_REPRESENTATION_CONTEXT(2) 
PARAMETRIC_REPRESENTATION_CONTEXT() REPRESENTATION_CONTEXT('2D SPACE',''
  ) );
#13427 = PCURVE('',#2434,#13428);
#13428 = DEFINITIONAL_REPRESENTATION('',(#13429),#13432);
#13429 = B_SPLINE_CURVE_WITH_KNOTS('',1,(#13430,#13431),.UNSPECIFIED.,
  .F.,.F.,(2,2),(-2.4,0.),.PIECEWISE_BEZIER_KNOTS.);
#13430 = CARTESIAN_POINT('',(15.4,2.4));
#13431 = CARTESIAN_POINT('',(15.4,0.));
#13432 = ( GEOMETRIC_REPRESENTATION_CONTEXT(2) 
PARAMETRIC_REPRESENTATION_CONTEXT() REPRESENTATION_CONTEXT('2D SPACE',''
  ) );
#13433 = ORIENTED_EDGE('',*,*,#2446,.T.);
#13434 = ORIENTED_EDGE('',*,*,#11130,.F.);
#13435 = ADVANCED_FACE('',(#13436),#2345,.F.);
#13436 = FACE_BOUND('',#13437,.F.);
#13437 = EDGE_LOOP('',(#13438,#13439,#13458,#13459));
#13438 = ORIENTED_EDGE('',*,*,#7482,.F.);
#13439 = ORIENTED_EDGE('',*,*,#13440,.F.);
#13440 = EDGE_CURVE('',#2304,#7460,#13441,.T.);
#13441 = SURFACE_CURVE('',#13442,(#13446,#13452),.PCURVE_S1.);
#13442 = LINE('',#13443,#13444);
#13443 = CARTESIAN_POINT('',(59.4,-18.,0.6));
#13444 = VECTOR('',#13445,1.);
#13445 = DIRECTION('',(0.,-1.,0.));
#13446 = PCURVE('',#2345,#13447);
#13447 = DEFINITIONAL_REPRESENTATION('',(#13448),#13451);
#13448 = B_SPLINE_CURVE_WITH_KNOTS('',1,(#13449,#13450),.UNSPECIFIED.,
  .F.,.F.,(2,2),(-2.4,0.),.PIECEWISE_BEZIER_KNOTS.);
#13449 = CARTESIAN_POINT('',(70.6,-2.4));
#13450 = CARTESIAN_POINT('',(70.6,0.));
#13451 = ( GEOMETRIC_REPRESENTATION_CONTEXT(2) 
PARAMETRIC_REPRESENTATION_CONTEXT() REPRESENTATION_CONTEXT('2D SPACE',''
  ) );
#13452 = PCURVE('',#2319,#13453);
#13453 = DEFINITIONAL_REPRESENTATION('',(#13454),#13457);
#13454 = B_SPLINE_CURVE_WITH_KNOTS('',1,(#13455,#13456),.UNSPECIFIED.,
  .F.,.F.,(2,2),(-2.4,0.),.PIECEWISE_BEZIER_KNOTS.);
#13455 = CARTESIAN_POINT('',(129.4,2.4));
#13456 = CARTESIAN_POINT('',(129.4,0.));
#13457 = ( GEOMETRIC_REPRESENTATION_CONTEXT(2) 
PARAMETRIC_REPRESENTATION_CONTEXT() REPRESENTATION_CONTEXT('2D SPACE',''
  ) );
#13458 = ORIENTED_EDGE('',*,*,#2331,.T.);
#13459 = ORIENTED_EDGE('',*,*,#11107,.F.);
#13460 = ADVANCED_FACE('',(#13461),#2406,.T.);
#13461 = FACE_BOUND('',#13462,.T.);
#13462 = EDGE_LOOP('',(#13463,#13464,#13483,#13484));
#13463 = ORIENTED_EDGE('',*,*,#7531,.F.);
#13464 = ORIENTED_EDGE('',*,*,#13465,.F.);
#13465 = EDGE_CURVE('',#2391,#7532,#13466,.T.);
#13466 = SURFACE_CURVE('',#13467,(#13471,#13477),.PCURVE_S1.);
#13467 = LINE('',#13468,#13469);
#13468 = CARTESIAN_POINT('',(-59.4,-18.,0.6));
#13469 = VECTOR('',#13470,1.);
#13470 = DIRECTION('',(0.,-1.,0.));
#13471 = PCURVE('',#2406,#13472);
#13472 = DEFINITIONAL_REPRESENTATION('',(#13473),#13476);
#13473 = B_SPLINE_CURVE_WITH_KNOTS('',1,(#13474,#13475),.UNSPECIFIED.,
  .F.,.F.,(2,2),(-2.4,0.),.PIECEWISE_BEZIER_KNOTS.);
#13474 = CARTESIAN_POINT('',(70.6,-2.4));
#13475 = CARTESIAN_POINT('',(70.6,0.));
#13476 = ( GEOMETRIC_REPRESENTATION_CONTEXT(2) 
PARAMETRIC_REPRESENTATION_CONTEXT() REPRESENTATION_CONTEXT('2D SPACE',''
  ) );
#13477 = PCURVE('',#2434,#13478);
#13478 = DEFINITIONAL_REPRESENTATION('',(#13479),#13482);
#13479 = B_SPLINE_CURVE_WITH_KNOTS('',1,(#13480,#13481),.UNSPECIFIED.,
  .F.,.F.,(2,2),(-2.4,0.),.PIECEWISE_BEZIER_KNOTS.);
#13480 = CARTESIAN_POINT('',(10.6,2.4));
#13481 = CARTESIAN_POINT('',(10.6,0.));
#13482 = ( GEOMETRIC_REPRESENTATION_CONTEXT(2) 
PARAMETRIC_REPRESENTATION_CONTEXT() REPRESENTATION_CONTEXT('2D SPACE',''
  ) );
#13483 = ORIENTED_EDGE('',*,*,#2390,.T.);
#13484 = ORIENTED_EDGE('',*,*,#11151,.F.);
#13485 = ADVANCED_FACE('',(#13486),#2521,.T.);
#13486 = FACE_BOUND('',#13487,.T.);
#13487 = EDGE_LOOP('',(#13488,#13489,#13508,#13509));
#13488 = ORIENTED_EDGE('',*,*,#7626,.F.);
#13489 = ORIENTED_EDGE('',*,*,#13490,.F.);
#13490 = EDGE_CURVE('',#2506,#7627,#13491,.T.);
#13491 = SURFACE_CURVE('',#13492,(#13496,#13502),.PCURVE_S1.);
#13492 = LINE('',#13493,#13494);
#13493 = CARTESIAN_POINT('',(60.6,-18.,0.6));
#13494 = VECTOR('',#13495,1.);
#13495 = DIRECTION('',(0.,-1.,0.));
#13496 = PCURVE('',#2521,#13497);
#13497 = DEFINITIONAL_REPRESENTATION('',(#13498),#13501);
#13498 = B_SPLINE_CURVE_WITH_KNOTS('',1,(#13499,#13500),.UNSPECIFIED.,
  .F.,.F.,(2,2),(-2.4,0.),.PIECEWISE_BEZIER_KNOTS.);
#13499 = CARTESIAN_POINT('',(70.6,-2.4));
#13500 = CARTESIAN_POINT('',(70.6,0.));
#13501 = ( GEOMETRIC_REPRESENTATION_CONTEXT(2) 
PARAMETRIC_REPRESENTATION_CONTEXT() REPRESENTATION_CONTEXT('2D SPACE',''
  ) );
#13502 = PCURVE('',#2549,#13503);
#13503 = DEFINITIONAL_REPRESENTATION('',(#13504),#13507);
#13504 = B_SPLINE_CURVE_WITH_KNOTS('',1,(#13505,#13506),.UNSPECIFIED.,
  .F.,.F.,(2,2),(-2.4,0.),.PIECEWISE_BEZIER_KNOTS.);
#13505 = CARTESIAN_POINT('',(130.6,2.4));
#13506 = CARTESIAN_POINT('',(130.6,0.));
#13507 = ( GEOMETRIC_REPRESENTATION_CONTEXT(2) 
PARAMETRIC_REPRESENTATION_CONTEXT() REPRESENTATION_CONTEXT('2D SPACE',''
  ) );
#13508 = ORIENTED_EDGE('',*,*,#2505,.T.);
#13509 = ORIENTED_EDGE('',*,*,#11176,.F.);
#13510 = ADVANCED_FACE('',(#13511),#2690,.F.);
#13511 = FACE_BOUND('',#13512,.F.);
#13512 = EDGE_LOOP('',(#13513,#13514,#13533,#13534));
#13513 = ORIENTED_EDGE('',*,*,#7767,.F.);
#13514 = ORIENTED_EDGE('',*,*,#13515,.F.);
#13515 = EDGE_CURVE('',#2649,#7745,#13516,.T.);
#13516 = SURFACE_CURVE('',#13517,(#13521,#13527),.PCURVE_S1.);
#13517 = LINE('',#13518,#13519);
#13518 = CARTESIAN_POINT('',(-60.6,-18.,0.6));
#13519 = VECTOR('',#13520,1.);
#13520 = DIRECTION('',(0.,-1.,0.));
#13521 = PCURVE('',#2690,#13522);
#13522 = DEFINITIONAL_REPRESENTATION('',(#13523),#13526);
#13523 = B_SPLINE_CURVE_WITH_KNOTS('',1,(#13524,#13525),.UNSPECIFIED.,
  .F.,.F.,(2,2),(-2.4,0.),.PIECEWISE_BEZIER_KNOTS.);
#13524 = CARTESIAN_POINT('',(70.6,-2.4));
#13525 = CARTESIAN_POINT('',(70.6,0.));
#13526 = ( GEOMETRIC_REPRESENTATION_CONTEXT(2) 
PARAMETRIC_REPRESENTATION_CONTEXT() REPRESENTATION_CONTEXT('2D SPACE',''
  ) );
#13527 = PCURVE('',#2664,#13528);
#13528 = DEFINITIONAL_REPRESENTATION('',(#13529),#13532);
#13529 = B_SPLINE_CURVE_WITH_KNOTS('',1,(#13530,#13531),.UNSPECIFIED.,
  .F.,.F.,(2,2),(-2.4,0.),.PIECEWISE_BEZIER_KNOTS.);
#13530 = CARTESIAN_POINT('',(9.4,2.4));
#13531 = CARTESIAN_POINT('',(9.4,0.));
#13532 = ( GEOMETRIC_REPRESENTATION_CONTEXT(2) 
PARAMETRIC_REPRESENTATION_CONTEXT() REPRESENTATION_CONTEXT('2D SPACE',''
  ) );
#13533 = ORIENTED_EDGE('',*,*,#2676,.T.);
#13534 = ORIENTED_EDGE('',*,*,#11220,.F.);
#13535 = ADVANCED_FACE('',(#13536),#2575,.F.);
#13536 = FACE_BOUND('',#13537,.F.);
#13537 = EDGE_LOOP('',(#13538,#13539,#13558,#13559));
#13538 = ORIENTED_EDGE('',*,*,#7672,.F.);
#13539 = ORIENTED_EDGE('',*,*,#13540,.F.);
#13540 = EDGE_CURVE('',#2534,#7650,#13541,.T.);
#13541 = SURFACE_CURVE('',#13542,(#13546,#13552),.PCURVE_S1.);
#13542 = LINE('',#13543,#13544);
#13543 = CARTESIAN_POINT('',(65.4,-18.,0.6));
#13544 = VECTOR('',#13545,1.);
#13545 = DIRECTION('',(0.,-1.,0.));
#13546 = PCURVE('',#2575,#13547);
#13547 = DEFINITIONAL_REPRESENTATION('',(#13548),#13551);
#13548 = B_SPLINE_CURVE_WITH_KNOTS('',1,(#13549,#13550),.UNSPECIFIED.,
  .F.,.F.,(2,2),(-2.4,0.),.PIECEWISE_BEZIER_KNOTS.);
#13549 = CARTESIAN_POINT('',(70.6,-2.4));
#13550 = CARTESIAN_POINT('',(70.6,0.));
#13551 = ( GEOMETRIC_REPRESENTATION_CONTEXT(2) 
PARAMETRIC_REPRESENTATION_CONTEXT() REPRESENTATION_CONTEXT('2D SPACE',''
  ) );
#13552 = PCURVE('',#2549,#13553);
#13553 = DEFINITIONAL_REPRESENTATION('',(#13554),#13557);
#13554 = B_SPLINE_CURVE_WITH_KNOTS('',1,(#13555,#13556),.UNSPECIFIED.,
  .F.,.F.,(2,2),(-2.4,0.),.PIECEWISE_BEZIER_KNOTS.);
#13555 = CARTESIAN_POINT('',(135.4,2.4));
#13556 = CARTESIAN_POINT('',(135.4,0.));
#13557 = ( GEOMETRIC_REPRESENTATION_CONTEXT(2) 
PARAMETRIC_REPRESENTATION_CONTEXT() REPRESENTATION_CONTEXT('2D SPACE',''
  ) );
#13558 = ORIENTED_EDGE('',*,*,#2561,.T.);
#13559 = ORIENTED_EDGE('',*,*,#11197,.F.);
#13560 = ADVANCED_FACE('',(#13561),#2636,.T.);
#13561 = FACE_BOUND('',#13562,.T.);
#13562 = EDGE_LOOP('',(#13563,#13564,#13583,#13584));
#13563 = ORIENTED_EDGE('',*,*,#7721,.F.);
#13564 = ORIENTED_EDGE('',*,*,#13565,.F.);
#13565 = EDGE_CURVE('',#2621,#7722,#13566,.T.);
#13566 = SURFACE_CURVE('',#13567,(#13571,#13577),.PCURVE_S1.);
#13567 = LINE('',#13568,#13569);
#13568 = CARTESIAN_POINT('',(-65.4,-18.,0.6));
#13569 = VECTOR('',#13570,1.);
#13570 = DIRECTION('',(0.,-1.,0.));
#13571 = PCURVE('',#2636,#13572);
#13572 = DEFINITIONAL_REPRESENTATION('',(#13573),#13576);
#13573 = B_SPLINE_CURVE_WITH_KNOTS('',1,(#13574,#13575),.UNSPECIFIED.,
  .F.,.F.,(2,2),(-2.4,0.),.PIECEWISE_BEZIER_KNOTS.);
#13574 = CARTESIAN_POINT('',(70.6,-2.4));
#13575 = CARTESIAN_POINT('',(70.6,0.));
#13576 = ( GEOMETRIC_REPRESENTATION_CONTEXT(2) 
PARAMETRIC_REPRESENTATION_CONTEXT() REPRESENTATION_CONTEXT('2D SPACE',''
  ) );
#13577 = PCURVE('',#2664,#13578);
#13578 = DEFINITIONAL_REPRESENTATION('',(#13579),#13582);
#13579 = B_SPLINE_CURVE_WITH_KNOTS('',1,(#13580,#13581),.UNSPECIFIED.,
  .F.,.F.,(2,2),(-2.4,0.),.PIECEWISE_BEZIER_KNOTS.);
#13580 = CARTESIAN_POINT('',(4.6,2.4));
#13581 = CARTESIAN_POINT('',(4.6,0.));
#13582 = ( GEOMETRIC_REPRESENTATION_CONTEXT(2) 
PARAMETRIC_REPRESENTATION_CONTEXT() REPRESENTATION_CONTEXT('2D SPACE',''
  ) );
#13583 = ORIENTED_EDGE('',*,*,#2620,.T.);
#13584 = ORIENTED_EDGE('',*,*,#11241,.F.);
#13585 = ADVANCED_FACE('',(#13586),#2751,.T.);
#13586 = FACE_BOUND('',#13587,.T.);
#13587 = EDGE_LOOP('',(#13588,#13589,#13608,#13609));
#13588 = ORIENTED_EDGE('',*,*,#7816,.F.);
#13589 = ORIENTED_EDGE('',*,*,#13590,.F.);
#13590 = EDGE_CURVE('',#2736,#7817,#13591,.T.);
#13591 = SURFACE_CURVE('',#13592,(#13596,#13602),.PCURVE_S1.);
#13592 = LINE('',#13593,#13594);
#13593 = CARTESIAN_POINT('',(66.6,-18.,0.6));
#13594 = VECTOR('',#13595,1.);
#13595 = DIRECTION('',(0.,-1.,0.));
#13596 = PCURVE('',#2751,#13597);
#13597 = DEFINITIONAL_REPRESENTATION('',(#13598),#13601);
#13598 = B_SPLINE_CURVE_WITH_KNOTS('',1,(#13599,#13600),.UNSPECIFIED.,
  .F.,.F.,(2,2),(-2.4,0.),.PIECEWISE_BEZIER_KNOTS.);
#13599 = CARTESIAN_POINT('',(70.6,-2.4));
#13600 = CARTESIAN_POINT('',(70.6,0.));
#13601 = ( GEOMETRIC_REPRESENTATION_CONTEXT(2) 
PARAMETRIC_REPRESENTATION_CONTEXT() REPRESENTATION_CONTEXT('2D SPACE',''
  ) );
#13602 = PCURVE('',#2777,#13603);
#13603 = DEFINITIONAL_REPRESENTATION('',(#13604),#13607);
#13604 = B_SPLINE_CURVE_WITH_KNOTS('',1,(#13605,#13606),.UNSPECIFIED.,
  .F.,.F.,(2,2),(-2.4,0.),.PIECEWISE_BEZIER_KNOTS.);
#13605 = CARTESIAN_POINT('',(136.6,2.4));
#13606 = CARTESIAN_POINT('',(136.6,0.));
#13607 = ( GEOMETRIC_REPRESENTATION_CONTEXT(2) 
PARAMETRIC_REPRESENTATION_CONTEXT() REPRESENTATION_CONTEXT('2D SPACE',''
  ) );
#13608 = ORIENTED_EDGE('',*,*,#2735,.T.);
#13609 = ORIENTED_EDGE('',*,*,#11266,.F.);
#13610 = ADVANCED_FACE('',(#13611),#2864,.F.);
#13611 = FACE_BOUND('',#13612,.F.);
#13612 = EDGE_LOOP('',(#13613,#13614,#13633,#13634));
#13613 = ORIENTED_EDGE('',*,*,#7911,.F.);
#13614 = ORIENTED_EDGE('',*,*,#13615,.F.);
#13615 = EDGE_CURVE('',#2823,#7889,#13616,.T.);
#13616 = SURFACE_CURVE('',#13617,(#13621,#13627),.PCURVE_S1.);
#13617 = LINE('',#13618,#13619);
#13618 = CARTESIAN_POINT('',(-66.6,-18.,0.6));
#13619 = VECTOR('',#13620,1.);
#13620 = DIRECTION('',(0.,-1.,0.));
#13621 = PCURVE('',#2864,#13622);
#13622 = DEFINITIONAL_REPRESENTATION('',(#13623),#13626);
#13623 = B_SPLINE_CURVE_WITH_KNOTS('',1,(#13624,#13625),.UNSPECIFIED.,
  .F.,.F.,(2,2),(-2.4,0.),.PIECEWISE_BEZIER_KNOTS.);
#13624 = CARTESIAN_POINT('',(70.6,-2.4));
#13625 = CARTESIAN_POINT('',(70.6,0.));
#13626 = ( GEOMETRIC_REPRESENTATION_CONTEXT(2) 
PARAMETRIC_REPRESENTATION_CONTEXT() REPRESENTATION_CONTEXT('2D SPACE',''
  ) );
#13627 = PCURVE('',#2838,#13628);
#13628 = DEFINITIONAL_REPRESENTATION('',(#13629),#13632);
#13629 = B_SPLINE_CURVE_WITH_KNOTS('',1,(#13630,#13631),.UNSPECIFIED.,
  .F.,.F.,(2,2),(-2.4,0.),.PIECEWISE_BEZIER_KNOTS.);
#13630 = CARTESIAN_POINT('',(3.4,2.4));
#13631 = CARTESIAN_POINT('',(3.4,0.));
#13632 = ( GEOMETRIC_REPRESENTATION_CONTEXT(2) 
PARAMETRIC_REPRESENTATION_CONTEXT() REPRESENTATION_CONTEXT('2D SPACE',''
  ) );
#13633 = ORIENTED_EDGE('',*,*,#2850,.T.);
#13634 = ORIENTED_EDGE('',*,*,#11310,.F.);
#13635 = ADVANCED_FACE('',(#13636),#2777,.T.);
#13636 = FACE_BOUND('',#13637,.T.);
#13637 = EDGE_LOOP('',(#13638,#13639,#13640,#13641));
#13638 = ORIENTED_EDGE('',*,*,#2763,.F.);
#13639 = ORIENTED_EDGE('',*,*,#13590,.T.);
#13640 = ORIENTED_EDGE('',*,*,#7839,.T.);
#13641 = ORIENTED_EDGE('',*,*,#11287,.T.);
#13642 = ADVANCED_FACE('',(#13643),#2838,.T.);
#13643 = FACE_BOUND('',#13644,.T.);
#13644 = EDGE_LOOP('',(#13645,#13646,#13647,#13648));
#13645 = ORIENTED_EDGE('',*,*,#2822,.F.);
#13646 = ORIENTED_EDGE('',*,*,#11331,.F.);
#13647 = ORIENTED_EDGE('',*,*,#7888,.T.);
#13648 = ORIENTED_EDGE('',*,*,#13615,.F.);
#13649 = ADVANCED_FACE('',(#13650),#2925,.F.);
#13650 = FACE_BOUND('',#13651,.F.);
#13651 = EDGE_LOOP('',(#13652,#13653,#13672,#13673));
#13652 = ORIENTED_EDGE('',*,*,#2909,.F.);
#13653 = ORIENTED_EDGE('',*,*,#13654,.T.);
#13654 = EDGE_CURVE('',#2910,#7961,#13655,.T.);
#13655 = SURFACE_CURVE('',#13656,(#13660,#13666),.PCURVE_S1.);
#13656 = LINE('',#13657,#13658);
#13657 = CARTESIAN_POINT('',(66.6,-18.,-0.6));
#13658 = VECTOR('',#13659,1.);
#13659 = DIRECTION('',(0.,-1.,0.));
#13660 = PCURVE('',#2925,#13661);
#13661 = DEFINITIONAL_REPRESENTATION('',(#13662),#13665);
#13662 = B_SPLINE_CURVE_WITH_KNOTS('',1,(#13663,#13664),.UNSPECIFIED.,
  .F.,.F.,(2,2),(-2.4,0.),.PIECEWISE_BEZIER_KNOTS.);
#13663 = CARTESIAN_POINT('',(136.6,2.4));
#13664 = CARTESIAN_POINT('',(136.6,0.));
#13665 = ( GEOMETRIC_REPRESENTATION_CONTEXT(2) 
PARAMETRIC_REPRESENTATION_CONTEXT() REPRESENTATION_CONTEXT('2D SPACE',''
  ) );
#13666 = PCURVE('',#2951,#13667);
#13667 = DEFINITIONAL_REPRESENTATION('',(#13668),#13671);
#13668 = B_SPLINE_CURVE_WITH_KNOTS('',1,(#13669,#13670),.UNSPECIFIED.,
  .F.,.F.,(2,2),(-2.4,0.),.PIECEWISE_BEZIER_KNOTS.);
#13669 = CARTESIAN_POINT('',(69.4,-2.4));
#13670 = CARTESIAN_POINT('',(69.4,0.));
#13671 = ( GEOMETRIC_REPRESENTATION_CONTEXT(2) 
PARAMETRIC_REPRESENTATION_CONTEXT() REPRESENTATION_CONTEXT('2D SPACE',''
  ) );
#13672 = ORIENTED_EDGE('',*,*,#7960,.T.);
#13673 = ORIENTED_EDGE('',*,*,#11356,.T.);
#13674 = ADVANCED_FACE('',(#13675),#3038,.F.);
#13675 = FACE_BOUND('',#13676,.F.);
#13676 = EDGE_LOOP('',(#13677,#13678,#13679,#13680));
#13677 = ORIENTED_EDGE('',*,*,#3024,.F.);
#13678 = ORIENTED_EDGE('',*,*,#11400,.F.);
#13679 = ORIENTED_EDGE('',*,*,#8055,.T.);
#13680 = ORIENTED_EDGE('',*,*,#13681,.F.);
#13681 = EDGE_CURVE('',#2997,#8033,#13682,.T.);
#13682 = SURFACE_CURVE('',#13683,(#13687,#13693),.PCURVE_S1.);
#13683 = LINE('',#13684,#13685);
#13684 = CARTESIAN_POINT('',(-66.6,-18.,-0.6));
#13685 = VECTOR('',#13686,1.);
#13686 = DIRECTION('',(0.,-1.,0.));
#13687 = PCURVE('',#3038,#13688);
#13688 = DEFINITIONAL_REPRESENTATION('',(#13689),#13692);
#13689 = B_SPLINE_CURVE_WITH_KNOTS('',1,(#13690,#13691),.UNSPECIFIED.,
  .F.,.F.,(2,2),(-2.4,0.),.PIECEWISE_BEZIER_KNOTS.);
#13690 = CARTESIAN_POINT('',(3.4,2.4));
#13691 = CARTESIAN_POINT('',(3.4,0.));
#13692 = ( GEOMETRIC_REPRESENTATION_CONTEXT(2) 
PARAMETRIC_REPRESENTATION_CONTEXT() REPRESENTATION_CONTEXT('2D SPACE',''
  ) );
#13693 = PCURVE('',#3012,#13694);
#13694 = DEFINITIONAL_REPRESENTATION('',(#13695),#13698);
#13695 = B_SPLINE_CURVE_WITH_KNOTS('',1,(#13696,#13697),.UNSPECIFIED.,
  .F.,.F.,(2,2),(-2.4,0.),.PIECEWISE_BEZIER_KNOTS.);
#13696 = CARTESIAN_POINT('',(69.4,-2.4));
#13697 = CARTESIAN_POINT('',(69.4,0.));
#13698 = ( GEOMETRIC_REPRESENTATION_CONTEXT(2) 
PARAMETRIC_REPRESENTATION_CONTEXT() REPRESENTATION_CONTEXT('2D SPACE',''
  ) );
#13699 = ADVANCED_FACE('',(#13700),#2951,.T.);
#13700 = FACE_BOUND('',#13701,.T.);
#13701 = EDGE_LOOP('',(#13702,#13703,#13704,#13705));
#13702 = ORIENTED_EDGE('',*,*,#7983,.F.);
#13703 = ORIENTED_EDGE('',*,*,#11377,.T.);
#13704 = ORIENTED_EDGE('',*,*,#2937,.T.);
#13705 = ORIENTED_EDGE('',*,*,#13654,.T.);
#13706 = ADVANCED_FACE('',(#13707),#3012,.F.);
#13707 = FACE_BOUND('',#13708,.F.);
#13708 = EDGE_LOOP('',(#13709,#13710,#13711,#13712));
#13709 = ORIENTED_EDGE('',*,*,#8032,.F.);
#13710 = ORIENTED_EDGE('',*,*,#11421,.T.);
#13711 = ORIENTED_EDGE('',*,*,#2996,.T.);
#13712 = ORIENTED_EDGE('',*,*,#13681,.T.);
#13713 = ADVANCED_FACE('',(#13714),#3099,.F.);
#13714 = FACE_BOUND('',#13715,.F.);
#13715 = EDGE_LOOP('',(#13716,#13717,#13718,#13719));
#13716 = ORIENTED_EDGE('',*,*,#8104,.F.);
#13717 = ORIENTED_EDGE('',*,*,#11446,.T.);
#13718 = ORIENTED_EDGE('',*,*,#3083,.T.);
#13719 = ORIENTED_EDGE('',*,*,#13720,.T.);
#13720 = EDGE_CURVE('',#3084,#8105,#13721,.T.);
#13721 = SURFACE_CURVE('',#13722,(#13726,#13732),.PCURVE_S1.);
#13722 = LINE('',#13723,#13724);
#13723 = CARTESIAN_POINT('',(65.4,-18.,-0.6));
#13724 = VECTOR('',#13725,1.);
#13725 = DIRECTION('',(0.,-1.,0.));
#13726 = PCURVE('',#3099,#13727);
#13727 = DEFINITIONAL_REPRESENTATION('',(#13728),#13731);
#13728 = B_SPLINE_CURVE_WITH_KNOTS('',1,(#13729,#13730),.UNSPECIFIED.,
  .F.,.F.,(2,2),(-2.4,0.),.PIECEWISE_BEZIER_KNOTS.);
#13729 = CARTESIAN_POINT('',(69.4,-2.4));
#13730 = CARTESIAN_POINT('',(69.4,0.));
#13731 = ( GEOMETRIC_REPRESENTATION_CONTEXT(2) 
PARAMETRIC_REPRESENTATION_CONTEXT() REPRESENTATION_CONTEXT('2D SPACE',''
  ) );
#13732 = PCURVE('',#3127,#13733);
#13733 = DEFINITIONAL_REPRESENTATION('',(#13734),#13737);
#13734 = B_SPLINE_CURVE_WITH_KNOTS('',1,(#13735,#13736),.UNSPECIFIED.,
  .F.,.F.,(2,2),(-2.4,0.),.PIECEWISE_BEZIER_KNOTS.);
#13735 = CARTESIAN_POINT('',(135.4,2.4));
#13736 = CARTESIAN_POINT('',(135.4,0.));
#13737 = ( GEOMETRIC_REPRESENTATION_CONTEXT(2) 
PARAMETRIC_REPRESENTATION_CONTEXT() REPRESENTATION_CONTEXT('2D SPACE',''
  ) );
#13738 = ADVANCED_FACE('',(#13739),#3268,.T.);
#13739 = FACE_BOUND('',#13740,.T.);
#13740 = EDGE_LOOP('',(#13741,#13742,#13743,#13744));
#13741 = ORIENTED_EDGE('',*,*,#8245,.F.);
#13742 = ORIENTED_EDGE('',*,*,#11490,.T.);
#13743 = ORIENTED_EDGE('',*,*,#3254,.T.);
#13744 = ORIENTED_EDGE('',*,*,#13745,.T.);
#13745 = EDGE_CURVE('',#3227,#8223,#13746,.T.);
#13746 = SURFACE_CURVE('',#13747,(#13751,#13757),.PCURVE_S1.);
#13747 = LINE('',#13748,#13749);
#13748 = CARTESIAN_POINT('',(-65.4,-18.,-0.6));
#13749 = VECTOR('',#13750,1.);
#13750 = DIRECTION('',(0.,-1.,0.));
#13751 = PCURVE('',#3268,#13752);
#13752 = DEFINITIONAL_REPRESENTATION('',(#13753),#13756);
#13753 = B_SPLINE_CURVE_WITH_KNOTS('',1,(#13754,#13755),.UNSPECIFIED.,
  .F.,.F.,(2,2),(-2.4,0.),.PIECEWISE_BEZIER_KNOTS.);
#13754 = CARTESIAN_POINT('',(69.4,-2.4));
#13755 = CARTESIAN_POINT('',(69.4,0.));
#13756 = ( GEOMETRIC_REPRESENTATION_CONTEXT(2) 
PARAMETRIC_REPRESENTATION_CONTEXT() REPRESENTATION_CONTEXT('2D SPACE',''
  ) );
#13757 = PCURVE('',#3242,#13758);
#13758 = DEFINITIONAL_REPRESENTATION('',(#13759),#13762);
#13759 = B_SPLINE_CURVE_WITH_KNOTS('',1,(#13760,#13761),.UNSPECIFIED.,
  .F.,.F.,(2,2),(-2.4,0.),.PIECEWISE_BEZIER_KNOTS.);
#13760 = CARTESIAN_POINT('',(4.6,2.4));
#13761 = CARTESIAN_POINT('',(4.6,0.));
#13762 = ( GEOMETRIC_REPRESENTATION_CONTEXT(2) 
PARAMETRIC_REPRESENTATION_CONTEXT() REPRESENTATION_CONTEXT('2D SPACE',''
  ) );
#13763 = ADVANCED_FACE('',(#13764),#3153,.T.);
#13764 = FACE_BOUND('',#13765,.T.);
#13765 = EDGE_LOOP('',(#13766,#13767,#13768,#13769));
#13766 = ORIENTED_EDGE('',*,*,#8150,.F.);
#13767 = ORIENTED_EDGE('',*,*,#11467,.T.);
#13768 = ORIENTED_EDGE('',*,*,#3139,.T.);
#13769 = ORIENTED_EDGE('',*,*,#13770,.T.);
#13770 = EDGE_CURVE('',#3112,#8128,#13771,.T.);
#13771 = SURFACE_CURVE('',#13772,(#13776,#13782),.PCURVE_S1.);
#13772 = LINE('',#13773,#13774);
#13773 = CARTESIAN_POINT('',(60.6,-18.,-0.6));
#13774 = VECTOR('',#13775,1.);
#13775 = DIRECTION('',(0.,-1.,0.));
#13776 = PCURVE('',#3153,#13777);
#13777 = DEFINITIONAL_REPRESENTATION('',(#13778),#13781);
#13778 = B_SPLINE_CURVE_WITH_KNOTS('',1,(#13779,#13780),.UNSPECIFIED.,
  .F.,.F.,(2,2),(-2.4,0.),.PIECEWISE_BEZIER_KNOTS.);
#13779 = CARTESIAN_POINT('',(69.4,-2.4));
#13780 = CARTESIAN_POINT('',(69.4,0.));
#13781 = ( GEOMETRIC_REPRESENTATION_CONTEXT(2) 
PARAMETRIC_REPRESENTATION_CONTEXT() REPRESENTATION_CONTEXT('2D SPACE',''
  ) );
#13782 = PCURVE('',#3127,#13783);
#13783 = DEFINITIONAL_REPRESENTATION('',(#13784),#13787);
#13784 = B_SPLINE_CURVE_WITH_KNOTS('',1,(#13785,#13786),.UNSPECIFIED.,
  .F.,.F.,(2,2),(-2.4,0.),.PIECEWISE_BEZIER_KNOTS.);
#13785 = CARTESIAN_POINT('',(130.6,2.4));
#13786 = CARTESIAN_POINT('',(130.6,0.));
#13787 = ( GEOMETRIC_REPRESENTATION_CONTEXT(2) 
PARAMETRIC_REPRESENTATION_CONTEXT() REPRESENTATION_CONTEXT('2D SPACE',''
  ) );
#13788 = ADVANCED_FACE('',(#13789),#3214,.F.);
#13789 = FACE_BOUND('',#13790,.F.);
#13790 = EDGE_LOOP('',(#13791,#13792,#13793,#13794));
#13791 = ORIENTED_EDGE('',*,*,#8199,.F.);
#13792 = ORIENTED_EDGE('',*,*,#11511,.T.);
#13793 = ORIENTED_EDGE('',*,*,#3198,.T.);
#13794 = ORIENTED_EDGE('',*,*,#13795,.T.);
#13795 = EDGE_CURVE('',#3199,#8200,#13796,.T.);
#13796 = SURFACE_CURVE('',#13797,(#13801,#13807),.PCURVE_S1.);
#13797 = LINE('',#13798,#13799);
#13798 = CARTESIAN_POINT('',(-60.6,-18.,-0.6));
#13799 = VECTOR('',#13800,1.);
#13800 = DIRECTION('',(0.,-1.,0.));
#13801 = PCURVE('',#3214,#13802);
#13802 = DEFINITIONAL_REPRESENTATION('',(#13803),#13806);
#13803 = B_SPLINE_CURVE_WITH_KNOTS('',1,(#13804,#13805),.UNSPECIFIED.,
  .F.,.F.,(2,2),(-2.4,0.),.PIECEWISE_BEZIER_KNOTS.);
#13804 = CARTESIAN_POINT('',(69.4,-2.4));
#13805 = CARTESIAN_POINT('',(69.4,0.));
#13806 = ( GEOMETRIC_REPRESENTATION_CONTEXT(2) 
PARAMETRIC_REPRESENTATION_CONTEXT() REPRESENTATION_CONTEXT('2D SPACE',''
  ) );
#13807 = PCURVE('',#3242,#13808);
#13808 = DEFINITIONAL_REPRESENTATION('',(#13809),#13812);
#13809 = B_SPLINE_CURVE_WITH_KNOTS('',1,(#13810,#13811),.UNSPECIFIED.,
  .F.,.F.,(2,2),(-2.4,0.),.PIECEWISE_BEZIER_KNOTS.);
#13810 = CARTESIAN_POINT('',(9.4,2.4));
#13811 = CARTESIAN_POINT('',(9.4,0.));
#13812 = ( GEOMETRIC_REPRESENTATION_CONTEXT(2) 
PARAMETRIC_REPRESENTATION_CONTEXT() REPRESENTATION_CONTEXT('2D SPACE',''
  ) );
#13813 = ADVANCED_FACE('',(#13814),#3329,.F.);
#13814 = FACE_BOUND('',#13815,.F.);
#13815 = EDGE_LOOP('',(#13816,#13817,#13818,#13819));
#13816 = ORIENTED_EDGE('',*,*,#8294,.F.);
#13817 = ORIENTED_EDGE('',*,*,#11536,.T.);
#13818 = ORIENTED_EDGE('',*,*,#3313,.T.);
#13819 = ORIENTED_EDGE('',*,*,#13820,.T.);
#13820 = EDGE_CURVE('',#3314,#8295,#13821,.T.);
#13821 = SURFACE_CURVE('',#13822,(#13826,#13832),.PCURVE_S1.);
#13822 = LINE('',#13823,#13824);
#13823 = CARTESIAN_POINT('',(59.4,-18.,-0.6));
#13824 = VECTOR('',#13825,1.);
#13825 = DIRECTION('',(0.,-1.,0.));
#13826 = PCURVE('',#3329,#13827);
#13827 = DEFINITIONAL_REPRESENTATION('',(#13828),#13831);
#13828 = B_SPLINE_CURVE_WITH_KNOTS('',1,(#13829,#13830),.UNSPECIFIED.,
  .F.,.F.,(2,2),(-2.4,0.),.PIECEWISE_BEZIER_KNOTS.);
#13829 = CARTESIAN_POINT('',(69.4,-2.4));
#13830 = CARTESIAN_POINT('',(69.4,0.));
#13831 = ( GEOMETRIC_REPRESENTATION_CONTEXT(2) 
PARAMETRIC_REPRESENTATION_CONTEXT() REPRESENTATION_CONTEXT('2D SPACE',''
  ) );
#13832 = PCURVE('',#3357,#13833);
#13833 = DEFINITIONAL_REPRESENTATION('',(#13834),#13837);
#13834 = B_SPLINE_CURVE_WITH_KNOTS('',1,(#13835,#13836),.UNSPECIFIED.,
  .F.,.F.,(2,2),(-2.4,0.),.PIECEWISE_BEZIER_KNOTS.);
#13835 = CARTESIAN_POINT('',(129.4,2.4));
#13836 = CARTESIAN_POINT('',(129.4,0.));
#13837 = ( GEOMETRIC_REPRESENTATION_CONTEXT(2) 
PARAMETRIC_REPRESENTATION_CONTEXT() REPRESENTATION_CONTEXT('2D SPACE',''
  ) );
#13838 = ADVANCED_FACE('',(#13839),#3498,.T.);
#13839 = FACE_BOUND('',#13840,.T.);
#13840 = EDGE_LOOP('',(#13841,#13842,#13843,#13844));
#13841 = ORIENTED_EDGE('',*,*,#8435,.F.);
#13842 = ORIENTED_EDGE('',*,*,#11580,.T.);
#13843 = ORIENTED_EDGE('',*,*,#3484,.T.);
#13844 = ORIENTED_EDGE('',*,*,#13845,.T.);
#13845 = EDGE_CURVE('',#3457,#8413,#13846,.T.);
#13846 = SURFACE_CURVE('',#13847,(#13851,#13857),.PCURVE_S1.);
#13847 = LINE('',#13848,#13849);
#13848 = CARTESIAN_POINT('',(-59.4,-18.,-0.6));
#13849 = VECTOR('',#13850,1.);
#13850 = DIRECTION('',(0.,-1.,0.));
#13851 = PCURVE('',#3498,#13852);
#13852 = DEFINITIONAL_REPRESENTATION('',(#13853),#13856);
#13853 = B_SPLINE_CURVE_WITH_KNOTS('',1,(#13854,#13855),.UNSPECIFIED.,
  .F.,.F.,(2,2),(-2.4,0.),.PIECEWISE_BEZIER_KNOTS.);
#13854 = CARTESIAN_POINT('',(69.4,-2.4));
#13855 = CARTESIAN_POINT('',(69.4,0.));
#13856 = ( GEOMETRIC_REPRESENTATION_CONTEXT(2) 
PARAMETRIC_REPRESENTATION_CONTEXT() REPRESENTATION_CONTEXT('2D SPACE',''
  ) );
#13857 = PCURVE('',#3472,#13858);
#13858 = DEFINITIONAL_REPRESENTATION('',(#13859),#13862);
#13859 = B_SPLINE_CURVE_WITH_KNOTS('',1,(#13860,#13861),.UNSPECIFIED.,
  .F.,.F.,(2,2),(-2.4,0.),.PIECEWISE_BEZIER_KNOTS.);
#13860 = CARTESIAN_POINT('',(10.6,2.4));
#13861 = CARTESIAN_POINT('',(10.6,0.));
#13862 = ( GEOMETRIC_REPRESENTATION_CONTEXT(2) 
PARAMETRIC_REPRESENTATION_CONTEXT() REPRESENTATION_CONTEXT('2D SPACE',''
  ) );
#13863 = ADVANCED_FACE('',(#13864),#3383,.T.);
#13864 = FACE_BOUND('',#13865,.T.);
#13865 = EDGE_LOOP('',(#13866,#13867,#13868,#13869));
#13866 = ORIENTED_EDGE('',*,*,#8340,.F.);
#13867 = ORIENTED_EDGE('',*,*,#11557,.T.);
#13868 = ORIENTED_EDGE('',*,*,#3369,.T.);
#13869 = ORIENTED_EDGE('',*,*,#13870,.T.);
#13870 = EDGE_CURVE('',#3342,#8318,#13871,.T.);
#13871 = SURFACE_CURVE('',#13872,(#13876,#13882),.PCURVE_S1.);
#13872 = LINE('',#13873,#13874);
#13873 = CARTESIAN_POINT('',(54.6,-18.,-0.6));
#13874 = VECTOR('',#13875,1.);
#13875 = DIRECTION('',(0.,-1.,0.));
#13876 = PCURVE('',#3383,#13877);
#13877 = DEFINITIONAL_REPRESENTATION('',(#13878),#13881);
#13878 = B_SPLINE_CURVE_WITH_KNOTS('',1,(#13879,#13880),.UNSPECIFIED.,
  .F.,.F.,(2,2),(-2.4,0.),.PIECEWISE_BEZIER_KNOTS.);
#13879 = CARTESIAN_POINT('',(69.4,-2.4));
#13880 = CARTESIAN_POINT('',(69.4,0.));
#13881 = ( GEOMETRIC_REPRESENTATION_CONTEXT(2) 
PARAMETRIC_REPRESENTATION_CONTEXT() REPRESENTATION_CONTEXT('2D SPACE',''
  ) );
#13882 = PCURVE('',#3357,#13883);
#13883 = DEFINITIONAL_REPRESENTATION('',(#13884),#13887);
#13884 = B_SPLINE_CURVE_WITH_KNOTS('',1,(#13885,#13886),.UNSPECIFIED.,
  .F.,.F.,(2,2),(-2.4,0.),.PIECEWISE_BEZIER_KNOTS.);
#13885 = CARTESIAN_POINT('',(124.6,2.4));
#13886 = CARTESIAN_POINT('',(124.6,0.));
#13887 = ( GEOMETRIC_REPRESENTATION_CONTEXT(2) 
PARAMETRIC_REPRESENTATION_CONTEXT() REPRESENTATION_CONTEXT('2D SPACE',''
  ) );
#13888 = ADVANCED_FACE('',(#13889),#3444,.F.);
#13889 = FACE_BOUND('',#13890,.F.);
#13890 = EDGE_LOOP('',(#13891,#13892,#13893,#13894));
#13891 = ORIENTED_EDGE('',*,*,#8389,.F.);
#13892 = ORIENTED_EDGE('',*,*,#11601,.T.);
#13893 = ORIENTED_EDGE('',*,*,#3428,.T.);
#13894 = ORIENTED_EDGE('',*,*,#13895,.T.);
#13895 = EDGE_CURVE('',#3429,#8390,#13896,.T.);
#13896 = SURFACE_CURVE('',#13897,(#13901,#13907),.PCURVE_S1.);
#13897 = LINE('',#13898,#13899);
#13898 = CARTESIAN_POINT('',(-54.6,-18.,-0.6));
#13899 = VECTOR('',#13900,1.);
#13900 = DIRECTION('',(0.,-1.,0.));
#13901 = PCURVE('',#3444,#13902);
#13902 = DEFINITIONAL_REPRESENTATION('',(#13903),#13906);
#13903 = B_SPLINE_CURVE_WITH_KNOTS('',1,(#13904,#13905),.UNSPECIFIED.,
  .F.,.F.,(2,2),(-2.4,0.),.PIECEWISE_BEZIER_KNOTS.);
#13904 = CARTESIAN_POINT('',(69.4,-2.4));
#13905 = CARTESIAN_POINT('',(69.4,0.));
#13906 = ( GEOMETRIC_REPRESENTATION_CONTEXT(2) 
PARAMETRIC_REPRESENTATION_CONTEXT() REPRESENTATION_CONTEXT('2D SPACE',''
  ) );
#13907 = PCURVE('',#3472,#13908);
#13908 = DEFINITIONAL_REPRESENTATION('',(#13909),#13912);
#13909 = B_SPLINE_CURVE_WITH_KNOTS('',1,(#13910,#13911),.UNSPECIFIED.,
  .F.,.F.,(2,2),(-2.4,0.),.PIECEWISE_BEZIER_KNOTS.);
#13910 = CARTESIAN_POINT('',(15.4,2.4));
#13911 = CARTESIAN_POINT('',(15.4,0.));
#13912 = ( GEOMETRIC_REPRESENTATION_CONTEXT(2) 
PARAMETRIC_REPRESENTATION_CONTEXT() REPRESENTATION_CONTEXT('2D SPACE',''
  ) );
#13913 = ADVANCED_FACE('',(#13914),#3559,.F.);
#13914 = FACE_BOUND('',#13915,.F.);
#13915 = EDGE_LOOP('',(#13916,#13917,#13918,#13919));
#13916 = ORIENTED_EDGE('',*,*,#8484,.F.);
#13917 = ORIENTED_EDGE('',*,*,#11626,.T.);
#13918 = ORIENTED_EDGE('',*,*,#3543,.T.);
#13919 = ORIENTED_EDGE('',*,*,#13920,.T.);
#13920 = EDGE_CURVE('',#3544,#8485,#13921,.T.);
#13921 = SURFACE_CURVE('',#13922,(#13926,#13932),.PCURVE_S1.);
#13922 = LINE('',#13923,#13924);
#13923 = CARTESIAN_POINT('',(53.4,-18.,-0.6));
#13924 = VECTOR('',#13925,1.);
#13925 = DIRECTION('',(0.,-1.,0.));
#13926 = PCURVE('',#3559,#13927);
#13927 = DEFINITIONAL_REPRESENTATION('',(#13928),#13931);
#13928 = B_SPLINE_CURVE_WITH_KNOTS('',1,(#13929,#13930),.UNSPECIFIED.,
  .F.,.F.,(2,2),(-2.4,0.),.PIECEWISE_BEZIER_KNOTS.);
#13929 = CARTESIAN_POINT('',(69.4,-2.4));
#13930 = CARTESIAN_POINT('',(69.4,0.));
#13931 = ( GEOMETRIC_REPRESENTATION_CONTEXT(2) 
PARAMETRIC_REPRESENTATION_CONTEXT() REPRESENTATION_CONTEXT('2D SPACE',''
  ) );
#13932 = PCURVE('',#3587,#13933);
#13933 = DEFINITIONAL_REPRESENTATION('',(#13934),#13937);
#13934 = B_SPLINE_CURVE_WITH_KNOTS('',1,(#13935,#13936),.UNSPECIFIED.,
  .F.,.F.,(2,2),(-2.4,0.),.PIECEWISE_BEZIER_KNOTS.);
#13935 = CARTESIAN_POINT('',(123.4,2.4));
#13936 = CARTESIAN_POINT('',(123.4,0.));
#13937 = ( GEOMETRIC_REPRESENTATION_CONTEXT(2) 
PARAMETRIC_REPRESENTATION_CONTEXT() REPRESENTATION_CONTEXT('2D SPACE',''
  ) );
#13938 = ADVANCED_FACE('',(#13939),#3728,.T.);
#13939 = FACE_BOUND('',#13940,.T.);
#13940 = EDGE_LOOP('',(#13941,#13942,#13943,#13944));
#13941 = ORIENTED_EDGE('',*,*,#8625,.F.);
#13942 = ORIENTED_EDGE('',*,*,#11670,.T.);
#13943 = ORIENTED_EDGE('',*,*,#3714,.T.);
#13944 = ORIENTED_EDGE('',*,*,#13945,.T.);
#13945 = EDGE_CURVE('',#3687,#8603,#13946,.T.);
#13946 = SURFACE_CURVE('',#13947,(#13951,#13957),.PCURVE_S1.);
#13947 = LINE('',#13948,#13949);
#13948 = CARTESIAN_POINT('',(-53.4,-18.,-0.6));
#13949 = VECTOR('',#13950,1.);
#13950 = DIRECTION('',(0.,-1.,0.));
#13951 = PCURVE('',#3728,#13952);
#13952 = DEFINITIONAL_REPRESENTATION('',(#13953),#13956);
#13953 = B_SPLINE_CURVE_WITH_KNOTS('',1,(#13954,#13955),.UNSPECIFIED.,
  .F.,.F.,(2,2),(-2.4,0.),.PIECEWISE_BEZIER_KNOTS.);
#13954 = CARTESIAN_POINT('',(69.4,-2.4));
#13955 = CARTESIAN_POINT('',(69.4,0.));
#13956 = ( GEOMETRIC_REPRESENTATION_CONTEXT(2) 
PARAMETRIC_REPRESENTATION_CONTEXT() REPRESENTATION_CONTEXT('2D SPACE',''
  ) );
#13957 = PCURVE('',#3702,#13958);
#13958 = DEFINITIONAL_REPRESENTATION('',(#13959),#13962);
#13959 = B_SPLINE_CURVE_WITH_KNOTS('',1,(#13960,#13961),.UNSPECIFIED.,
  .F.,.F.,(2,2),(-2.4,0.),.PIECEWISE_BEZIER_KNOTS.);
#13960 = CARTESIAN_POINT('',(16.6,2.4));
#13961 = CARTESIAN_POINT('',(16.6,0.));
#13962 = ( GEOMETRIC_REPRESENTATION_CONTEXT(2) 
PARAMETRIC_REPRESENTATION_CONTEXT() REPRESENTATION_CONTEXT('2D SPACE',''
  ) );
#13963 = ADVANCED_FACE('',(#13964),#3613,.T.);
#13964 = FACE_BOUND('',#13965,.T.);
#13965 = EDGE_LOOP('',(#13966,#13967,#13968,#13969));
#13966 = ORIENTED_EDGE('',*,*,#8530,.F.);
#13967 = ORIENTED_EDGE('',*,*,#11647,.T.);
#13968 = ORIENTED_EDGE('',*,*,#3599,.T.);
#13969 = ORIENTED_EDGE('',*,*,#13970,.T.);
#13970 = EDGE_CURVE('',#3572,#8508,#13971,.T.);
#13971 = SURFACE_CURVE('',#13972,(#13976,#13982),.PCURVE_S1.);
#13972 = LINE('',#13973,#13974);
#13973 = CARTESIAN_POINT('',(48.6,-18.,-0.6));
#13974 = VECTOR('',#13975,1.);
#13975 = DIRECTION('',(0.,-1.,0.));
#13976 = PCURVE('',#3613,#13977);
#13977 = DEFINITIONAL_REPRESENTATION('',(#13978),#13981);
#13978 = B_SPLINE_CURVE_WITH_KNOTS('',1,(#13979,#13980),.UNSPECIFIED.,
  .F.,.F.,(2,2),(-2.4,0.),.PIECEWISE_BEZIER_KNOTS.);
#13979 = CARTESIAN_POINT('',(69.4,-2.4));
#13980 = CARTESIAN_POINT('',(69.4,0.));
#13981 = ( GEOMETRIC_REPRESENTATION_CONTEXT(2) 
PARAMETRIC_REPRESENTATION_CONTEXT() REPRESENTATION_CONTEXT('2D SPACE',''
  ) );
#13982 = PCURVE('',#3587,#13983);
#13983 = DEFINITIONAL_REPRESENTATION('',(#13984),#13987);
#13984 = B_SPLINE_CURVE_WITH_KNOTS('',1,(#13985,#13986),.UNSPECIFIED.,
  .F.,.F.,(2,2),(-2.4,0.),.PIECEWISE_BEZIER_KNOTS.);
#13985 = CARTESIAN_POINT('',(118.6,2.4));
#13986 = CARTESIAN_POINT('',(118.6,0.));
#13987 = ( GEOMETRIC_REPRESENTATION_CONTEXT(2) 
PARAMETRIC_REPRESENTATION_CONTEXT() REPRESENTATION_CONTEXT('2D SPACE',''
  ) );
#13988 = ADVANCED_FACE('',(#13989),#3674,.F.);
#13989 = FACE_BOUND('',#13990,.F.);
#13990 = EDGE_LOOP('',(#13991,#13992,#13993,#13994));
#13991 = ORIENTED_EDGE('',*,*,#8579,.F.);
#13992 = ORIENTED_EDGE('',*,*,#11691,.T.);
#13993 = ORIENTED_EDGE('',*,*,#3658,.T.);
#13994 = ORIENTED_EDGE('',*,*,#13995,.T.);
#13995 = EDGE_CURVE('',#3659,#8580,#13996,.T.);
#13996 = SURFACE_CURVE('',#13997,(#14001,#14007),.PCURVE_S1.);
#13997 = LINE('',#13998,#13999);
#13998 = CARTESIAN_POINT('',(-48.6,-18.,-0.6));
#13999 = VECTOR('',#14000,1.);
#14000 = DIRECTION('',(0.,-1.,0.));
#14001 = PCURVE('',#3674,#14002);
#14002 = DEFINITIONAL_REPRESENTATION('',(#14003),#14006);
#14003 = B_SPLINE_CURVE_WITH_KNOTS('',1,(#14004,#14005),.UNSPECIFIED.,
  .F.,.F.,(2,2),(-2.4,0.),.PIECEWISE_BEZIER_KNOTS.);
#14004 = CARTESIAN_POINT('',(69.4,-2.4));
#14005 = CARTESIAN_POINT('',(69.4,0.));
#14006 = ( GEOMETRIC_REPRESENTATION_CONTEXT(2) 
PARAMETRIC_REPRESENTATION_CONTEXT() REPRESENTATION_CONTEXT('2D SPACE',''
  ) );
#14007 = PCURVE('',#3702,#14008);
#14008 = DEFINITIONAL_REPRESENTATION('',(#14009),#14012);
#14009 = B_SPLINE_CURVE_WITH_KNOTS('',1,(#14010,#14011),.UNSPECIFIED.,
  .F.,.F.,(2,2),(-2.4,0.),.PIECEWISE_BEZIER_KNOTS.);
#14010 = CARTESIAN_POINT('',(21.4,2.4));
#14011 = CARTESIAN_POINT('',(21.4,0.));
#14012 = ( GEOMETRIC_REPRESENTATION_CONTEXT(2) 
PARAMETRIC_REPRESENTATION_CONTEXT() REPRESENTATION_CONTEXT('2D SPACE',''
  ) );
#14013 = ADVANCED_FACE('',(#14014),#3789,.F.);
#14014 = FACE_BOUND('',#14015,.F.);
#14015 = EDGE_LOOP('',(#14016,#14017,#14018,#14019));
#14016 = ORIENTED_EDGE('',*,*,#8674,.F.);
#14017 = ORIENTED_EDGE('',*,*,#11716,.T.);
#14018 = ORIENTED_EDGE('',*,*,#3773,.T.);
#14019 = ORIENTED_EDGE('',*,*,#14020,.T.);
#14020 = EDGE_CURVE('',#3774,#8675,#14021,.T.);
#14021 = SURFACE_CURVE('',#14022,(#14026,#14032),.PCURVE_S1.);
#14022 = LINE('',#14023,#14024);
#14023 = CARTESIAN_POINT('',(47.4,-18.,-0.6));
#14024 = VECTOR('',#14025,1.);
#14025 = DIRECTION('',(0.,-1.,0.));
#14026 = PCURVE('',#3789,#14027);
#14027 = DEFINITIONAL_REPRESENTATION('',(#14028),#14031);
#14028 = B_SPLINE_CURVE_WITH_KNOTS('',1,(#14029,#14030),.UNSPECIFIED.,
  .F.,.F.,(2,2),(-2.4,0.),.PIECEWISE_BEZIER_KNOTS.);
#14029 = CARTESIAN_POINT('',(69.4,-2.4));
#14030 = CARTESIAN_POINT('',(69.4,0.));
#14031 = ( GEOMETRIC_REPRESENTATION_CONTEXT(2) 
PARAMETRIC_REPRESENTATION_CONTEXT() REPRESENTATION_CONTEXT('2D SPACE',''
  ) );
#14032 = PCURVE('',#3817,#14033);
#14033 = DEFINITIONAL_REPRESENTATION('',(#14034),#14037);
#14034 = B_SPLINE_CURVE_WITH_KNOTS('',1,(#14035,#14036),.UNSPECIFIED.,
  .F.,.F.,(2,2),(-2.4,0.),.PIECEWISE_BEZIER_KNOTS.);
#14035 = CARTESIAN_POINT('',(117.4,2.4));
#14036 = CARTESIAN_POINT('',(117.4,0.));
#14037 = ( GEOMETRIC_REPRESENTATION_CONTEXT(2) 
PARAMETRIC_REPRESENTATION_CONTEXT() REPRESENTATION_CONTEXT('2D SPACE',''
  ) );
#14038 = ADVANCED_FACE('',(#14039),#3958,.T.);
#14039 = FACE_BOUND('',#14040,.T.);
#14040 = EDGE_LOOP('',(#14041,#14042,#14043,#14044));
#14041 = ORIENTED_EDGE('',*,*,#8815,.F.);
#14042 = ORIENTED_EDGE('',*,*,#11760,.T.);
#14043 = ORIENTED_EDGE('',*,*,#3944,.T.);
#14044 = ORIENTED_EDGE('',*,*,#14045,.T.);
#14045 = EDGE_CURVE('',#3917,#8793,#14046,.T.);
#14046 = SURFACE_CURVE('',#14047,(#14051,#14057),.PCURVE_S1.);
#14047 = LINE('',#14048,#14049);
#14048 = CARTESIAN_POINT('',(-47.4,-18.,-0.6));
#14049 = VECTOR('',#14050,1.);
#14050 = DIRECTION('',(0.,-1.,0.));
#14051 = PCURVE('',#3958,#14052);
#14052 = DEFINITIONAL_REPRESENTATION('',(#14053),#14056);
#14053 = B_SPLINE_CURVE_WITH_KNOTS('',1,(#14054,#14055),.UNSPECIFIED.,
  .F.,.F.,(2,2),(-2.4,0.),.PIECEWISE_BEZIER_KNOTS.);
#14054 = CARTESIAN_POINT('',(69.4,-2.4));
#14055 = CARTESIAN_POINT('',(69.4,0.));
#14056 = ( GEOMETRIC_REPRESENTATION_CONTEXT(2) 
PARAMETRIC_REPRESENTATION_CONTEXT() REPRESENTATION_CONTEXT('2D SPACE',''
  ) );
#14057 = PCURVE('',#3932,#14058);
#14058 = DEFINITIONAL_REPRESENTATION('',(#14059),#14062);
#14059 = B_SPLINE_CURVE_WITH_KNOTS('',1,(#14060,#14061),.UNSPECIFIED.,
  .F.,.F.,(2,2),(-2.4,0.),.PIECEWISE_BEZIER_KNOTS.);
#14060 = CARTESIAN_POINT('',(22.6,2.4));
#14061 = CARTESIAN_POINT('',(22.6,0.));
#14062 = ( GEOMETRIC_REPRESENTATION_CONTEXT(2) 
PARAMETRIC_REPRESENTATION_CONTEXT() REPRESENTATION_CONTEXT('2D SPACE',''
  ) );
#14063 = ADVANCED_FACE('',(#14064),#3843,.T.);
#14064 = FACE_BOUND('',#14065,.T.);
#14065 = EDGE_LOOP('',(#14066,#14067,#14068,#14069));
#14066 = ORIENTED_EDGE('',*,*,#8720,.F.);
#14067 = ORIENTED_EDGE('',*,*,#11737,.T.);
#14068 = ORIENTED_EDGE('',*,*,#3829,.T.);
#14069 = ORIENTED_EDGE('',*,*,#14070,.T.);
#14070 = EDGE_CURVE('',#3802,#8698,#14071,.T.);
#14071 = SURFACE_CURVE('',#14072,(#14076,#14082),.PCURVE_S1.);
#14072 = LINE('',#14073,#14074);
#14073 = CARTESIAN_POINT('',(42.6,-18.,-0.6));
#14074 = VECTOR('',#14075,1.);
#14075 = DIRECTION('',(0.,-1.,0.));
#14076 = PCURVE('',#3843,#14077);
#14077 = DEFINITIONAL_REPRESENTATION('',(#14078),#14081);
#14078 = B_SPLINE_CURVE_WITH_KNOTS('',1,(#14079,#14080),.UNSPECIFIED.,
  .F.,.F.,(2,2),(-2.4,0.),.PIECEWISE_BEZIER_KNOTS.);
#14079 = CARTESIAN_POINT('',(69.4,-2.4));
#14080 = CARTESIAN_POINT('',(69.4,0.));
#14081 = ( GEOMETRIC_REPRESENTATION_CONTEXT(2) 
PARAMETRIC_REPRESENTATION_CONTEXT() REPRESENTATION_CONTEXT('2D SPACE',''
  ) );
#14082 = PCURVE('',#3817,#14083);
#14083 = DEFINITIONAL_REPRESENTATION('',(#14084),#14087);
#14084 = B_SPLINE_CURVE_WITH_KNOTS('',1,(#14085,#14086),.UNSPECIFIED.,
  .F.,.F.,(2,2),(-2.4,0.),.PIECEWISE_BEZIER_KNOTS.);
#14085 = CARTESIAN_POINT('',(112.6,2.4));
#14086 = CARTESIAN_POINT('',(112.6,0.));
#14087 = ( GEOMETRIC_REPRESENTATION_CONTEXT(2) 
PARAMETRIC_REPRESENTATION_CONTEXT() REPRESENTATION_CONTEXT('2D SPACE',''
  ) );
#14088 = ADVANCED_FACE('',(#14089),#3904,.F.);
#14089 = FACE_BOUND('',#14090,.F.);
#14090 = EDGE_LOOP('',(#14091,#14092,#14093,#14094));
#14091 = ORIENTED_EDGE('',*,*,#8769,.F.);
#14092 = ORIENTED_EDGE('',*,*,#11781,.T.);
#14093 = ORIENTED_EDGE('',*,*,#3888,.T.);
#14094 = ORIENTED_EDGE('',*,*,#14095,.T.);
#14095 = EDGE_CURVE('',#3889,#8770,#14096,.T.);
#14096 = SURFACE_CURVE('',#14097,(#14101,#14107),.PCURVE_S1.);
#14097 = LINE('',#14098,#14099);
#14098 = CARTESIAN_POINT('',(-42.6,-18.,-0.6));
#14099 = VECTOR('',#14100,1.);
#14100 = DIRECTION('',(0.,-1.,0.));
#14101 = PCURVE('',#3904,#14102);
#14102 = DEFINITIONAL_REPRESENTATION('',(#14103),#14106);
#14103 = B_SPLINE_CURVE_WITH_KNOTS('',1,(#14104,#14105),.UNSPECIFIED.,
  .F.,.F.,(2,2),(-2.4,0.),.PIECEWISE_BEZIER_KNOTS.);
#14104 = CARTESIAN_POINT('',(69.4,-2.4));
#14105 = CARTESIAN_POINT('',(69.4,0.));
#14106 = ( GEOMETRIC_REPRESENTATION_CONTEXT(2) 
PARAMETRIC_REPRESENTATION_CONTEXT() REPRESENTATION_CONTEXT('2D SPACE',''
  ) );
#14107 = PCURVE('',#3932,#14108);
#14108 = DEFINITIONAL_REPRESENTATION('',(#14109),#14112);
#14109 = B_SPLINE_CURVE_WITH_KNOTS('',1,(#14110,#14111),.UNSPECIFIED.,
  .F.,.F.,(2,2),(-2.4,0.),.PIECEWISE_BEZIER_KNOTS.);
#14110 = CARTESIAN_POINT('',(27.4,2.4));
#14111 = CARTESIAN_POINT('',(27.4,0.));
#14112 = ( GEOMETRIC_REPRESENTATION_CONTEXT(2) 
PARAMETRIC_REPRESENTATION_CONTEXT() REPRESENTATION_CONTEXT('2D SPACE',''
  ) );
#14113 = ADVANCED_FACE('',(#14114),#4019,.F.);
#14114 = FACE_BOUND('',#14115,.F.);
#14115 = EDGE_LOOP('',(#14116,#14117,#14118,#14119));
#14116 = ORIENTED_EDGE('',*,*,#8864,.F.);
#14117 = ORIENTED_EDGE('',*,*,#11806,.T.);
#14118 = ORIENTED_EDGE('',*,*,#4003,.T.);
#14119 = ORIENTED_EDGE('',*,*,#14120,.T.);
#14120 = EDGE_CURVE('',#4004,#8865,#14121,.T.);
#14121 = SURFACE_CURVE('',#14122,(#14126,#14132),.PCURVE_S1.);
#14122 = LINE('',#14123,#14124);
#14123 = CARTESIAN_POINT('',(41.4,-18.,-0.6));
#14124 = VECTOR('',#14125,1.);
#14125 = DIRECTION('',(0.,-1.,0.));
#14126 = PCURVE('',#4019,#14127);
#14127 = DEFINITIONAL_REPRESENTATION('',(#14128),#14131);
#14128 = B_SPLINE_CURVE_WITH_KNOTS('',1,(#14129,#14130),.UNSPECIFIED.,
  .F.,.F.,(2,2),(-2.4,0.),.PIECEWISE_BEZIER_KNOTS.);
#14129 = CARTESIAN_POINT('',(69.4,-2.4));
#14130 = CARTESIAN_POINT('',(69.4,0.));
#14131 = ( GEOMETRIC_REPRESENTATION_CONTEXT(2) 
PARAMETRIC_REPRESENTATION_CONTEXT() REPRESENTATION_CONTEXT('2D SPACE',''
  ) );
#14132 = PCURVE('',#4047,#14133);
#14133 = DEFINITIONAL_REPRESENTATION('',(#14134),#14137);
#14134 = B_SPLINE_CURVE_WITH_KNOTS('',1,(#14135,#14136),.UNSPECIFIED.,
  .F.,.F.,(2,2),(-2.4,0.),.PIECEWISE_BEZIER_KNOTS.);
#14135 = CARTESIAN_POINT('',(111.4,2.4));
#14136 = CARTESIAN_POINT('',(111.4,0.));
#14137 = ( GEOMETRIC_REPRESENTATION_CONTEXT(2) 
PARAMETRIC_REPRESENTATION_CONTEXT() REPRESENTATION_CONTEXT('2D SPACE',''
  ) );
#14138 = ADVANCED_FACE('',(#14139),#4188,.T.);
#14139 = FACE_BOUND('',#14140,.T.);
#14140 = EDGE_LOOP('',(#14141,#14142,#14143,#14144));
#14141 = ORIENTED_EDGE('',*,*,#9005,.F.);
#14142 = ORIENTED_EDGE('',*,*,#11850,.T.);
#14143 = ORIENTED_EDGE('',*,*,#4174,.T.);
#14144 = ORIENTED_EDGE('',*,*,#14145,.T.);
#14145 = EDGE_CURVE('',#4147,#8983,#14146,.T.);
#14146 = SURFACE_CURVE('',#14147,(#14151,#14157),.PCURVE_S1.);
#14147 = LINE('',#14148,#14149);
#14148 = CARTESIAN_POINT('',(-41.4,-18.,-0.6));
#14149 = VECTOR('',#14150,1.);
#14150 = DIRECTION('',(0.,-1.,0.));
#14151 = PCURVE('',#4188,#14152);
#14152 = DEFINITIONAL_REPRESENTATION('',(#14153),#14156);
#14153 = B_SPLINE_CURVE_WITH_KNOTS('',1,(#14154,#14155),.UNSPECIFIED.,
  .F.,.F.,(2,2),(-2.4,0.),.PIECEWISE_BEZIER_KNOTS.);
#14154 = CARTESIAN_POINT('',(69.4,-2.4));
#14155 = CARTESIAN_POINT('',(69.4,0.));
#14156 = ( GEOMETRIC_REPRESENTATION_CONTEXT(2) 
PARAMETRIC_REPRESENTATION_CONTEXT() REPRESENTATION_CONTEXT('2D SPACE',''
  ) );
#14157 = PCURVE('',#4162,#14158);
#14158 = DEFINITIONAL_REPRESENTATION('',(#14159),#14162);
#14159 = B_SPLINE_CURVE_WITH_KNOTS('',1,(#14160,#14161),.UNSPECIFIED.,
  .F.,.F.,(2,2),(-2.4,0.),.PIECEWISE_BEZIER_KNOTS.);
#14160 = CARTESIAN_POINT('',(28.6,2.4));
#14161 = CARTESIAN_POINT('',(28.6,0.));
#14162 = ( GEOMETRIC_REPRESENTATION_CONTEXT(2) 
PARAMETRIC_REPRESENTATION_CONTEXT() REPRESENTATION_CONTEXT('2D SPACE',''
  ) );
#14163 = ADVANCED_FACE('',(#14164),#4073,.T.);
#14164 = FACE_BOUND('',#14165,.T.);
#14165 = EDGE_LOOP('',(#14166,#14167,#14168,#14169));
#14166 = ORIENTED_EDGE('',*,*,#8910,.F.);
#14167 = ORIENTED_EDGE('',*,*,#11827,.T.);
#14168 = ORIENTED_EDGE('',*,*,#4059,.T.);
#14169 = ORIENTED_EDGE('',*,*,#14170,.T.);
#14170 = EDGE_CURVE('',#4032,#8888,#14171,.T.);
#14171 = SURFACE_CURVE('',#14172,(#14176,#14182),.PCURVE_S1.);
#14172 = LINE('',#14173,#14174);
#14173 = CARTESIAN_POINT('',(36.6,-18.,-0.6));
#14174 = VECTOR('',#14175,1.);
#14175 = DIRECTION('',(0.,-1.,0.));
#14176 = PCURVE('',#4073,#14177);
#14177 = DEFINITIONAL_REPRESENTATION('',(#14178),#14181);
#14178 = B_SPLINE_CURVE_WITH_KNOTS('',1,(#14179,#14180),.UNSPECIFIED.,
  .F.,.F.,(2,2),(-2.4,0.),.PIECEWISE_BEZIER_KNOTS.);
#14179 = CARTESIAN_POINT('',(69.4,-2.4));
#14180 = CARTESIAN_POINT('',(69.4,0.));
#14181 = ( GEOMETRIC_REPRESENTATION_CONTEXT(2) 
PARAMETRIC_REPRESENTATION_CONTEXT() REPRESENTATION_CONTEXT('2D SPACE',''
  ) );
#14182 = PCURVE('',#4047,#14183);
#14183 = DEFINITIONAL_REPRESENTATION('',(#14184),#14187);
#14184 = B_SPLINE_CURVE_WITH_KNOTS('',1,(#14185,#14186),.UNSPECIFIED.,
  .F.,.F.,(2,2),(-2.4,0.),.PIECEWISE_BEZIER_KNOTS.);
#14185 = CARTESIAN_POINT('',(106.6,2.4));
#14186 = CARTESIAN_POINT('',(106.6,0.));
#14187 = ( GEOMETRIC_REPRESENTATION_CONTEXT(2) 
PARAMETRIC_REPRESENTATION_CONTEXT() REPRESENTATION_CONTEXT('2D SPACE',''
  ) );
#14188 = ADVANCED_FACE('',(#14189),#4134,.F.);
#14189 = FACE_BOUND('',#14190,.F.);
#14190 = EDGE_LOOP('',(#14191,#14192,#14193,#14194));
#14191 = ORIENTED_EDGE('',*,*,#8959,.F.);
#14192 = ORIENTED_EDGE('',*,*,#11871,.T.);
#14193 = ORIENTED_EDGE('',*,*,#4118,.T.);
#14194 = ORIENTED_EDGE('',*,*,#14195,.T.);
#14195 = EDGE_CURVE('',#4119,#8960,#14196,.T.);
#14196 = SURFACE_CURVE('',#14197,(#14201,#14207),.PCURVE_S1.);
#14197 = LINE('',#14198,#14199);
#14198 = CARTESIAN_POINT('',(-36.6,-18.,-0.6));
#14199 = VECTOR('',#14200,1.);
#14200 = DIRECTION('',(0.,-1.,0.));
#14201 = PCURVE('',#4134,#14202);
#14202 = DEFINITIONAL_REPRESENTATION('',(#14203),#14206);
#14203 = B_SPLINE_CURVE_WITH_KNOTS('',1,(#14204,#14205),.UNSPECIFIED.,
  .F.,.F.,(2,2),(-2.4,0.),.PIECEWISE_BEZIER_KNOTS.);
#14204 = CARTESIAN_POINT('',(69.4,-2.4));
#14205 = CARTESIAN_POINT('',(69.4,0.));
#14206 = ( GEOMETRIC_REPRESENTATION_CONTEXT(2) 
PARAMETRIC_REPRESENTATION_CONTEXT() REPRESENTATION_CONTEXT('2D SPACE',''
  ) );
#14207 = PCURVE('',#4162,#14208);
#14208 = DEFINITIONAL_REPRESENTATION('',(#14209),#14212);
#14209 = B_SPLINE_CURVE_WITH_KNOTS('',1,(#14210,#14211),.UNSPECIFIED.,
  .F.,.F.,(2,2),(-2.4,0.),.PIECEWISE_BEZIER_KNOTS.);
#14210 = CARTESIAN_POINT('',(33.4,2.4));
#14211 = CARTESIAN_POINT('',(33.4,0.));
#14212 = ( GEOMETRIC_REPRESENTATION_CONTEXT(2) 
PARAMETRIC_REPRESENTATION_CONTEXT() REPRESENTATION_CONTEXT('2D SPACE',''
  ) );
#14213 = ADVANCED_FACE('',(#14214),#4249,.F.);
#14214 = FACE_BOUND('',#14215,.F.);
#14215 = EDGE_LOOP('',(#14216,#14217,#14218,#14219));
#14216 = ORIENTED_EDGE('',*,*,#9054,.F.);
#14217 = ORIENTED_EDGE('',*,*,#11896,.T.);
#14218 = ORIENTED_EDGE('',*,*,#4233,.T.);
#14219 = ORIENTED_EDGE('',*,*,#14220,.T.);
#14220 = EDGE_CURVE('',#4234,#9055,#14221,.T.);
#14221 = SURFACE_CURVE('',#14222,(#14226,#14232),.PCURVE_S1.);
#14222 = LINE('',#14223,#14224);
#14223 = CARTESIAN_POINT('',(35.4,-18.,-0.6));
#14224 = VECTOR('',#14225,1.);
#14225 = DIRECTION('',(0.,-1.,0.));
#14226 = PCURVE('',#4249,#14227);
#14227 = DEFINITIONAL_REPRESENTATION('',(#14228),#14231);
#14228 = B_SPLINE_CURVE_WITH_KNOTS('',1,(#14229,#14230),.UNSPECIFIED.,
  .F.,.F.,(2,2),(-2.4,0.),.PIECEWISE_BEZIER_KNOTS.);
#14229 = CARTESIAN_POINT('',(69.4,-2.4));
#14230 = CARTESIAN_POINT('',(69.4,0.));
#14231 = ( GEOMETRIC_REPRESENTATION_CONTEXT(2) 
PARAMETRIC_REPRESENTATION_CONTEXT() REPRESENTATION_CONTEXT('2D SPACE',''
  ) );
#14232 = PCURVE('',#4277,#14233);
#14233 = DEFINITIONAL_REPRESENTATION('',(#14234),#14237);
#14234 = B_SPLINE_CURVE_WITH_KNOTS('',1,(#14235,#14236),.UNSPECIFIED.,
  .F.,.F.,(2,2),(-2.4,0.),.PIECEWISE_BEZIER_KNOTS.);
#14235 = CARTESIAN_POINT('',(105.4,2.4));
#14236 = CARTESIAN_POINT('',(105.4,0.));
#14237 = ( GEOMETRIC_REPRESENTATION_CONTEXT(2) 
PARAMETRIC_REPRESENTATION_CONTEXT() REPRESENTATION_CONTEXT('2D SPACE',''
  ) );
#14238 = ADVANCED_FACE('',(#14239),#4418,.T.);
#14239 = FACE_BOUND('',#14240,.T.);
#14240 = EDGE_LOOP('',(#14241,#14242,#14243,#14244));
#14241 = ORIENTED_EDGE('',*,*,#9195,.F.);
#14242 = ORIENTED_EDGE('',*,*,#11940,.T.);
#14243 = ORIENTED_EDGE('',*,*,#4404,.T.);
#14244 = ORIENTED_EDGE('',*,*,#14245,.T.);
#14245 = EDGE_CURVE('',#4377,#9173,#14246,.T.);
#14246 = SURFACE_CURVE('',#14247,(#14251,#14257),.PCURVE_S1.);
#14247 = LINE('',#14248,#14249);
#14248 = CARTESIAN_POINT('',(-35.4,-18.,-0.6));
#14249 = VECTOR('',#14250,1.);
#14250 = DIRECTION('',(0.,-1.,0.));
#14251 = PCURVE('',#4418,#14252);
#14252 = DEFINITIONAL_REPRESENTATION('',(#14253),#14256);
#14253 = B_SPLINE_CURVE_WITH_KNOTS('',1,(#14254,#14255),.UNSPECIFIED.,
  .F.,.F.,(2,2),(-2.4,0.),.PIECEWISE_BEZIER_KNOTS.);
#14254 = CARTESIAN_POINT('',(69.4,-2.4));
#14255 = CARTESIAN_POINT('',(69.4,0.));
#14256 = ( GEOMETRIC_REPRESENTATION_CONTEXT(2) 
PARAMETRIC_REPRESENTATION_CONTEXT() REPRESENTATION_CONTEXT('2D SPACE',''
  ) );
#14257 = PCURVE('',#4392,#14258);
#14258 = DEFINITIONAL_REPRESENTATION('',(#14259),#14262);
#14259 = B_SPLINE_CURVE_WITH_KNOTS('',1,(#14260,#14261),.UNSPECIFIED.,
  .F.,.F.,(2,2),(-2.4,0.),.PIECEWISE_BEZIER_KNOTS.);
#14260 = CARTESIAN_POINT('',(34.6,2.4));
#14261 = CARTESIAN_POINT('',(34.6,0.));
#14262 = ( GEOMETRIC_REPRESENTATION_CONTEXT(2) 
PARAMETRIC_REPRESENTATION_CONTEXT() REPRESENTATION_CONTEXT('2D SPACE',''
  ) );
#14263 = ADVANCED_FACE('',(#14264),#4303,.T.);
#14264 = FACE_BOUND('',#14265,.T.);
#14265 = EDGE_LOOP('',(#14266,#14267,#14268,#14269));
#14266 = ORIENTED_EDGE('',*,*,#9100,.F.);
#14267 = ORIENTED_EDGE('',*,*,#11917,.T.);
#14268 = ORIENTED_EDGE('',*,*,#4289,.T.);
#14269 = ORIENTED_EDGE('',*,*,#14270,.T.);
#14270 = EDGE_CURVE('',#4262,#9078,#14271,.T.);
#14271 = SURFACE_CURVE('',#14272,(#14276,#14282),.PCURVE_S1.);
#14272 = LINE('',#14273,#14274);
#14273 = CARTESIAN_POINT('',(30.6,-18.,-0.6));
#14274 = VECTOR('',#14275,1.);
#14275 = DIRECTION('',(0.,-1.,0.));
#14276 = PCURVE('',#4303,#14277);
#14277 = DEFINITIONAL_REPRESENTATION('',(#14278),#14281);
#14278 = B_SPLINE_CURVE_WITH_KNOTS('',1,(#14279,#14280),.UNSPECIFIED.,
  .F.,.F.,(2,2),(-2.4,0.),.PIECEWISE_BEZIER_KNOTS.);
#14279 = CARTESIAN_POINT('',(69.4,-2.4));
#14280 = CARTESIAN_POINT('',(69.4,0.));
#14281 = ( GEOMETRIC_REPRESENTATION_CONTEXT(2) 
PARAMETRIC_REPRESENTATION_CONTEXT() REPRESENTATION_CONTEXT('2D SPACE',''
  ) );
#14282 = PCURVE('',#4277,#14283);
#14283 = DEFINITIONAL_REPRESENTATION('',(#14284),#14287);
#14284 = B_SPLINE_CURVE_WITH_KNOTS('',1,(#14285,#14286),.UNSPECIFIED.,
  .F.,.F.,(2,2),(-2.4,0.),.PIECEWISE_BEZIER_KNOTS.);
#14285 = CARTESIAN_POINT('',(100.6,2.4));
#14286 = CARTESIAN_POINT('',(100.6,0.));
#14287 = ( GEOMETRIC_REPRESENTATION_CONTEXT(2) 
PARAMETRIC_REPRESENTATION_CONTEXT() REPRESENTATION_CONTEXT('2D SPACE',''
  ) );
#14288 = ADVANCED_FACE('',(#14289),#4364,.F.);
#14289 = FACE_BOUND('',#14290,.F.);
#14290 = EDGE_LOOP('',(#14291,#14292,#14293,#14294));
#14291 = ORIENTED_EDGE('',*,*,#9149,.F.);
#14292 = ORIENTED_EDGE('',*,*,#11961,.T.);
#14293 = ORIENTED_EDGE('',*,*,#4348,.T.);
#14294 = ORIENTED_EDGE('',*,*,#14295,.T.);
#14295 = EDGE_CURVE('',#4349,#9150,#14296,.T.);
#14296 = SURFACE_CURVE('',#14297,(#14301,#14307),.PCURVE_S1.);
#14297 = LINE('',#14298,#14299);
#14298 = CARTESIAN_POINT('',(-30.6,-18.,-0.6));
#14299 = VECTOR('',#14300,1.);
#14300 = DIRECTION('',(0.,-1.,0.));
#14301 = PCURVE('',#4364,#14302);
#14302 = DEFINITIONAL_REPRESENTATION('',(#14303),#14306);
#14303 = B_SPLINE_CURVE_WITH_KNOTS('',1,(#14304,#14305),.UNSPECIFIED.,
  .F.,.F.,(2,2),(-2.4,0.),.PIECEWISE_BEZIER_KNOTS.);
#14304 = CARTESIAN_POINT('',(69.4,-2.4));
#14305 = CARTESIAN_POINT('',(69.4,0.));
#14306 = ( GEOMETRIC_REPRESENTATION_CONTEXT(2) 
PARAMETRIC_REPRESENTATION_CONTEXT() REPRESENTATION_CONTEXT('2D SPACE',''
  ) );
#14307 = PCURVE('',#4392,#14308);
#14308 = DEFINITIONAL_REPRESENTATION('',(#14309),#14312);
#14309 = B_SPLINE_CURVE_WITH_KNOTS('',1,(#14310,#14311),.UNSPECIFIED.,
  .F.,.F.,(2,2),(-2.4,0.),.PIECEWISE_BEZIER_KNOTS.);
#14310 = CARTESIAN_POINT('',(39.4,2.4));
#14311 = CARTESIAN_POINT('',(39.4,0.));
#14312 = ( GEOMETRIC_REPRESENTATION_CONTEXT(2) 
PARAMETRIC_REPRESENTATION_CONTEXT() REPRESENTATION_CONTEXT('2D SPACE',''
  ) );
#14313 = ADVANCED_FACE('',(#14314),#4479,.F.);
#14314 = FACE_BOUND('',#14315,.F.);
#14315 = EDGE_LOOP('',(#14316,#14317,#14318,#14319));
#14316 = ORIENTED_EDGE('',*,*,#9244,.F.);
#14317 = ORIENTED_EDGE('',*,*,#11986,.T.);
#14318 = ORIENTED_EDGE('',*,*,#4463,.T.);
#14319 = ORIENTED_EDGE('',*,*,#14320,.T.);
#14320 = EDGE_CURVE('',#4464,#9245,#14321,.T.);
#14321 = SURFACE_CURVE('',#14322,(#14326,#14332),.PCURVE_S1.);
#14322 = LINE('',#14323,#14324);
#14323 = CARTESIAN_POINT('',(29.4,-18.,-0.6));
#14324 = VECTOR('',#14325,1.);
#14325 = DIRECTION('',(0.,-1.,0.));
#14326 = PCURVE('',#4479,#14327);
#14327 = DEFINITIONAL_REPRESENTATION('',(#14328),#14331);
#14328 = B_SPLINE_CURVE_WITH_KNOTS('',1,(#14329,#14330),.UNSPECIFIED.,
  .F.,.F.,(2,2),(-2.4,0.),.PIECEWISE_BEZIER_KNOTS.);
#14329 = CARTESIAN_POINT('',(69.4,-2.4));
#14330 = CARTESIAN_POINT('',(69.4,0.));
#14331 = ( GEOMETRIC_REPRESENTATION_CONTEXT(2) 
PARAMETRIC_REPRESENTATION_CONTEXT() REPRESENTATION_CONTEXT('2D SPACE',''
  ) );
#14332 = PCURVE('',#4507,#14333);
#14333 = DEFINITIONAL_REPRESENTATION('',(#14334),#14337);
#14334 = B_SPLINE_CURVE_WITH_KNOTS('',1,(#14335,#14336),.UNSPECIFIED.,
  .F.,.F.,(2,2),(-2.4,0.),.PIECEWISE_BEZIER_KNOTS.);
#14335 = CARTESIAN_POINT('',(99.4,2.4));
#14336 = CARTESIAN_POINT('',(99.4,0.));
#14337 = ( GEOMETRIC_REPRESENTATION_CONTEXT(2) 
PARAMETRIC_REPRESENTATION_CONTEXT() REPRESENTATION_CONTEXT('2D SPACE',''
  ) );
#14338 = ADVANCED_FACE('',(#14339),#4648,.T.);
#14339 = FACE_BOUND('',#14340,.T.);
#14340 = EDGE_LOOP('',(#14341,#14342,#14343,#14344));
#14341 = ORIENTED_EDGE('',*,*,#9385,.F.);
#14342 = ORIENTED_EDGE('',*,*,#12030,.T.);
#14343 = ORIENTED_EDGE('',*,*,#4634,.T.);
#14344 = ORIENTED_EDGE('',*,*,#14345,.T.);
#14345 = EDGE_CURVE('',#4607,#9363,#14346,.T.);
#14346 = SURFACE_CURVE('',#14347,(#14351,#14357),.PCURVE_S1.);
#14347 = LINE('',#14348,#14349);
#14348 = CARTESIAN_POINT('',(-29.4,-18.,-0.6));
#14349 = VECTOR('',#14350,1.);
#14350 = DIRECTION('',(0.,-1.,0.));
#14351 = PCURVE('',#4648,#14352);
#14352 = DEFINITIONAL_REPRESENTATION('',(#14353),#14356);
#14353 = B_SPLINE_CURVE_WITH_KNOTS('',1,(#14354,#14355),.UNSPECIFIED.,
  .F.,.F.,(2,2),(-2.4,0.),.PIECEWISE_BEZIER_KNOTS.);
#14354 = CARTESIAN_POINT('',(69.4,-2.4));
#14355 = CARTESIAN_POINT('',(69.4,0.));
#14356 = ( GEOMETRIC_REPRESENTATION_CONTEXT(2) 
PARAMETRIC_REPRESENTATION_CONTEXT() REPRESENTATION_CONTEXT('2D SPACE',''
  ) );
#14357 = PCURVE('',#4622,#14358);
#14358 = DEFINITIONAL_REPRESENTATION('',(#14359),#14362);
#14359 = B_SPLINE_CURVE_WITH_KNOTS('',1,(#14360,#14361),.UNSPECIFIED.,
  .F.,.F.,(2,2),(-2.4,0.),.PIECEWISE_BEZIER_KNOTS.);
#14360 = CARTESIAN_POINT('',(40.6,2.4));
#14361 = CARTESIAN_POINT('',(40.6,0.));
#14362 = ( GEOMETRIC_REPRESENTATION_CONTEXT(2) 
PARAMETRIC_REPRESENTATION_CONTEXT() REPRESENTATION_CONTEXT('2D SPACE',''
  ) );
#14363 = ADVANCED_FACE('',(#14364),#4533,.T.);
#14364 = FACE_BOUND('',#14365,.T.);
#14365 = EDGE_LOOP('',(#14366,#14367,#14368,#14369));
#14366 = ORIENTED_EDGE('',*,*,#9290,.F.);
#14367 = ORIENTED_EDGE('',*,*,#12007,.T.);
#14368 = ORIENTED_EDGE('',*,*,#4519,.T.);
#14369 = ORIENTED_EDGE('',*,*,#14370,.T.);
#14370 = EDGE_CURVE('',#4492,#9268,#14371,.T.);
#14371 = SURFACE_CURVE('',#14372,(#14376,#14382),.PCURVE_S1.);
#14372 = LINE('',#14373,#14374);
#14373 = CARTESIAN_POINT('',(24.6,-18.,-0.6));
#14374 = VECTOR('',#14375,1.);
#14375 = DIRECTION('',(0.,-1.,0.));
#14376 = PCURVE('',#4533,#14377);
#14377 = DEFINITIONAL_REPRESENTATION('',(#14378),#14381);
#14378 = B_SPLINE_CURVE_WITH_KNOTS('',1,(#14379,#14380),.UNSPECIFIED.,
  .F.,.F.,(2,2),(-2.4,0.),.PIECEWISE_BEZIER_KNOTS.);
#14379 = CARTESIAN_POINT('',(69.4,-2.4));
#14380 = CARTESIAN_POINT('',(69.4,0.));
#14381 = ( GEOMETRIC_REPRESENTATION_CONTEXT(2) 
PARAMETRIC_REPRESENTATION_CONTEXT() REPRESENTATION_CONTEXT('2D SPACE',''
  ) );
#14382 = PCURVE('',#4507,#14383);
#14383 = DEFINITIONAL_REPRESENTATION('',(#14384),#14387);
#14384 = B_SPLINE_CURVE_WITH_KNOTS('',1,(#14385,#14386),.UNSPECIFIED.,
  .F.,.F.,(2,2),(-2.4,0.),.PIECEWISE_BEZIER_KNOTS.);
#14385 = CARTESIAN_POINT('',(94.6,2.4));
#14386 = CARTESIAN_POINT('',(94.6,0.));
#14387 = ( GEOMETRIC_REPRESENTATION_CONTEXT(2) 
PARAMETRIC_REPRESENTATION_CONTEXT() REPRESENTATION_CONTEXT('2D SPACE',''
  ) );
#14388 = ADVANCED_FACE('',(#14389),#4594,.F.);
#14389 = FACE_BOUND('',#14390,.F.);
#14390 = EDGE_LOOP('',(#14391,#14392,#14393,#14394));
#14391 = ORIENTED_EDGE('',*,*,#9339,.F.);
#14392 = ORIENTED_EDGE('',*,*,#12051,.T.);
#14393 = ORIENTED_EDGE('',*,*,#4578,.T.);
#14394 = ORIENTED_EDGE('',*,*,#14395,.T.);
#14395 = EDGE_CURVE('',#4579,#9340,#14396,.T.);
#14396 = SURFACE_CURVE('',#14397,(#14401,#14407),.PCURVE_S1.);
#14397 = LINE('',#14398,#14399);
#14398 = CARTESIAN_POINT('',(-24.6,-18.,-0.6));
#14399 = VECTOR('',#14400,1.);
#14400 = DIRECTION('',(0.,-1.,0.));
#14401 = PCURVE('',#4594,#14402);
#14402 = DEFINITIONAL_REPRESENTATION('',(#14403),#14406);
#14403 = B_SPLINE_CURVE_WITH_KNOTS('',1,(#14404,#14405),.UNSPECIFIED.,
  .F.,.F.,(2,2),(-2.4,0.),.PIECEWISE_BEZIER_KNOTS.);
#14404 = CARTESIAN_POINT('',(69.4,-2.4));
#14405 = CARTESIAN_POINT('',(69.4,0.));
#14406 = ( GEOMETRIC_REPRESENTATION_CONTEXT(2) 
PARAMETRIC_REPRESENTATION_CONTEXT() REPRESENTATION_CONTEXT('2D SPACE',''
  ) );
#14407 = PCURVE('',#4622,#14408);
#14408 = DEFINITIONAL_REPRESENTATION('',(#14409),#14412);
#14409 = B_SPLINE_CURVE_WITH_KNOTS('',1,(#14410,#14411),.UNSPECIFIED.,
  .F.,.F.,(2,2),(-2.4,0.),.PIECEWISE_BEZIER_KNOTS.);
#14410 = CARTESIAN_POINT('',(45.4,2.4));
#14411 = CARTESIAN_POINT('',(45.4,0.));
#14412 = ( GEOMETRIC_REPRESENTATION_CONTEXT(2) 
PARAMETRIC_REPRESENTATION_CONTEXT() REPRESENTATION_CONTEXT('2D SPACE',''
  ) );
#14413 = ADVANCED_FACE('',(#14414),#4709,.F.);
#14414 = FACE_BOUND('',#14415,.F.);
#14415 = EDGE_LOOP('',(#14416,#14417,#14418,#14419));
#14416 = ORIENTED_EDGE('',*,*,#9434,.F.);
#14417 = ORIENTED_EDGE('',*,*,#12076,.T.);
#14418 = ORIENTED_EDGE('',*,*,#4693,.T.);
#14419 = ORIENTED_EDGE('',*,*,#14420,.T.);
#14420 = EDGE_CURVE('',#4694,#9435,#14421,.T.);
#14421 = SURFACE_CURVE('',#14422,(#14426,#14432),.PCURVE_S1.);
#14422 = LINE('',#14423,#14424);
#14423 = CARTESIAN_POINT('',(23.4,-18.,-0.6));
#14424 = VECTOR('',#14425,1.);
#14425 = DIRECTION('',(0.,-1.,0.));
#14426 = PCURVE('',#4709,#14427);
#14427 = DEFINITIONAL_REPRESENTATION('',(#14428),#14431);
#14428 = B_SPLINE_CURVE_WITH_KNOTS('',1,(#14429,#14430),.UNSPECIFIED.,
  .F.,.F.,(2,2),(-2.4,0.),.PIECEWISE_BEZIER_KNOTS.);
#14429 = CARTESIAN_POINT('',(69.4,-2.4));
#14430 = CARTESIAN_POINT('',(69.4,0.));
#14431 = ( GEOMETRIC_REPRESENTATION_CONTEXT(2) 
PARAMETRIC_REPRESENTATION_CONTEXT() REPRESENTATION_CONTEXT('2D SPACE',''
  ) );
#14432 = PCURVE('',#4737,#14433);
#14433 = DEFINITIONAL_REPRESENTATION('',(#14434),#14437);
#14434 = B_SPLINE_CURVE_WITH_KNOTS('',1,(#14435,#14436),.UNSPECIFIED.,
  .F.,.F.,(2,2),(-2.4,0.),.PIECEWISE_BEZIER_KNOTS.);
#14435 = CARTESIAN_POINT('',(93.4,2.4));
#14436 = CARTESIAN_POINT('',(93.4,0.));
#14437 = ( GEOMETRIC_REPRESENTATION_CONTEXT(2) 
PARAMETRIC_REPRESENTATION_CONTEXT() REPRESENTATION_CONTEXT('2D SPACE',''
  ) );
#14438 = ADVANCED_FACE('',(#14439),#4878,.T.);
#14439 = FACE_BOUND('',#14440,.T.);
#14440 = EDGE_LOOP('',(#14441,#14442,#14443,#14444));
#14441 = ORIENTED_EDGE('',*,*,#9575,.F.);
#14442 = ORIENTED_EDGE('',*,*,#12120,.T.);
#14443 = ORIENTED_EDGE('',*,*,#4864,.T.);
#14444 = ORIENTED_EDGE('',*,*,#14445,.T.);
#14445 = EDGE_CURVE('',#4837,#9553,#14446,.T.);
#14446 = SURFACE_CURVE('',#14447,(#14451,#14457),.PCURVE_S1.);
#14447 = LINE('',#14448,#14449);
#14448 = CARTESIAN_POINT('',(-23.4,-18.,-0.6));
#14449 = VECTOR('',#14450,1.);
#14450 = DIRECTION('',(0.,-1.,0.));
#14451 = PCURVE('',#4878,#14452);
#14452 = DEFINITIONAL_REPRESENTATION('',(#14453),#14456);
#14453 = B_SPLINE_CURVE_WITH_KNOTS('',1,(#14454,#14455),.UNSPECIFIED.,
  .F.,.F.,(2,2),(-2.4,0.),.PIECEWISE_BEZIER_KNOTS.);
#14454 = CARTESIAN_POINT('',(69.4,-2.4));
#14455 = CARTESIAN_POINT('',(69.4,0.));
#14456 = ( GEOMETRIC_REPRESENTATION_CONTEXT(2) 
PARAMETRIC_REPRESENTATION_CONTEXT() REPRESENTATION_CONTEXT('2D SPACE',''
  ) );
#14457 = PCURVE('',#4852,#14458);
#14458 = DEFINITIONAL_REPRESENTATION('',(#14459),#14462);
#14459 = B_SPLINE_CURVE_WITH_KNOTS('',1,(#14460,#14461),.UNSPECIFIED.,
  .F.,.F.,(2,2),(-2.4,0.),.PIECEWISE_BEZIER_KNOTS.);
#14460 = CARTESIAN_POINT('',(46.6,2.4));
#14461 = CARTESIAN_POINT('',(46.6,0.));
#14462 = ( GEOMETRIC_REPRESENTATION_CONTEXT(2) 
PARAMETRIC_REPRESENTATION_CONTEXT() REPRESENTATION_CONTEXT('2D SPACE',''
  ) );
#14463 = ADVANCED_FACE('',(#14464),#4763,.T.);
#14464 = FACE_BOUND('',#14465,.T.);
#14465 = EDGE_LOOP('',(#14466,#14467,#14468,#14469));
#14466 = ORIENTED_EDGE('',*,*,#9480,.F.);
#14467 = ORIENTED_EDGE('',*,*,#12097,.T.);
#14468 = ORIENTED_EDGE('',*,*,#4749,.T.);
#14469 = ORIENTED_EDGE('',*,*,#14470,.T.);
#14470 = EDGE_CURVE('',#4722,#9458,#14471,.T.);
#14471 = SURFACE_CURVE('',#14472,(#14476,#14482),.PCURVE_S1.);
#14472 = LINE('',#14473,#14474);
#14473 = CARTESIAN_POINT('',(18.6,-18.,-0.6));
#14474 = VECTOR('',#14475,1.);
#14475 = DIRECTION('',(0.,-1.,0.));
#14476 = PCURVE('',#4763,#14477);
#14477 = DEFINITIONAL_REPRESENTATION('',(#14478),#14481);
#14478 = B_SPLINE_CURVE_WITH_KNOTS('',1,(#14479,#14480),.UNSPECIFIED.,
  .F.,.F.,(2,2),(-2.4,0.),.PIECEWISE_BEZIER_KNOTS.);
#14479 = CARTESIAN_POINT('',(69.4,-2.4));
#14480 = CARTESIAN_POINT('',(69.4,0.));
#14481 = ( GEOMETRIC_REPRESENTATION_CONTEXT(2) 
PARAMETRIC_REPRESENTATION_CONTEXT() REPRESENTATION_CONTEXT('2D SPACE',''
  ) );
#14482 = PCURVE('',#4737,#14483);
#14483 = DEFINITIONAL_REPRESENTATION('',(#14484),#14487);
#14484 = B_SPLINE_CURVE_WITH_KNOTS('',1,(#14485,#14486),.UNSPECIFIED.,
  .F.,.F.,(2,2),(-2.4,0.),.PIECEWISE_BEZIER_KNOTS.);
#14485 = CARTESIAN_POINT('',(88.6,2.4));
#14486 = CARTESIAN_POINT('',(88.6,0.));
#14487 = ( GEOMETRIC_REPRESENTATION_CONTEXT(2) 
PARAMETRIC_REPRESENTATION_CONTEXT() REPRESENTATION_CONTEXT('2D SPACE',''
  ) );
#14488 = ADVANCED_FACE('',(#14489),#4824,.F.);
#14489 = FACE_BOUND('',#14490,.F.);
#14490 = EDGE_LOOP('',(#14491,#14492,#14493,#14494));
#14491 = ORIENTED_EDGE('',*,*,#9529,.F.);
#14492 = ORIENTED_EDGE('',*,*,#12141,.T.);
#14493 = ORIENTED_EDGE('',*,*,#4808,.T.);
#14494 = ORIENTED_EDGE('',*,*,#14495,.T.);
#14495 = EDGE_CURVE('',#4809,#9530,#14496,.T.);
#14496 = SURFACE_CURVE('',#14497,(#14501,#14507),.PCURVE_S1.);
#14497 = LINE('',#14498,#14499);
#14498 = CARTESIAN_POINT('',(-18.6,-18.,-0.6));
#14499 = VECTOR('',#14500,1.);
#14500 = DIRECTION('',(0.,-1.,0.));
#14501 = PCURVE('',#4824,#14502);
#14502 = DEFINITIONAL_REPRESENTATION('',(#14503),#14506);
#14503 = B_SPLINE_CURVE_WITH_KNOTS('',1,(#14504,#14505),.UNSPECIFIED.,
  .F.,.F.,(2,2),(-2.4,0.),.PIECEWISE_BEZIER_KNOTS.);
#14504 = CARTESIAN_POINT('',(69.4,-2.4));
#14505 = CARTESIAN_POINT('',(69.4,0.));
#14506 = ( GEOMETRIC_REPRESENTATION_CONTEXT(2) 
PARAMETRIC_REPRESENTATION_CONTEXT() REPRESENTATION_CONTEXT('2D SPACE',''
  ) );
#14507 = PCURVE('',#4852,#14508);
#14508 = DEFINITIONAL_REPRESENTATION('',(#14509),#14512);
#14509 = B_SPLINE_CURVE_WITH_KNOTS('',1,(#14510,#14511),.UNSPECIFIED.,
  .F.,.F.,(2,2),(-2.4,0.),.PIECEWISE_BEZIER_KNOTS.);
#14510 = CARTESIAN_POINT('',(51.4,2.4));
#14511 = CARTESIAN_POINT('',(51.4,0.));
#14512 = ( GEOMETRIC_REPRESENTATION_CONTEXT(2) 
PARAMETRIC_REPRESENTATION_CONTEXT() REPRESENTATION_CONTEXT('2D SPACE',''
  ) );
#14513 = ADVANCED_FACE('',(#14514),#4939,.F.);
#14514 = FACE_BOUND('',#14515,.F.);
#14515 = EDGE_LOOP('',(#14516,#14517,#14518,#14519));
#14516 = ORIENTED_EDGE('',*,*,#9624,.F.);
#14517 = ORIENTED_EDGE('',*,*,#12166,.T.);
#14518 = ORIENTED_EDGE('',*,*,#4923,.T.);
#14519 = ORIENTED_EDGE('',*,*,#14520,.T.);
#14520 = EDGE_CURVE('',#4924,#9625,#14521,.T.);
#14521 = SURFACE_CURVE('',#14522,(#14526,#14532),.PCURVE_S1.);
#14522 = LINE('',#14523,#14524);
#14523 = CARTESIAN_POINT('',(17.4,-18.,-0.6));
#14524 = VECTOR('',#14525,1.);
#14525 = DIRECTION('',(0.,-1.,0.));
#14526 = PCURVE('',#4939,#14527);
#14527 = DEFINITIONAL_REPRESENTATION('',(#14528),#14531);
#14528 = B_SPLINE_CURVE_WITH_KNOTS('',1,(#14529,#14530),.UNSPECIFIED.,
  .F.,.F.,(2,2),(-2.4,0.),.PIECEWISE_BEZIER_KNOTS.);
#14529 = CARTESIAN_POINT('',(69.4,-2.4));
#14530 = CARTESIAN_POINT('',(69.4,0.));
#14531 = ( GEOMETRIC_REPRESENTATION_CONTEXT(2) 
PARAMETRIC_REPRESENTATION_CONTEXT() REPRESENTATION_CONTEXT('2D SPACE',''
  ) );
#14532 = PCURVE('',#4967,#14533);
#14533 = DEFINITIONAL_REPRESENTATION('',(#14534),#14537);
#14534 = B_SPLINE_CURVE_WITH_KNOTS('',1,(#14535,#14536),.UNSPECIFIED.,
  .F.,.F.,(2,2),(-2.4,0.),.PIECEWISE_BEZIER_KNOTS.);
#14535 = CARTESIAN_POINT('',(87.4,2.4));
#14536 = CARTESIAN_POINT('',(87.4,0.));
#14537 = ( GEOMETRIC_REPRESENTATION_CONTEXT(2) 
PARAMETRIC_REPRESENTATION_CONTEXT() REPRESENTATION_CONTEXT('2D SPACE',''
  ) );
#14538 = ADVANCED_FACE('',(#14539),#5108,.T.);
#14539 = FACE_BOUND('',#14540,.T.);
#14540 = EDGE_LOOP('',(#14541,#14542,#14543,#14544));
#14541 = ORIENTED_EDGE('',*,*,#9765,.F.);
#14542 = ORIENTED_EDGE('',*,*,#12210,.T.);
#14543 = ORIENTED_EDGE('',*,*,#5094,.T.);
#14544 = ORIENTED_EDGE('',*,*,#14545,.T.);
#14545 = EDGE_CURVE('',#5067,#9743,#14546,.T.);
#14546 = SURFACE_CURVE('',#14547,(#14551,#14557),.PCURVE_S1.);
#14547 = LINE('',#14548,#14549);
#14548 = CARTESIAN_POINT('',(-17.4,-18.,-0.6));
#14549 = VECTOR('',#14550,1.);
#14550 = DIRECTION('',(0.,-1.,0.));
#14551 = PCURVE('',#5108,#14552);
#14552 = DEFINITIONAL_REPRESENTATION('',(#14553),#14556);
#14553 = B_SPLINE_CURVE_WITH_KNOTS('',1,(#14554,#14555),.UNSPECIFIED.,
  .F.,.F.,(2,2),(-2.4,0.),.PIECEWISE_BEZIER_KNOTS.);
#14554 = CARTESIAN_POINT('',(69.4,-2.4));
#14555 = CARTESIAN_POINT('',(69.4,0.));
#14556 = ( GEOMETRIC_REPRESENTATION_CONTEXT(2) 
PARAMETRIC_REPRESENTATION_CONTEXT() REPRESENTATION_CONTEXT('2D SPACE',''
  ) );
#14557 = PCURVE('',#5082,#14558);
#14558 = DEFINITIONAL_REPRESENTATION('',(#14559),#14562);
#14559 = B_SPLINE_CURVE_WITH_KNOTS('',1,(#14560,#14561),.UNSPECIFIED.,
  .F.,.F.,(2,2),(-2.4,0.),.PIECEWISE_BEZIER_KNOTS.);
#14560 = CARTESIAN_POINT('',(52.6,2.4));
#14561 = CARTESIAN_POINT('',(52.6,0.));
#14562 = ( GEOMETRIC_REPRESENTATION_CONTEXT(2) 
PARAMETRIC_REPRESENTATION_CONTEXT() REPRESENTATION_CONTEXT('2D SPACE',''
  ) );
#14563 = ADVANCED_FACE('',(#14564),#4993,.T.);
#14564 = FACE_BOUND('',#14565,.T.);
#14565 = EDGE_LOOP('',(#14566,#14567,#14568,#14569));
#14566 = ORIENTED_EDGE('',*,*,#9670,.F.);
#14567 = ORIENTED_EDGE('',*,*,#12187,.T.);
#14568 = ORIENTED_EDGE('',*,*,#4979,.T.);
#14569 = ORIENTED_EDGE('',*,*,#14570,.T.);
#14570 = EDGE_CURVE('',#4952,#9648,#14571,.T.);
#14571 = SURFACE_CURVE('',#14572,(#14576,#14582),.PCURVE_S1.);
#14572 = LINE('',#14573,#14574);
#14573 = CARTESIAN_POINT('',(12.6,-18.,-0.6));
#14574 = VECTOR('',#14575,1.);
#14575 = DIRECTION('',(0.,-1.,0.));
#14576 = PCURVE('',#4993,#14577);
#14577 = DEFINITIONAL_REPRESENTATION('',(#14578),#14581);
#14578 = B_SPLINE_CURVE_WITH_KNOTS('',1,(#14579,#14580),.UNSPECIFIED.,
  .F.,.F.,(2,2),(-2.4,0.),.PIECEWISE_BEZIER_KNOTS.);
#14579 = CARTESIAN_POINT('',(69.4,-2.4));
#14580 = CARTESIAN_POINT('',(69.4,0.));
#14581 = ( GEOMETRIC_REPRESENTATION_CONTEXT(2) 
PARAMETRIC_REPRESENTATION_CONTEXT() REPRESENTATION_CONTEXT('2D SPACE',''
  ) );
#14582 = PCURVE('',#4967,#14583);
#14583 = DEFINITIONAL_REPRESENTATION('',(#14584),#14587);
#14584 = B_SPLINE_CURVE_WITH_KNOTS('',1,(#14585,#14586),.UNSPECIFIED.,
  .F.,.F.,(2,2),(-2.4,0.),.PIECEWISE_BEZIER_KNOTS.);
#14585 = CARTESIAN_POINT('',(82.6,2.4));
#14586 = CARTESIAN_POINT('',(82.6,0.));
#14587 = ( GEOMETRIC_REPRESENTATION_CONTEXT(2) 
PARAMETRIC_REPRESENTATION_CONTEXT() REPRESENTATION_CONTEXT('2D SPACE',''
  ) );
#14588 = ADVANCED_FACE('',(#14589),#5054,.F.);
#14589 = FACE_BOUND('',#14590,.F.);
#14590 = EDGE_LOOP('',(#14591,#14592,#14593,#14594));
#14591 = ORIENTED_EDGE('',*,*,#9719,.F.);
#14592 = ORIENTED_EDGE('',*,*,#12231,.T.);
#14593 = ORIENTED_EDGE('',*,*,#5038,.T.);
#14594 = ORIENTED_EDGE('',*,*,#14595,.T.);
#14595 = EDGE_CURVE('',#5039,#9720,#14596,.T.);
#14596 = SURFACE_CURVE('',#14597,(#14601,#14607),.PCURVE_S1.);
#14597 = LINE('',#14598,#14599);
#14598 = CARTESIAN_POINT('',(-12.6,-18.,-0.6));
#14599 = VECTOR('',#14600,1.);
#14600 = DIRECTION('',(0.,-1.,0.));
#14601 = PCURVE('',#5054,#14602);
#14602 = DEFINITIONAL_REPRESENTATION('',(#14603),#14606);
#14603 = B_SPLINE_CURVE_WITH_KNOTS('',1,(#14604,#14605),.UNSPECIFIED.,
  .F.,.F.,(2,2),(-2.4,0.),.PIECEWISE_BEZIER_KNOTS.);
#14604 = CARTESIAN_POINT('',(69.4,-2.4));
#14605 = CARTESIAN_POINT('',(69.4,0.));
#14606 = ( GEOMETRIC_REPRESENTATION_CONTEXT(2) 
PARAMETRIC_REPRESENTATION_CONTEXT() REPRESENTATION_CONTEXT('2D SPACE',''
  ) );
#14607 = PCURVE('',#5082,#14608);
#14608 = DEFINITIONAL_REPRESENTATION('',(#14609),#14612);
#14609 = B_SPLINE_CURVE_WITH_KNOTS('',1,(#14610,#14611),.UNSPECIFIED.,
  .F.,.F.,(2,2),(-2.4,0.),.PIECEWISE_BEZIER_KNOTS.);
#14610 = CARTESIAN_POINT('',(57.4,2.4));
#14611 = CARTESIAN_POINT('',(57.4,0.));
#14612 = ( GEOMETRIC_REPRESENTATION_CONTEXT(2) 
PARAMETRIC_REPRESENTATION_CONTEXT() REPRESENTATION_CONTEXT('2D SPACE',''
  ) );
#14613 = ADVANCED_FACE('',(#14614),#5169,.F.);
#14614 = FACE_BOUND('',#14615,.F.);
#14615 = EDGE_LOOP('',(#14616,#14617,#14618,#14619));
#14616 = ORIENTED_EDGE('',*,*,#9814,.F.);
#14617 = ORIENTED_EDGE('',*,*,#12256,.T.);
#14618 = ORIENTED_EDGE('',*,*,#5153,.T.);
#14619 = ORIENTED_EDGE('',*,*,#14620,.T.);
#14620 = EDGE_CURVE('',#5154,#9815,#14621,.T.);
#14621 = SURFACE_CURVE('',#14622,(#14626,#14632),.PCURVE_S1.);
#14622 = LINE('',#14623,#14624);
#14623 = CARTESIAN_POINT('',(11.4,-18.,-0.6));
#14624 = VECTOR('',#14625,1.);
#14625 = DIRECTION('',(0.,-1.,0.));
#14626 = PCURVE('',#5169,#14627);
#14627 = DEFINITIONAL_REPRESENTATION('',(#14628),#14631);
#14628 = B_SPLINE_CURVE_WITH_KNOTS('',1,(#14629,#14630),.UNSPECIFIED.,
  .F.,.F.,(2,2),(-2.4,0.),.PIECEWISE_BEZIER_KNOTS.);
#14629 = CARTESIAN_POINT('',(69.4,-2.4));
#14630 = CARTESIAN_POINT('',(69.4,0.));
#14631 = ( GEOMETRIC_REPRESENTATION_CONTEXT(2) 
PARAMETRIC_REPRESENTATION_CONTEXT() REPRESENTATION_CONTEXT('2D SPACE',''
  ) );
#14632 = PCURVE('',#5197,#14633);
#14633 = DEFINITIONAL_REPRESENTATION('',(#14634),#14637);
#14634 = B_SPLINE_CURVE_WITH_KNOTS('',1,(#14635,#14636),.UNSPECIFIED.,
  .F.,.F.,(2,2),(-2.4,0.),.PIECEWISE_BEZIER_KNOTS.);
#14635 = CARTESIAN_POINT('',(81.4,2.4));
#14636 = CARTESIAN_POINT('',(81.4,0.));
#14637 = ( GEOMETRIC_REPRESENTATION_CONTEXT(2) 
PARAMETRIC_REPRESENTATION_CONTEXT() REPRESENTATION_CONTEXT('2D SPACE',''
  ) );
#14638 = ADVANCED_FACE('',(#14639),#5338,.T.);
#14639 = FACE_BOUND('',#14640,.T.);
#14640 = EDGE_LOOP('',(#14641,#14642,#14643,#14644));
#14641 = ORIENTED_EDGE('',*,*,#9955,.F.);
#14642 = ORIENTED_EDGE('',*,*,#12300,.T.);
#14643 = ORIENTED_EDGE('',*,*,#5324,.T.);
#14644 = ORIENTED_EDGE('',*,*,#14645,.T.);
#14645 = EDGE_CURVE('',#5297,#9933,#14646,.T.);
#14646 = SURFACE_CURVE('',#14647,(#14651,#14657),.PCURVE_S1.);
#14647 = LINE('',#14648,#14649);
#14648 = CARTESIAN_POINT('',(-11.4,-18.,-0.6));
#14649 = VECTOR('',#14650,1.);
#14650 = DIRECTION('',(0.,-1.,0.));
#14651 = PCURVE('',#5338,#14652);
#14652 = DEFINITIONAL_REPRESENTATION('',(#14653),#14656);
#14653 = B_SPLINE_CURVE_WITH_KNOTS('',1,(#14654,#14655),.UNSPECIFIED.,
  .F.,.F.,(2,2),(-2.4,0.),.PIECEWISE_BEZIER_KNOTS.);
#14654 = CARTESIAN_POINT('',(69.4,-2.4));
#14655 = CARTESIAN_POINT('',(69.4,0.));
#14656 = ( GEOMETRIC_REPRESENTATION_CONTEXT(2) 
PARAMETRIC_REPRESENTATION_CONTEXT() REPRESENTATION_CONTEXT('2D SPACE',''
  ) );
#14657 = PCURVE('',#5312,#14658);
#14658 = DEFINITIONAL_REPRESENTATION('',(#14659),#14662);
#14659 = B_SPLINE_CURVE_WITH_KNOTS('',1,(#14660,#14661),.UNSPECIFIED.,
  .F.,.F.,(2,2),(-2.4,0.),.PIECEWISE_BEZIER_KNOTS.);
#14660 = CARTESIAN_POINT('',(58.6,2.4));
#14661 = CARTESIAN_POINT('',(58.6,0.));
#14662 = ( GEOMETRIC_REPRESENTATION_CONTEXT(2) 
PARAMETRIC_REPRESENTATION_CONTEXT() REPRESENTATION_CONTEXT('2D SPACE',''
  ) );
#14663 = ADVANCED_FACE('',(#14664),#5223,.T.);
#14664 = FACE_BOUND('',#14665,.T.);
#14665 = EDGE_LOOP('',(#14666,#14667,#14668,#14669));
#14666 = ORIENTED_EDGE('',*,*,#9860,.F.);
#14667 = ORIENTED_EDGE('',*,*,#12277,.T.);
#14668 = ORIENTED_EDGE('',*,*,#5209,.T.);
#14669 = ORIENTED_EDGE('',*,*,#14670,.T.);
#14670 = EDGE_CURVE('',#5182,#9838,#14671,.T.);
#14671 = SURFACE_CURVE('',#14672,(#14676,#14682),.PCURVE_S1.);
#14672 = LINE('',#14673,#14674);
#14673 = CARTESIAN_POINT('',(6.6,-18.,-0.6));
#14674 = VECTOR('',#14675,1.);
#14675 = DIRECTION('',(0.,-1.,0.));
#14676 = PCURVE('',#5223,#14677);
#14677 = DEFINITIONAL_REPRESENTATION('',(#14678),#14681);
#14678 = B_SPLINE_CURVE_WITH_KNOTS('',1,(#14679,#14680),.UNSPECIFIED.,
  .F.,.F.,(2,2),(-2.4,0.),.PIECEWISE_BEZIER_KNOTS.);
#14679 = CARTESIAN_POINT('',(69.4,-2.4));
#14680 = CARTESIAN_POINT('',(69.4,0.));
#14681 = ( GEOMETRIC_REPRESENTATION_CONTEXT(2) 
PARAMETRIC_REPRESENTATION_CONTEXT() REPRESENTATION_CONTEXT('2D SPACE',''
  ) );
#14682 = PCURVE('',#5197,#14683);
#14683 = DEFINITIONAL_REPRESENTATION('',(#14684),#14687);
#14684 = B_SPLINE_CURVE_WITH_KNOTS('',1,(#14685,#14686),.UNSPECIFIED.,
  .F.,.F.,(2,2),(-2.4,0.),.PIECEWISE_BEZIER_KNOTS.);
#14685 = CARTESIAN_POINT('',(76.6,2.4));
#14686 = CARTESIAN_POINT('',(76.6,0.));
#14687 = ( GEOMETRIC_REPRESENTATION_CONTEXT(2) 
PARAMETRIC_REPRESENTATION_CONTEXT() REPRESENTATION_CONTEXT('2D SPACE',''
  ) );
#14688 = ADVANCED_FACE('',(#14689),#5284,.F.);
#14689 = FACE_BOUND('',#14690,.F.);
#14690 = EDGE_LOOP('',(#14691,#14692,#14693,#14694));
#14691 = ORIENTED_EDGE('',*,*,#9909,.F.);
#14692 = ORIENTED_EDGE('',*,*,#12321,.T.);
#14693 = ORIENTED_EDGE('',*,*,#5268,.T.);
#14694 = ORIENTED_EDGE('',*,*,#14695,.T.);
#14695 = EDGE_CURVE('',#5269,#9910,#14696,.T.);
#14696 = SURFACE_CURVE('',#14697,(#14701,#14707),.PCURVE_S1.);
#14697 = LINE('',#14698,#14699);
#14698 = CARTESIAN_POINT('',(-6.6,-18.,-0.6));
#14699 = VECTOR('',#14700,1.);
#14700 = DIRECTION('',(0.,-1.,0.));
#14701 = PCURVE('',#5284,#14702);
#14702 = DEFINITIONAL_REPRESENTATION('',(#14703),#14706);
#14703 = B_SPLINE_CURVE_WITH_KNOTS('',1,(#14704,#14705),.UNSPECIFIED.,
  .F.,.F.,(2,2),(-2.4,0.),.PIECEWISE_BEZIER_KNOTS.);
#14704 = CARTESIAN_POINT('',(69.4,-2.4));
#14705 = CARTESIAN_POINT('',(69.4,0.));
#14706 = ( GEOMETRIC_REPRESENTATION_CONTEXT(2) 
PARAMETRIC_REPRESENTATION_CONTEXT() REPRESENTATION_CONTEXT('2D SPACE',''
  ) );
#14707 = PCURVE('',#5312,#14708);
#14708 = DEFINITIONAL_REPRESENTATION('',(#14709),#14712);
#14709 = B_SPLINE_CURVE_WITH_KNOTS('',1,(#14710,#14711),.UNSPECIFIED.,
  .F.,.F.,(2,2),(-2.4,0.),.PIECEWISE_BEZIER_KNOTS.);
#14710 = CARTESIAN_POINT('',(63.4,2.4));
#14711 = CARTESIAN_POINT('',(63.4,0.));
#14712 = ( GEOMETRIC_REPRESENTATION_CONTEXT(2) 
PARAMETRIC_REPRESENTATION_CONTEXT() REPRESENTATION_CONTEXT('2D SPACE',''
  ) );
#14713 = ADVANCED_FACE('',(#14714),#5399,.F.);
#14714 = FACE_BOUND('',#14715,.F.);
#14715 = EDGE_LOOP('',(#14716,#14717,#14718,#14719));
#14716 = ORIENTED_EDGE('',*,*,#10004,.F.);
#14717 = ORIENTED_EDGE('',*,*,#12346,.T.);
#14718 = ORIENTED_EDGE('',*,*,#5383,.T.);
#14719 = ORIENTED_EDGE('',*,*,#14720,.T.);
#14720 = EDGE_CURVE('',#5384,#10005,#14721,.T.);
#14721 = SURFACE_CURVE('',#14722,(#14726,#14732),.PCURVE_S1.);
#14722 = LINE('',#14723,#14724);
#14723 = CARTESIAN_POINT('',(5.4,-18.,-0.6));
#14724 = VECTOR('',#14725,1.);
#14725 = DIRECTION('',(0.,-1.,0.));
#14726 = PCURVE('',#5399,#14727);
#14727 = DEFINITIONAL_REPRESENTATION('',(#14728),#14731);
#14728 = B_SPLINE_CURVE_WITH_KNOTS('',1,(#14729,#14730),.UNSPECIFIED.,
  .F.,.F.,(2,2),(-2.4,0.),.PIECEWISE_BEZIER_KNOTS.);
#14729 = CARTESIAN_POINT('',(69.4,-2.4));
#14730 = CARTESIAN_POINT('',(69.4,0.));
#14731 = ( GEOMETRIC_REPRESENTATION_CONTEXT(2) 
PARAMETRIC_REPRESENTATION_CONTEXT() REPRESENTATION_CONTEXT('2D SPACE',''
  ) );
#14732 = PCURVE('',#5427,#14733);
#14733 = DEFINITIONAL_REPRESENTATION('',(#14734),#14737);
#14734 = B_SPLINE_CURVE_WITH_KNOTS('',1,(#14735,#14736),.UNSPECIFIED.,
  .F.,.F.,(2,2),(-2.4,0.),.PIECEWISE_BEZIER_KNOTS.);
#14735 = CARTESIAN_POINT('',(75.4,2.4));
#14736 = CARTESIAN_POINT('',(75.4,0.));
#14737 = ( GEOMETRIC_REPRESENTATION_CONTEXT(2) 
PARAMETRIC_REPRESENTATION_CONTEXT() REPRESENTATION_CONTEXT('2D SPACE',''
  ) );
#14738 = ADVANCED_FACE('',(#14739),#5568,.T.);
#14739 = FACE_BOUND('',#14740,.T.);
#14740 = EDGE_LOOP('',(#14741,#14742,#14743,#14744));
#14741 = ORIENTED_EDGE('',*,*,#10145,.F.);
#14742 = ORIENTED_EDGE('',*,*,#12390,.T.);
#14743 = ORIENTED_EDGE('',*,*,#5554,.T.);
#14744 = ORIENTED_EDGE('',*,*,#14745,.T.);
#14745 = EDGE_CURVE('',#5527,#10123,#14746,.T.);
#14746 = SURFACE_CURVE('',#14747,(#14751,#14757),.PCURVE_S1.);
#14747 = LINE('',#14748,#14749);
#14748 = CARTESIAN_POINT('',(-5.4,-18.,-0.6));
#14749 = VECTOR('',#14750,1.);
#14750 = DIRECTION('',(0.,-1.,0.));
#14751 = PCURVE('',#5568,#14752);
#14752 = DEFINITIONAL_REPRESENTATION('',(#14753),#14756);
#14753 = B_SPLINE_CURVE_WITH_KNOTS('',1,(#14754,#14755),.UNSPECIFIED.,
  .F.,.F.,(2,2),(-2.4,0.),.PIECEWISE_BEZIER_KNOTS.);
#14754 = CARTESIAN_POINT('',(69.4,-2.4));
#14755 = CARTESIAN_POINT('',(69.4,0.));
#14756 = ( GEOMETRIC_REPRESENTATION_CONTEXT(2) 
PARAMETRIC_REPRESENTATION_CONTEXT() REPRESENTATION_CONTEXT('2D SPACE',''
  ) );
#14757 = PCURVE('',#5542,#14758);
#14758 = DEFINITIONAL_REPRESENTATION('',(#14759),#14762);
#14759 = B_SPLINE_CURVE_WITH_KNOTS('',1,(#14760,#14761),.UNSPECIFIED.,
  .F.,.F.,(2,2),(-2.4,0.),.PIECEWISE_BEZIER_KNOTS.);
#14760 = CARTESIAN_POINT('',(64.6,2.4));
#14761 = CARTESIAN_POINT('',(64.6,0.));
#14762 = ( GEOMETRIC_REPRESENTATION_CONTEXT(2) 
PARAMETRIC_REPRESENTATION_CONTEXT() REPRESENTATION_CONTEXT('2D SPACE',''
  ) );
#14763 = ADVANCED_FACE('',(#14764),#5453,.T.);
#14764 = FACE_BOUND('',#14765,.T.);
#14765 = EDGE_LOOP('',(#14766,#14767,#14768,#14769));
#14766 = ORIENTED_EDGE('',*,*,#10050,.F.);
#14767 = ORIENTED_EDGE('',*,*,#12367,.T.);
#14768 = ORIENTED_EDGE('',*,*,#5439,.T.);
#14769 = ORIENTED_EDGE('',*,*,#14770,.T.);
#14770 = EDGE_CURVE('',#5412,#10028,#14771,.T.);
#14771 = SURFACE_CURVE('',#14772,(#14776,#14782),.PCURVE_S1.);
#14772 = LINE('',#14773,#14774);
#14773 = CARTESIAN_POINT('',(0.6,-18.,-0.6));
#14774 = VECTOR('',#14775,1.);
#14775 = DIRECTION('',(0.,-1.,0.));
#14776 = PCURVE('',#5453,#14777);
#14777 = DEFINITIONAL_REPRESENTATION('',(#14778),#14781);
#14778 = B_SPLINE_CURVE_WITH_KNOTS('',1,(#14779,#14780),.UNSPECIFIED.,
  .F.,.F.,(2,2),(-2.4,0.),.PIECEWISE_BEZIER_KNOTS.);
#14779 = CARTESIAN_POINT('',(69.4,-2.4));
#14780 = CARTESIAN_POINT('',(69.4,0.));
#14781 = ( GEOMETRIC_REPRESENTATION_CONTEXT(2) 
PARAMETRIC_REPRESENTATION_CONTEXT() REPRESENTATION_CONTEXT('2D SPACE',''
  ) );
#14782 = PCURVE('',#5427,#14783);
#14783 = DEFINITIONAL_REPRESENTATION('',(#14784),#14787);
#14784 = B_SPLINE_CURVE_WITH_KNOTS('',1,(#14785,#14786),.UNSPECIFIED.,
  .F.,.F.,(2,2),(-2.4,0.),.PIECEWISE_BEZIER_KNOTS.);
#14785 = CARTESIAN_POINT('',(70.6,2.4));
#14786 = CARTESIAN_POINT('',(70.6,0.));
#14787 = ( GEOMETRIC_REPRESENTATION_CONTEXT(2) 
PARAMETRIC_REPRESENTATION_CONTEXT() REPRESENTATION_CONTEXT('2D SPACE',''
  ) );
#14788 = ADVANCED_FACE('',(#14789),#5514,.F.);
#14789 = FACE_BOUND('',#14790,.F.);
#14790 = EDGE_LOOP('',(#14791,#14792,#14793,#14794));
#14791 = ORIENTED_EDGE('',*,*,#10099,.F.);
#14792 = ORIENTED_EDGE('',*,*,#12411,.T.);
#14793 = ORIENTED_EDGE('',*,*,#5498,.T.);
#14794 = ORIENTED_EDGE('',*,*,#14795,.T.);
#14795 = EDGE_CURVE('',#5499,#10100,#14796,.T.);
#14796 = SURFACE_CURVE('',#14797,(#14801,#14807),.PCURVE_S1.);
#14797 = LINE('',#14798,#14799);
#14798 = CARTESIAN_POINT('',(-0.6,-18.,-0.6));
#14799 = VECTOR('',#14800,1.);
#14800 = DIRECTION('',(0.,-1.,0.));
#14801 = PCURVE('',#5514,#14802);
#14802 = DEFINITIONAL_REPRESENTATION('',(#14803),#14806);
#14803 = B_SPLINE_CURVE_WITH_KNOTS('',1,(#14804,#14805),.UNSPECIFIED.,
  .F.,.F.,(2,2),(-2.4,0.),.PIECEWISE_BEZIER_KNOTS.);
#14804 = CARTESIAN_POINT('',(69.4,-2.4));
#14805 = CARTESIAN_POINT('',(69.4,0.));
#14806 = ( GEOMETRIC_REPRESENTATION_CONTEXT(2) 
PARAMETRIC_REPRESENTATION_CONTEXT() REPRESENTATION_CONTEXT('2D SPACE',''
  ) );
#14807 = PCURVE('',#5542,#14808);
#14808 = DEFINITIONAL_REPRESENTATION('',(#14809),#14812);
#14809 = B_SPLINE_CURVE_WITH_KNOTS('',1,(#14810,#14811),.UNSPECIFIED.,
  .F.,.F.,(2,2),(-2.4,0.),.PIECEWISE_BEZIER_KNOTS.);
#14810 = CARTESIAN_POINT('',(69.4,2.4));
#14811 = CARTESIAN_POINT('',(69.4,0.));
#14812 = ( GEOMETRIC_REPRESENTATION_CONTEXT(2) 
PARAMETRIC_REPRESENTATION_CONTEXT() REPRESENTATION_CONTEXT('2D SPACE',''
  ) );
#14813 = ADVANCED_FACE('',(#14814),#249,.T.);
#14814 = FACE_BOUND('',#14815,.T.);
#14815 = EDGE_LOOP('',(#14816,#14817,#14818,#14819));
#14816 = ORIENTED_EDGE('',*,*,#233,.F.);
#14817 = ORIENTED_EDGE('',*,*,#12490,.T.);
#14818 = ORIENTED_EDGE('',*,*,#5749,.T.);
#14819 = ORIENTED_EDGE('',*,*,#12540,.F.);
#14820 = ADVANCED_FACE('',(#14821),#364,.T.);
#14821 = FACE_BOUND('',#14822,.T.);
#14822 = EDGE_LOOP('',(#14823,#14824,#14825,#14826));
#14823 = ORIENTED_EDGE('',*,*,#348,.F.);
#14824 = ORIENTED_EDGE('',*,*,#12565,.T.);
#14825 = ORIENTED_EDGE('',*,*,#5844,.T.);
#14826 = ORIENTED_EDGE('',*,*,#12515,.F.);
#14827 = ADVANCED_FACE('',(#14828),#479,.T.);
#14828 = FACE_BOUND('',#14829,.T.);
#14829 = EDGE_LOOP('',(#14830,#14831,#14832,#14833));
#14830 = ORIENTED_EDGE('',*,*,#463,.F.);
#14831 = ORIENTED_EDGE('',*,*,#12590,.T.);
#14832 = ORIENTED_EDGE('',*,*,#5939,.T.);
#14833 = ORIENTED_EDGE('',*,*,#12640,.F.);
#14834 = ADVANCED_FACE('',(#14835),#594,.T.);
#14835 = FACE_BOUND('',#14836,.T.);
#14836 = EDGE_LOOP('',(#14837,#14838,#14839,#14840));
#14837 = ORIENTED_EDGE('',*,*,#578,.F.);
#14838 = ORIENTED_EDGE('',*,*,#12665,.T.);
#14839 = ORIENTED_EDGE('',*,*,#6034,.T.);
#14840 = ORIENTED_EDGE('',*,*,#12615,.F.);
#14841 = ADVANCED_FACE('',(#14842),#709,.T.);
#14842 = FACE_BOUND('',#14843,.T.);
#14843 = EDGE_LOOP('',(#14844,#14845,#14846,#14847));
#14844 = ORIENTED_EDGE('',*,*,#693,.F.);
#14845 = ORIENTED_EDGE('',*,*,#12690,.T.);
#14846 = ORIENTED_EDGE('',*,*,#6129,.T.);
#14847 = ORIENTED_EDGE('',*,*,#12740,.F.);
#14848 = ADVANCED_FACE('',(#14849),#824,.T.);
#14849 = FACE_BOUND('',#14850,.T.);
#14850 = EDGE_LOOP('',(#14851,#14852,#14853,#14854));
#14851 = ORIENTED_EDGE('',*,*,#808,.F.);
#14852 = ORIENTED_EDGE('',*,*,#12765,.T.);
#14853 = ORIENTED_EDGE('',*,*,#6224,.T.);
#14854 = ORIENTED_EDGE('',*,*,#12715,.F.);
#14855 = ADVANCED_FACE('',(#14856),#939,.T.);
#14856 = FACE_BOUND('',#14857,.T.);
#14857 = EDGE_LOOP('',(#14858,#14859,#14860,#14861));
#14858 = ORIENTED_EDGE('',*,*,#923,.F.);
#14859 = ORIENTED_EDGE('',*,*,#12790,.T.);
#14860 = ORIENTED_EDGE('',*,*,#6319,.T.);
#14861 = ORIENTED_EDGE('',*,*,#12840,.F.);
#14862 = ADVANCED_FACE('',(#14863),#1054,.T.);
#14863 = FACE_BOUND('',#14864,.T.);
#14864 = EDGE_LOOP('',(#14865,#14866,#14867,#14868));
#14865 = ORIENTED_EDGE('',*,*,#1038,.F.);
#14866 = ORIENTED_EDGE('',*,*,#12865,.T.);
#14867 = ORIENTED_EDGE('',*,*,#6414,.T.);
#14868 = ORIENTED_EDGE('',*,*,#12815,.F.);
#14869 = ADVANCED_FACE('',(#14870),#1169,.T.);
#14870 = FACE_BOUND('',#14871,.T.);
#14871 = EDGE_LOOP('',(#14872,#14873,#14874,#14875));
#14872 = ORIENTED_EDGE('',*,*,#1153,.F.);
#14873 = ORIENTED_EDGE('',*,*,#12890,.T.);
#14874 = ORIENTED_EDGE('',*,*,#6509,.T.);
#14875 = ORIENTED_EDGE('',*,*,#12940,.F.);
#14876 = ADVANCED_FACE('',(#14877),#1284,.T.);
#14877 = FACE_BOUND('',#14878,.T.);
#14878 = EDGE_LOOP('',(#14879,#14880,#14881,#14882));
#14879 = ORIENTED_EDGE('',*,*,#1268,.F.);
#14880 = ORIENTED_EDGE('',*,*,#12965,.T.);
#14881 = ORIENTED_EDGE('',*,*,#6604,.T.);
#14882 = ORIENTED_EDGE('',*,*,#12915,.F.);
#14883 = ADVANCED_FACE('',(#14884),#1399,.T.);
#14884 = FACE_BOUND('',#14885,.T.);
#14885 = EDGE_LOOP('',(#14886,#14887,#14888,#14889));
#14886 = ORIENTED_EDGE('',*,*,#1383,.F.);
#14887 = ORIENTED_EDGE('',*,*,#12990,.T.);
#14888 = ORIENTED_EDGE('',*,*,#6699,.T.);
#14889 = ORIENTED_EDGE('',*,*,#13040,.F.);
#14890 = ADVANCED_FACE('',(#14891),#1514,.T.);
#14891 = FACE_BOUND('',#14892,.T.);
#14892 = EDGE_LOOP('',(#14893,#14894,#14895,#14896));
#14893 = ORIENTED_EDGE('',*,*,#1498,.F.);
#14894 = ORIENTED_EDGE('',*,*,#13065,.T.);
#14895 = ORIENTED_EDGE('',*,*,#6794,.T.);
#14896 = ORIENTED_EDGE('',*,*,#13015,.F.);
#14897 = ADVANCED_FACE('',(#14898),#1629,.T.);
#14898 = FACE_BOUND('',#14899,.T.);
#14899 = EDGE_LOOP('',(#14900,#14901,#14902,#14903));
#14900 = ORIENTED_EDGE('',*,*,#1613,.F.);
#14901 = ORIENTED_EDGE('',*,*,#13090,.T.);
#14902 = ORIENTED_EDGE('',*,*,#6889,.T.);
#14903 = ORIENTED_EDGE('',*,*,#13140,.F.);
#14904 = ADVANCED_FACE('',(#14905),#1744,.T.);
#14905 = FACE_BOUND('',#14906,.T.);
#14906 = EDGE_LOOP('',(#14907,#14908,#14909,#14910));
#14907 = ORIENTED_EDGE('',*,*,#1728,.F.);
#14908 = ORIENTED_EDGE('',*,*,#13165,.T.);
#14909 = ORIENTED_EDGE('',*,*,#6984,.T.);
#14910 = ORIENTED_EDGE('',*,*,#13115,.F.);
#14911 = ADVANCED_FACE('',(#14912),#1859,.T.);
#14912 = FACE_BOUND('',#14913,.T.);
#14913 = EDGE_LOOP('',(#14914,#14915,#14916,#14917));
#14914 = ORIENTED_EDGE('',*,*,#1843,.F.);
#14915 = ORIENTED_EDGE('',*,*,#13190,.T.);
#14916 = ORIENTED_EDGE('',*,*,#7079,.T.);
#14917 = ORIENTED_EDGE('',*,*,#13240,.F.);
#14918 = ADVANCED_FACE('',(#14919),#1974,.T.);
#14919 = FACE_BOUND('',#14920,.T.);
#14920 = EDGE_LOOP('',(#14921,#14922,#14923,#14924));
#14921 = ORIENTED_EDGE('',*,*,#1958,.F.);
#14922 = ORIENTED_EDGE('',*,*,#13265,.T.);
#14923 = ORIENTED_EDGE('',*,*,#7174,.T.);
#14924 = ORIENTED_EDGE('',*,*,#13215,.F.);
#14925 = ADVANCED_FACE('',(#14926),#2089,.T.);
#14926 = FACE_BOUND('',#14927,.T.);
#14927 = EDGE_LOOP('',(#14928,#14929,#14930,#14931));
#14928 = ORIENTED_EDGE('',*,*,#2073,.F.);
#14929 = ORIENTED_EDGE('',*,*,#13290,.T.);
#14930 = ORIENTED_EDGE('',*,*,#7269,.T.);
#14931 = ORIENTED_EDGE('',*,*,#13340,.F.);
#14932 = ADVANCED_FACE('',(#14933),#2204,.T.);
#14933 = FACE_BOUND('',#14934,.T.);
#14934 = EDGE_LOOP('',(#14935,#14936,#14937,#14938));
#14935 = ORIENTED_EDGE('',*,*,#2188,.F.);
#14936 = ORIENTED_EDGE('',*,*,#13365,.T.);
#14937 = ORIENTED_EDGE('',*,*,#7364,.T.);
#14938 = ORIENTED_EDGE('',*,*,#13315,.F.);
#14939 = ADVANCED_FACE('',(#14940),#2319,.T.);
#14940 = FACE_BOUND('',#14941,.T.);
#14941 = EDGE_LOOP('',(#14942,#14943,#14944,#14945));
#14942 = ORIENTED_EDGE('',*,*,#2303,.F.);
#14943 = ORIENTED_EDGE('',*,*,#13390,.T.);
#14944 = ORIENTED_EDGE('',*,*,#7459,.T.);
#14945 = ORIENTED_EDGE('',*,*,#13440,.F.);
#14946 = ADVANCED_FACE('',(#14947),#2434,.T.);
#14947 = FACE_BOUND('',#14948,.T.);
#14948 = EDGE_LOOP('',(#14949,#14950,#14951,#14952));
#14949 = ORIENTED_EDGE('',*,*,#2418,.F.);
#14950 = ORIENTED_EDGE('',*,*,#13465,.T.);
#14951 = ORIENTED_EDGE('',*,*,#7554,.T.);
#14952 = ORIENTED_EDGE('',*,*,#13415,.F.);
#14953 = ADVANCED_FACE('',(#14954),#2549,.T.);
#14954 = FACE_BOUND('',#14955,.T.);
#14955 = EDGE_LOOP('',(#14956,#14957,#14958,#14959));
#14956 = ORIENTED_EDGE('',*,*,#2533,.F.);
#14957 = ORIENTED_EDGE('',*,*,#13490,.T.);
#14958 = ORIENTED_EDGE('',*,*,#7649,.T.);
#14959 = ORIENTED_EDGE('',*,*,#13540,.F.);
#14960 = ADVANCED_FACE('',(#14961),#2664,.T.);
#14961 = FACE_BOUND('',#14962,.T.);
#14962 = EDGE_LOOP('',(#14963,#14964,#14965,#14966));
#14963 = ORIENTED_EDGE('',*,*,#2648,.F.);
#14964 = ORIENTED_EDGE('',*,*,#13565,.T.);
#14965 = ORIENTED_EDGE('',*,*,#7744,.T.);
#14966 = ORIENTED_EDGE('',*,*,#13515,.F.);
#14967 = ADVANCED_FACE('',(#14968),#3127,.F.);
#14968 = FACE_BOUND('',#14969,.F.);
#14969 = EDGE_LOOP('',(#14970,#14971,#14972,#14973));
#14970 = ORIENTED_EDGE('',*,*,#3111,.F.);
#14971 = ORIENTED_EDGE('',*,*,#13770,.T.);
#14972 = ORIENTED_EDGE('',*,*,#8127,.T.);
#14973 = ORIENTED_EDGE('',*,*,#13720,.F.);
#14974 = ADVANCED_FACE('',(#14975),#3242,.F.);
#14975 = FACE_BOUND('',#14976,.F.);
#14976 = EDGE_LOOP('',(#14977,#14978,#14979,#14980));
#14977 = ORIENTED_EDGE('',*,*,#3226,.F.);
#14978 = ORIENTED_EDGE('',*,*,#13745,.T.);
#14979 = ORIENTED_EDGE('',*,*,#8222,.T.);
#14980 = ORIENTED_EDGE('',*,*,#13795,.F.);
#14981 = ADVANCED_FACE('',(#14982),#3357,.F.);
#14982 = FACE_BOUND('',#14983,.F.);
#14983 = EDGE_LOOP('',(#14984,#14985,#14986,#14987));
#14984 = ORIENTED_EDGE('',*,*,#3341,.F.);
#14985 = ORIENTED_EDGE('',*,*,#13870,.T.);
#14986 = ORIENTED_EDGE('',*,*,#8317,.T.);
#14987 = ORIENTED_EDGE('',*,*,#13820,.F.);
#14988 = ADVANCED_FACE('',(#14989),#3472,.F.);
#14989 = FACE_BOUND('',#14990,.F.);
#14990 = EDGE_LOOP('',(#14991,#14992,#14993,#14994));
#14991 = ORIENTED_EDGE('',*,*,#3456,.F.);
#14992 = ORIENTED_EDGE('',*,*,#13845,.T.);
#14993 = ORIENTED_EDGE('',*,*,#8412,.T.);
#14994 = ORIENTED_EDGE('',*,*,#13895,.F.);
#14995 = ADVANCED_FACE('',(#14996),#3587,.F.);
#14996 = FACE_BOUND('',#14997,.F.);
#14997 = EDGE_LOOP('',(#14998,#14999,#15000,#15001));
#14998 = ORIENTED_EDGE('',*,*,#3571,.F.);
#14999 = ORIENTED_EDGE('',*,*,#13970,.T.);
#15000 = ORIENTED_EDGE('',*,*,#8507,.T.);
#15001 = ORIENTED_EDGE('',*,*,#13920,.F.);
#15002 = ADVANCED_FACE('',(#15003),#3702,.F.);
#15003 = FACE_BOUND('',#15004,.F.);
#15004 = EDGE_LOOP('',(#15005,#15006,#15007,#15008));
#15005 = ORIENTED_EDGE('',*,*,#3686,.F.);
#15006 = ORIENTED_EDGE('',*,*,#13945,.T.);
#15007 = ORIENTED_EDGE('',*,*,#8602,.T.);
#15008 = ORIENTED_EDGE('',*,*,#13995,.F.);
#15009 = ADVANCED_FACE('',(#15010),#3817,.F.);
#15010 = FACE_BOUND('',#15011,.F.);
#15011 = EDGE_LOOP('',(#15012,#15013,#15014,#15015));
#15012 = ORIENTED_EDGE('',*,*,#3801,.F.);
#15013 = ORIENTED_EDGE('',*,*,#14070,.T.);
#15014 = ORIENTED_EDGE('',*,*,#8697,.T.);
#15015 = ORIENTED_EDGE('',*,*,#14020,.F.);
#15016 = ADVANCED_FACE('',(#15017),#3932,.F.);
#15017 = FACE_BOUND('',#15018,.F.);
#15018 = EDGE_LOOP('',(#15019,#15020,#15021,#15022));
#15019 = ORIENTED_EDGE('',*,*,#3916,.F.);
#15020 = ORIENTED_EDGE('',*,*,#14045,.T.);
#15021 = ORIENTED_EDGE('',*,*,#8792,.T.);
#15022 = ORIENTED_EDGE('',*,*,#14095,.F.);
#15023 = ADVANCED_FACE('',(#15024),#4047,.F.);
#15024 = FACE_BOUND('',#15025,.F.);
#15025 = EDGE_LOOP('',(#15026,#15027,#15028,#15029));
#15026 = ORIENTED_EDGE('',*,*,#4031,.F.);
#15027 = ORIENTED_EDGE('',*,*,#14170,.T.);
#15028 = ORIENTED_EDGE('',*,*,#8887,.T.);
#15029 = ORIENTED_EDGE('',*,*,#14120,.F.);
#15030 = ADVANCED_FACE('',(#15031),#4162,.F.);
#15031 = FACE_BOUND('',#15032,.F.);
#15032 = EDGE_LOOP('',(#15033,#15034,#15035,#15036));
#15033 = ORIENTED_EDGE('',*,*,#4146,.F.);
#15034 = ORIENTED_EDGE('',*,*,#14145,.T.);
#15035 = ORIENTED_EDGE('',*,*,#8982,.T.);
#15036 = ORIENTED_EDGE('',*,*,#14195,.F.);
#15037 = ADVANCED_FACE('',(#15038),#4277,.F.);
#15038 = FACE_BOUND('',#15039,.F.);
#15039 = EDGE_LOOP('',(#15040,#15041,#15042,#15043));
#15040 = ORIENTED_EDGE('',*,*,#4261,.F.);
#15041 = ORIENTED_EDGE('',*,*,#14270,.T.);
#15042 = ORIENTED_EDGE('',*,*,#9077,.T.);
#15043 = ORIENTED_EDGE('',*,*,#14220,.F.);
#15044 = ADVANCED_FACE('',(#15045),#4392,.F.);
#15045 = FACE_BOUND('',#15046,.F.);
#15046 = EDGE_LOOP('',(#15047,#15048,#15049,#15050));
#15047 = ORIENTED_EDGE('',*,*,#4376,.F.);
#15048 = ORIENTED_EDGE('',*,*,#14245,.T.);
#15049 = ORIENTED_EDGE('',*,*,#9172,.T.);
#15050 = ORIENTED_EDGE('',*,*,#14295,.F.);
#15051 = ADVANCED_FACE('',(#15052),#4507,.F.);
#15052 = FACE_BOUND('',#15053,.F.);
#15053 = EDGE_LOOP('',(#15054,#15055,#15056,#15057));
#15054 = ORIENTED_EDGE('',*,*,#4491,.F.);
#15055 = ORIENTED_EDGE('',*,*,#14370,.T.);
#15056 = ORIENTED_EDGE('',*,*,#9267,.T.);
#15057 = ORIENTED_EDGE('',*,*,#14320,.F.);
#15058 = ADVANCED_FACE('',(#15059),#4622,.F.);
#15059 = FACE_BOUND('',#15060,.F.);
#15060 = EDGE_LOOP('',(#15061,#15062,#15063,#15064));
#15061 = ORIENTED_EDGE('',*,*,#4606,.F.);
#15062 = ORIENTED_EDGE('',*,*,#14345,.T.);
#15063 = ORIENTED_EDGE('',*,*,#9362,.T.);
#15064 = ORIENTED_EDGE('',*,*,#14395,.F.);
#15065 = ADVANCED_FACE('',(#15066),#4737,.F.);
#15066 = FACE_BOUND('',#15067,.F.);
#15067 = EDGE_LOOP('',(#15068,#15069,#15070,#15071));
#15068 = ORIENTED_EDGE('',*,*,#4721,.F.);
#15069 = ORIENTED_EDGE('',*,*,#14470,.T.);
#15070 = ORIENTED_EDGE('',*,*,#9457,.T.);
#15071 = ORIENTED_EDGE('',*,*,#14420,.F.);
#15072 = ADVANCED_FACE('',(#15073),#4852,.F.);
#15073 = FACE_BOUND('',#15074,.F.);
#15074 = EDGE_LOOP('',(#15075,#15076,#15077,#15078));
#15075 = ORIENTED_EDGE('',*,*,#4836,.F.);
#15076 = ORIENTED_EDGE('',*,*,#14445,.T.);
#15077 = ORIENTED_EDGE('',*,*,#9552,.T.);
#15078 = ORIENTED_EDGE('',*,*,#14495,.F.);
#15079 = ADVANCED_FACE('',(#15080),#4967,.F.);
#15080 = FACE_BOUND('',#15081,.F.);
#15081 = EDGE_LOOP('',(#15082,#15083,#15084,#15085));
#15082 = ORIENTED_EDGE('',*,*,#4951,.F.);
#15083 = ORIENTED_EDGE('',*,*,#14570,.T.);
#15084 = ORIENTED_EDGE('',*,*,#9647,.T.);
#15085 = ORIENTED_EDGE('',*,*,#14520,.F.);
#15086 = ADVANCED_FACE('',(#15087),#5082,.F.);
#15087 = FACE_BOUND('',#15088,.F.);
#15088 = EDGE_LOOP('',(#15089,#15090,#15091,#15092));
#15089 = ORIENTED_EDGE('',*,*,#5066,.F.);
#15090 = ORIENTED_EDGE('',*,*,#14545,.T.);
#15091 = ORIENTED_EDGE('',*,*,#9742,.T.);
#15092 = ORIENTED_EDGE('',*,*,#14595,.F.);
#15093 = ADVANCED_FACE('',(#15094),#5197,.F.);
#15094 = FACE_BOUND('',#15095,.F.);
#15095 = EDGE_LOOP('',(#15096,#15097,#15098,#15099));
#15096 = ORIENTED_EDGE('',*,*,#5181,.F.);
#15097 = ORIENTED_EDGE('',*,*,#14670,.T.);
#15098 = ORIENTED_EDGE('',*,*,#9837,.T.);
#15099 = ORIENTED_EDGE('',*,*,#14620,.F.);
#15100 = ADVANCED_FACE('',(#15101),#5312,.F.);
#15101 = FACE_BOUND('',#15102,.F.);
#15102 = EDGE_LOOP('',(#15103,#15104,#15105,#15106));
#15103 = ORIENTED_EDGE('',*,*,#5296,.F.);
#15104 = ORIENTED_EDGE('',*,*,#14645,.T.);
#15105 = ORIENTED_EDGE('',*,*,#9932,.T.);
#15106 = ORIENTED_EDGE('',*,*,#14695,.F.);
#15107 = ADVANCED_FACE('',(#15108),#5427,.F.);
#15108 = FACE_BOUND('',#15109,.F.);
#15109 = EDGE_LOOP('',(#15110,#15111,#15112,#15113));
#15110 = ORIENTED_EDGE('',*,*,#5411,.F.);
#15111 = ORIENTED_EDGE('',*,*,#14770,.T.);
#15112 = ORIENTED_EDGE('',*,*,#10027,.T.);
#15113 = ORIENTED_EDGE('',*,*,#14720,.F.);
#15114 = ADVANCED_FACE('',(#15115),#5542,.F.);
#15115 = FACE_BOUND('',#15116,.F.);
#15116 = EDGE_LOOP('',(#15117,#15118,#15119,#15120));
#15117 = ORIENTED_EDGE('',*,*,#5526,.F.);
#15118 = ORIENTED_EDGE('',*,*,#14745,.T.);
#15119 = ORIENTED_EDGE('',*,*,#10122,.T.);
#15120 = ORIENTED_EDGE('',*,*,#14795,.F.);
#15121 = ( GEOMETRIC_REPRESENTATION_CONTEXT(3) 
GLOBAL_UNCERTAINTY_ASSIGNED_CONTEXT((#15125)) 
GLOBAL_UNIT_ASSIGNED_CONTEXT((#15122,#15123,#15124)) 
REPRESENTATION_CONTEXT('Context #1',
  '3D Context with UNIT and UNCERTAINTY') );
#15122 = ( LENGTH_UNIT() NAMED_UNIT(*) SI_UNIT(.MILLI.,.METRE.) );
#15123 = ( NAMED_UNIT(*) PLANE_ANGLE_UNIT() SI_UNIT($,.RADIAN.) );
#15124 = ( NAMED_UNIT(*) SI_UNIT($,.STERADIAN.) SOLID_ANGLE_UNIT() );
#15125 = UNCERTAINTY_MEASURE_WITH_UNIT(LENGTH_MEASURE(1.E-07),#15122,
  'distance_accuracy_value','confusion accuracy');
#15126 = PRODUCT_RELATED_PRODUCT_CATEGORY('part',$,(#7));
ENDSEC;
END-ISO-10303-21;
