ISO-10303-21;
HEADER;
FILE_DESCRIPTION(('Open CASCADE Model'),'2;1');
FILE_NAME('Open CASCADE Shape Model','2026-10-09T20:24:42',('Author'),(
    'Open CASCADE'),'Open CASCADE STEP processor 7.8','Open CASCADE 7.8'
  ,'Unknown');
FILE_SCHEMA(('AUTOMOTIVE_DESIGN { 1 0 10303 214 1 1 1 1 }'));
ENDSEC;
DATA;
#1 = APPLICATION_PROTOCOL_DEFINITION('international standard',
  'automotive_design',2000,#2);
#2 = APPLICATION_CONTEXT(
  'core data for automotive mechanical design processes');
#3 = SHAPE_DEFINITION_REPRESENTATION(#4,#10);
#4 = PRODUCT_DEFINITION_SHAPE('','',#5);
#5 = PRODUCT_DEFINITION('design','',#6,#9);
#6 = PRODUCT_DEFINITION_FORMATION('','',#7);
#7 = PRODUCT('Open CASCADE STEP translator 7.8 25',
  'Open CASCADE STEP translator 7.8 25','',(#8));
#8 = PRODUCT_CONTEXT('',#2,'mechanical');
#9 = PRODUCT_DEFINITION_CONTEXT('part definition',#2,'design');
#10 = ADVANCED_BREP_SHAPE_REPRESENTATION('',(#11,#15),#18409);
#11 = AXIS2_PLACEMENT_3D('',#12,#13,#14);
#12 = CARTESIAN_POINT('',(0.,0.,0.));
#13 = DIRECTION('',(0.,0.,1.));
#14 = DIRECTION('',(1.,0.,-0.));
#15 = MANIFOLD_SOLID_BREP('',#16);
#16 = CLOSED_SHELL('',(#17,#105,#6897,#12509,#12552,#12595,#12638,#12681
    ,#12724,#12767,#12810,#12853,#12896,#12939,#12982,#13025,#13068,
    #13111,#13154,#13197,#13240,#13283,#13326,#13369,#13412,#13455,
    #13498,#13541,#13584,#13627,#13670,#13713,#13756,#13799,#13842,
    #13885,#13928,#13971,#14014,#14057,#14100,#14143,#14186,#14229,
    #14272,#14315,#14358,#14401,#14444,#14487,#14530,#14573,#14616,
    #14659,#14702,#14745,#14788,#14831,#14874,#14917,#14960,#15003,
    #15046,#15089,#15114,#15139,#15164,#15189,#15214,#15239,#15264,
    #15289,#15314,#15339,#15364,#15389,#15414,#15439,#15464,#15489,
    #15514,#15539,#15564,#15589,#15614,#15639,#15664,#15689,#15714,
    #15739,#15764,#15789,#15814,#15821,#15846,#15853,#15878,#15903,
    #15928,#15953,#15978,#16003,#16028,#16053,#16078,#16103,#16128,
    #16153,#16178,#16203,#16228,#16253,#16278,#16303,#16328,#16353,
    #16378,#16403,#16428,#16453,#16478,#16503,#16528,#16553,#16578,
    #16603,#16628,#16653,#16678,#16703,#16728,#16753,#16778,#16803,
    #16828,#16853,#16878,#16903,#16928,#16953,#16978,#17003,#17028,
    #17053,#17078,#17103,#17128,#17153,#17178,#17203,#17228,#17253,
    #17278,#17285,#17310,#17317,#17342,#17367,#17392,#17417,#17442,
    #17467,#17492,#17517,#17542,#17567,#17592,#17617,#17642,#17667,
    #17692,#17717,#17742,#17767,#17792,#17817,#17842,#17867,#17892,
    #17917,#17942,#17967,#17992,#18017,#18024,#18031,#18038,#18045,
    #18052,#18059,#18066,#18073,#18080,#18087,#18094,#18101,#18108,
    #18115,#18122,#18129,#18136,#18143,#18150,#18157,#18164,#18171,
    #18178,#18185,#18192,#18199,#18206,#18213,#18220,#18227,#18234,
    #18241,#18248,#18255,#18262,#18269,#18276,#18283,#18290,#18297,
    #18304,#18311,#18318,#18325,#18332,#18339,#18346,#18353,#18360,
    #18367,#18374,#18381,#18388,#18395,#18402));
#17 = ADVANCED_FACE('',(#18),#31,.T.);
#18 = FACE_BOUND('',#19,.T.);
#19 = EDGE_LOOP('',(#20,#54,#77,#104));
#20 = ORIENTED_EDGE('',*,*,#21,.F.);
#21 = EDGE_CURVE('',#22,#22,#24,.T.);
#22 = VERTEX_POINT('',#23);
#23 = CARTESIAN_POINT('',(-2.214161412858E-14,-14.7,90.4));
#24 = SURFACE_CURVE('',#25,(#30,#42),.PCURVE_S1.);
#25 = CIRCLE('',#26,90.4);
#26 = AXIS2_PLACEMENT_3D('',#27,#28,#29);
#27 = CARTESIAN_POINT('',(0.,-14.7,0.));
#28 = DIRECTION('',(0.,1.,0.));
#29 = DIRECTION('',(0.,-0.,1.));
#30 = PCURVE('',#31,#36);
#31 = CYLINDRICAL_SURFACE('',#32,90.4);
#32 = AXIS2_PLACEMENT_3D('',#33,#34,#35);
#33 = CARTESIAN_POINT('',(0.,-17.1,0.));
#34 = DIRECTION('',(0.,1.,0.));
#35 = DIRECTION('',(0.,-0.,1.));
#36 = DEFINITIONAL_REPRESENTATION('',(#37),#41);
#37 = LINE('',#38,#39);
#38 = CARTESIAN_POINT('',(0.,2.4));
#39 = VECTOR('',#40,1.);
#40 = DIRECTION('',(1.,0.));
#41 = ( GEOMETRIC_REPRESENTATION_CONTEXT(2) 
PARAMETRIC_REPRESENTATION_CONTEXT() REPRESENTATION_CONTEXT('2D SPACE',''
  ) );
#42 = PCURVE('',#43,#48);
#43 = PLANE('',#44);
#44 = AXIS2_PLACEMENT_3D('',#45,#46,#47);
#45 = CARTESIAN_POINT('',(0.,-14.7,0.));
#46 = DIRECTION('',(0.,1.,0.));
#47 = DIRECTION('',(0.,-0.,1.));
#48 = DEFINITIONAL_REPRESENTATION('',(#49),#53);
#49 = CIRCLE('',#50,90.4);
#50 = AXIS2_PLACEMENT_2D('',#51,#52);
#51 = CARTESIAN_POINT('',(0.,0.));
#52 = DIRECTION('',(1.,0.));
#53 = ( GEOMETRIC_REPRESENTATION_CONTEXT(2) 
PARAMETRIC_REPRESENTATION_CONTEXT() REPRESENTATION_CONTEXT('2D SPACE',''
  ) );
#54 = ORIENTED_EDGE('',*,*,#55,.F.);
#55 = EDGE_CURVE('',#56,#22,#58,.T.);
#56 = VERTEX_POINT('',#57);
#57 = CARTESIAN_POINT('',(-2.214161412858E-14,-17.1,90.4));
#58 = SEAM_CURVE('',#59,(#63,#70),.PCURVE_S1.);
#59 = LINE('',#60,#61);
#60 = CARTESIAN_POINT('',(-2.214161412858E-14,-17.1,90.4));
#61 = VECTOR('',#62,1.);
#62 = DIRECTION('',(0.,1.,0.));
#63 = PCURVE('',#31,#64);
#64 = DEFINITIONAL_REPRESENTATION('',(#65),#69);
#65 = LINE('',#66,#67);
#66 = CARTESIAN_POINT('',(6.28318530718,-0.));
#67 = VECTOR('',#68,1.);
#68 = DIRECTION('',(0.,1.));
#69 = ( GEOMETRIC_REPRESENTATION_CONTEXT(2) 
PARAMETRIC_REPRESENTATION_CONTEXT() REPRESENTATION_CONTEXT('2D SPACE',''
  ) );
#70 = PCURVE('',#31,#71);
#71 = DEFINITIONAL_REPRESENTATION('',(#72),#76);
#72 = LINE('',#73,#74);
#73 = CARTESIAN_POINT('',(0.,-0.));
#74 = VECTOR('',#75,1.);
#75 = DIRECTION('',(0.,1.));
#76 = ( GEOMETRIC_REPRESENTATION_CONTEXT(2) 
PARAMETRIC_REPRESENTATION_CONTEXT() REPRESENTATION_CONTEXT('2D SPACE',''
  ) );
#77 = ORIENTED_EDGE('',*,*,#78,.T.);
#78 = EDGE_CURVE('',#56,#56,#79,.T.);
#79 = SURFACE_CURVE('',#80,(#85,#92),.PCURVE_S1.);
#80 = CIRCLE('',#81,90.4);
#81 = AXIS2_PLACEMENT_3D('',#82,#83,#84);
#82 = CARTESIAN_POINT('',(0.,-17.1,0.));
#83 = DIRECTION('',(0.,1.,0.));
#84 = DIRECTION('',(0.,-0.,1.));
#85 = PCURVE('',#31,#86);
#86 = DEFINITIONAL_REPRESENTATION('',(#87),#91);
#87 = LINE('',#88,#89);
#88 = CARTESIAN_POINT('',(0.,0.));
#89 = VECTOR('',#90,1.);
#90 = DIRECTION('',(1.,0.));
#91 = ( GEOMETRIC_REPRESENTATION_CONTEXT(2) 
PARAMETRIC_REPRESENTATION_CONTEXT() REPRESENTATION_CONTEXT('2D SPACE',''
  ) );
#92 = PCURVE('',#93,#98);
#93 = PLANE('',#94);
#94 = AXIS2_PLACEMENT_3D('',#95,#96,#97);
#95 = CARTESIAN_POINT('',(0.,-17.1,0.));
#96 = DIRECTION('',(0.,1.,0.));
#97 = DIRECTION('',(0.,-0.,1.));
#98 = DEFINITIONAL_REPRESENTATION('',(#99),#103);
#99 = CIRCLE('',#100,90.4);
#100 = AXIS2_PLACEMENT_2D('',#101,#102);
#101 = CARTESIAN_POINT('',(0.,0.));
#102 = DIRECTION('',(1.,0.));
#103 = ( GEOMETRIC_REPRESENTATION_CONTEXT(2) 
PARAMETRIC_REPRESENTATION_CONTEXT() REPRESENTATION_CONTEXT('2D SPACE',''
  ) );
#104 = ORIENTED_EDGE('',*,*,#55,.T.);
#105 = ADVANCED_FACE('',(#106,#109,#224,#339,#454,#569,#684,#799,#914,
    #1029,#1144,#1259,#1374,#1489,#1604,#1719,#1806,#1893,#2008,#2123,
    #2238,#2353,#2468,#2583,#2698,#2813,#2928,#3043,#3158,#3273,#3388,
    #3503,#3618,#3733,#3848,#3963,#4078,#4193,#4308,#4423,#4538,#4653,
    #4768,#4883,#4998,#5113,#5200,#5287,#5402,#5517,#5632,#5747,#5862,
    #5977,#6092,#6207,#6322,#6437,#6552,#6667,#6782),#43,.T.);
#106 = FACE_BOUND('',#107,.T.);
#107 = EDGE_LOOP('',(#108));
#108 = ORIENTED_EDGE('',*,*,#21,.T.);
#109 = FACE_BOUND('',#110,.T.);
#110 = EDGE_LOOP('',(#111,#142,#170,#198));
#111 = ORIENTED_EDGE('',*,*,#112,.F.);
#112 = EDGE_CURVE('',#113,#115,#117,.T.);
#113 = VERTEX_POINT('',#114);
#114 = CARTESIAN_POINT('',(0.6,-14.7,86.997931009881));
#115 = VERTEX_POINT('',#116);
#116 = CARTESIAN_POINT('',(5.400000000001,-14.7,86.832252072603));
#117 = SURFACE_CURVE('',#118,(#123,#130),.PCURVE_S1.);
#118 = CIRCLE('',#119,87.);
#119 = AXIS2_PLACEMENT_3D('',#120,#121,#122);
#120 = CARTESIAN_POINT('',(0.,-14.7,0.));
#121 = DIRECTION('',(0.,1.,0.));
#122 = DIRECTION('',(0.,-0.,1.));
#123 = PCURVE('',#43,#124);
#124 = DEFINITIONAL_REPRESENTATION('',(#125),#129);
#125 = CIRCLE('',#126,87.);
#126 = AXIS2_PLACEMENT_2D('',#127,#128);
#127 = CARTESIAN_POINT('',(0.,0.));
#128 = DIRECTION('',(1.,0.));
#129 = ( GEOMETRIC_REPRESENTATION_CONTEXT(2) 
PARAMETRIC_REPRESENTATION_CONTEXT() REPRESENTATION_CONTEXT('2D SPACE',''
  ) );
#130 = PCURVE('',#131,#136);
#131 = CYLINDRICAL_SURFACE('',#132,87.);
#132 = AXIS2_PLACEMENT_3D('',#133,#134,#135);
#133 = CARTESIAN_POINT('',(0.,-17.2,0.));
#134 = DIRECTION('',(0.,1.,0.));
#135 = DIRECTION('',(0.,-0.,1.));
#136 = DEFINITIONAL_REPRESENTATION('',(#137),#141);
#137 = LINE('',#138,#139);
#138 = CARTESIAN_POINT('',(0.,2.5));
#139 = VECTOR('',#140,1.);
#140 = DIRECTION('',(1.,0.));
#141 = ( GEOMETRIC_REPRESENTATION_CONTEXT(2) 
PARAMETRIC_REPRESENTATION_CONTEXT() REPRESENTATION_CONTEXT('2D SPACE',''
  ) );
#142 = ORIENTED_EDGE('',*,*,#143,.F.);
#143 = EDGE_CURVE('',#144,#113,#146,.T.);
#144 = VERTEX_POINT('',#145);
#145 = CARTESIAN_POINT('',(0.6,-14.7,0.6));
#146 = SURFACE_CURVE('',#147,(#151,#158),.PCURVE_S1.);
#147 = LINE('',#148,#149);
#148 = CARTESIAN_POINT('',(0.6,-14.7,-90.));
#149 = VECTOR('',#150,1.);
#150 = DIRECTION('',(0.,0.,1.));
#151 = PCURVE('',#43,#152);
#152 = DEFINITIONAL_REPRESENTATION('',(#153),#157);
#153 = LINE('',#154,#155);
#154 = CARTESIAN_POINT('',(-90.,0.6));
#155 = VECTOR('',#156,1.);
#156 = DIRECTION('',(1.,0.));
#157 = ( GEOMETRIC_REPRESENTATION_CONTEXT(2) 
PARAMETRIC_REPRESENTATION_CONTEXT() REPRESENTATION_CONTEXT('2D SPACE',''
  ) );
#158 = PCURVE('',#159,#164);
#159 = PLANE('',#160);
#160 = AXIS2_PLACEMENT_3D('',#161,#162,#163);
#161 = CARTESIAN_POINT('',(0.6,-17.1,-90.));
#162 = DIRECTION('',(1.,0.,0.));
#163 = DIRECTION('',(0.,0.,1.));
#164 = DEFINITIONAL_REPRESENTATION('',(#165),#169);
#165 = LINE('',#166,#167);
#166 = CARTESIAN_POINT('',(0.,-2.4));
#167 = VECTOR('',#168,1.);
#168 = DIRECTION('',(1.,0.));
#169 = ( GEOMETRIC_REPRESENTATION_CONTEXT(2) 
PARAMETRIC_REPRESENTATION_CONTEXT() REPRESENTATION_CONTEXT('2D SPACE',''
  ) );
#170 = ORIENTED_EDGE('',*,*,#171,.T.);
#171 = EDGE_CURVE('',#144,#172,#174,.T.);
#172 = VERTEX_POINT('',#173);
#173 = CARTESIAN_POINT('',(5.4,-14.7,0.6));
#174 = SURFACE_CURVE('',#175,(#179,#186),.PCURVE_S1.);
#175 = LINE('',#176,#177);
#176 = CARTESIAN_POINT('',(-95.,-14.7,0.6));
#177 = VECTOR('',#178,1.);
#178 = DIRECTION('',(1.,0.,0.));
#179 = PCURVE('',#43,#180);
#180 = DEFINITIONAL_REPRESENTATION('',(#181),#185);
#181 = LINE('',#182,#183);
#182 = CARTESIAN_POINT('',(0.6,-95.));
#183 = VECTOR('',#184,1.);
#184 = DIRECTION('',(0.,1.));
#185 = ( GEOMETRIC_REPRESENTATION_CONTEXT(2) 
PARAMETRIC_REPRESENTATION_CONTEXT() REPRESENTATION_CONTEXT('2D SPACE',''
  ) );
#186 = PCURVE('',#187,#192);
#187 = PLANE('',#188);
#188 = AXIS2_PLACEMENT_3D('',#189,#190,#191);
#189 = CARTESIAN_POINT('',(-95.,-17.1,0.6));
#190 = DIRECTION('',(0.,0.,1.));
#191 = DIRECTION('',(1.,0.,0.));
#192 = DEFINITIONAL_REPRESENTATION('',(#193),#197);
#193 = LINE('',#194,#195);
#194 = CARTESIAN_POINT('',(0.,2.4));
#195 = VECTOR('',#196,1.);
#196 = DIRECTION('',(1.,0.));
#197 = ( GEOMETRIC_REPRESENTATION_CONTEXT(2) 
PARAMETRIC_REPRESENTATION_CONTEXT() REPRESENTATION_CONTEXT('2D SPACE',''
  ) );
#198 = ORIENTED_EDGE('',*,*,#199,.T.);
#199 = EDGE_CURVE('',#172,#115,#200,.T.);
#200 = SURFACE_CURVE('',#201,(#205,#212),.PCURVE_S1.);
#201 = LINE('',#202,#203);
#202 = CARTESIAN_POINT('',(5.4,-14.7,-90.));
#203 = VECTOR('',#204,1.);
#204 = DIRECTION('',(0.,0.,1.));
#205 = PCURVE('',#43,#206);
#206 = DEFINITIONAL_REPRESENTATION('',(#207),#211);
#207 = LINE('',#208,#209);
#208 = CARTESIAN_POINT('',(-90.,5.4));
#209 = VECTOR('',#210,1.);
#210 = DIRECTION('',(1.,0.));
#211 = ( GEOMETRIC_REPRESENTATION_CONTEXT(2) 
PARAMETRIC_REPRESENTATION_CONTEXT() REPRESENTATION_CONTEXT('2D SPACE',''
  ) );
#212 = PCURVE('',#213,#218);
#213 = PLANE('',#214);
#214 = AXIS2_PLACEMENT_3D('',#215,#216,#217);
#215 = CARTESIAN_POINT('',(5.4,-17.1,-90.));
#216 = DIRECTION('',(1.,0.,0.));
#217 = DIRECTION('',(0.,0.,1.));
#218 = DEFINITIONAL_REPRESENTATION('',(#219),#223);
#219 = LINE('',#220,#221);
#220 = CARTESIAN_POINT('',(0.,-2.4));
#221 = VECTOR('',#222,1.);
#222 = DIRECTION('',(1.,0.));
#223 = ( GEOMETRIC_REPRESENTATION_CONTEXT(2) 
PARAMETRIC_REPRESENTATION_CONTEXT() REPRESENTATION_CONTEXT('2D SPACE',''
  ) );
#224 = FACE_BOUND('',#225,.T.);
#225 = EDGE_LOOP('',(#226,#257,#285,#313));
#226 = ORIENTED_EDGE('',*,*,#227,.F.);
#227 = EDGE_CURVE('',#228,#230,#232,.T.);
#228 = VERTEX_POINT('',#229);
#229 = CARTESIAN_POINT('',(6.6,-14.7,86.749293945254));
#230 = VERTEX_POINT('',#231);
#231 = CARTESIAN_POINT('',(11.399999999999,-14.7,86.249869565119));
#232 = SURFACE_CURVE('',#233,(#238,#245),.PCURVE_S1.);
#233 = CIRCLE('',#234,87.);
#234 = AXIS2_PLACEMENT_3D('',#235,#236,#237);
#235 = CARTESIAN_POINT('',(0.,-14.7,0.));
#236 = DIRECTION('',(0.,1.,0.));
#237 = DIRECTION('',(0.,-0.,1.));
#238 = PCURVE('',#43,#239);
#239 = DEFINITIONAL_REPRESENTATION('',(#240),#244);
#240 = CIRCLE('',#241,87.);
#241 = AXIS2_PLACEMENT_2D('',#242,#243);
#242 = CARTESIAN_POINT('',(0.,0.));
#243 = DIRECTION('',(1.,0.));
#244 = ( GEOMETRIC_REPRESENTATION_CONTEXT(2) 
PARAMETRIC_REPRESENTATION_CONTEXT() REPRESENTATION_CONTEXT('2D SPACE',''
  ) );
#245 = PCURVE('',#246,#251);
#246 = CYLINDRICAL_SURFACE('',#247,87.);
#247 = AXIS2_PLACEMENT_3D('',#248,#249,#250);
#248 = CARTESIAN_POINT('',(0.,-17.2,0.));
#249 = DIRECTION('',(0.,1.,0.));
#250 = DIRECTION('',(0.,-0.,1.));
#251 = DEFINITIONAL_REPRESENTATION('',(#252),#256);
#252 = LINE('',#253,#254);
#253 = CARTESIAN_POINT('',(0.,2.5));
#254 = VECTOR('',#255,1.);
#255 = DIRECTION('',(1.,0.));
#256 = ( GEOMETRIC_REPRESENTATION_CONTEXT(2) 
PARAMETRIC_REPRESENTATION_CONTEXT() REPRESENTATION_CONTEXT('2D SPACE',''
  ) );
#257 = ORIENTED_EDGE('',*,*,#258,.F.);
#258 = EDGE_CURVE('',#259,#228,#261,.T.);
#259 = VERTEX_POINT('',#260);
#260 = CARTESIAN_POINT('',(6.6,-14.7,0.6));
#261 = SURFACE_CURVE('',#262,(#266,#273),.PCURVE_S1.);
#262 = LINE('',#263,#264);
#263 = CARTESIAN_POINT('',(6.6,-14.7,-90.));
#264 = VECTOR('',#265,1.);
#265 = DIRECTION('',(0.,0.,1.));
#266 = PCURVE('',#43,#267);
#267 = DEFINITIONAL_REPRESENTATION('',(#268),#272);
#268 = LINE('',#269,#270);
#269 = CARTESIAN_POINT('',(-90.,6.6));
#270 = VECTOR('',#271,1.);
#271 = DIRECTION('',(1.,0.));
#272 = ( GEOMETRIC_REPRESENTATION_CONTEXT(2) 
PARAMETRIC_REPRESENTATION_CONTEXT() REPRESENTATION_CONTEXT('2D SPACE',''
  ) );
#273 = PCURVE('',#274,#279);
#274 = PLANE('',#275);
#275 = AXIS2_PLACEMENT_3D('',#276,#277,#278);
#276 = CARTESIAN_POINT('',(6.6,-17.1,-90.));
#277 = DIRECTION('',(1.,0.,0.));
#278 = DIRECTION('',(0.,0.,1.));
#279 = DEFINITIONAL_REPRESENTATION('',(#280),#284);
#280 = LINE('',#281,#282);
#281 = CARTESIAN_POINT('',(0.,-2.4));
#282 = VECTOR('',#283,1.);
#283 = DIRECTION('',(1.,0.));
#284 = ( GEOMETRIC_REPRESENTATION_CONTEXT(2) 
PARAMETRIC_REPRESENTATION_CONTEXT() REPRESENTATION_CONTEXT('2D SPACE',''
  ) );
#285 = ORIENTED_EDGE('',*,*,#286,.T.);
#286 = EDGE_CURVE('',#259,#287,#289,.T.);
#287 = VERTEX_POINT('',#288);
#288 = CARTESIAN_POINT('',(11.4,-14.7,0.6));
#289 = SURFACE_CURVE('',#290,(#294,#301),.PCURVE_S1.);
#290 = LINE('',#291,#292);
#291 = CARTESIAN_POINT('',(-95.,-14.7,0.6));
#292 = VECTOR('',#293,1.);
#293 = DIRECTION('',(1.,0.,0.));
#294 = PCURVE('',#43,#295);
#295 = DEFINITIONAL_REPRESENTATION('',(#296),#300);
#296 = LINE('',#297,#298);
#297 = CARTESIAN_POINT('',(0.6,-95.));
#298 = VECTOR('',#299,1.);
#299 = DIRECTION('',(0.,1.));
#300 = ( GEOMETRIC_REPRESENTATION_CONTEXT(2) 
PARAMETRIC_REPRESENTATION_CONTEXT() REPRESENTATION_CONTEXT('2D SPACE',''
  ) );
#301 = PCURVE('',#302,#307);
#302 = PLANE('',#303);
#303 = AXIS2_PLACEMENT_3D('',#304,#305,#306);
#304 = CARTESIAN_POINT('',(-95.,-17.1,0.6));
#305 = DIRECTION('',(0.,0.,1.));
#306 = DIRECTION('',(1.,0.,0.));
#307 = DEFINITIONAL_REPRESENTATION('',(#308),#312);
#308 = LINE('',#309,#310);
#309 = CARTESIAN_POINT('',(0.,2.4));
#310 = VECTOR('',#311,1.);
#311 = DIRECTION('',(1.,0.));
#312 = ( GEOMETRIC_REPRESENTATION_CONTEXT(2) 
PARAMETRIC_REPRESENTATION_CONTEXT() REPRESENTATION_CONTEXT('2D SPACE',''
  ) );
#313 = ORIENTED_EDGE('',*,*,#314,.T.);
#314 = EDGE_CURVE('',#287,#230,#315,.T.);
#315 = SURFACE_CURVE('',#316,(#320,#327),.PCURVE_S1.);
#316 = LINE('',#317,#318);
#317 = CARTESIAN_POINT('',(11.4,-14.7,-90.));
#318 = VECTOR('',#319,1.);
#319 = DIRECTION('',(0.,0.,1.));
#320 = PCURVE('',#43,#321);
#321 = DEFINITIONAL_REPRESENTATION('',(#322),#326);
#322 = LINE('',#323,#324);
#323 = CARTESIAN_POINT('',(-90.,11.4));
#324 = VECTOR('',#325,1.);
#325 = DIRECTION('',(1.,0.));
#326 = ( GEOMETRIC_REPRESENTATION_CONTEXT(2) 
PARAMETRIC_REPRESENTATION_CONTEXT() REPRESENTATION_CONTEXT('2D SPACE',''
  ) );
#327 = PCURVE('',#328,#333);
#328 = PLANE('',#329);
#329 = AXIS2_PLACEMENT_3D('',#330,#331,#332);
#330 = CARTESIAN_POINT('',(11.4,-17.1,-90.));
#331 = DIRECTION('',(1.,0.,0.));
#332 = DIRECTION('',(0.,0.,1.));
#333 = DEFINITIONAL_REPRESENTATION('',(#334),#338);
#334 = LINE('',#335,#336);
#335 = CARTESIAN_POINT('',(0.,-2.4));
#336 = VECTOR('',#337,1.);
#337 = DIRECTION('',(1.,0.));
#338 = ( GEOMETRIC_REPRESENTATION_CONTEXT(2) 
PARAMETRIC_REPRESENTATION_CONTEXT() REPRESENTATION_CONTEXT('2D SPACE',''
  ) );
#339 = FACE_BOUND('',#340,.T.);
#340 = EDGE_LOOP('',(#341,#372,#400,#428));
#341 = ORIENTED_EDGE('',*,*,#342,.F.);
#342 = EDGE_CURVE('',#343,#345,#347,.T.);
#343 = VERTEX_POINT('',#344);
#344 = CARTESIAN_POINT('',(12.600000000001,-14.7,86.082750885412));
#345 = VERTEX_POINT('',#346);
#346 = CARTESIAN_POINT('',(17.400000000002,-14.7,85.242243048854));
#347 = SURFACE_CURVE('',#348,(#353,#360),.PCURVE_S1.);
#348 = CIRCLE('',#349,87.);
#349 = AXIS2_PLACEMENT_3D('',#350,#351,#352);
#350 = CARTESIAN_POINT('',(0.,-14.7,0.));
#351 = DIRECTION('',(0.,1.,0.));
#352 = DIRECTION('',(0.,-0.,1.));
#353 = PCURVE('',#43,#354);
#354 = DEFINITIONAL_REPRESENTATION('',(#355),#359);
#355 = CIRCLE('',#356,87.);
#356 = AXIS2_PLACEMENT_2D('',#357,#358);
#357 = CARTESIAN_POINT('',(0.,0.));
#358 = DIRECTION('',(1.,0.));
#359 = ( GEOMETRIC_REPRESENTATION_CONTEXT(2) 
PARAMETRIC_REPRESENTATION_CONTEXT() REPRESENTATION_CONTEXT('2D SPACE',''
  ) );
#360 = PCURVE('',#361,#366);
#361 = CYLINDRICAL_SURFACE('',#362,87.);
#362 = AXIS2_PLACEMENT_3D('',#363,#364,#365);
#363 = CARTESIAN_POINT('',(0.,-17.2,0.));
#364 = DIRECTION('',(0.,1.,0.));
#365 = DIRECTION('',(0.,-0.,1.));
#366 = DEFINITIONAL_REPRESENTATION('',(#367),#371);
#367 = LINE('',#368,#369);
#368 = CARTESIAN_POINT('',(0.,2.5));
#369 = VECTOR('',#370,1.);
#370 = DIRECTION('',(1.,0.));
#371 = ( GEOMETRIC_REPRESENTATION_CONTEXT(2) 
PARAMETRIC_REPRESENTATION_CONTEXT() REPRESENTATION_CONTEXT('2D SPACE',''
  ) );
#372 = ORIENTED_EDGE('',*,*,#373,.F.);
#373 = EDGE_CURVE('',#374,#343,#376,.T.);
#374 = VERTEX_POINT('',#375);
#375 = CARTESIAN_POINT('',(12.6,-14.7,0.6));
#376 = SURFACE_CURVE('',#377,(#381,#388),.PCURVE_S1.);
#377 = LINE('',#378,#379);
#378 = CARTESIAN_POINT('',(12.6,-14.7,-90.));
#379 = VECTOR('',#380,1.);
#380 = DIRECTION('',(0.,0.,1.));
#381 = PCURVE('',#43,#382);
#382 = DEFINITIONAL_REPRESENTATION('',(#383),#387);
#383 = LINE('',#384,#385);
#384 = CARTESIAN_POINT('',(-90.,12.6));
#385 = VECTOR('',#386,1.);
#386 = DIRECTION('',(1.,0.));
#387 = ( GEOMETRIC_REPRESENTATION_CONTEXT(2) 
PARAMETRIC_REPRESENTATION_CONTEXT() REPRESENTATION_CONTEXT('2D SPACE',''
  ) );
#388 = PCURVE('',#389,#394);
#389 = PLANE('',#390);
#390 = AXIS2_PLACEMENT_3D('',#391,#392,#393);
#391 = CARTESIAN_POINT('',(12.6,-17.1,-90.));
#392 = DIRECTION('',(1.,0.,0.));
#393 = DIRECTION('',(0.,0.,1.));
#394 = DEFINITIONAL_REPRESENTATION('',(#395),#399);
#395 = LINE('',#396,#397);
#396 = CARTESIAN_POINT('',(0.,-2.4));
#397 = VECTOR('',#398,1.);
#398 = DIRECTION('',(1.,0.));
#399 = ( GEOMETRIC_REPRESENTATION_CONTEXT(2) 
PARAMETRIC_REPRESENTATION_CONTEXT() REPRESENTATION_CONTEXT('2D SPACE',''
  ) );
#400 = ORIENTED_EDGE('',*,*,#401,.T.);
#401 = EDGE_CURVE('',#374,#402,#404,.T.);
#402 = VERTEX_POINT('',#403);
#403 = CARTESIAN_POINT('',(17.4,-14.7,0.6));
#404 = SURFACE_CURVE('',#405,(#409,#416),.PCURVE_S1.);
#405 = LINE('',#406,#407);
#406 = CARTESIAN_POINT('',(-95.,-14.7,0.6));
#407 = VECTOR('',#408,1.);
#408 = DIRECTION('',(1.,0.,0.));
#409 = PCURVE('',#43,#410);
#410 = DEFINITIONAL_REPRESENTATION('',(#411),#415);
#411 = LINE('',#412,#413);
#412 = CARTESIAN_POINT('',(0.6,-95.));
#413 = VECTOR('',#414,1.);
#414 = DIRECTION('',(0.,1.));
#415 = ( GEOMETRIC_REPRESENTATION_CONTEXT(2) 
PARAMETRIC_REPRESENTATION_CONTEXT() REPRESENTATION_CONTEXT('2D SPACE',''
  ) );
#416 = PCURVE('',#417,#422);
#417 = PLANE('',#418);
#418 = AXIS2_PLACEMENT_3D('',#419,#420,#421);
#419 = CARTESIAN_POINT('',(-95.,-17.1,0.6));
#420 = DIRECTION('',(0.,0.,1.));
#421 = DIRECTION('',(1.,0.,0.));
#422 = DEFINITIONAL_REPRESENTATION('',(#423),#427);
#423 = LINE('',#424,#425);
#424 = CARTESIAN_POINT('',(0.,2.4));
#425 = VECTOR('',#426,1.);
#426 = DIRECTION('',(1.,0.));
#427 = ( GEOMETRIC_REPRESENTATION_CONTEXT(2) 
PARAMETRIC_REPRESENTATION_CONTEXT() REPRESENTATION_CONTEXT('2D SPACE',''
  ) );
#428 = ORIENTED_EDGE('',*,*,#429,.T.);
#429 = EDGE_CURVE('',#402,#345,#430,.T.);
#430 = SURFACE_CURVE('',#431,(#435,#442),.PCURVE_S1.);
#431 = LINE('',#432,#433);
#432 = CARTESIAN_POINT('',(17.4,-14.7,-90.));
#433 = VECTOR('',#434,1.);
#434 = DIRECTION('',(0.,0.,1.));
#435 = PCURVE('',#43,#436);
#436 = DEFINITIONAL_REPRESENTATION('',(#437),#441);
#437 = LINE('',#438,#439);
#438 = CARTESIAN_POINT('',(-90.,17.4));
#439 = VECTOR('',#440,1.);
#440 = DIRECTION('',(1.,0.));
#441 = ( GEOMETRIC_REPRESENTATION_CONTEXT(2) 
PARAMETRIC_REPRESENTATION_CONTEXT() REPRESENTATION_CONTEXT('2D SPACE',''
  ) );
#442 = PCURVE('',#443,#448);
#443 = PLANE('',#444);
#444 = AXIS2_PLACEMENT_3D('',#445,#446,#447);
#445 = CARTESIAN_POINT('',(17.4,-17.1,-90.));
#446 = DIRECTION('',(1.,0.,0.));
#447 = DIRECTION('',(0.,0.,1.));
#448 = DEFINITIONAL_REPRESENTATION('',(#449),#453);
#449 = LINE('',#450,#451);
#450 = CARTESIAN_POINT('',(0.,-2.4));
#451 = VECTOR('',#452,1.);
#452 = DIRECTION('',(1.,0.));
#453 = ( GEOMETRIC_REPRESENTATION_CONTEXT(2) 
PARAMETRIC_REPRESENTATION_CONTEXT() REPRESENTATION_CONTEXT('2D SPACE',''
  ) );
#454 = FACE_BOUND('',#455,.T.);
#455 = EDGE_LOOP('',(#456,#487,#515,#543));
#456 = ORIENTED_EDGE('',*,*,#457,.F.);
#457 = EDGE_CURVE('',#458,#460,#462,.T.);
#458 = VERTEX_POINT('',#459);
#459 = CARTESIAN_POINT('',(18.600000000001,-14.7,84.988469806203));
#460 = VERTEX_POINT('',#461);
#461 = CARTESIAN_POINT('',(23.400000000001,-14.7,83.794033200461));
#462 = SURFACE_CURVE('',#463,(#468,#475),.PCURVE_S1.);
#463 = CIRCLE('',#464,87.);
#464 = AXIS2_PLACEMENT_3D('',#465,#466,#467);
#465 = CARTESIAN_POINT('',(0.,-14.7,0.));
#466 = DIRECTION('',(0.,1.,0.));
#467 = DIRECTION('',(0.,-0.,1.));
#468 = PCURVE('',#43,#469);
#469 = DEFINITIONAL_REPRESENTATION('',(#470),#474);
#470 = CIRCLE('',#471,87.);
#471 = AXIS2_PLACEMENT_2D('',#472,#473);
#472 = CARTESIAN_POINT('',(0.,0.));
#473 = DIRECTION('',(1.,0.));
#474 = ( GEOMETRIC_REPRESENTATION_CONTEXT(2) 
PARAMETRIC_REPRESENTATION_CONTEXT() REPRESENTATION_CONTEXT('2D SPACE',''
  ) );
#475 = PCURVE('',#476,#481);
#476 = CYLINDRICAL_SURFACE('',#477,87.);
#477 = AXIS2_PLACEMENT_3D('',#478,#479,#480);
#478 = CARTESIAN_POINT('',(0.,-17.2,0.));
#479 = DIRECTION('',(0.,1.,0.));
#480 = DIRECTION('',(0.,-0.,1.));
#481 = DEFINITIONAL_REPRESENTATION('',(#482),#486);
#482 = LINE('',#483,#484);
#483 = CARTESIAN_POINT('',(0.,2.5));
#484 = VECTOR('',#485,1.);
#485 = DIRECTION('',(1.,0.));
#486 = ( GEOMETRIC_REPRESENTATION_CONTEXT(2) 
PARAMETRIC_REPRESENTATION_CONTEXT() REPRESENTATION_CONTEXT('2D SPACE',''
  ) );
#487 = ORIENTED_EDGE('',*,*,#488,.F.);
#488 = EDGE_CURVE('',#489,#458,#491,.T.);
#489 = VERTEX_POINT('',#490);
#490 = CARTESIAN_POINT('',(18.6,-14.7,0.6));
#491 = SURFACE_CURVE('',#492,(#496,#503),.PCURVE_S1.);
#492 = LINE('',#493,#494);
#493 = CARTESIAN_POINT('',(18.6,-14.7,-90.));
#494 = VECTOR('',#495,1.);
#495 = DIRECTION('',(0.,0.,1.));
#496 = PCURVE('',#43,#497);
#497 = DEFINITIONAL_REPRESENTATION('',(#498),#502);
#498 = LINE('',#499,#500);
#499 = CARTESIAN_POINT('',(-90.,18.6));
#500 = VECTOR('',#501,1.);
#501 = DIRECTION('',(1.,0.));
#502 = ( GEOMETRIC_REPRESENTATION_CONTEXT(2) 
PARAMETRIC_REPRESENTATION_CONTEXT() REPRESENTATION_CONTEXT('2D SPACE',''
  ) );
#503 = PCURVE('',#504,#509);
#504 = PLANE('',#505);
#505 = AXIS2_PLACEMENT_3D('',#506,#507,#508);
#506 = CARTESIAN_POINT('',(18.6,-17.1,-90.));
#507 = DIRECTION('',(1.,0.,0.));
#508 = DIRECTION('',(0.,0.,1.));
#509 = DEFINITIONAL_REPRESENTATION('',(#510),#514);
#510 = LINE('',#511,#512);
#511 = CARTESIAN_POINT('',(0.,-2.4));
#512 = VECTOR('',#513,1.);
#513 = DIRECTION('',(1.,0.));
#514 = ( GEOMETRIC_REPRESENTATION_CONTEXT(2) 
PARAMETRIC_REPRESENTATION_CONTEXT() REPRESENTATION_CONTEXT('2D SPACE',''
  ) );
#515 = ORIENTED_EDGE('',*,*,#516,.T.);
#516 = EDGE_CURVE('',#489,#517,#519,.T.);
#517 = VERTEX_POINT('',#518);
#518 = CARTESIAN_POINT('',(23.4,-14.7,0.6));
#519 = SURFACE_CURVE('',#520,(#524,#531),.PCURVE_S1.);
#520 = LINE('',#521,#522);
#521 = CARTESIAN_POINT('',(-95.,-14.7,0.6));
#522 = VECTOR('',#523,1.);
#523 = DIRECTION('',(1.,0.,0.));
#524 = PCURVE('',#43,#525);
#525 = DEFINITIONAL_REPRESENTATION('',(#526),#530);
#526 = LINE('',#527,#528);
#527 = CARTESIAN_POINT('',(0.6,-95.));
#528 = VECTOR('',#529,1.);
#529 = DIRECTION('',(0.,1.));
#530 = ( GEOMETRIC_REPRESENTATION_CONTEXT(2) 
PARAMETRIC_REPRESENTATION_CONTEXT() REPRESENTATION_CONTEXT('2D SPACE',''
  ) );
#531 = PCURVE('',#532,#537);
#532 = PLANE('',#533);
#533 = AXIS2_PLACEMENT_3D('',#534,#535,#536);
#534 = CARTESIAN_POINT('',(-95.,-17.1,0.6));
#535 = DIRECTION('',(0.,0.,1.));
#536 = DIRECTION('',(1.,0.,0.));
#537 = DEFINITIONAL_REPRESENTATION('',(#538),#542);
#538 = LINE('',#539,#540);
#539 = CARTESIAN_POINT('',(0.,2.4));
#540 = VECTOR('',#541,1.);
#541 = DIRECTION('',(1.,0.));
#542 = ( GEOMETRIC_REPRESENTATION_CONTEXT(2) 
PARAMETRIC_REPRESENTATION_CONTEXT() REPRESENTATION_CONTEXT('2D SPACE',''
  ) );
#543 = ORIENTED_EDGE('',*,*,#544,.T.);
#544 = EDGE_CURVE('',#517,#460,#545,.T.);
#545 = SURFACE_CURVE('',#546,(#550,#557),.PCURVE_S1.);
#546 = LINE('',#547,#548);
#547 = CARTESIAN_POINT('',(23.4,-14.7,-90.));
#548 = VECTOR('',#549,1.);
#549 = DIRECTION('',(0.,0.,1.));
#550 = PCURVE('',#43,#551);
#551 = DEFINITIONAL_REPRESENTATION('',(#552),#556);
#552 = LINE('',#553,#554);
#553 = CARTESIAN_POINT('',(-90.,23.4));
#554 = VECTOR('',#555,1.);
#555 = DIRECTION('',(1.,0.));
#556 = ( GEOMETRIC_REPRESENTATION_CONTEXT(2) 
PARAMETRIC_REPRESENTATION_CONTEXT() REPRESENTATION_CONTEXT('2D SPACE',''
  ) );
#557 = PCURVE('',#558,#563);
#558 = PLANE('',#559);
#559 = AXIS2_PLACEMENT_3D('',#560,#561,#562);
#560 = CARTESIAN_POINT('',(23.4,-17.1,-90.));
#561 = DIRECTION('',(1.,0.,0.));
#562 = DIRECTION('',(0.,0.,1.));
#563 = DEFINITIONAL_REPRESENTATION('',(#564),#568);
#564 = LINE('',#565,#566);
#565 = CARTESIAN_POINT('',(0.,-2.4));
#566 = VECTOR('',#567,1.);
#567 = DIRECTION('',(1.,0.));
#568 = ( GEOMETRIC_REPRESENTATION_CONTEXT(2) 
PARAMETRIC_REPRESENTATION_CONTEXT() REPRESENTATION_CONTEXT('2D SPACE',''
  ) );
#569 = FACE_BOUND('',#570,.T.);
#570 = EDGE_LOOP('',(#571,#602,#630,#658));
#571 = ORIENTED_EDGE('',*,*,#572,.F.);
#572 = EDGE_CURVE('',#573,#575,#577,.T.);
#573 = VERTEX_POINT('',#574);
#574 = CARTESIAN_POINT('',(24.599999999999,-14.7,83.449625523426));
#575 = VERTEX_POINT('',#576);
#576 = CARTESIAN_POINT('',(29.4,-14.7,81.881866124314));
#577 = SURFACE_CURVE('',#578,(#583,#590),.PCURVE_S1.);
#578 = CIRCLE('',#579,87.);
#579 = AXIS2_PLACEMENT_3D('',#580,#581,#582);
#580 = CARTESIAN_POINT('',(0.,-14.7,0.));
#581 = DIRECTION('',(0.,1.,0.));
#582 = DIRECTION('',(0.,-0.,1.));
#583 = PCURVE('',#43,#584);
#584 = DEFINITIONAL_REPRESENTATION('',(#585),#589);
#585 = CIRCLE('',#586,87.);
#586 = AXIS2_PLACEMENT_2D('',#587,#588);
#587 = CARTESIAN_POINT('',(0.,0.));
#588 = DIRECTION('',(1.,0.));
#589 = ( GEOMETRIC_REPRESENTATION_CONTEXT(2) 
PARAMETRIC_REPRESENTATION_CONTEXT() REPRESENTATION_CONTEXT('2D SPACE',''
  ) );
#590 = PCURVE('',#591,#596);
#591 = CYLINDRICAL_SURFACE('',#592,87.);
#592 = AXIS2_PLACEMENT_3D('',#593,#594,#595);
#593 = CARTESIAN_POINT('',(0.,-17.2,0.));
#594 = DIRECTION('',(0.,1.,0.));
#595 = DIRECTION('',(0.,-0.,1.));
#596 = DEFINITIONAL_REPRESENTATION('',(#597),#601);
#597 = LINE('',#598,#599);
#598 = CARTESIAN_POINT('',(0.,2.5));
#599 = VECTOR('',#600,1.);
#600 = DIRECTION('',(1.,0.));
#601 = ( GEOMETRIC_REPRESENTATION_CONTEXT(2) 
PARAMETRIC_REPRESENTATION_CONTEXT() REPRESENTATION_CONTEXT('2D SPACE',''
  ) );
#602 = ORIENTED_EDGE('',*,*,#603,.F.);
#603 = EDGE_CURVE('',#604,#573,#606,.T.);
#604 = VERTEX_POINT('',#605);
#605 = CARTESIAN_POINT('',(24.6,-14.7,0.6));
#606 = SURFACE_CURVE('',#607,(#611,#618),.PCURVE_S1.);
#607 = LINE('',#608,#609);
#608 = CARTESIAN_POINT('',(24.6,-14.7,-90.));
#609 = VECTOR('',#610,1.);
#610 = DIRECTION('',(0.,0.,1.));
#611 = PCURVE('',#43,#612);
#612 = DEFINITIONAL_REPRESENTATION('',(#613),#617);
#613 = LINE('',#614,#615);
#614 = CARTESIAN_POINT('',(-90.,24.6));
#615 = VECTOR('',#616,1.);
#616 = DIRECTION('',(1.,0.));
#617 = ( GEOMETRIC_REPRESENTATION_CONTEXT(2) 
PARAMETRIC_REPRESENTATION_CONTEXT() REPRESENTATION_CONTEXT('2D SPACE',''
  ) );
#618 = PCURVE('',#619,#624);
#619 = PLANE('',#620);
#620 = AXIS2_PLACEMENT_3D('',#621,#622,#623);
#621 = CARTESIAN_POINT('',(24.6,-17.1,-90.));
#622 = DIRECTION('',(1.,0.,0.));
#623 = DIRECTION('',(0.,0.,1.));
#624 = DEFINITIONAL_REPRESENTATION('',(#625),#629);
#625 = LINE('',#626,#627);
#626 = CARTESIAN_POINT('',(0.,-2.4));
#627 = VECTOR('',#628,1.);
#628 = DIRECTION('',(1.,0.));
#629 = ( GEOMETRIC_REPRESENTATION_CONTEXT(2) 
PARAMETRIC_REPRESENTATION_CONTEXT() REPRESENTATION_CONTEXT('2D SPACE',''
  ) );
#630 = ORIENTED_EDGE('',*,*,#631,.T.);
#631 = EDGE_CURVE('',#604,#632,#634,.T.);
#632 = VERTEX_POINT('',#633);
#633 = CARTESIAN_POINT('',(29.4,-14.7,0.6));
#634 = SURFACE_CURVE('',#635,(#639,#646),.PCURVE_S1.);
#635 = LINE('',#636,#637);
#636 = CARTESIAN_POINT('',(-95.,-14.7,0.6));
#637 = VECTOR('',#638,1.);
#638 = DIRECTION('',(1.,0.,0.));
#639 = PCURVE('',#43,#640);
#640 = DEFINITIONAL_REPRESENTATION('',(#641),#645);
#641 = LINE('',#642,#643);
#642 = CARTESIAN_POINT('',(0.6,-95.));
#643 = VECTOR('',#644,1.);
#644 = DIRECTION('',(0.,1.));
#645 = ( GEOMETRIC_REPRESENTATION_CONTEXT(2) 
PARAMETRIC_REPRESENTATION_CONTEXT() REPRESENTATION_CONTEXT('2D SPACE',''
  ) );
#646 = PCURVE('',#647,#652);
#647 = PLANE('',#648);
#648 = AXIS2_PLACEMENT_3D('',#649,#650,#651);
#649 = CARTESIAN_POINT('',(-95.,-17.1,0.6));
#650 = DIRECTION('',(0.,0.,1.));
#651 = DIRECTION('',(1.,0.,0.));
#652 = DEFINITIONAL_REPRESENTATION('',(#653),#657);
#653 = LINE('',#654,#655);
#654 = CARTESIAN_POINT('',(0.,2.4));
#655 = VECTOR('',#656,1.);
#656 = DIRECTION('',(1.,0.));
#657 = ( GEOMETRIC_REPRESENTATION_CONTEXT(2) 
PARAMETRIC_REPRESENTATION_CONTEXT() REPRESENTATION_CONTEXT('2D SPACE',''
  ) );
#658 = ORIENTED_EDGE('',*,*,#659,.T.);
#659 = EDGE_CURVE('',#632,#575,#660,.T.);
#660 = SURFACE_CURVE('',#661,(#665,#672),.PCURVE_S1.);
#661 = LINE('',#662,#663);
#662 = CARTESIAN_POINT('',(29.4,-14.7,-90.));
#663 = VECTOR('',#664,1.);
#664 = DIRECTION('',(0.,0.,1.));
#665 = PCURVE('',#43,#666);
#666 = DEFINITIONAL_REPRESENTATION('',(#667),#671);
#667 = LINE('',#668,#669);
#668 = CARTESIAN_POINT('',(-90.,29.4));
#669 = VECTOR('',#670,1.);
#670 = DIRECTION('',(1.,0.));
#671 = ( GEOMETRIC_REPRESENTATION_CONTEXT(2) 
PARAMETRIC_REPRESENTATION_CONTEXT() REPRESENTATION_CONTEXT('2D SPACE',''
  ) );
#672 = PCURVE('',#673,#678);
#673 = PLANE('',#674);
#674 = AXIS2_PLACEMENT_3D('',#675,#676,#677);
#675 = CARTESIAN_POINT('',(29.4,-17.1,-90.));
#676 = DIRECTION('',(1.,0.,0.));
#677 = DIRECTION('',(0.,0.,1.));
#678 = DEFINITIONAL_REPRESENTATION('',(#679),#683);
#679 = LINE('',#680,#681);
#680 = CARTESIAN_POINT('',(0.,-2.4));
#681 = VECTOR('',#682,1.);
#682 = DIRECTION('',(1.,0.));
#683 = ( GEOMETRIC_REPRESENTATION_CONTEXT(2) 
PARAMETRIC_REPRESENTATION_CONTEXT() REPRESENTATION_CONTEXT('2D SPACE',''
  ) );
#684 = FACE_BOUND('',#685,.T.);
#685 = EDGE_LOOP('',(#686,#717,#745,#773));
#686 = ORIENTED_EDGE('',*,*,#687,.F.);
#687 = EDGE_CURVE('',#688,#690,#692,.T.);
#688 = VERTEX_POINT('',#689);
#689 = CARTESIAN_POINT('',(30.600000000001,-14.7,81.441021604594));
#690 = VERTEX_POINT('',#691);
#691 = CARTESIAN_POINT('',(35.399999999999,-14.7,79.472259311033));
#692 = SURFACE_CURVE('',#693,(#698,#705),.PCURVE_S1.);
#693 = CIRCLE('',#694,87.);
#694 = AXIS2_PLACEMENT_3D('',#695,#696,#697);
#695 = CARTESIAN_POINT('',(0.,-14.7,0.));
#696 = DIRECTION('',(0.,1.,0.));
#697 = DIRECTION('',(0.,-0.,1.));
#698 = PCURVE('',#43,#699);
#699 = DEFINITIONAL_REPRESENTATION('',(#700),#704);
#700 = CIRCLE('',#701,87.);
#701 = AXIS2_PLACEMENT_2D('',#702,#703);
#702 = CARTESIAN_POINT('',(0.,0.));
#703 = DIRECTION('',(1.,0.));
#704 = ( GEOMETRIC_REPRESENTATION_CONTEXT(2) 
PARAMETRIC_REPRESENTATION_CONTEXT() REPRESENTATION_CONTEXT('2D SPACE',''
  ) );
#705 = PCURVE('',#706,#711);
#706 = CYLINDRICAL_SURFACE('',#707,87.);
#707 = AXIS2_PLACEMENT_3D('',#708,#709,#710);
#708 = CARTESIAN_POINT('',(0.,-17.2,0.));
#709 = DIRECTION('',(0.,1.,0.));
#710 = DIRECTION('',(0.,-0.,1.));
#711 = DEFINITIONAL_REPRESENTATION('',(#712),#716);
#712 = LINE('',#713,#714);
#713 = CARTESIAN_POINT('',(0.,2.5));
#714 = VECTOR('',#715,1.);
#715 = DIRECTION('',(1.,0.));
#716 = ( GEOMETRIC_REPRESENTATION_CONTEXT(2) 
PARAMETRIC_REPRESENTATION_CONTEXT() REPRESENTATION_CONTEXT('2D SPACE',''
  ) );
#717 = ORIENTED_EDGE('',*,*,#718,.F.);
#718 = EDGE_CURVE('',#719,#688,#721,.T.);
#719 = VERTEX_POINT('',#720);
#720 = CARTESIAN_POINT('',(30.6,-14.7,0.6));
#721 = SURFACE_CURVE('',#722,(#726,#733),.PCURVE_S1.);
#722 = LINE('',#723,#724);
#723 = CARTESIAN_POINT('',(30.6,-14.7,-90.));
#724 = VECTOR('',#725,1.);
#725 = DIRECTION('',(0.,0.,1.));
#726 = PCURVE('',#43,#727);
#727 = DEFINITIONAL_REPRESENTATION('',(#728),#732);
#728 = LINE('',#729,#730);
#729 = CARTESIAN_POINT('',(-90.,30.6));
#730 = VECTOR('',#731,1.);
#731 = DIRECTION('',(1.,0.));
#732 = ( GEOMETRIC_REPRESENTATION_CONTEXT(2) 
PARAMETRIC_REPRESENTATION_CONTEXT() REPRESENTATION_CONTEXT('2D SPACE',''
  ) );
#733 = PCURVE('',#734,#739);
#734 = PLANE('',#735);
#735 = AXIS2_PLACEMENT_3D('',#736,#737,#738);
#736 = CARTESIAN_POINT('',(30.6,-17.1,-90.));
#737 = DIRECTION('',(1.,0.,0.));
#738 = DIRECTION('',(0.,0.,1.));
#739 = DEFINITIONAL_REPRESENTATION('',(#740),#744);
#740 = LINE('',#741,#742);
#741 = CARTESIAN_POINT('',(0.,-2.4));
#742 = VECTOR('',#743,1.);
#743 = DIRECTION('',(1.,0.));
#744 = ( GEOMETRIC_REPRESENTATION_CONTEXT(2) 
PARAMETRIC_REPRESENTATION_CONTEXT() REPRESENTATION_CONTEXT('2D SPACE',''
  ) );
#745 = ORIENTED_EDGE('',*,*,#746,.T.);
#746 = EDGE_CURVE('',#719,#747,#749,.T.);
#747 = VERTEX_POINT('',#748);
#748 = CARTESIAN_POINT('',(35.4,-14.7,0.6));
#749 = SURFACE_CURVE('',#750,(#754,#761),.PCURVE_S1.);
#750 = LINE('',#751,#752);
#751 = CARTESIAN_POINT('',(-95.,-14.7,0.6));
#752 = VECTOR('',#753,1.);
#753 = DIRECTION('',(1.,0.,0.));
#754 = PCURVE('',#43,#755);
#755 = DEFINITIONAL_REPRESENTATION('',(#756),#760);
#756 = LINE('',#757,#758);
#757 = CARTESIAN_POINT('',(0.6,-95.));
#758 = VECTOR('',#759,1.);
#759 = DIRECTION('',(0.,1.));
#760 = ( GEOMETRIC_REPRESENTATION_CONTEXT(2) 
PARAMETRIC_REPRESENTATION_CONTEXT() REPRESENTATION_CONTEXT('2D SPACE',''
  ) );
#761 = PCURVE('',#762,#767);
#762 = PLANE('',#763);
#763 = AXIS2_PLACEMENT_3D('',#764,#765,#766);
#764 = CARTESIAN_POINT('',(-95.,-17.1,0.6));
#765 = DIRECTION('',(0.,0.,1.));
#766 = DIRECTION('',(1.,0.,0.));
#767 = DEFINITIONAL_REPRESENTATION('',(#768),#772);
#768 = LINE('',#769,#770);
#769 = CARTESIAN_POINT('',(0.,2.4));
#770 = VECTOR('',#771,1.);
#771 = DIRECTION('',(1.,0.));
#772 = ( GEOMETRIC_REPRESENTATION_CONTEXT(2) 
PARAMETRIC_REPRESENTATION_CONTEXT() REPRESENTATION_CONTEXT('2D SPACE',''
  ) );
#773 = ORIENTED_EDGE('',*,*,#774,.T.);
#774 = EDGE_CURVE('',#747,#690,#775,.T.);
#775 = SURFACE_CURVE('',#776,(#780,#787),.PCURVE_S1.);
#776 = LINE('',#777,#778);
#777 = CARTESIAN_POINT('',(35.4,-14.7,-90.));
#778 = VECTOR('',#779,1.);
#779 = DIRECTION('',(0.,0.,1.));
#780 = PCURVE('',#43,#781);
#781 = DEFINITIONAL_REPRESENTATION('',(#782),#786);
#782 = LINE('',#783,#784);
#783 = CARTESIAN_POINT('',(-90.,35.4));
#784 = VECTOR('',#785,1.);
#785 = DIRECTION('',(1.,0.));
#786 = ( GEOMETRIC_REPRESENTATION_CONTEXT(2) 
PARAMETRIC_REPRESENTATION_CONTEXT() REPRESENTATION_CONTEXT('2D SPACE',''
  ) );
#787 = PCURVE('',#788,#793);
#788 = PLANE('',#789);
#789 = AXIS2_PLACEMENT_3D('',#790,#791,#792);
#790 = CARTESIAN_POINT('',(35.4,-17.1,-90.));
#791 = DIRECTION('',(1.,0.,0.));
#792 = DIRECTION('',(0.,0.,1.));
#793 = DEFINITIONAL_REPRESENTATION('',(#794),#798);
#794 = LINE('',#795,#796);
#795 = CARTESIAN_POINT('',(0.,-2.4));
#796 = VECTOR('',#797,1.);
#797 = DIRECTION('',(1.,0.));
#798 = ( GEOMETRIC_REPRESENTATION_CONTEXT(2) 
PARAMETRIC_REPRESENTATION_CONTEXT() REPRESENTATION_CONTEXT('2D SPACE',''
  ) );
#799 = FACE_BOUND('',#800,.T.);
#800 = EDGE_LOOP('',(#801,#832,#860,#888));
#801 = ORIENTED_EDGE('',*,*,#802,.F.);
#802 = EDGE_CURVE('',#803,#805,#807,.T.);
#803 = VERTEX_POINT('',#804);
#804 = CARTESIAN_POINT('',(36.6,-14.7,78.926801531545));
#805 = VERTEX_POINT('',#806);
#806 = CARTESIAN_POINT('',(41.399999999999,-14.7,76.518233121264));
#807 = SURFACE_CURVE('',#808,(#813,#820),.PCURVE_S1.);
#808 = CIRCLE('',#809,87.);
#809 = AXIS2_PLACEMENT_3D('',#810,#811,#812);
#810 = CARTESIAN_POINT('',(0.,-14.7,0.));
#811 = DIRECTION('',(0.,1.,0.));
#812 = DIRECTION('',(0.,-0.,1.));
#813 = PCURVE('',#43,#814);
#814 = DEFINITIONAL_REPRESENTATION('',(#815),#819);
#815 = CIRCLE('',#816,87.);
#816 = AXIS2_PLACEMENT_2D('',#817,#818);
#817 = CARTESIAN_POINT('',(0.,0.));
#818 = DIRECTION('',(1.,0.));
#819 = ( GEOMETRIC_REPRESENTATION_CONTEXT(2) 
PARAMETRIC_REPRESENTATION_CONTEXT() REPRESENTATION_CONTEXT('2D SPACE',''
  ) );
#820 = PCURVE('',#821,#826);
#821 = CYLINDRICAL_SURFACE('',#822,87.);
#822 = AXIS2_PLACEMENT_3D('',#823,#824,#825);
#823 = CARTESIAN_POINT('',(0.,-17.2,0.));
#824 = DIRECTION('',(0.,1.,0.));
#825 = DIRECTION('',(0.,-0.,1.));
#826 = DEFINITIONAL_REPRESENTATION('',(#827),#831);
#827 = LINE('',#828,#829);
#828 = CARTESIAN_POINT('',(0.,2.5));
#829 = VECTOR('',#830,1.);
#830 = DIRECTION('',(1.,0.));
#831 = ( GEOMETRIC_REPRESENTATION_CONTEXT(2) 
PARAMETRIC_REPRESENTATION_CONTEXT() REPRESENTATION_CONTEXT('2D SPACE',''
  ) );
#832 = ORIENTED_EDGE('',*,*,#833,.F.);
#833 = EDGE_CURVE('',#834,#803,#836,.T.);
#834 = VERTEX_POINT('',#835);
#835 = CARTESIAN_POINT('',(36.6,-14.7,0.6));
#836 = SURFACE_CURVE('',#837,(#841,#848),.PCURVE_S1.);
#837 = LINE('',#838,#839);
#838 = CARTESIAN_POINT('',(36.6,-14.7,-90.));
#839 = VECTOR('',#840,1.);
#840 = DIRECTION('',(0.,0.,1.));
#841 = PCURVE('',#43,#842);
#842 = DEFINITIONAL_REPRESENTATION('',(#843),#847);
#843 = LINE('',#844,#845);
#844 = CARTESIAN_POINT('',(-90.,36.6));
#845 = VECTOR('',#846,1.);
#846 = DIRECTION('',(1.,0.));
#847 = ( GEOMETRIC_REPRESENTATION_CONTEXT(2) 
PARAMETRIC_REPRESENTATION_CONTEXT() REPRESENTATION_CONTEXT('2D SPACE',''
  ) );
#848 = PCURVE('',#849,#854);
#849 = PLANE('',#850);
#850 = AXIS2_PLACEMENT_3D('',#851,#852,#853);
#851 = CARTESIAN_POINT('',(36.6,-17.1,-90.));
#852 = DIRECTION('',(1.,0.,0.));
#853 = DIRECTION('',(0.,0.,1.));
#854 = DEFINITIONAL_REPRESENTATION('',(#855),#859);
#855 = LINE('',#856,#857);
#856 = CARTESIAN_POINT('',(0.,-2.4));
#857 = VECTOR('',#858,1.);
#858 = DIRECTION('',(1.,0.));
#859 = ( GEOMETRIC_REPRESENTATION_CONTEXT(2) 
PARAMETRIC_REPRESENTATION_CONTEXT() REPRESENTATION_CONTEXT('2D SPACE',''
  ) );
#860 = ORIENTED_EDGE('',*,*,#861,.T.);
#861 = EDGE_CURVE('',#834,#862,#864,.T.);
#862 = VERTEX_POINT('',#863);
#863 = CARTESIAN_POINT('',(41.4,-14.7,0.6));
#864 = SURFACE_CURVE('',#865,(#869,#876),.PCURVE_S1.);
#865 = LINE('',#866,#867);
#866 = CARTESIAN_POINT('',(-95.,-14.7,0.6));
#867 = VECTOR('',#868,1.);
#868 = DIRECTION('',(1.,0.,0.));
#869 = PCURVE('',#43,#870);
#870 = DEFINITIONAL_REPRESENTATION('',(#871),#875);
#871 = LINE('',#872,#873);
#872 = CARTESIAN_POINT('',(0.6,-95.));
#873 = VECTOR('',#874,1.);
#874 = DIRECTION('',(0.,1.));
#875 = ( GEOMETRIC_REPRESENTATION_CONTEXT(2) 
PARAMETRIC_REPRESENTATION_CONTEXT() REPRESENTATION_CONTEXT('2D SPACE',''
  ) );
#876 = PCURVE('',#877,#882);
#877 = PLANE('',#878);
#878 = AXIS2_PLACEMENT_3D('',#879,#880,#881);
#879 = CARTESIAN_POINT('',(-95.,-17.1,0.6));
#880 = DIRECTION('',(0.,0.,1.));
#881 = DIRECTION('',(1.,0.,0.));
#882 = DEFINITIONAL_REPRESENTATION('',(#883),#887);
#883 = LINE('',#884,#885);
#884 = CARTESIAN_POINT('',(0.,2.4));
#885 = VECTOR('',#886,1.);
#886 = DIRECTION('',(1.,0.));
#887 = ( GEOMETRIC_REPRESENTATION_CONTEXT(2) 
PARAMETRIC_REPRESENTATION_CONTEXT() REPRESENTATION_CONTEXT('2D SPACE',''
  ) );
#888 = ORIENTED_EDGE('',*,*,#889,.T.);
#889 = EDGE_CURVE('',#862,#805,#890,.T.);
#890 = SURFACE_CURVE('',#891,(#895,#902),.PCURVE_S1.);
#891 = LINE('',#892,#893);
#892 = CARTESIAN_POINT('',(41.4,-14.7,-90.));
#893 = VECTOR('',#894,1.);
#894 = DIRECTION('',(0.,0.,1.));
#895 = PCURVE('',#43,#896);
#896 = DEFINITIONAL_REPRESENTATION('',(#897),#901);
#897 = LINE('',#898,#899);
#898 = CARTESIAN_POINT('',(-90.,41.4));
#899 = VECTOR('',#900,1.);
#900 = DIRECTION('',(1.,0.));
#901 = ( GEOMETRIC_REPRESENTATION_CONTEXT(2) 
PARAMETRIC_REPRESENTATION_CONTEXT() REPRESENTATION_CONTEXT('2D SPACE',''
  ) );
#902 = PCURVE('',#903,#908);
#903 = PLANE('',#904);
#904 = AXIS2_PLACEMENT_3D('',#905,#906,#907);
#905 = CARTESIAN_POINT('',(41.4,-17.1,-90.));
#906 = DIRECTION('',(1.,0.,0.));
#907 = DIRECTION('',(0.,0.,1.));
#908 = DEFINITIONAL_REPRESENTATION('',(#909),#913);
#909 = LINE('',#910,#911);
#910 = CARTESIAN_POINT('',(0.,-2.4));
#911 = VECTOR('',#912,1.);
#912 = DIRECTION('',(1.,0.));
#913 = ( GEOMETRIC_REPRESENTATION_CONTEXT(2) 
PARAMETRIC_REPRESENTATION_CONTEXT() REPRESENTATION_CONTEXT('2D SPACE',''
  ) );
#914 = FACE_BOUND('',#915,.T.);
#915 = EDGE_LOOP('',(#916,#947,#975,#1003));
#916 = ORIENTED_EDGE('',*,*,#917,.F.);
#917 = EDGE_CURVE('',#918,#920,#922,.T.);
#918 = VERTEX_POINT('',#919);
#919 = CARTESIAN_POINT('',(42.6,-14.7,75.856707020539));
#920 = VERTEX_POINT('',#921);
#921 = CARTESIAN_POINT('',(47.400000000001,-14.7,72.953683937138));
#922 = SURFACE_CURVE('',#923,(#928,#935),.PCURVE_S1.);
#923 = CIRCLE('',#924,87.);
#924 = AXIS2_PLACEMENT_3D('',#925,#926,#927);
#925 = CARTESIAN_POINT('',(0.,-14.7,0.));
#926 = DIRECTION('',(0.,1.,0.));
#927 = DIRECTION('',(0.,-0.,1.));
#928 = PCURVE('',#43,#929);
#929 = DEFINITIONAL_REPRESENTATION('',(#930),#934);
#930 = CIRCLE('',#931,87.);
#931 = AXIS2_PLACEMENT_2D('',#932,#933);
#932 = CARTESIAN_POINT('',(0.,0.));
#933 = DIRECTION('',(1.,0.));
#934 = ( GEOMETRIC_REPRESENTATION_CONTEXT(2) 
PARAMETRIC_REPRESENTATION_CONTEXT() REPRESENTATION_CONTEXT('2D SPACE',''
  ) );
#935 = PCURVE('',#936,#941);
#936 = CYLINDRICAL_SURFACE('',#937,87.);
#937 = AXIS2_PLACEMENT_3D('',#938,#939,#940);
#938 = CARTESIAN_POINT('',(0.,-17.2,0.));
#939 = DIRECTION('',(0.,1.,0.));
#940 = DIRECTION('',(0.,-0.,1.));
#941 = DEFINITIONAL_REPRESENTATION('',(#942),#946);
#942 = LINE('',#943,#944);
#943 = CARTESIAN_POINT('',(0.,2.5));
#944 = VECTOR('',#945,1.);
#945 = DIRECTION('',(1.,0.));
#946 = ( GEOMETRIC_REPRESENTATION_CONTEXT(2) 
PARAMETRIC_REPRESENTATION_CONTEXT() REPRESENTATION_CONTEXT('2D SPACE',''
  ) );
#947 = ORIENTED_EDGE('',*,*,#948,.F.);
#948 = EDGE_CURVE('',#949,#918,#951,.T.);
#949 = VERTEX_POINT('',#950);
#950 = CARTESIAN_POINT('',(42.6,-14.7,0.6));
#951 = SURFACE_CURVE('',#952,(#956,#963),.PCURVE_S1.);
#952 = LINE('',#953,#954);
#953 = CARTESIAN_POINT('',(42.6,-14.7,-90.));
#954 = VECTOR('',#955,1.);
#955 = DIRECTION('',(0.,0.,1.));
#956 = PCURVE('',#43,#957);
#957 = DEFINITIONAL_REPRESENTATION('',(#958),#962);
#958 = LINE('',#959,#960);
#959 = CARTESIAN_POINT('',(-90.,42.6));
#960 = VECTOR('',#961,1.);
#961 = DIRECTION('',(1.,0.));
#962 = ( GEOMETRIC_REPRESENTATION_CONTEXT(2) 
PARAMETRIC_REPRESENTATION_CONTEXT() REPRESENTATION_CONTEXT('2D SPACE',''
  ) );
#963 = PCURVE('',#964,#969);
#964 = PLANE('',#965);
#965 = AXIS2_PLACEMENT_3D('',#966,#967,#968);
#966 = CARTESIAN_POINT('',(42.6,-17.1,-90.));
#967 = DIRECTION('',(1.,0.,0.));
#968 = DIRECTION('',(0.,0.,1.));
#969 = DEFINITIONAL_REPRESENTATION('',(#970),#974);
#970 = LINE('',#971,#972);
#971 = CARTESIAN_POINT('',(0.,-2.4));
#972 = VECTOR('',#973,1.);
#973 = DIRECTION('',(1.,0.));
#974 = ( GEOMETRIC_REPRESENTATION_CONTEXT(2) 
PARAMETRIC_REPRESENTATION_CONTEXT() REPRESENTATION_CONTEXT('2D SPACE',''
  ) );
#975 = ORIENTED_EDGE('',*,*,#976,.T.);
#976 = EDGE_CURVE('',#949,#977,#979,.T.);
#977 = VERTEX_POINT('',#978);
#978 = CARTESIAN_POINT('',(47.4,-14.7,0.6));
#979 = SURFACE_CURVE('',#980,(#984,#991),.PCURVE_S1.);
#980 = LINE('',#981,#982);
#981 = CARTESIAN_POINT('',(-95.,-14.7,0.6));
#982 = VECTOR('',#983,1.);
#983 = DIRECTION('',(1.,0.,0.));
#984 = PCURVE('',#43,#985);
#985 = DEFINITIONAL_REPRESENTATION('',(#986),#990);
#986 = LINE('',#987,#988);
#987 = CARTESIAN_POINT('',(0.6,-95.));
#988 = VECTOR('',#989,1.);
#989 = DIRECTION('',(0.,1.));
#990 = ( GEOMETRIC_REPRESENTATION_CONTEXT(2) 
PARAMETRIC_REPRESENTATION_CONTEXT() REPRESENTATION_CONTEXT('2D SPACE',''
  ) );
#991 = PCURVE('',#992,#997);
#992 = PLANE('',#993);
#993 = AXIS2_PLACEMENT_3D('',#994,#995,#996);
#994 = CARTESIAN_POINT('',(-95.,-17.1,0.6));
#995 = DIRECTION('',(0.,0.,1.));
#996 = DIRECTION('',(1.,0.,0.));
#997 = DEFINITIONAL_REPRESENTATION('',(#998),#1002);
#998 = LINE('',#999,#1000);
#999 = CARTESIAN_POINT('',(0.,2.4));
#1000 = VECTOR('',#1001,1.);
#1001 = DIRECTION('',(1.,0.));
#1002 = ( GEOMETRIC_REPRESENTATION_CONTEXT(2) 
PARAMETRIC_REPRESENTATION_CONTEXT() REPRESENTATION_CONTEXT('2D SPACE',''
  ) );
#1003 = ORIENTED_EDGE('',*,*,#1004,.T.);
#1004 = EDGE_CURVE('',#977,#920,#1005,.T.);
#1005 = SURFACE_CURVE('',#1006,(#1010,#1017),.PCURVE_S1.);
#1006 = LINE('',#1007,#1008);
#1007 = CARTESIAN_POINT('',(47.4,-14.7,-90.));
#1008 = VECTOR('',#1009,1.);
#1009 = DIRECTION('',(0.,0.,1.));
#1010 = PCURVE('',#43,#1011);
#1011 = DEFINITIONAL_REPRESENTATION('',(#1012),#1016);
#1012 = LINE('',#1013,#1014);
#1013 = CARTESIAN_POINT('',(-90.,47.4));
#1014 = VECTOR('',#1015,1.);
#1015 = DIRECTION('',(1.,0.));
#1016 = ( GEOMETRIC_REPRESENTATION_CONTEXT(2) 
PARAMETRIC_REPRESENTATION_CONTEXT() REPRESENTATION_CONTEXT('2D SPACE',''
  ) );
#1017 = PCURVE('',#1018,#1023);
#1018 = PLANE('',#1019);
#1019 = AXIS2_PLACEMENT_3D('',#1020,#1021,#1022);
#1020 = CARTESIAN_POINT('',(47.4,-17.1,-90.));
#1021 = DIRECTION('',(1.,0.,0.));
#1022 = DIRECTION('',(0.,0.,1.));
#1023 = DEFINITIONAL_REPRESENTATION('',(#1024),#1028);
#1024 = LINE('',#1025,#1026);
#1025 = CARTESIAN_POINT('',(0.,-2.4));
#1026 = VECTOR('',#1027,1.);
#1027 = DIRECTION('',(1.,0.));
#1028 = ( GEOMETRIC_REPRESENTATION_CONTEXT(2) 
PARAMETRIC_REPRESENTATION_CONTEXT() REPRESENTATION_CONTEXT('2D SPACE',''
  ) );
#1029 = FACE_BOUND('',#1030,.T.);
#1030 = EDGE_LOOP('',(#1031,#1062,#1090,#1118));
#1031 = ORIENTED_EDGE('',*,*,#1032,.F.);
#1032 = EDGE_CURVE('',#1033,#1035,#1037,.T.);
#1033 = VERTEX_POINT('',#1034);
#1034 = CARTESIAN_POINT('',(48.6,-14.7,72.15982261619));
#1035 = VERTEX_POINT('',#1036);
#1036 = CARTESIAN_POINT('',(53.4,-14.7,68.68362250202));
#1037 = SURFACE_CURVE('',#1038,(#1043,#1050),.PCURVE_S1.);
#1038 = CIRCLE('',#1039,87.);
#1039 = AXIS2_PLACEMENT_3D('',#1040,#1041,#1042);
#1040 = CARTESIAN_POINT('',(0.,-14.7,0.));
#1041 = DIRECTION('',(0.,1.,0.));
#1042 = DIRECTION('',(0.,-0.,1.));
#1043 = PCURVE('',#43,#1044);
#1044 = DEFINITIONAL_REPRESENTATION('',(#1045),#1049);
#1045 = CIRCLE('',#1046,87.);
#1046 = AXIS2_PLACEMENT_2D('',#1047,#1048);
#1047 = CARTESIAN_POINT('',(0.,0.));
#1048 = DIRECTION('',(1.,0.));
#1049 = ( GEOMETRIC_REPRESENTATION_CONTEXT(2) 
PARAMETRIC_REPRESENTATION_CONTEXT() REPRESENTATION_CONTEXT('2D SPACE',''
  ) );
#1050 = PCURVE('',#1051,#1056);
#1051 = CYLINDRICAL_SURFACE('',#1052,87.);
#1052 = AXIS2_PLACEMENT_3D('',#1053,#1054,#1055);
#1053 = CARTESIAN_POINT('',(0.,-17.2,0.));
#1054 = DIRECTION('',(0.,1.,0.));
#1055 = DIRECTION('',(0.,-0.,1.));
#1056 = DEFINITIONAL_REPRESENTATION('',(#1057),#1061);
#1057 = LINE('',#1058,#1059);
#1058 = CARTESIAN_POINT('',(0.,2.5));
#1059 = VECTOR('',#1060,1.);
#1060 = DIRECTION('',(1.,0.));
#1061 = ( GEOMETRIC_REPRESENTATION_CONTEXT(2) 
PARAMETRIC_REPRESENTATION_CONTEXT() REPRESENTATION_CONTEXT('2D SPACE',''
  ) );
#1062 = ORIENTED_EDGE('',*,*,#1063,.F.);
#1063 = EDGE_CURVE('',#1064,#1033,#1066,.T.);
#1064 = VERTEX_POINT('',#1065);
#1065 = CARTESIAN_POINT('',(48.6,-14.7,0.6));
#1066 = SURFACE_CURVE('',#1067,(#1071,#1078),.PCURVE_S1.);
#1067 = LINE('',#1068,#1069);
#1068 = CARTESIAN_POINT('',(48.6,-14.7,-90.));
#1069 = VECTOR('',#1070,1.);
#1070 = DIRECTION('',(0.,0.,1.));
#1071 = PCURVE('',#43,#1072);
#1072 = DEFINITIONAL_REPRESENTATION('',(#1073),#1077);
#1073 = LINE('',#1074,#1075);
#1074 = CARTESIAN_POINT('',(-90.,48.6));
#1075 = VECTOR('',#1076,1.);
#1076 = DIRECTION('',(1.,0.));
#1077 = ( GEOMETRIC_REPRESENTATION_CONTEXT(2) 
PARAMETRIC_REPRESENTATION_CONTEXT() REPRESENTATION_CONTEXT('2D SPACE',''
  ) );
#1078 = PCURVE('',#1079,#1084);
#1079 = PLANE('',#1080);
#1080 = AXIS2_PLACEMENT_3D('',#1081,#1082,#1083);
#1081 = CARTESIAN_POINT('',(48.6,-17.1,-90.));
#1082 = DIRECTION('',(1.,0.,0.));
#1083 = DIRECTION('',(0.,0.,1.));
#1084 = DEFINITIONAL_REPRESENTATION('',(#1085),#1089);
#1085 = LINE('',#1086,#1087);
#1086 = CARTESIAN_POINT('',(0.,-2.4));
#1087 = VECTOR('',#1088,1.);
#1088 = DIRECTION('',(1.,0.));
#1089 = ( GEOMETRIC_REPRESENTATION_CONTEXT(2) 
PARAMETRIC_REPRESENTATION_CONTEXT() REPRESENTATION_CONTEXT('2D SPACE',''
  ) );
#1090 = ORIENTED_EDGE('',*,*,#1091,.T.);
#1091 = EDGE_CURVE('',#1064,#1092,#1094,.T.);
#1092 = VERTEX_POINT('',#1093);
#1093 = CARTESIAN_POINT('',(53.4,-14.7,0.6));
#1094 = SURFACE_CURVE('',#1095,(#1099,#1106),.PCURVE_S1.);
#1095 = LINE('',#1096,#1097);
#1096 = CARTESIAN_POINT('',(-95.,-14.7,0.6));
#1097 = VECTOR('',#1098,1.);
#1098 = DIRECTION('',(1.,0.,0.));
#1099 = PCURVE('',#43,#1100);
#1100 = DEFINITIONAL_REPRESENTATION('',(#1101),#1105);
#1101 = LINE('',#1102,#1103);
#1102 = CARTESIAN_POINT('',(0.6,-95.));
#1103 = VECTOR('',#1104,1.);
#1104 = DIRECTION('',(0.,1.));
#1105 = ( GEOMETRIC_REPRESENTATION_CONTEXT(2) 
PARAMETRIC_REPRESENTATION_CONTEXT() REPRESENTATION_CONTEXT('2D SPACE',''
  ) );
#1106 = PCURVE('',#1107,#1112);
#1107 = PLANE('',#1108);
#1108 = AXIS2_PLACEMENT_3D('',#1109,#1110,#1111);
#1109 = CARTESIAN_POINT('',(-95.,-17.1,0.6));
#1110 = DIRECTION('',(0.,0.,1.));
#1111 = DIRECTION('',(1.,0.,0.));
#1112 = DEFINITIONAL_REPRESENTATION('',(#1113),#1117);
#1113 = LINE('',#1114,#1115);
#1114 = CARTESIAN_POINT('',(0.,2.4));
#1115 = VECTOR('',#1116,1.);
#1116 = DIRECTION('',(1.,0.));
#1117 = ( GEOMETRIC_REPRESENTATION_CONTEXT(2) 
PARAMETRIC_REPRESENTATION_CONTEXT() REPRESENTATION_CONTEXT('2D SPACE',''
  ) );
#1118 = ORIENTED_EDGE('',*,*,#1119,.T.);
#1119 = EDGE_CURVE('',#1092,#1035,#1120,.T.);
#1120 = SURFACE_CURVE('',#1121,(#1125,#1132),.PCURVE_S1.);
#1121 = LINE('',#1122,#1123);
#1122 = CARTESIAN_POINT('',(53.4,-14.7,-90.));
#1123 = VECTOR('',#1124,1.);
#1124 = DIRECTION('',(0.,0.,1.));
#1125 = PCURVE('',#43,#1126);
#1126 = DEFINITIONAL_REPRESENTATION('',(#1127),#1131);
#1127 = LINE('',#1128,#1129);
#1128 = CARTESIAN_POINT('',(-90.,53.4));
#1129 = VECTOR('',#1130,1.);
#1130 = DIRECTION('',(1.,0.));
#1131 = ( GEOMETRIC_REPRESENTATION_CONTEXT(2) 
PARAMETRIC_REPRESENTATION_CONTEXT() REPRESENTATION_CONTEXT('2D SPACE',''
  ) );
#1132 = PCURVE('',#1133,#1138);
#1133 = PLANE('',#1134);
#1134 = AXIS2_PLACEMENT_3D('',#1135,#1136,#1137);
#1135 = CARTESIAN_POINT('',(53.4,-17.1,-90.));
#1136 = DIRECTION('',(1.,0.,0.));
#1137 = DIRECTION('',(0.,0.,1.));
#1138 = DEFINITIONAL_REPRESENTATION('',(#1139),#1143);
#1139 = LINE('',#1140,#1141);
#1140 = CARTESIAN_POINT('',(0.,-2.4));
#1141 = VECTOR('',#1142,1.);
#1142 = DIRECTION('',(1.,0.));
#1143 = ( GEOMETRIC_REPRESENTATION_CONTEXT(2) 
PARAMETRIC_REPRESENTATION_CONTEXT() REPRESENTATION_CONTEXT('2D SPACE',''
  ) );
#1144 = FACE_BOUND('',#1145,.T.);
#1145 = EDGE_LOOP('',(#1146,#1177,#1205,#1233));
#1146 = ORIENTED_EDGE('',*,*,#1147,.F.);
#1147 = EDGE_CURVE('',#1148,#1150,#1152,.T.);
#1148 = VERTEX_POINT('',#1149);
#1149 = CARTESIAN_POINT('',(54.599999999999,-14.7,67.733595800018));
#1150 = VERTEX_POINT('',#1151);
#1151 = CARTESIAN_POINT('',(59.400000000001,-14.7,63.566028663114));
#1152 = SURFACE_CURVE('',#1153,(#1158,#1165),.PCURVE_S1.);
#1153 = CIRCLE('',#1154,87.);
#1154 = AXIS2_PLACEMENT_3D('',#1155,#1156,#1157);
#1155 = CARTESIAN_POINT('',(0.,-14.7,0.));
#1156 = DIRECTION('',(0.,1.,0.));
#1157 = DIRECTION('',(0.,-0.,1.));
#1158 = PCURVE('',#43,#1159);
#1159 = DEFINITIONAL_REPRESENTATION('',(#1160),#1164);
#1160 = CIRCLE('',#1161,87.);
#1161 = AXIS2_PLACEMENT_2D('',#1162,#1163);
#1162 = CARTESIAN_POINT('',(0.,0.));
#1163 = DIRECTION('',(1.,0.));
#1164 = ( GEOMETRIC_REPRESENTATION_CONTEXT(2) 
PARAMETRIC_REPRESENTATION_CONTEXT() REPRESENTATION_CONTEXT('2D SPACE',''
  ) );
#1165 = PCURVE('',#1166,#1171);
#1166 = CYLINDRICAL_SURFACE('',#1167,87.);
#1167 = AXIS2_PLACEMENT_3D('',#1168,#1169,#1170);
#1168 = CARTESIAN_POINT('',(0.,-17.2,0.));
#1169 = DIRECTION('',(0.,1.,0.));
#1170 = DIRECTION('',(0.,-0.,1.));
#1171 = DEFINITIONAL_REPRESENTATION('',(#1172),#1176);
#1172 = LINE('',#1173,#1174);
#1173 = CARTESIAN_POINT('',(0.,2.5));
#1174 = VECTOR('',#1175,1.);
#1175 = DIRECTION('',(1.,0.));
#1176 = ( GEOMETRIC_REPRESENTATION_CONTEXT(2) 
PARAMETRIC_REPRESENTATION_CONTEXT() REPRESENTATION_CONTEXT('2D SPACE',''
  ) );
#1177 = ORIENTED_EDGE('',*,*,#1178,.F.);
#1178 = EDGE_CURVE('',#1179,#1148,#1181,.T.);
#1179 = VERTEX_POINT('',#1180);
#1180 = CARTESIAN_POINT('',(54.6,-14.7,0.6));
#1181 = SURFACE_CURVE('',#1182,(#1186,#1193),.PCURVE_S1.);
#1182 = LINE('',#1183,#1184);
#1183 = CARTESIAN_POINT('',(54.6,-14.7,-90.));
#1184 = VECTOR('',#1185,1.);
#1185 = DIRECTION('',(0.,0.,1.));
#1186 = PCURVE('',#43,#1187);
#1187 = DEFINITIONAL_REPRESENTATION('',(#1188),#1192);
#1188 = LINE('',#1189,#1190);
#1189 = CARTESIAN_POINT('',(-90.,54.6));
#1190 = VECTOR('',#1191,1.);
#1191 = DIRECTION('',(1.,0.));
#1192 = ( GEOMETRIC_REPRESENTATION_CONTEXT(2) 
PARAMETRIC_REPRESENTATION_CONTEXT() REPRESENTATION_CONTEXT('2D SPACE',''
  ) );
#1193 = PCURVE('',#1194,#1199);
#1194 = PLANE('',#1195);
#1195 = AXIS2_PLACEMENT_3D('',#1196,#1197,#1198);
#1196 = CARTESIAN_POINT('',(54.6,-17.1,-90.));
#1197 = DIRECTION('',(1.,0.,0.));
#1198 = DIRECTION('',(0.,0.,1.));
#1199 = DEFINITIONAL_REPRESENTATION('',(#1200),#1204);
#1200 = LINE('',#1201,#1202);
#1201 = CARTESIAN_POINT('',(0.,-2.4));
#1202 = VECTOR('',#1203,1.);
#1203 = DIRECTION('',(1.,0.));
#1204 = ( GEOMETRIC_REPRESENTATION_CONTEXT(2) 
PARAMETRIC_REPRESENTATION_CONTEXT() REPRESENTATION_CONTEXT('2D SPACE',''
  ) );
#1205 = ORIENTED_EDGE('',*,*,#1206,.T.);
#1206 = EDGE_CURVE('',#1179,#1207,#1209,.T.);
#1207 = VERTEX_POINT('',#1208);
#1208 = CARTESIAN_POINT('',(59.4,-14.7,0.6));
#1209 = SURFACE_CURVE('',#1210,(#1214,#1221),.PCURVE_S1.);
#1210 = LINE('',#1211,#1212);
#1211 = CARTESIAN_POINT('',(-95.,-14.7,0.6));
#1212 = VECTOR('',#1213,1.);
#1213 = DIRECTION('',(1.,0.,0.));
#1214 = PCURVE('',#43,#1215);
#1215 = DEFINITIONAL_REPRESENTATION('',(#1216),#1220);
#1216 = LINE('',#1217,#1218);
#1217 = CARTESIAN_POINT('',(0.6,-95.));
#1218 = VECTOR('',#1219,1.);
#1219 = DIRECTION('',(0.,1.));
#1220 = ( GEOMETRIC_REPRESENTATION_CONTEXT(2) 
PARAMETRIC_REPRESENTATION_CONTEXT() REPRESENTATION_CONTEXT('2D SPACE',''
  ) );
#1221 = PCURVE('',#1222,#1227);
#1222 = PLANE('',#1223);
#1223 = AXIS2_PLACEMENT_3D('',#1224,#1225,#1226);
#1224 = CARTESIAN_POINT('',(-95.,-17.1,0.6));
#1225 = DIRECTION('',(0.,0.,1.));
#1226 = DIRECTION('',(1.,0.,0.));
#1227 = DEFINITIONAL_REPRESENTATION('',(#1228),#1232);
#1228 = LINE('',#1229,#1230);
#1229 = CARTESIAN_POINT('',(0.,2.4));
#1230 = VECTOR('',#1231,1.);
#1231 = DIRECTION('',(1.,0.));
#1232 = ( GEOMETRIC_REPRESENTATION_CONTEXT(2) 
PARAMETRIC_REPRESENTATION_CONTEXT() REPRESENTATION_CONTEXT('2D SPACE',''
  ) );
#1233 = ORIENTED_EDGE('',*,*,#1234,.T.);
#1234 = EDGE_CURVE('',#1207,#1150,#1235,.T.);
#1235 = SURFACE_CURVE('',#1236,(#1240,#1247),.PCURVE_S1.);
#1236 = LINE('',#1237,#1238);
#1237 = CARTESIAN_POINT('',(59.4,-14.7,-90.));
#1238 = VECTOR('',#1239,1.);
#1239 = DIRECTION('',(0.,0.,1.));
#1240 = PCURVE('',#43,#1241);
#1241 = DEFINITIONAL_REPRESENTATION('',(#1242),#1246);
#1242 = LINE('',#1243,#1244);
#1243 = CARTESIAN_POINT('',(-90.,59.4));
#1244 = VECTOR('',#1245,1.);
#1245 = DIRECTION('',(1.,0.));
#1246 = ( GEOMETRIC_REPRESENTATION_CONTEXT(2) 
PARAMETRIC_REPRESENTATION_CONTEXT() REPRESENTATION_CONTEXT('2D SPACE',''
  ) );
#1247 = PCURVE('',#1248,#1253);
#1248 = PLANE('',#1249);
#1249 = AXIS2_PLACEMENT_3D('',#1250,#1251,#1252);
#1250 = CARTESIAN_POINT('',(59.4,-17.1,-90.));
#1251 = DIRECTION('',(1.,0.,0.));
#1252 = DIRECTION('',(0.,0.,1.));
#1253 = DEFINITIONAL_REPRESENTATION('',(#1254),#1258);
#1254 = LINE('',#1255,#1256);
#1255 = CARTESIAN_POINT('',(0.,-2.4));
#1256 = VECTOR('',#1257,1.);
#1257 = DIRECTION('',(1.,0.));
#1258 = ( GEOMETRIC_REPRESENTATION_CONTEXT(2) 
PARAMETRIC_REPRESENTATION_CONTEXT() REPRESENTATION_CONTEXT('2D SPACE',''
  ) );
#1259 = FACE_BOUND('',#1260,.T.);
#1260 = EDGE_LOOP('',(#1261,#1292,#1320,#1348));
#1261 = ORIENTED_EDGE('',*,*,#1262,.F.);
#1262 = EDGE_CURVE('',#1263,#1265,#1267,.T.);
#1263 = VERTEX_POINT('',#1264);
#1264 = CARTESIAN_POINT('',(60.600000000002,-14.7,62.423072657468));
#1265 = VERTEX_POINT('',#1266);
#1266 = CARTESIAN_POINT('',(65.400000000002,-14.7,57.374558821829));
#1267 = SURFACE_CURVE('',#1268,(#1273,#1280),.PCURVE_S1.);
#1268 = CIRCLE('',#1269,87.);
#1269 = AXIS2_PLACEMENT_3D('',#1270,#1271,#1272);
#1270 = CARTESIAN_POINT('',(0.,-14.7,0.));
#1271 = DIRECTION('',(0.,1.,0.));
#1272 = DIRECTION('',(0.,-0.,1.));
#1273 = PCURVE('',#43,#1274);
#1274 = DEFINITIONAL_REPRESENTATION('',(#1275),#1279);
#1275 = CIRCLE('',#1276,87.);
#1276 = AXIS2_PLACEMENT_2D('',#1277,#1278);
#1277 = CARTESIAN_POINT('',(0.,0.));
#1278 = DIRECTION('',(1.,0.));
#1279 = ( GEOMETRIC_REPRESENTATION_CONTEXT(2) 
PARAMETRIC_REPRESENTATION_CONTEXT() REPRESENTATION_CONTEXT('2D SPACE',''
  ) );
#1280 = PCURVE('',#1281,#1286);
#1281 = CYLINDRICAL_SURFACE('',#1282,87.);
#1282 = AXIS2_PLACEMENT_3D('',#1283,#1284,#1285);
#1283 = CARTESIAN_POINT('',(0.,-17.2,0.));
#1284 = DIRECTION('',(0.,1.,0.));
#1285 = DIRECTION('',(0.,-0.,1.));
#1286 = DEFINITIONAL_REPRESENTATION('',(#1287),#1291);
#1287 = LINE('',#1288,#1289);
#1288 = CARTESIAN_POINT('',(0.,2.5));
#1289 = VECTOR('',#1290,1.);
#1290 = DIRECTION('',(1.,0.));
#1291 = ( GEOMETRIC_REPRESENTATION_CONTEXT(2) 
PARAMETRIC_REPRESENTATION_CONTEXT() REPRESENTATION_CONTEXT('2D SPACE',''
  ) );
#1292 = ORIENTED_EDGE('',*,*,#1293,.F.);
#1293 = EDGE_CURVE('',#1294,#1263,#1296,.T.);
#1294 = VERTEX_POINT('',#1295);
#1295 = CARTESIAN_POINT('',(60.6,-14.7,0.6));
#1296 = SURFACE_CURVE('',#1297,(#1301,#1308),.PCURVE_S1.);
#1297 = LINE('',#1298,#1299);
#1298 = CARTESIAN_POINT('',(60.6,-14.7,-90.));
#1299 = VECTOR('',#1300,1.);
#1300 = DIRECTION('',(0.,0.,1.));
#1301 = PCURVE('',#43,#1302);
#1302 = DEFINITIONAL_REPRESENTATION('',(#1303),#1307);
#1303 = LINE('',#1304,#1305);
#1304 = CARTESIAN_POINT('',(-90.,60.6));
#1305 = VECTOR('',#1306,1.);
#1306 = DIRECTION('',(1.,0.));
#1307 = ( GEOMETRIC_REPRESENTATION_CONTEXT(2) 
PARAMETRIC_REPRESENTATION_CONTEXT() REPRESENTATION_CONTEXT('2D SPACE',''
  ) );
#1308 = PCURVE('',#1309,#1314);
#1309 = PLANE('',#1310);
#1310 = AXIS2_PLACEMENT_3D('',#1311,#1312,#1313);
#1311 = CARTESIAN_POINT('',(60.6,-17.1,-90.));
#1312 = DIRECTION('',(1.,0.,0.));
#1313 = DIRECTION('',(0.,0.,1.));
#1314 = DEFINITIONAL_REPRESENTATION('',(#1315),#1319);
#1315 = LINE('',#1316,#1317);
#1316 = CARTESIAN_POINT('',(0.,-2.4));
#1317 = VECTOR('',#1318,1.);
#1318 = DIRECTION('',(1.,0.));
#1319 = ( GEOMETRIC_REPRESENTATION_CONTEXT(2) 
PARAMETRIC_REPRESENTATION_CONTEXT() REPRESENTATION_CONTEXT('2D SPACE',''
  ) );
#1320 = ORIENTED_EDGE('',*,*,#1321,.T.);
#1321 = EDGE_CURVE('',#1294,#1322,#1324,.T.);
#1322 = VERTEX_POINT('',#1323);
#1323 = CARTESIAN_POINT('',(65.4,-14.7,0.6));
#1324 = SURFACE_CURVE('',#1325,(#1329,#1336),.PCURVE_S1.);
#1325 = LINE('',#1326,#1327);
#1326 = CARTESIAN_POINT('',(-95.,-14.7,0.6));
#1327 = VECTOR('',#1328,1.);
#1328 = DIRECTION('',(1.,0.,0.));
#1329 = PCURVE('',#43,#1330);
#1330 = DEFINITIONAL_REPRESENTATION('',(#1331),#1335);
#1331 = LINE('',#1332,#1333);
#1332 = CARTESIAN_POINT('',(0.6,-95.));
#1333 = VECTOR('',#1334,1.);
#1334 = DIRECTION('',(0.,1.));
#1335 = ( GEOMETRIC_REPRESENTATION_CONTEXT(2) 
PARAMETRIC_REPRESENTATION_CONTEXT() REPRESENTATION_CONTEXT('2D SPACE',''
  ) );
#1336 = PCURVE('',#1337,#1342);
#1337 = PLANE('',#1338);
#1338 = AXIS2_PLACEMENT_3D('',#1339,#1340,#1341);
#1339 = CARTESIAN_POINT('',(-95.,-17.1,0.6));
#1340 = DIRECTION('',(0.,0.,1.));
#1341 = DIRECTION('',(1.,0.,0.));
#1342 = DEFINITIONAL_REPRESENTATION('',(#1343),#1347);
#1343 = LINE('',#1344,#1345);
#1344 = CARTESIAN_POINT('',(0.,2.4));
#1345 = VECTOR('',#1346,1.);
#1346 = DIRECTION('',(1.,0.));
#1347 = ( GEOMETRIC_REPRESENTATION_CONTEXT(2) 
PARAMETRIC_REPRESENTATION_CONTEXT() REPRESENTATION_CONTEXT('2D SPACE',''
  ) );
#1348 = ORIENTED_EDGE('',*,*,#1349,.T.);
#1349 = EDGE_CURVE('',#1322,#1265,#1350,.T.);
#1350 = SURFACE_CURVE('',#1351,(#1355,#1362),.PCURVE_S1.);
#1351 = LINE('',#1352,#1353);
#1352 = CARTESIAN_POINT('',(65.4,-14.7,-90.));
#1353 = VECTOR('',#1354,1.);
#1354 = DIRECTION('',(0.,0.,1.));
#1355 = PCURVE('',#43,#1356);
#1356 = DEFINITIONAL_REPRESENTATION('',(#1357),#1361);
#1357 = LINE('',#1358,#1359);
#1358 = CARTESIAN_POINT('',(-90.,65.4));
#1359 = VECTOR('',#1360,1.);
#1360 = DIRECTION('',(1.,0.));
#1361 = ( GEOMETRIC_REPRESENTATION_CONTEXT(2) 
PARAMETRIC_REPRESENTATION_CONTEXT() REPRESENTATION_CONTEXT('2D SPACE',''
  ) );
#1362 = PCURVE('',#1363,#1368);
#1363 = PLANE('',#1364);
#1364 = AXIS2_PLACEMENT_3D('',#1365,#1366,#1367);
#1365 = CARTESIAN_POINT('',(65.4,-17.1,-90.));
#1366 = DIRECTION('',(1.,0.,0.));
#1367 = DIRECTION('',(0.,0.,1.));
#1368 = DEFINITIONAL_REPRESENTATION('',(#1369),#1373);
#1369 = LINE('',#1370,#1371);
#1370 = CARTESIAN_POINT('',(0.,-2.4));
#1371 = VECTOR('',#1372,1.);
#1372 = DIRECTION('',(1.,0.));
#1373 = ( GEOMETRIC_REPRESENTATION_CONTEXT(2) 
PARAMETRIC_REPRESENTATION_CONTEXT() REPRESENTATION_CONTEXT('2D SPACE',''
  ) );
#1374 = FACE_BOUND('',#1375,.T.);
#1375 = EDGE_LOOP('',(#1376,#1407,#1435,#1463));
#1376 = ORIENTED_EDGE('',*,*,#1377,.F.);
#1377 = EDGE_CURVE('',#1378,#1380,#1382,.T.);
#1378 = VERTEX_POINT('',#1379);
#1379 = CARTESIAN_POINT('',(66.599999999999,-14.7,55.977138190516));
#1380 = VERTEX_POINT('',#1381);
#1381 = CARTESIAN_POINT('',(71.399999999999,-14.7,49.709556425301));
#1382 = SURFACE_CURVE('',#1383,(#1388,#1395),.PCURVE_S1.);
#1383 = CIRCLE('',#1384,87.);
#1384 = AXIS2_PLACEMENT_3D('',#1385,#1386,#1387);
#1385 = CARTESIAN_POINT('',(0.,-14.7,0.));
#1386 = DIRECTION('',(0.,1.,0.));
#1387 = DIRECTION('',(0.,-0.,1.));
#1388 = PCURVE('',#43,#1389);
#1389 = DEFINITIONAL_REPRESENTATION('',(#1390),#1394);
#1390 = CIRCLE('',#1391,87.);
#1391 = AXIS2_PLACEMENT_2D('',#1392,#1393);
#1392 = CARTESIAN_POINT('',(0.,0.));
#1393 = DIRECTION('',(1.,0.));
#1394 = ( GEOMETRIC_REPRESENTATION_CONTEXT(2) 
PARAMETRIC_REPRESENTATION_CONTEXT() REPRESENTATION_CONTEXT('2D SPACE',''
  ) );
#1395 = PCURVE('',#1396,#1401);
#1396 = CYLINDRICAL_SURFACE('',#1397,87.);
#1397 = AXIS2_PLACEMENT_3D('',#1398,#1399,#1400);
#1398 = CARTESIAN_POINT('',(0.,-17.2,0.));
#1399 = DIRECTION('',(0.,1.,0.));
#1400 = DIRECTION('',(0.,-0.,1.));
#1401 = DEFINITIONAL_REPRESENTATION('',(#1402),#1406);
#1402 = LINE('',#1403,#1404);
#1403 = CARTESIAN_POINT('',(0.,2.5));
#1404 = VECTOR('',#1405,1.);
#1405 = DIRECTION('',(1.,0.));
#1406 = ( GEOMETRIC_REPRESENTATION_CONTEXT(2) 
PARAMETRIC_REPRESENTATION_CONTEXT() REPRESENTATION_CONTEXT('2D SPACE',''
  ) );
#1407 = ORIENTED_EDGE('',*,*,#1408,.F.);
#1408 = EDGE_CURVE('',#1409,#1378,#1411,.T.);
#1409 = VERTEX_POINT('',#1410);
#1410 = CARTESIAN_POINT('',(66.6,-14.7,0.6));
#1411 = SURFACE_CURVE('',#1412,(#1416,#1423),.PCURVE_S1.);
#1412 = LINE('',#1413,#1414);
#1413 = CARTESIAN_POINT('',(66.6,-14.7,-90.));
#1414 = VECTOR('',#1415,1.);
#1415 = DIRECTION('',(0.,0.,1.));
#1416 = PCURVE('',#43,#1417);
#1417 = DEFINITIONAL_REPRESENTATION('',(#1418),#1422);
#1418 = LINE('',#1419,#1420);
#1419 = CARTESIAN_POINT('',(-90.,66.6));
#1420 = VECTOR('',#1421,1.);
#1421 = DIRECTION('',(1.,0.));
#1422 = ( GEOMETRIC_REPRESENTATION_CONTEXT(2) 
PARAMETRIC_REPRESENTATION_CONTEXT() REPRESENTATION_CONTEXT('2D SPACE',''
  ) );
#1423 = PCURVE('',#1424,#1429);
#1424 = PLANE('',#1425);
#1425 = AXIS2_PLACEMENT_3D('',#1426,#1427,#1428);
#1426 = CARTESIAN_POINT('',(66.6,-17.1,-90.));
#1427 = DIRECTION('',(1.,0.,0.));
#1428 = DIRECTION('',(0.,0.,1.));
#1429 = DEFINITIONAL_REPRESENTATION('',(#1430),#1434);
#1430 = LINE('',#1431,#1432);
#1431 = CARTESIAN_POINT('',(0.,-2.4));
#1432 = VECTOR('',#1433,1.);
#1433 = DIRECTION('',(1.,0.));
#1434 = ( GEOMETRIC_REPRESENTATION_CONTEXT(2) 
PARAMETRIC_REPRESENTATION_CONTEXT() REPRESENTATION_CONTEXT('2D SPACE',''
  ) );
#1435 = ORIENTED_EDGE('',*,*,#1436,.T.);
#1436 = EDGE_CURVE('',#1409,#1437,#1439,.T.);
#1437 = VERTEX_POINT('',#1438);
#1438 = CARTESIAN_POINT('',(71.4,-14.7,0.6));
#1439 = SURFACE_CURVE('',#1440,(#1444,#1451),.PCURVE_S1.);
#1440 = LINE('',#1441,#1442);
#1441 = CARTESIAN_POINT('',(-95.,-14.7,0.6));
#1442 = VECTOR('',#1443,1.);
#1443 = DIRECTION('',(1.,0.,0.));
#1444 = PCURVE('',#43,#1445);
#1445 = DEFINITIONAL_REPRESENTATION('',(#1446),#1450);
#1446 = LINE('',#1447,#1448);
#1447 = CARTESIAN_POINT('',(0.6,-95.));
#1448 = VECTOR('',#1449,1.);
#1449 = DIRECTION('',(0.,1.));
#1450 = ( GEOMETRIC_REPRESENTATION_CONTEXT(2) 
PARAMETRIC_REPRESENTATION_CONTEXT() REPRESENTATION_CONTEXT('2D SPACE',''
  ) );
#1451 = PCURVE('',#1452,#1457);
#1452 = PLANE('',#1453);
#1453 = AXIS2_PLACEMENT_3D('',#1454,#1455,#1456);
#1454 = CARTESIAN_POINT('',(-95.,-17.1,0.6));
#1455 = DIRECTION('',(0.,0.,1.));
#1456 = DIRECTION('',(1.,0.,0.));
#1457 = DEFINITIONAL_REPRESENTATION('',(#1458),#1462);
#1458 = LINE('',#1459,#1460);
#1459 = CARTESIAN_POINT('',(0.,2.4));
#1460 = VECTOR('',#1461,1.);
#1461 = DIRECTION('',(1.,0.));
#1462 = ( GEOMETRIC_REPRESENTATION_CONTEXT(2) 
PARAMETRIC_REPRESENTATION_CONTEXT() REPRESENTATION_CONTEXT('2D SPACE',''
  ) );
#1463 = ORIENTED_EDGE('',*,*,#1464,.T.);
#1464 = EDGE_CURVE('',#1437,#1380,#1465,.T.);
#1465 = SURFACE_CURVE('',#1466,(#1470,#1477),.PCURVE_S1.);
#1466 = LINE('',#1467,#1468);
#1467 = CARTESIAN_POINT('',(71.4,-14.7,-90.));
#1468 = VECTOR('',#1469,1.);
#1469 = DIRECTION('',(0.,0.,1.));
#1470 = PCURVE('',#43,#1471);
#1471 = DEFINITIONAL_REPRESENTATION('',(#1472),#1476);
#1472 = LINE('',#1473,#1474);
#1473 = CARTESIAN_POINT('',(-90.,71.4));
#1474 = VECTOR('',#1475,1.);
#1475 = DIRECTION('',(1.,0.));
#1476 = ( GEOMETRIC_REPRESENTATION_CONTEXT(2) 
PARAMETRIC_REPRESENTATION_CONTEXT() REPRESENTATION_CONTEXT('2D SPACE',''
  ) );
#1477 = PCURVE('',#1478,#1483);
#1478 = PLANE('',#1479);
#1479 = AXIS2_PLACEMENT_3D('',#1480,#1481,#1482);
#1480 = CARTESIAN_POINT('',(71.4,-17.1,-90.));
#1481 = DIRECTION('',(1.,0.,0.));
#1482 = DIRECTION('',(0.,0.,1.));
#1483 = DEFINITIONAL_REPRESENTATION('',(#1484),#1488);
#1484 = LINE('',#1485,#1486);
#1485 = CARTESIAN_POINT('',(0.,-2.4));
#1486 = VECTOR('',#1487,1.);
#1487 = DIRECTION('',(1.,0.));
#1488 = ( GEOMETRIC_REPRESENTATION_CONTEXT(2) 
PARAMETRIC_REPRESENTATION_CONTEXT() REPRESENTATION_CONTEXT('2D SPACE',''
  ) );
#1489 = FACE_BOUND('',#1490,.T.);
#1490 = EDGE_LOOP('',(#1491,#1522,#1550,#1578));
#1491 = ORIENTED_EDGE('',*,*,#1492,.F.);
#1492 = EDGE_CURVE('',#1493,#1495,#1497,.T.);
#1493 = VERTEX_POINT('',#1494);
#1494 = CARTESIAN_POINT('',(72.600000000002,-14.7,47.939962453047));
#1495 = VERTEX_POINT('',#1496);
#1496 = CARTESIAN_POINT('',(77.400000000001,-14.7,39.72706885739));
#1497 = SURFACE_CURVE('',#1498,(#1503,#1510),.PCURVE_S1.);
#1498 = CIRCLE('',#1499,87.);
#1499 = AXIS2_PLACEMENT_3D('',#1500,#1501,#1502);
#1500 = CARTESIAN_POINT('',(0.,-14.7,0.));
#1501 = DIRECTION('',(0.,1.,0.));
#1502 = DIRECTION('',(0.,-0.,1.));
#1503 = PCURVE('',#43,#1504);
#1504 = DEFINITIONAL_REPRESENTATION('',(#1505),#1509);
#1505 = CIRCLE('',#1506,87.);
#1506 = AXIS2_PLACEMENT_2D('',#1507,#1508);
#1507 = CARTESIAN_POINT('',(0.,0.));
#1508 = DIRECTION('',(1.,0.));
#1509 = ( GEOMETRIC_REPRESENTATION_CONTEXT(2) 
PARAMETRIC_REPRESENTATION_CONTEXT() REPRESENTATION_CONTEXT('2D SPACE',''
  ) );
#1510 = PCURVE('',#1511,#1516);
#1511 = CYLINDRICAL_SURFACE('',#1512,87.);
#1512 = AXIS2_PLACEMENT_3D('',#1513,#1514,#1515);
#1513 = CARTESIAN_POINT('',(0.,-17.2,0.));
#1514 = DIRECTION('',(0.,1.,0.));
#1515 = DIRECTION('',(0.,-0.,1.));
#1516 = DEFINITIONAL_REPRESENTATION('',(#1517),#1521);
#1517 = LINE('',#1518,#1519);
#1518 = CARTESIAN_POINT('',(0.,2.5));
#1519 = VECTOR('',#1520,1.);
#1520 = DIRECTION('',(1.,0.));
#1521 = ( GEOMETRIC_REPRESENTATION_CONTEXT(2) 
PARAMETRIC_REPRESENTATION_CONTEXT() REPRESENTATION_CONTEXT('2D SPACE',''
  ) );
#1522 = ORIENTED_EDGE('',*,*,#1523,.F.);
#1523 = EDGE_CURVE('',#1524,#1493,#1526,.T.);
#1524 = VERTEX_POINT('',#1525);
#1525 = CARTESIAN_POINT('',(72.6,-14.7,0.6));
#1526 = SURFACE_CURVE('',#1527,(#1531,#1538),.PCURVE_S1.);
#1527 = LINE('',#1528,#1529);
#1528 = CARTESIAN_POINT('',(72.6,-14.7,-90.));
#1529 = VECTOR('',#1530,1.);
#1530 = DIRECTION('',(0.,0.,1.));
#1531 = PCURVE('',#43,#1532);
#1532 = DEFINITIONAL_REPRESENTATION('',(#1533),#1537);
#1533 = LINE('',#1534,#1535);
#1534 = CARTESIAN_POINT('',(-90.,72.6));
#1535 = VECTOR('',#1536,1.);
#1536 = DIRECTION('',(1.,0.));
#1537 = ( GEOMETRIC_REPRESENTATION_CONTEXT(2) 
PARAMETRIC_REPRESENTATION_CONTEXT() REPRESENTATION_CONTEXT('2D SPACE',''
  ) );
#1538 = PCURVE('',#1539,#1544);
#1539 = PLANE('',#1540);
#1540 = AXIS2_PLACEMENT_3D('',#1541,#1542,#1543);
#1541 = CARTESIAN_POINT('',(72.6,-17.1,-90.));
#1542 = DIRECTION('',(1.,0.,0.));
#1543 = DIRECTION('',(0.,0.,1.));
#1544 = DEFINITIONAL_REPRESENTATION('',(#1545),#1549);
#1545 = LINE('',#1546,#1547);
#1546 = CARTESIAN_POINT('',(0.,-2.4));
#1547 = VECTOR('',#1548,1.);
#1548 = DIRECTION('',(1.,0.));
#1549 = ( GEOMETRIC_REPRESENTATION_CONTEXT(2) 
PARAMETRIC_REPRESENTATION_CONTEXT() REPRESENTATION_CONTEXT('2D SPACE',''
  ) );
#1550 = ORIENTED_EDGE('',*,*,#1551,.T.);
#1551 = EDGE_CURVE('',#1524,#1552,#1554,.T.);
#1552 = VERTEX_POINT('',#1553);
#1553 = CARTESIAN_POINT('',(77.4,-14.7,0.6));
#1554 = SURFACE_CURVE('',#1555,(#1559,#1566),.PCURVE_S1.);
#1555 = LINE('',#1556,#1557);
#1556 = CARTESIAN_POINT('',(-95.,-14.7,0.6));
#1557 = VECTOR('',#1558,1.);
#1558 = DIRECTION('',(1.,0.,0.));
#1559 = PCURVE('',#43,#1560);
#1560 = DEFINITIONAL_REPRESENTATION('',(#1561),#1565);
#1561 = LINE('',#1562,#1563);
#1562 = CARTESIAN_POINT('',(0.6,-95.));
#1563 = VECTOR('',#1564,1.);
#1564 = DIRECTION('',(0.,1.));
#1565 = ( GEOMETRIC_REPRESENTATION_CONTEXT(2) 
PARAMETRIC_REPRESENTATION_CONTEXT() REPRESENTATION_CONTEXT('2D SPACE',''
  ) );
#1566 = PCURVE('',#1567,#1572);
#1567 = PLANE('',#1568);
#1568 = AXIS2_PLACEMENT_3D('',#1569,#1570,#1571);
#1569 = CARTESIAN_POINT('',(-95.,-17.1,0.6));
#1570 = DIRECTION('',(0.,0.,1.));
#1571 = DIRECTION('',(1.,0.,0.));
#1572 = DEFINITIONAL_REPRESENTATION('',(#1573),#1577);
#1573 = LINE('',#1574,#1575);
#1574 = CARTESIAN_POINT('',(0.,2.4));
#1575 = VECTOR('',#1576,1.);
#1576 = DIRECTION('',(1.,0.));
#1577 = ( GEOMETRIC_REPRESENTATION_CONTEXT(2) 
PARAMETRIC_REPRESENTATION_CONTEXT() REPRESENTATION_CONTEXT('2D SPACE',''
  ) );
#1578 = ORIENTED_EDGE('',*,*,#1579,.T.);
#1579 = EDGE_CURVE('',#1552,#1495,#1580,.T.);
#1580 = SURFACE_CURVE('',#1581,(#1585,#1592),.PCURVE_S1.);
#1581 = LINE('',#1582,#1583);
#1582 = CARTESIAN_POINT('',(77.4,-14.7,-90.));
#1583 = VECTOR('',#1584,1.);
#1584 = DIRECTION('',(0.,0.,1.));
#1585 = PCURVE('',#43,#1586);
#1586 = DEFINITIONAL_REPRESENTATION('',(#1587),#1591);
#1587 = LINE('',#1588,#1589);
#1588 = CARTESIAN_POINT('',(-90.,77.4));
#1589 = VECTOR('',#1590,1.);
#1590 = DIRECTION('',(1.,0.));
#1591 = ( GEOMETRIC_REPRESENTATION_CONTEXT(2) 
PARAMETRIC_REPRESENTATION_CONTEXT() REPRESENTATION_CONTEXT('2D SPACE',''
  ) );
#1592 = PCURVE('',#1593,#1598);
#1593 = PLANE('',#1594);
#1594 = AXIS2_PLACEMENT_3D('',#1595,#1596,#1597);
#1595 = CARTESIAN_POINT('',(77.4,-17.1,-90.));
#1596 = DIRECTION('',(1.,0.,0.));
#1597 = DIRECTION('',(0.,0.,1.));
#1598 = DEFINITIONAL_REPRESENTATION('',(#1599),#1603);
#1599 = LINE('',#1600,#1601);
#1600 = CARTESIAN_POINT('',(0.,-2.4));
#1601 = VECTOR('',#1602,1.);
#1602 = DIRECTION('',(1.,0.));
#1603 = ( GEOMETRIC_REPRESENTATION_CONTEXT(2) 
PARAMETRIC_REPRESENTATION_CONTEXT() REPRESENTATION_CONTEXT('2D SPACE',''
  ) );
#1604 = FACE_BOUND('',#1605,.T.);
#1605 = EDGE_LOOP('',(#1606,#1637,#1665,#1693));
#1606 = ORIENTED_EDGE('',*,*,#1607,.F.);
#1607 = EDGE_CURVE('',#1608,#1610,#1612,.T.);
#1608 = VERTEX_POINT('',#1609);
#1609 = CARTESIAN_POINT('',(78.6,-14.7,37.296648643008));
#1610 = VERTEX_POINT('',#1611);
#1611 = CARTESIAN_POINT('',(83.399999999999,-14.7,24.767720928665));
#1612 = SURFACE_CURVE('',#1613,(#1618,#1625),.PCURVE_S1.);
#1613 = CIRCLE('',#1614,87.);
#1614 = AXIS2_PLACEMENT_3D('',#1615,#1616,#1617);
#1615 = CARTESIAN_POINT('',(0.,-14.7,0.));
#1616 = DIRECTION('',(0.,1.,0.));
#1617 = DIRECTION('',(0.,-0.,1.));
#1618 = PCURVE('',#43,#1619);
#1619 = DEFINITIONAL_REPRESENTATION('',(#1620),#1624);
#1620 = CIRCLE('',#1621,87.);
#1621 = AXIS2_PLACEMENT_2D('',#1622,#1623);
#1622 = CARTESIAN_POINT('',(0.,0.));
#1623 = DIRECTION('',(1.,0.));
#1624 = ( GEOMETRIC_REPRESENTATION_CONTEXT(2) 
PARAMETRIC_REPRESENTATION_CONTEXT() REPRESENTATION_CONTEXT('2D SPACE',''
  ) );
#1625 = PCURVE('',#1626,#1631);
#1626 = CYLINDRICAL_SURFACE('',#1627,87.);
#1627 = AXIS2_PLACEMENT_3D('',#1628,#1629,#1630);
#1628 = CARTESIAN_POINT('',(0.,-17.2,0.));
#1629 = DIRECTION('',(0.,1.,0.));
#1630 = DIRECTION('',(0.,-0.,1.));
#1631 = DEFINITIONAL_REPRESENTATION('',(#1632),#1636);
#1632 = LINE('',#1633,#1634);
#1633 = CARTESIAN_POINT('',(0.,2.5));
#1634 = VECTOR('',#1635,1.);
#1635 = DIRECTION('',(1.,0.));
#1636 = ( GEOMETRIC_REPRESENTATION_CONTEXT(2) 
PARAMETRIC_REPRESENTATION_CONTEXT() REPRESENTATION_CONTEXT('2D SPACE',''
  ) );
#1637 = ORIENTED_EDGE('',*,*,#1638,.F.);
#1638 = EDGE_CURVE('',#1639,#1608,#1641,.T.);
#1639 = VERTEX_POINT('',#1640);
#1640 = CARTESIAN_POINT('',(78.6,-14.7,0.6));
#1641 = SURFACE_CURVE('',#1642,(#1646,#1653),.PCURVE_S1.);
#1642 = LINE('',#1643,#1644);
#1643 = CARTESIAN_POINT('',(78.6,-14.7,-90.));
#1644 = VECTOR('',#1645,1.);
#1645 = DIRECTION('',(0.,0.,1.));
#1646 = PCURVE('',#43,#1647);
#1647 = DEFINITIONAL_REPRESENTATION('',(#1648),#1652);
#1648 = LINE('',#1649,#1650);
#1649 = CARTESIAN_POINT('',(-90.,78.6));
#1650 = VECTOR('',#1651,1.);
#1651 = DIRECTION('',(1.,0.));
#1652 = ( GEOMETRIC_REPRESENTATION_CONTEXT(2) 
PARAMETRIC_REPRESENTATION_CONTEXT() REPRESENTATION_CONTEXT('2D SPACE',''
  ) );
#1653 = PCURVE('',#1654,#1659);
#1654 = PLANE('',#1655);
#1655 = AXIS2_PLACEMENT_3D('',#1656,#1657,#1658);
#1656 = CARTESIAN_POINT('',(78.6,-17.1,-90.));
#1657 = DIRECTION('',(1.,0.,0.));
#1658 = DIRECTION('',(0.,0.,1.));
#1659 = DEFINITIONAL_REPRESENTATION('',(#1660),#1664);
#1660 = LINE('',#1661,#1662);
#1661 = CARTESIAN_POINT('',(0.,-2.4));
#1662 = VECTOR('',#1663,1.);
#1663 = DIRECTION('',(1.,0.));
#1664 = ( GEOMETRIC_REPRESENTATION_CONTEXT(2) 
PARAMETRIC_REPRESENTATION_CONTEXT() REPRESENTATION_CONTEXT('2D SPACE',''
  ) );
#1665 = ORIENTED_EDGE('',*,*,#1666,.T.);
#1666 = EDGE_CURVE('',#1639,#1667,#1669,.T.);
#1667 = VERTEX_POINT('',#1668);
#1668 = CARTESIAN_POINT('',(83.4,-14.7,0.6));
#1669 = SURFACE_CURVE('',#1670,(#1674,#1681),.PCURVE_S1.);
#1670 = LINE('',#1671,#1672);
#1671 = CARTESIAN_POINT('',(-95.,-14.7,0.6));
#1672 = VECTOR('',#1673,1.);
#1673 = DIRECTION('',(1.,0.,0.));
#1674 = PCURVE('',#43,#1675);
#1675 = DEFINITIONAL_REPRESENTATION('',(#1676),#1680);
#1676 = LINE('',#1677,#1678);
#1677 = CARTESIAN_POINT('',(0.6,-95.));
#1678 = VECTOR('',#1679,1.);
#1679 = DIRECTION('',(0.,1.));
#1680 = ( GEOMETRIC_REPRESENTATION_CONTEXT(2) 
PARAMETRIC_REPRESENTATION_CONTEXT() REPRESENTATION_CONTEXT('2D SPACE',''
  ) );
#1681 = PCURVE('',#1682,#1687);
#1682 = PLANE('',#1683);
#1683 = AXIS2_PLACEMENT_3D('',#1684,#1685,#1686);
#1684 = CARTESIAN_POINT('',(-95.,-17.1,0.6));
#1685 = DIRECTION('',(0.,0.,1.));
#1686 = DIRECTION('',(1.,0.,0.));
#1687 = DEFINITIONAL_REPRESENTATION('',(#1688),#1692);
#1688 = LINE('',#1689,#1690);
#1689 = CARTESIAN_POINT('',(0.,2.4));
#1690 = VECTOR('',#1691,1.);
#1691 = DIRECTION('',(1.,0.));
#1692 = ( GEOMETRIC_REPRESENTATION_CONTEXT(2) 
PARAMETRIC_REPRESENTATION_CONTEXT() REPRESENTATION_CONTEXT('2D SPACE',''
  ) );
#1693 = ORIENTED_EDGE('',*,*,#1694,.T.);
#1694 = EDGE_CURVE('',#1667,#1610,#1695,.T.);
#1695 = SURFACE_CURVE('',#1696,(#1700,#1707),.PCURVE_S1.);
#1696 = LINE('',#1697,#1698);
#1697 = CARTESIAN_POINT('',(83.4,-14.7,-90.));
#1698 = VECTOR('',#1699,1.);
#1699 = DIRECTION('',(0.,0.,1.));
#1700 = PCURVE('',#43,#1701);
#1701 = DEFINITIONAL_REPRESENTATION('',(#1702),#1706);
#1702 = LINE('',#1703,#1704);
#1703 = CARTESIAN_POINT('',(-90.,83.4));
#1704 = VECTOR('',#1705,1.);
#1705 = DIRECTION('',(1.,0.));
#1706 = ( GEOMETRIC_REPRESENTATION_CONTEXT(2) 
PARAMETRIC_REPRESENTATION_CONTEXT() REPRESENTATION_CONTEXT('2D SPACE',''
  ) );
#1707 = PCURVE('',#1708,#1713);
#1708 = PLANE('',#1709);
#1709 = AXIS2_PLACEMENT_3D('',#1710,#1711,#1712);
#1710 = CARTESIAN_POINT('',(83.4,-17.1,-90.));
#1711 = DIRECTION('',(1.,0.,0.));
#1712 = DIRECTION('',(0.,0.,1.));
#1713 = DEFINITIONAL_REPRESENTATION('',(#1714),#1718);
#1714 = LINE('',#1715,#1716);
#1715 = CARTESIAN_POINT('',(0.,-2.4));
#1716 = VECTOR('',#1717,1.);
#1717 = DIRECTION('',(1.,0.));
#1718 = ( GEOMETRIC_REPRESENTATION_CONTEXT(2) 
PARAMETRIC_REPRESENTATION_CONTEXT() REPRESENTATION_CONTEXT('2D SPACE',''
  ) );
#1719 = FACE_BOUND('',#1720,.T.);
#1720 = EDGE_LOOP('',(#1721,#1752,#1780));
#1721 = ORIENTED_EDGE('',*,*,#1722,.F.);
#1722 = EDGE_CURVE('',#1723,#1725,#1727,.T.);
#1723 = VERTEX_POINT('',#1724);
#1724 = CARTESIAN_POINT('',(84.6,-14.7,20.293841430344));
#1725 = VERTEX_POINT('',#1726);
#1726 = CARTESIAN_POINT('',(86.997931009881,-14.7,0.600000000001));
#1727 = SURFACE_CURVE('',#1728,(#1733,#1740),.PCURVE_S1.);
#1728 = CIRCLE('',#1729,87.);
#1729 = AXIS2_PLACEMENT_3D('',#1730,#1731,#1732);
#1730 = CARTESIAN_POINT('',(0.,-14.7,0.));
#1731 = DIRECTION('',(0.,1.,0.));
#1732 = DIRECTION('',(0.,-0.,1.));
#1733 = PCURVE('',#43,#1734);
#1734 = DEFINITIONAL_REPRESENTATION('',(#1735),#1739);
#1735 = CIRCLE('',#1736,87.);
#1736 = AXIS2_PLACEMENT_2D('',#1737,#1738);
#1737 = CARTESIAN_POINT('',(0.,0.));
#1738 = DIRECTION('',(1.,0.));
#1739 = ( GEOMETRIC_REPRESENTATION_CONTEXT(2) 
PARAMETRIC_REPRESENTATION_CONTEXT() REPRESENTATION_CONTEXT('2D SPACE',''
  ) );
#1740 = PCURVE('',#1741,#1746);
#1741 = CYLINDRICAL_SURFACE('',#1742,87.);
#1742 = AXIS2_PLACEMENT_3D('',#1743,#1744,#1745);
#1743 = CARTESIAN_POINT('',(0.,-17.2,0.));
#1744 = DIRECTION('',(0.,1.,0.));
#1745 = DIRECTION('',(0.,-0.,1.));
#1746 = DEFINITIONAL_REPRESENTATION('',(#1747),#1751);
#1747 = LINE('',#1748,#1749);
#1748 = CARTESIAN_POINT('',(0.,2.5));
#1749 = VECTOR('',#1750,1.);
#1750 = DIRECTION('',(1.,0.));
#1751 = ( GEOMETRIC_REPRESENTATION_CONTEXT(2) 
PARAMETRIC_REPRESENTATION_CONTEXT() REPRESENTATION_CONTEXT('2D SPACE',''
  ) );
#1752 = ORIENTED_EDGE('',*,*,#1753,.F.);
#1753 = EDGE_CURVE('',#1754,#1723,#1756,.T.);
#1754 = VERTEX_POINT('',#1755);
#1755 = CARTESIAN_POINT('',(84.6,-14.7,0.6));
#1756 = SURFACE_CURVE('',#1757,(#1761,#1768),.PCURVE_S1.);
#1757 = LINE('',#1758,#1759);
#1758 = CARTESIAN_POINT('',(84.6,-14.7,-90.));
#1759 = VECTOR('',#1760,1.);
#1760 = DIRECTION('',(0.,0.,1.));
#1761 = PCURVE('',#43,#1762);
#1762 = DEFINITIONAL_REPRESENTATION('',(#1763),#1767);
#1763 = LINE('',#1764,#1765);
#1764 = CARTESIAN_POINT('',(-90.,84.6));
#1765 = VECTOR('',#1766,1.);
#1766 = DIRECTION('',(1.,0.));
#1767 = ( GEOMETRIC_REPRESENTATION_CONTEXT(2) 
PARAMETRIC_REPRESENTATION_CONTEXT() REPRESENTATION_CONTEXT('2D SPACE',''
  ) );
#1768 = PCURVE('',#1769,#1774);
#1769 = PLANE('',#1770);
#1770 = AXIS2_PLACEMENT_3D('',#1771,#1772,#1773);
#1771 = CARTESIAN_POINT('',(84.6,-17.1,-90.));
#1772 = DIRECTION('',(1.,0.,0.));
#1773 = DIRECTION('',(0.,0.,1.));
#1774 = DEFINITIONAL_REPRESENTATION('',(#1775),#1779);
#1775 = LINE('',#1776,#1777);
#1776 = CARTESIAN_POINT('',(0.,-2.4));
#1777 = VECTOR('',#1778,1.);
#1778 = DIRECTION('',(1.,0.));
#1779 = ( GEOMETRIC_REPRESENTATION_CONTEXT(2) 
PARAMETRIC_REPRESENTATION_CONTEXT() REPRESENTATION_CONTEXT('2D SPACE',''
  ) );
#1780 = ORIENTED_EDGE('',*,*,#1781,.T.);
#1781 = EDGE_CURVE('',#1754,#1725,#1782,.T.);
#1782 = SURFACE_CURVE('',#1783,(#1787,#1794),.PCURVE_S1.);
#1783 = LINE('',#1784,#1785);
#1784 = CARTESIAN_POINT('',(-95.,-14.7,0.6));
#1785 = VECTOR('',#1786,1.);
#1786 = DIRECTION('',(1.,0.,0.));
#1787 = PCURVE('',#43,#1788);
#1788 = DEFINITIONAL_REPRESENTATION('',(#1789),#1793);
#1789 = LINE('',#1790,#1791);
#1790 = CARTESIAN_POINT('',(0.6,-95.));
#1791 = VECTOR('',#1792,1.);
#1792 = DIRECTION('',(0.,1.));
#1793 = ( GEOMETRIC_REPRESENTATION_CONTEXT(2) 
PARAMETRIC_REPRESENTATION_CONTEXT() REPRESENTATION_CONTEXT('2D SPACE',''
  ) );
#1794 = PCURVE('',#1795,#1800);
#1795 = PLANE('',#1796);
#1796 = AXIS2_PLACEMENT_3D('',#1797,#1798,#1799);
#1797 = CARTESIAN_POINT('',(-95.,-17.1,0.6));
#1798 = DIRECTION('',(0.,0.,1.));
#1799 = DIRECTION('',(1.,0.,0.));
#1800 = DEFINITIONAL_REPRESENTATION('',(#1801),#1805);
#1801 = LINE('',#1802,#1803);
#1802 = CARTESIAN_POINT('',(0.,2.4));
#1803 = VECTOR('',#1804,1.);
#1804 = DIRECTION('',(1.,0.));
#1805 = ( GEOMETRIC_REPRESENTATION_CONTEXT(2) 
PARAMETRIC_REPRESENTATION_CONTEXT() REPRESENTATION_CONTEXT('2D SPACE',''
  ) );
#1806 = FACE_BOUND('',#1807,.T.);
#1807 = EDGE_LOOP('',(#1808,#1839,#1867));
#1808 = ORIENTED_EDGE('',*,*,#1809,.F.);
#1809 = EDGE_CURVE('',#1810,#1812,#1814,.T.);
#1810 = VERTEX_POINT('',#1811);
#1811 = CARTESIAN_POINT('',(86.997931009881,-14.7,-0.599999999999));
#1812 = VERTEX_POINT('',#1813);
#1813 = CARTESIAN_POINT('',(84.600000000001,-14.7,-20.29384143033));
#1814 = SURFACE_CURVE('',#1815,(#1820,#1827),.PCURVE_S1.);
#1815 = CIRCLE('',#1816,87.);
#1816 = AXIS2_PLACEMENT_3D('',#1817,#1818,#1819);
#1817 = CARTESIAN_POINT('',(0.,-14.7,0.));
#1818 = DIRECTION('',(0.,1.,0.));
#1819 = DIRECTION('',(0.,-0.,1.));
#1820 = PCURVE('',#43,#1821);
#1821 = DEFINITIONAL_REPRESENTATION('',(#1822),#1826);
#1822 = CIRCLE('',#1823,87.);
#1823 = AXIS2_PLACEMENT_2D('',#1824,#1825);
#1824 = CARTESIAN_POINT('',(0.,0.));
#1825 = DIRECTION('',(1.,0.));
#1826 = ( GEOMETRIC_REPRESENTATION_CONTEXT(2) 
PARAMETRIC_REPRESENTATION_CONTEXT() REPRESENTATION_CONTEXT('2D SPACE',''
  ) );
#1827 = PCURVE('',#1828,#1833);
#1828 = CYLINDRICAL_SURFACE('',#1829,87.);
#1829 = AXIS2_PLACEMENT_3D('',#1830,#1831,#1832);
#1830 = CARTESIAN_POINT('',(0.,-17.2,0.));
#1831 = DIRECTION('',(0.,1.,0.));
#1832 = DIRECTION('',(0.,-0.,1.));
#1833 = DEFINITIONAL_REPRESENTATION('',(#1834),#1838);
#1834 = LINE('',#1835,#1836);
#1835 = CARTESIAN_POINT('',(0.,2.5));
#1836 = VECTOR('',#1837,1.);
#1837 = DIRECTION('',(1.,0.));
#1838 = ( GEOMETRIC_REPRESENTATION_CONTEXT(2) 
PARAMETRIC_REPRESENTATION_CONTEXT() REPRESENTATION_CONTEXT('2D SPACE',''
  ) );
#1839 = ORIENTED_EDGE('',*,*,#1840,.F.);
#1840 = EDGE_CURVE('',#1841,#1810,#1843,.T.);
#1841 = VERTEX_POINT('',#1842);
#1842 = CARTESIAN_POINT('',(84.6,-14.7,-0.6));
#1843 = SURFACE_CURVE('',#1844,(#1848,#1855),.PCURVE_S1.);
#1844 = LINE('',#1845,#1846);
#1845 = CARTESIAN_POINT('',(-95.,-14.7,-0.6));
#1846 = VECTOR('',#1847,1.);
#1847 = DIRECTION('',(1.,0.,0.));
#1848 = PCURVE('',#43,#1849);
#1849 = DEFINITIONAL_REPRESENTATION('',(#1850),#1854);
#1850 = LINE('',#1851,#1852);
#1851 = CARTESIAN_POINT('',(-0.6,-95.));
#1852 = VECTOR('',#1853,1.);
#1853 = DIRECTION('',(0.,1.));
#1854 = ( GEOMETRIC_REPRESENTATION_CONTEXT(2) 
PARAMETRIC_REPRESENTATION_CONTEXT() REPRESENTATION_CONTEXT('2D SPACE',''
  ) );
#1855 = PCURVE('',#1856,#1861);
#1856 = PLANE('',#1857);
#1857 = AXIS2_PLACEMENT_3D('',#1858,#1859,#1860);
#1858 = CARTESIAN_POINT('',(-95.,-17.1,-0.6));
#1859 = DIRECTION('',(0.,0.,1.));
#1860 = DIRECTION('',(1.,0.,0.));
#1861 = DEFINITIONAL_REPRESENTATION('',(#1862),#1866);
#1862 = LINE('',#1863,#1864);
#1863 = CARTESIAN_POINT('',(0.,2.4));
#1864 = VECTOR('',#1865,1.);
#1865 = DIRECTION('',(1.,0.));
#1866 = ( GEOMETRIC_REPRESENTATION_CONTEXT(2) 
PARAMETRIC_REPRESENTATION_CONTEXT() REPRESENTATION_CONTEXT('2D SPACE',''
  ) );
#1867 = ORIENTED_EDGE('',*,*,#1868,.F.);
#1868 = EDGE_CURVE('',#1812,#1841,#1869,.T.);
#1869 = SURFACE_CURVE('',#1870,(#1874,#1881),.PCURVE_S1.);
#1870 = LINE('',#1871,#1872);
#1871 = CARTESIAN_POINT('',(84.6,-14.7,-90.));
#1872 = VECTOR('',#1873,1.);
#1873 = DIRECTION('',(0.,0.,1.));
#1874 = PCURVE('',#43,#1875);
#1875 = DEFINITIONAL_REPRESENTATION('',(#1876),#1880);
#1876 = LINE('',#1877,#1878);
#1877 = CARTESIAN_POINT('',(-90.,84.6));
#1878 = VECTOR('',#1879,1.);
#1879 = DIRECTION('',(1.,0.));
#1880 = ( GEOMETRIC_REPRESENTATION_CONTEXT(2) 
PARAMETRIC_REPRESENTATION_CONTEXT() REPRESENTATION_CONTEXT('2D SPACE',''
  ) );
#1881 = PCURVE('',#1882,#1887);
#1882 = PLANE('',#1883);
#1883 = AXIS2_PLACEMENT_3D('',#1884,#1885,#1886);
#1884 = CARTESIAN_POINT('',(84.6,-17.1,-90.));
#1885 = DIRECTION('',(1.,0.,0.));
#1886 = DIRECTION('',(0.,0.,1.));
#1887 = DEFINITIONAL_REPRESENTATION('',(#1888),#1892);
#1888 = LINE('',#1889,#1890);
#1889 = CARTESIAN_POINT('',(0.,-2.4));
#1890 = VECTOR('',#1891,1.);
#1891 = DIRECTION('',(1.,0.));
#1892 = ( GEOMETRIC_REPRESENTATION_CONTEXT(2) 
PARAMETRIC_REPRESENTATION_CONTEXT() REPRESENTATION_CONTEXT('2D SPACE',''
  ) );
#1893 = FACE_BOUND('',#1894,.T.);
#1894 = EDGE_LOOP('',(#1895,#1926,#1954,#1982));
#1895 = ORIENTED_EDGE('',*,*,#1896,.F.);
#1896 = EDGE_CURVE('',#1897,#1899,#1901,.T.);
#1897 = VERTEX_POINT('',#1898);
#1898 = CARTESIAN_POINT('',(83.4,-14.7,-24.76772092866));
#1899 = VERTEX_POINT('',#1900);
#1900 = CARTESIAN_POINT('',(78.599999999999,-14.7,-37.29664864301));
#1901 = SURFACE_CURVE('',#1902,(#1907,#1914),.PCURVE_S1.);
#1902 = CIRCLE('',#1903,87.);
#1903 = AXIS2_PLACEMENT_3D('',#1904,#1905,#1906);
#1904 = CARTESIAN_POINT('',(0.,-14.7,0.));
#1905 = DIRECTION('',(0.,1.,0.));
#1906 = DIRECTION('',(0.,-0.,1.));
#1907 = PCURVE('',#43,#1908);
#1908 = DEFINITIONAL_REPRESENTATION('',(#1909),#1913);
#1909 = CIRCLE('',#1910,87.);
#1910 = AXIS2_PLACEMENT_2D('',#1911,#1912);
#1911 = CARTESIAN_POINT('',(0.,0.));
#1912 = DIRECTION('',(1.,0.));
#1913 = ( GEOMETRIC_REPRESENTATION_CONTEXT(2) 
PARAMETRIC_REPRESENTATION_CONTEXT() REPRESENTATION_CONTEXT('2D SPACE',''
  ) );
#1914 = PCURVE('',#1915,#1920);
#1915 = CYLINDRICAL_SURFACE('',#1916,87.);
#1916 = AXIS2_PLACEMENT_3D('',#1917,#1918,#1919);
#1917 = CARTESIAN_POINT('',(0.,-17.2,0.));
#1918 = DIRECTION('',(0.,1.,0.));
#1919 = DIRECTION('',(0.,-0.,1.));
#1920 = DEFINITIONAL_REPRESENTATION('',(#1921),#1925);
#1921 = LINE('',#1922,#1923);
#1922 = CARTESIAN_POINT('',(0.,2.5));
#1923 = VECTOR('',#1924,1.);
#1924 = DIRECTION('',(1.,0.));
#1925 = ( GEOMETRIC_REPRESENTATION_CONTEXT(2) 
PARAMETRIC_REPRESENTATION_CONTEXT() REPRESENTATION_CONTEXT('2D SPACE',''
  ) );
#1926 = ORIENTED_EDGE('',*,*,#1927,.T.);
#1927 = EDGE_CURVE('',#1897,#1928,#1930,.T.);
#1928 = VERTEX_POINT('',#1929);
#1929 = CARTESIAN_POINT('',(83.4,-14.7,-0.6));
#1930 = SURFACE_CURVE('',#1931,(#1935,#1942),.PCURVE_S1.);
#1931 = LINE('',#1932,#1933);
#1932 = CARTESIAN_POINT('',(83.4,-14.7,-90.));
#1933 = VECTOR('',#1934,1.);
#1934 = DIRECTION('',(0.,0.,1.));
#1935 = PCURVE('',#43,#1936);
#1936 = DEFINITIONAL_REPRESENTATION('',(#1937),#1941);
#1937 = LINE('',#1938,#1939);
#1938 = CARTESIAN_POINT('',(-90.,83.4));
#1939 = VECTOR('',#1940,1.);
#1940 = DIRECTION('',(1.,0.));
#1941 = ( GEOMETRIC_REPRESENTATION_CONTEXT(2) 
PARAMETRIC_REPRESENTATION_CONTEXT() REPRESENTATION_CONTEXT('2D SPACE',''
  ) );
#1942 = PCURVE('',#1943,#1948);
#1943 = PLANE('',#1944);
#1944 = AXIS2_PLACEMENT_3D('',#1945,#1946,#1947);
#1945 = CARTESIAN_POINT('',(83.4,-17.1,-90.));
#1946 = DIRECTION('',(1.,0.,0.));
#1947 = DIRECTION('',(0.,0.,1.));
#1948 = DEFINITIONAL_REPRESENTATION('',(#1949),#1953);
#1949 = LINE('',#1950,#1951);
#1950 = CARTESIAN_POINT('',(0.,-2.4));
#1951 = VECTOR('',#1952,1.);
#1952 = DIRECTION('',(1.,0.));
#1953 = ( GEOMETRIC_REPRESENTATION_CONTEXT(2) 
PARAMETRIC_REPRESENTATION_CONTEXT() REPRESENTATION_CONTEXT('2D SPACE',''
  ) );
#1954 = ORIENTED_EDGE('',*,*,#1955,.F.);
#1955 = EDGE_CURVE('',#1956,#1928,#1958,.T.);
#1956 = VERTEX_POINT('',#1957);
#1957 = CARTESIAN_POINT('',(78.6,-14.7,-0.6));
#1958 = SURFACE_CURVE('',#1959,(#1963,#1970),.PCURVE_S1.);
#1959 = LINE('',#1960,#1961);
#1960 = CARTESIAN_POINT('',(-95.,-14.7,-0.6));
#1961 = VECTOR('',#1962,1.);
#1962 = DIRECTION('',(1.,0.,0.));
#1963 = PCURVE('',#43,#1964);
#1964 = DEFINITIONAL_REPRESENTATION('',(#1965),#1969);
#1965 = LINE('',#1966,#1967);
#1966 = CARTESIAN_POINT('',(-0.6,-95.));
#1967 = VECTOR('',#1968,1.);
#1968 = DIRECTION('',(0.,1.));
#1969 = ( GEOMETRIC_REPRESENTATION_CONTEXT(2) 
PARAMETRIC_REPRESENTATION_CONTEXT() REPRESENTATION_CONTEXT('2D SPACE',''
  ) );
#1970 = PCURVE('',#1971,#1976);
#1971 = PLANE('',#1972);
#1972 = AXIS2_PLACEMENT_3D('',#1973,#1974,#1975);
#1973 = CARTESIAN_POINT('',(-95.,-17.1,-0.6));
#1974 = DIRECTION('',(0.,0.,1.));
#1975 = DIRECTION('',(1.,0.,0.));
#1976 = DEFINITIONAL_REPRESENTATION('',(#1977),#1981);
#1977 = LINE('',#1978,#1979);
#1978 = CARTESIAN_POINT('',(0.,2.4));
#1979 = VECTOR('',#1980,1.);
#1980 = DIRECTION('',(1.,0.));
#1981 = ( GEOMETRIC_REPRESENTATION_CONTEXT(2) 
PARAMETRIC_REPRESENTATION_CONTEXT() REPRESENTATION_CONTEXT('2D SPACE',''
  ) );
#1982 = ORIENTED_EDGE('',*,*,#1983,.F.);
#1983 = EDGE_CURVE('',#1899,#1956,#1984,.T.);
#1984 = SURFACE_CURVE('',#1985,(#1989,#1996),.PCURVE_S1.);
#1985 = LINE('',#1986,#1987);
#1986 = CARTESIAN_POINT('',(78.6,-14.7,-90.));
#1987 = VECTOR('',#1988,1.);
#1988 = DIRECTION('',(0.,0.,1.));
#1989 = PCURVE('',#43,#1990);
#1990 = DEFINITIONAL_REPRESENTATION('',(#1991),#1995);
#1991 = LINE('',#1992,#1993);
#1992 = CARTESIAN_POINT('',(-90.,78.6));
#1993 = VECTOR('',#1994,1.);
#1994 = DIRECTION('',(1.,0.));
#1995 = ( GEOMETRIC_REPRESENTATION_CONTEXT(2) 
PARAMETRIC_REPRESENTATION_CONTEXT() REPRESENTATION_CONTEXT('2D SPACE',''
  ) );
#1996 = PCURVE('',#1997,#2002);
#1997 = PLANE('',#1998);
#1998 = AXIS2_PLACEMENT_3D('',#1999,#2000,#2001);
#1999 = CARTESIAN_POINT('',(78.6,-17.1,-90.));
#2000 = DIRECTION('',(1.,0.,0.));
#2001 = DIRECTION('',(0.,0.,1.));
#2002 = DEFINITIONAL_REPRESENTATION('',(#2003),#2007);
#2003 = LINE('',#2004,#2005);
#2004 = CARTESIAN_POINT('',(0.,-2.4));
#2005 = VECTOR('',#2006,1.);
#2006 = DIRECTION('',(1.,0.));
#2007 = ( GEOMETRIC_REPRESENTATION_CONTEXT(2) 
PARAMETRIC_REPRESENTATION_CONTEXT() REPRESENTATION_CONTEXT('2D SPACE',''
  ) );
#2008 = FACE_BOUND('',#2009,.T.);
#2009 = EDGE_LOOP('',(#2010,#2041,#2069,#2097));
#2010 = ORIENTED_EDGE('',*,*,#2011,.F.);
#2011 = EDGE_CURVE('',#2012,#2014,#2016,.T.);
#2012 = VERTEX_POINT('',#2013);
#2013 = CARTESIAN_POINT('',(77.4,-14.7,-39.72706885739));
#2014 = VERTEX_POINT('',#2015);
#2015 = CARTESIAN_POINT('',(72.600000000001,-14.7,-47.93996245304));
#2016 = SURFACE_CURVE('',#2017,(#2022,#2029),.PCURVE_S1.);
#2017 = CIRCLE('',#2018,87.);
#2018 = AXIS2_PLACEMENT_3D('',#2019,#2020,#2021);
#2019 = CARTESIAN_POINT('',(0.,-14.7,0.));
#2020 = DIRECTION('',(0.,1.,0.));
#2021 = DIRECTION('',(0.,-0.,1.));
#2022 = PCURVE('',#43,#2023);
#2023 = DEFINITIONAL_REPRESENTATION('',(#2024),#2028);
#2024 = CIRCLE('',#2025,87.);
#2025 = AXIS2_PLACEMENT_2D('',#2026,#2027);
#2026 = CARTESIAN_POINT('',(0.,0.));
#2027 = DIRECTION('',(1.,0.));
#2028 = ( GEOMETRIC_REPRESENTATION_CONTEXT(2) 
PARAMETRIC_REPRESENTATION_CONTEXT() REPRESENTATION_CONTEXT('2D SPACE',''
  ) );
#2029 = PCURVE('',#2030,#2035);
#2030 = CYLINDRICAL_SURFACE('',#2031,87.);
#2031 = AXIS2_PLACEMENT_3D('',#2032,#2033,#2034);
#2032 = CARTESIAN_POINT('',(0.,-17.2,0.));
#2033 = DIRECTION('',(0.,1.,0.));
#2034 = DIRECTION('',(0.,-0.,1.));
#2035 = DEFINITIONAL_REPRESENTATION('',(#2036),#2040);
#2036 = LINE('',#2037,#2038);
#2037 = CARTESIAN_POINT('',(0.,2.5));
#2038 = VECTOR('',#2039,1.);
#2039 = DIRECTION('',(1.,0.));
#2040 = ( GEOMETRIC_REPRESENTATION_CONTEXT(2) 
PARAMETRIC_REPRESENTATION_CONTEXT() REPRESENTATION_CONTEXT('2D SPACE',''
  ) );
#2041 = ORIENTED_EDGE('',*,*,#2042,.T.);
#2042 = EDGE_CURVE('',#2012,#2043,#2045,.T.);
#2043 = VERTEX_POINT('',#2044);
#2044 = CARTESIAN_POINT('',(77.4,-14.7,-0.6));
#2045 = SURFACE_CURVE('',#2046,(#2050,#2057),.PCURVE_S1.);
#2046 = LINE('',#2047,#2048);
#2047 = CARTESIAN_POINT('',(77.4,-14.7,-90.));
#2048 = VECTOR('',#2049,1.);
#2049 = DIRECTION('',(0.,0.,1.));
#2050 = PCURVE('',#43,#2051);
#2051 = DEFINITIONAL_REPRESENTATION('',(#2052),#2056);
#2052 = LINE('',#2053,#2054);
#2053 = CARTESIAN_POINT('',(-90.,77.4));
#2054 = VECTOR('',#2055,1.);
#2055 = DIRECTION('',(1.,0.));
#2056 = ( GEOMETRIC_REPRESENTATION_CONTEXT(2) 
PARAMETRIC_REPRESENTATION_CONTEXT() REPRESENTATION_CONTEXT('2D SPACE',''
  ) );
#2057 = PCURVE('',#2058,#2063);
#2058 = PLANE('',#2059);
#2059 = AXIS2_PLACEMENT_3D('',#2060,#2061,#2062);
#2060 = CARTESIAN_POINT('',(77.4,-17.1,-90.));
#2061 = DIRECTION('',(1.,0.,0.));
#2062 = DIRECTION('',(0.,0.,1.));
#2063 = DEFINITIONAL_REPRESENTATION('',(#2064),#2068);
#2064 = LINE('',#2065,#2066);
#2065 = CARTESIAN_POINT('',(0.,-2.4));
#2066 = VECTOR('',#2067,1.);
#2067 = DIRECTION('',(1.,0.));
#2068 = ( GEOMETRIC_REPRESENTATION_CONTEXT(2) 
PARAMETRIC_REPRESENTATION_CONTEXT() REPRESENTATION_CONTEXT('2D SPACE',''
  ) );
#2069 = ORIENTED_EDGE('',*,*,#2070,.F.);
#2070 = EDGE_CURVE('',#2071,#2043,#2073,.T.);
#2071 = VERTEX_POINT('',#2072);
#2072 = CARTESIAN_POINT('',(72.6,-14.7,-0.6));
#2073 = SURFACE_CURVE('',#2074,(#2078,#2085),.PCURVE_S1.);
#2074 = LINE('',#2075,#2076);
#2075 = CARTESIAN_POINT('',(-95.,-14.7,-0.6));
#2076 = VECTOR('',#2077,1.);
#2077 = DIRECTION('',(1.,0.,0.));
#2078 = PCURVE('',#43,#2079);
#2079 = DEFINITIONAL_REPRESENTATION('',(#2080),#2084);
#2080 = LINE('',#2081,#2082);
#2081 = CARTESIAN_POINT('',(-0.6,-95.));
#2082 = VECTOR('',#2083,1.);
#2083 = DIRECTION('',(0.,1.));
#2084 = ( GEOMETRIC_REPRESENTATION_CONTEXT(2) 
PARAMETRIC_REPRESENTATION_CONTEXT() REPRESENTATION_CONTEXT('2D SPACE',''
  ) );
#2085 = PCURVE('',#2086,#2091);
#2086 = PLANE('',#2087);
#2087 = AXIS2_PLACEMENT_3D('',#2088,#2089,#2090);
#2088 = CARTESIAN_POINT('',(-95.,-17.1,-0.6));
#2089 = DIRECTION('',(0.,0.,1.));
#2090 = DIRECTION('',(1.,0.,0.));
#2091 = DEFINITIONAL_REPRESENTATION('',(#2092),#2096);
#2092 = LINE('',#2093,#2094);
#2093 = CARTESIAN_POINT('',(0.,2.4));
#2094 = VECTOR('',#2095,1.);
#2095 = DIRECTION('',(1.,0.));
#2096 = ( GEOMETRIC_REPRESENTATION_CONTEXT(2) 
PARAMETRIC_REPRESENTATION_CONTEXT() REPRESENTATION_CONTEXT('2D SPACE',''
  ) );
#2097 = ORIENTED_EDGE('',*,*,#2098,.F.);
#2098 = EDGE_CURVE('',#2014,#2071,#2099,.T.);
#2099 = SURFACE_CURVE('',#2100,(#2104,#2111),.PCURVE_S1.);
#2100 = LINE('',#2101,#2102);
#2101 = CARTESIAN_POINT('',(72.6,-14.7,-90.));
#2102 = VECTOR('',#2103,1.);
#2103 = DIRECTION('',(0.,0.,1.));
#2104 = PCURVE('',#43,#2105);
#2105 = DEFINITIONAL_REPRESENTATION('',(#2106),#2110);
#2106 = LINE('',#2107,#2108);
#2107 = CARTESIAN_POINT('',(-90.,72.6));
#2108 = VECTOR('',#2109,1.);
#2109 = DIRECTION('',(1.,0.));
#2110 = ( GEOMETRIC_REPRESENTATION_CONTEXT(2) 
PARAMETRIC_REPRESENTATION_CONTEXT() REPRESENTATION_CONTEXT('2D SPACE',''
  ) );
#2111 = PCURVE('',#2112,#2117);
#2112 = PLANE('',#2113);
#2113 = AXIS2_PLACEMENT_3D('',#2114,#2115,#2116);
#2114 = CARTESIAN_POINT('',(72.6,-17.1,-90.));
#2115 = DIRECTION('',(1.,0.,0.));
#2116 = DIRECTION('',(0.,0.,1.));
#2117 = DEFINITIONAL_REPRESENTATION('',(#2118),#2122);
#2118 = LINE('',#2119,#2120);
#2119 = CARTESIAN_POINT('',(0.,-2.4));
#2120 = VECTOR('',#2121,1.);
#2121 = DIRECTION('',(1.,0.));
#2122 = ( GEOMETRIC_REPRESENTATION_CONTEXT(2) 
PARAMETRIC_REPRESENTATION_CONTEXT() REPRESENTATION_CONTEXT('2D SPACE',''
  ) );
#2123 = FACE_BOUND('',#2124,.T.);
#2124 = EDGE_LOOP('',(#2125,#2156,#2184,#2212));
#2125 = ORIENTED_EDGE('',*,*,#2126,.F.);
#2126 = EDGE_CURVE('',#2127,#2129,#2131,.T.);
#2127 = VERTEX_POINT('',#2128);
#2128 = CARTESIAN_POINT('',(71.399999999998,-14.7,-49.7095564253));
#2129 = VERTEX_POINT('',#2130);
#2130 = CARTESIAN_POINT('',(66.599999999999,-14.7,-55.97713819051));
#2131 = SURFACE_CURVE('',#2132,(#2137,#2144),.PCURVE_S1.);
#2132 = CIRCLE('',#2133,87.);
#2133 = AXIS2_PLACEMENT_3D('',#2134,#2135,#2136);
#2134 = CARTESIAN_POINT('',(0.,-14.7,0.));
#2135 = DIRECTION('',(0.,1.,0.));
#2136 = DIRECTION('',(0.,-0.,1.));
#2137 = PCURVE('',#43,#2138);
#2138 = DEFINITIONAL_REPRESENTATION('',(#2139),#2143);
#2139 = CIRCLE('',#2140,87.);
#2140 = AXIS2_PLACEMENT_2D('',#2141,#2142);
#2141 = CARTESIAN_POINT('',(0.,0.));
#2142 = DIRECTION('',(1.,0.));
#2143 = ( GEOMETRIC_REPRESENTATION_CONTEXT(2) 
PARAMETRIC_REPRESENTATION_CONTEXT() REPRESENTATION_CONTEXT('2D SPACE',''
  ) );
#2144 = PCURVE('',#2145,#2150);
#2145 = CYLINDRICAL_SURFACE('',#2146,87.);
#2146 = AXIS2_PLACEMENT_3D('',#2147,#2148,#2149);
#2147 = CARTESIAN_POINT('',(0.,-17.2,0.));
#2148 = DIRECTION('',(0.,1.,0.));
#2149 = DIRECTION('',(0.,-0.,1.));
#2150 = DEFINITIONAL_REPRESENTATION('',(#2151),#2155);
#2151 = LINE('',#2152,#2153);
#2152 = CARTESIAN_POINT('',(0.,2.5));
#2153 = VECTOR('',#2154,1.);
#2154 = DIRECTION('',(1.,0.));
#2155 = ( GEOMETRIC_REPRESENTATION_CONTEXT(2) 
PARAMETRIC_REPRESENTATION_CONTEXT() REPRESENTATION_CONTEXT('2D SPACE',''
  ) );
#2156 = ORIENTED_EDGE('',*,*,#2157,.T.);
#2157 = EDGE_CURVE('',#2127,#2158,#2160,.T.);
#2158 = VERTEX_POINT('',#2159);
#2159 = CARTESIAN_POINT('',(71.4,-14.7,-0.6));
#2160 = SURFACE_CURVE('',#2161,(#2165,#2172),.PCURVE_S1.);
#2161 = LINE('',#2162,#2163);
#2162 = CARTESIAN_POINT('',(71.4,-14.7,-90.));
#2163 = VECTOR('',#2164,1.);
#2164 = DIRECTION('',(0.,0.,1.));
#2165 = PCURVE('',#43,#2166);
#2166 = DEFINITIONAL_REPRESENTATION('',(#2167),#2171);
#2167 = LINE('',#2168,#2169);
#2168 = CARTESIAN_POINT('',(-90.,71.4));
#2169 = VECTOR('',#2170,1.);
#2170 = DIRECTION('',(1.,0.));
#2171 = ( GEOMETRIC_REPRESENTATION_CONTEXT(2) 
PARAMETRIC_REPRESENTATION_CONTEXT() REPRESENTATION_CONTEXT('2D SPACE',''
  ) );
#2172 = PCURVE('',#2173,#2178);
#2173 = PLANE('',#2174);
#2174 = AXIS2_PLACEMENT_3D('',#2175,#2176,#2177);
#2175 = CARTESIAN_POINT('',(71.4,-17.1,-90.));
#2176 = DIRECTION('',(1.,0.,0.));
#2177 = DIRECTION('',(0.,0.,1.));
#2178 = DEFINITIONAL_REPRESENTATION('',(#2179),#2183);
#2179 = LINE('',#2180,#2181);
#2180 = CARTESIAN_POINT('',(0.,-2.4));
#2181 = VECTOR('',#2182,1.);
#2182 = DIRECTION('',(1.,0.));
#2183 = ( GEOMETRIC_REPRESENTATION_CONTEXT(2) 
PARAMETRIC_REPRESENTATION_CONTEXT() REPRESENTATION_CONTEXT('2D SPACE',''
  ) );
#2184 = ORIENTED_EDGE('',*,*,#2185,.F.);
#2185 = EDGE_CURVE('',#2186,#2158,#2188,.T.);
#2186 = VERTEX_POINT('',#2187);
#2187 = CARTESIAN_POINT('',(66.6,-14.7,-0.6));
#2188 = SURFACE_CURVE('',#2189,(#2193,#2200),.PCURVE_S1.);
#2189 = LINE('',#2190,#2191);
#2190 = CARTESIAN_POINT('',(-95.,-14.7,-0.6));
#2191 = VECTOR('',#2192,1.);
#2192 = DIRECTION('',(1.,0.,0.));
#2193 = PCURVE('',#43,#2194);
#2194 = DEFINITIONAL_REPRESENTATION('',(#2195),#2199);
#2195 = LINE('',#2196,#2197);
#2196 = CARTESIAN_POINT('',(-0.6,-95.));
#2197 = VECTOR('',#2198,1.);
#2198 = DIRECTION('',(0.,1.));
#2199 = ( GEOMETRIC_REPRESENTATION_CONTEXT(2) 
PARAMETRIC_REPRESENTATION_CONTEXT() REPRESENTATION_CONTEXT('2D SPACE',''
  ) );
#2200 = PCURVE('',#2201,#2206);
#2201 = PLANE('',#2202);
#2202 = AXIS2_PLACEMENT_3D('',#2203,#2204,#2205);
#2203 = CARTESIAN_POINT('',(-95.,-17.1,-0.6));
#2204 = DIRECTION('',(0.,0.,1.));
#2205 = DIRECTION('',(1.,0.,0.));
#2206 = DEFINITIONAL_REPRESENTATION('',(#2207),#2211);
#2207 = LINE('',#2208,#2209);
#2208 = CARTESIAN_POINT('',(0.,2.4));
#2209 = VECTOR('',#2210,1.);
#2210 = DIRECTION('',(1.,0.));
#2211 = ( GEOMETRIC_REPRESENTATION_CONTEXT(2) 
PARAMETRIC_REPRESENTATION_CONTEXT() REPRESENTATION_CONTEXT('2D SPACE',''
  ) );
#2212 = ORIENTED_EDGE('',*,*,#2213,.F.);
#2213 = EDGE_CURVE('',#2129,#2186,#2214,.T.);
#2214 = SURFACE_CURVE('',#2215,(#2219,#2226),.PCURVE_S1.);
#2215 = LINE('',#2216,#2217);
#2216 = CARTESIAN_POINT('',(66.6,-14.7,-90.));
#2217 = VECTOR('',#2218,1.);
#2218 = DIRECTION('',(0.,0.,1.));
#2219 = PCURVE('',#43,#2220);
#2220 = DEFINITIONAL_REPRESENTATION('',(#2221),#2225);
#2221 = LINE('',#2222,#2223);
#2222 = CARTESIAN_POINT('',(-90.,66.6));
#2223 = VECTOR('',#2224,1.);
#2224 = DIRECTION('',(1.,0.));
#2225 = ( GEOMETRIC_REPRESENTATION_CONTEXT(2) 
PARAMETRIC_REPRESENTATION_CONTEXT() REPRESENTATION_CONTEXT('2D SPACE',''
  ) );
#2226 = PCURVE('',#2227,#2232);
#2227 = PLANE('',#2228);
#2228 = AXIS2_PLACEMENT_3D('',#2229,#2230,#2231);
#2229 = CARTESIAN_POINT('',(66.6,-17.1,-90.));
#2230 = DIRECTION('',(1.,0.,0.));
#2231 = DIRECTION('',(0.,0.,1.));
#2232 = DEFINITIONAL_REPRESENTATION('',(#2233),#2237);
#2233 = LINE('',#2234,#2235);
#2234 = CARTESIAN_POINT('',(0.,-2.4));
#2235 = VECTOR('',#2236,1.);
#2236 = DIRECTION('',(1.,0.));
#2237 = ( GEOMETRIC_REPRESENTATION_CONTEXT(2) 
PARAMETRIC_REPRESENTATION_CONTEXT() REPRESENTATION_CONTEXT('2D SPACE',''
  ) );
#2238 = FACE_BOUND('',#2239,.T.);
#2239 = EDGE_LOOP('',(#2240,#2271,#2299,#2327));
#2240 = ORIENTED_EDGE('',*,*,#2241,.F.);
#2241 = EDGE_CURVE('',#2242,#2244,#2246,.T.);
#2242 = VERTEX_POINT('',#2243);
#2243 = CARTESIAN_POINT('',(65.4,-14.7,-57.37455882183));
#2244 = VERTEX_POINT('',#2245);
#2245 = CARTESIAN_POINT('',(60.600000000001,-14.7,-62.42307265747));
#2246 = SURFACE_CURVE('',#2247,(#2252,#2259),.PCURVE_S1.);
#2247 = CIRCLE('',#2248,87.);
#2248 = AXIS2_PLACEMENT_3D('',#2249,#2250,#2251);
#2249 = CARTESIAN_POINT('',(0.,-14.7,0.));
#2250 = DIRECTION('',(0.,1.,0.));
#2251 = DIRECTION('',(0.,-0.,1.));
#2252 = PCURVE('',#43,#2253);
#2253 = DEFINITIONAL_REPRESENTATION('',(#2254),#2258);
#2254 = CIRCLE('',#2255,87.);
#2255 = AXIS2_PLACEMENT_2D('',#2256,#2257);
#2256 = CARTESIAN_POINT('',(0.,0.));
#2257 = DIRECTION('',(1.,0.));
#2258 = ( GEOMETRIC_REPRESENTATION_CONTEXT(2) 
PARAMETRIC_REPRESENTATION_CONTEXT() REPRESENTATION_CONTEXT('2D SPACE',''
  ) );
#2259 = PCURVE('',#2260,#2265);
#2260 = CYLINDRICAL_SURFACE('',#2261,87.);
#2261 = AXIS2_PLACEMENT_3D('',#2262,#2263,#2264);
#2262 = CARTESIAN_POINT('',(0.,-17.2,0.));
#2263 = DIRECTION('',(0.,1.,0.));
#2264 = DIRECTION('',(0.,-0.,1.));
#2265 = DEFINITIONAL_REPRESENTATION('',(#2266),#2270);
#2266 = LINE('',#2267,#2268);
#2267 = CARTESIAN_POINT('',(0.,2.5));
#2268 = VECTOR('',#2269,1.);
#2269 = DIRECTION('',(1.,0.));
#2270 = ( GEOMETRIC_REPRESENTATION_CONTEXT(2) 
PARAMETRIC_REPRESENTATION_CONTEXT() REPRESENTATION_CONTEXT('2D SPACE',''
  ) );
#2271 = ORIENTED_EDGE('',*,*,#2272,.T.);
#2272 = EDGE_CURVE('',#2242,#2273,#2275,.T.);
#2273 = VERTEX_POINT('',#2274);
#2274 = CARTESIAN_POINT('',(65.4,-14.7,-0.6));
#2275 = SURFACE_CURVE('',#2276,(#2280,#2287),.PCURVE_S1.);
#2276 = LINE('',#2277,#2278);
#2277 = CARTESIAN_POINT('',(65.4,-14.7,-90.));
#2278 = VECTOR('',#2279,1.);
#2279 = DIRECTION('',(0.,0.,1.));
#2280 = PCURVE('',#43,#2281);
#2281 = DEFINITIONAL_REPRESENTATION('',(#2282),#2286);
#2282 = LINE('',#2283,#2284);
#2283 = CARTESIAN_POINT('',(-90.,65.4));
#2284 = VECTOR('',#2285,1.);
#2285 = DIRECTION('',(1.,0.));
#2286 = ( GEOMETRIC_REPRESENTATION_CONTEXT(2) 
PARAMETRIC_REPRESENTATION_CONTEXT() REPRESENTATION_CONTEXT('2D SPACE',''
  ) );
#2287 = PCURVE('',#2288,#2293);
#2288 = PLANE('',#2289);
#2289 = AXIS2_PLACEMENT_3D('',#2290,#2291,#2292);
#2290 = CARTESIAN_POINT('',(65.4,-17.1,-90.));
#2291 = DIRECTION('',(1.,0.,0.));
#2292 = DIRECTION('',(0.,0.,1.));
#2293 = DEFINITIONAL_REPRESENTATION('',(#2294),#2298);
#2294 = LINE('',#2295,#2296);
#2295 = CARTESIAN_POINT('',(0.,-2.4));
#2296 = VECTOR('',#2297,1.);
#2297 = DIRECTION('',(1.,0.));
#2298 = ( GEOMETRIC_REPRESENTATION_CONTEXT(2) 
PARAMETRIC_REPRESENTATION_CONTEXT() REPRESENTATION_CONTEXT('2D SPACE',''
  ) );
#2299 = ORIENTED_EDGE('',*,*,#2300,.F.);
#2300 = EDGE_CURVE('',#2301,#2273,#2303,.T.);
#2301 = VERTEX_POINT('',#2302);
#2302 = CARTESIAN_POINT('',(60.6,-14.7,-0.6));
#2303 = SURFACE_CURVE('',#2304,(#2308,#2315),.PCURVE_S1.);
#2304 = LINE('',#2305,#2306);
#2305 = CARTESIAN_POINT('',(-95.,-14.7,-0.6));
#2306 = VECTOR('',#2307,1.);
#2307 = DIRECTION('',(1.,0.,0.));
#2308 = PCURVE('',#43,#2309);
#2309 = DEFINITIONAL_REPRESENTATION('',(#2310),#2314);
#2310 = LINE('',#2311,#2312);
#2311 = CARTESIAN_POINT('',(-0.6,-95.));
#2312 = VECTOR('',#2313,1.);
#2313 = DIRECTION('',(0.,1.));
#2314 = ( GEOMETRIC_REPRESENTATION_CONTEXT(2) 
PARAMETRIC_REPRESENTATION_CONTEXT() REPRESENTATION_CONTEXT('2D SPACE',''
  ) );
#2315 = PCURVE('',#2316,#2321);
#2316 = PLANE('',#2317);
#2317 = AXIS2_PLACEMENT_3D('',#2318,#2319,#2320);
#2318 = CARTESIAN_POINT('',(-95.,-17.1,-0.6));
#2319 = DIRECTION('',(0.,0.,1.));
#2320 = DIRECTION('',(1.,0.,0.));
#2321 = DEFINITIONAL_REPRESENTATION('',(#2322),#2326);
#2322 = LINE('',#2323,#2324);
#2323 = CARTESIAN_POINT('',(0.,2.4));
#2324 = VECTOR('',#2325,1.);
#2325 = DIRECTION('',(1.,0.));
#2326 = ( GEOMETRIC_REPRESENTATION_CONTEXT(2) 
PARAMETRIC_REPRESENTATION_CONTEXT() REPRESENTATION_CONTEXT('2D SPACE',''
  ) );
#2327 = ORIENTED_EDGE('',*,*,#2328,.F.);
#2328 = EDGE_CURVE('',#2244,#2301,#2329,.T.);
#2329 = SURFACE_CURVE('',#2330,(#2334,#2341),.PCURVE_S1.);
#2330 = LINE('',#2331,#2332);
#2331 = CARTESIAN_POINT('',(60.6,-14.7,-90.));
#2332 = VECTOR('',#2333,1.);
#2333 = DIRECTION('',(0.,0.,1.));
#2334 = PCURVE('',#43,#2335);
#2335 = DEFINITIONAL_REPRESENTATION('',(#2336),#2340);
#2336 = LINE('',#2337,#2338);
#2337 = CARTESIAN_POINT('',(-90.,60.6));
#2338 = VECTOR('',#2339,1.);
#2339 = DIRECTION('',(1.,0.));
#2340 = ( GEOMETRIC_REPRESENTATION_CONTEXT(2) 
PARAMETRIC_REPRESENTATION_CONTEXT() REPRESENTATION_CONTEXT('2D SPACE',''
  ) );
#2341 = PCURVE('',#2342,#2347);
#2342 = PLANE('',#2343);
#2343 = AXIS2_PLACEMENT_3D('',#2344,#2345,#2346);
#2344 = CARTESIAN_POINT('',(60.6,-17.1,-90.));
#2345 = DIRECTION('',(1.,0.,0.));
#2346 = DIRECTION('',(0.,0.,1.));
#2347 = DEFINITIONAL_REPRESENTATION('',(#2348),#2352);
#2348 = LINE('',#2349,#2350);
#2349 = CARTESIAN_POINT('',(0.,-2.4));
#2350 = VECTOR('',#2351,1.);
#2351 = DIRECTION('',(1.,0.));
#2352 = ( GEOMETRIC_REPRESENTATION_CONTEXT(2) 
PARAMETRIC_REPRESENTATION_CONTEXT() REPRESENTATION_CONTEXT('2D SPACE',''
  ) );
#2353 = FACE_BOUND('',#2354,.T.);
#2354 = EDGE_LOOP('',(#2355,#2386,#2414,#2442));
#2355 = ORIENTED_EDGE('',*,*,#2356,.F.);
#2356 = EDGE_CURVE('',#2357,#2359,#2361,.T.);
#2357 = VERTEX_POINT('',#2358);
#2358 = CARTESIAN_POINT('',(59.400000000002,-14.7,-63.56602866311));
#2359 = VERTEX_POINT('',#2360);
#2360 = CARTESIAN_POINT('',(54.6,-14.7,-67.73359580001));
#2361 = SURFACE_CURVE('',#2362,(#2367,#2374),.PCURVE_S1.);
#2362 = CIRCLE('',#2363,87.);
#2363 = AXIS2_PLACEMENT_3D('',#2364,#2365,#2366);
#2364 = CARTESIAN_POINT('',(0.,-14.7,0.));
#2365 = DIRECTION('',(0.,1.,0.));
#2366 = DIRECTION('',(0.,-0.,1.));
#2367 = PCURVE('',#43,#2368);
#2368 = DEFINITIONAL_REPRESENTATION('',(#2369),#2373);
#2369 = CIRCLE('',#2370,87.);
#2370 = AXIS2_PLACEMENT_2D('',#2371,#2372);
#2371 = CARTESIAN_POINT('',(0.,0.));
#2372 = DIRECTION('',(1.,0.));
#2373 = ( GEOMETRIC_REPRESENTATION_CONTEXT(2) 
PARAMETRIC_REPRESENTATION_CONTEXT() REPRESENTATION_CONTEXT('2D SPACE',''
  ) );
#2374 = PCURVE('',#2375,#2380);
#2375 = CYLINDRICAL_SURFACE('',#2376,87.);
#2376 = AXIS2_PLACEMENT_3D('',#2377,#2378,#2379);
#2377 = CARTESIAN_POINT('',(0.,-17.2,0.));
#2378 = DIRECTION('',(0.,1.,0.));
#2379 = DIRECTION('',(0.,-0.,1.));
#2380 = DEFINITIONAL_REPRESENTATION('',(#2381),#2385);
#2381 = LINE('',#2382,#2383);
#2382 = CARTESIAN_POINT('',(0.,2.5));
#2383 = VECTOR('',#2384,1.);
#2384 = DIRECTION('',(1.,0.));
#2385 = ( GEOMETRIC_REPRESENTATION_CONTEXT(2) 
PARAMETRIC_REPRESENTATION_CONTEXT() REPRESENTATION_CONTEXT('2D SPACE',''
  ) );
#2386 = ORIENTED_EDGE('',*,*,#2387,.T.);
#2387 = EDGE_CURVE('',#2357,#2388,#2390,.T.);
#2388 = VERTEX_POINT('',#2389);
#2389 = CARTESIAN_POINT('',(59.4,-14.7,-0.6));
#2390 = SURFACE_CURVE('',#2391,(#2395,#2402),.PCURVE_S1.);
#2391 = LINE('',#2392,#2393);
#2392 = CARTESIAN_POINT('',(59.4,-14.7,-90.));
#2393 = VECTOR('',#2394,1.);
#2394 = DIRECTION('',(0.,0.,1.));
#2395 = PCURVE('',#43,#2396);
#2396 = DEFINITIONAL_REPRESENTATION('',(#2397),#2401);
#2397 = LINE('',#2398,#2399);
#2398 = CARTESIAN_POINT('',(-90.,59.4));
#2399 = VECTOR('',#2400,1.);
#2400 = DIRECTION('',(1.,0.));
#2401 = ( GEOMETRIC_REPRESENTATION_CONTEXT(2) 
PARAMETRIC_REPRESENTATION_CONTEXT() REPRESENTATION_CONTEXT('2D SPACE',''
  ) );
#2402 = PCURVE('',#2403,#2408);
#2403 = PLANE('',#2404);
#2404 = AXIS2_PLACEMENT_3D('',#2405,#2406,#2407);
#2405 = CARTESIAN_POINT('',(59.4,-17.1,-90.));
#2406 = DIRECTION('',(1.,0.,0.));
#2407 = DIRECTION('',(0.,0.,1.));
#2408 = DEFINITIONAL_REPRESENTATION('',(#2409),#2413);
#2409 = LINE('',#2410,#2411);
#2410 = CARTESIAN_POINT('',(0.,-2.4));
#2411 = VECTOR('',#2412,1.);
#2412 = DIRECTION('',(1.,0.));
#2413 = ( GEOMETRIC_REPRESENTATION_CONTEXT(2) 
PARAMETRIC_REPRESENTATION_CONTEXT() REPRESENTATION_CONTEXT('2D SPACE',''
  ) );
#2414 = ORIENTED_EDGE('',*,*,#2415,.F.);
#2415 = EDGE_CURVE('',#2416,#2388,#2418,.T.);
#2416 = VERTEX_POINT('',#2417);
#2417 = CARTESIAN_POINT('',(54.6,-14.7,-0.6));
#2418 = SURFACE_CURVE('',#2419,(#2423,#2430),.PCURVE_S1.);
#2419 = LINE('',#2420,#2421);
#2420 = CARTESIAN_POINT('',(-95.,-14.7,-0.6));
#2421 = VECTOR('',#2422,1.);
#2422 = DIRECTION('',(1.,0.,0.));
#2423 = PCURVE('',#43,#2424);
#2424 = DEFINITIONAL_REPRESENTATION('',(#2425),#2429);
#2425 = LINE('',#2426,#2427);
#2426 = CARTESIAN_POINT('',(-0.6,-95.));
#2427 = VECTOR('',#2428,1.);
#2428 = DIRECTION('',(0.,1.));
#2429 = ( GEOMETRIC_REPRESENTATION_CONTEXT(2) 
PARAMETRIC_REPRESENTATION_CONTEXT() REPRESENTATION_CONTEXT('2D SPACE',''
  ) );
#2430 = PCURVE('',#2431,#2436);
#2431 = PLANE('',#2432);
#2432 = AXIS2_PLACEMENT_3D('',#2433,#2434,#2435);
#2433 = CARTESIAN_POINT('',(-95.,-17.1,-0.6));
#2434 = DIRECTION('',(0.,0.,1.));
#2435 = DIRECTION('',(1.,0.,0.));
#2436 = DEFINITIONAL_REPRESENTATION('',(#2437),#2441);
#2437 = LINE('',#2438,#2439);
#2438 = CARTESIAN_POINT('',(0.,2.4));
#2439 = VECTOR('',#2440,1.);
#2440 = DIRECTION('',(1.,0.));
#2441 = ( GEOMETRIC_REPRESENTATION_CONTEXT(2) 
PARAMETRIC_REPRESENTATION_CONTEXT() REPRESENTATION_CONTEXT('2D SPACE',''
  ) );
#2442 = ORIENTED_EDGE('',*,*,#2443,.F.);
#2443 = EDGE_CURVE('',#2359,#2416,#2444,.T.);
#2444 = SURFACE_CURVE('',#2445,(#2449,#2456),.PCURVE_S1.);
#2445 = LINE('',#2446,#2447);
#2446 = CARTESIAN_POINT('',(54.6,-14.7,-90.));
#2447 = VECTOR('',#2448,1.);
#2448 = DIRECTION('',(0.,0.,1.));
#2449 = PCURVE('',#43,#2450);
#2450 = DEFINITIONAL_REPRESENTATION('',(#2451),#2455);
#2451 = LINE('',#2452,#2453);
#2452 = CARTESIAN_POINT('',(-90.,54.6));
#2453 = VECTOR('',#2454,1.);
#2454 = DIRECTION('',(1.,0.));
#2455 = ( GEOMETRIC_REPRESENTATION_CONTEXT(2) 
PARAMETRIC_REPRESENTATION_CONTEXT() REPRESENTATION_CONTEXT('2D SPACE',''
  ) );
#2456 = PCURVE('',#2457,#2462);
#2457 = PLANE('',#2458);
#2458 = AXIS2_PLACEMENT_3D('',#2459,#2460,#2461);
#2459 = CARTESIAN_POINT('',(54.6,-17.1,-90.));
#2460 = DIRECTION('',(1.,0.,0.));
#2461 = DIRECTION('',(0.,0.,1.));
#2462 = DEFINITIONAL_REPRESENTATION('',(#2463),#2467);
#2463 = LINE('',#2464,#2465);
#2464 = CARTESIAN_POINT('',(0.,-2.4));
#2465 = VECTOR('',#2466,1.);
#2466 = DIRECTION('',(1.,0.));
#2467 = ( GEOMETRIC_REPRESENTATION_CONTEXT(2) 
PARAMETRIC_REPRESENTATION_CONTEXT() REPRESENTATION_CONTEXT('2D SPACE',''
  ) );
#2468 = FACE_BOUND('',#2469,.T.);
#2469 = EDGE_LOOP('',(#2470,#2501,#2529,#2557));
#2470 = ORIENTED_EDGE('',*,*,#2471,.F.);
#2471 = EDGE_CURVE('',#2472,#2474,#2476,.T.);
#2472 = VERTEX_POINT('',#2473);
#2473 = CARTESIAN_POINT('',(53.4,-14.7,-68.68362250202));
#2474 = VERTEX_POINT('',#2475);
#2475 = CARTESIAN_POINT('',(48.6,-14.7,-72.15982261619));
#2476 = SURFACE_CURVE('',#2477,(#2482,#2489),.PCURVE_S1.);
#2477 = CIRCLE('',#2478,87.);
#2478 = AXIS2_PLACEMENT_3D('',#2479,#2480,#2481);
#2479 = CARTESIAN_POINT('',(0.,-14.7,0.));
#2480 = DIRECTION('',(0.,1.,0.));
#2481 = DIRECTION('',(0.,-0.,1.));
#2482 = PCURVE('',#43,#2483);
#2483 = DEFINITIONAL_REPRESENTATION('',(#2484),#2488);
#2484 = CIRCLE('',#2485,87.);
#2485 = AXIS2_PLACEMENT_2D('',#2486,#2487);
#2486 = CARTESIAN_POINT('',(0.,0.));
#2487 = DIRECTION('',(1.,0.));
#2488 = ( GEOMETRIC_REPRESENTATION_CONTEXT(2) 
PARAMETRIC_REPRESENTATION_CONTEXT() REPRESENTATION_CONTEXT('2D SPACE',''
  ) );
#2489 = PCURVE('',#2490,#2495);
#2490 = CYLINDRICAL_SURFACE('',#2491,87.);
#2491 = AXIS2_PLACEMENT_3D('',#2492,#2493,#2494);
#2492 = CARTESIAN_POINT('',(0.,-17.2,0.));
#2493 = DIRECTION('',(0.,1.,0.));
#2494 = DIRECTION('',(0.,-0.,1.));
#2495 = DEFINITIONAL_REPRESENTATION('',(#2496),#2500);
#2496 = LINE('',#2497,#2498);
#2497 = CARTESIAN_POINT('',(0.,2.5));
#2498 = VECTOR('',#2499,1.);
#2499 = DIRECTION('',(1.,0.));
#2500 = ( GEOMETRIC_REPRESENTATION_CONTEXT(2) 
PARAMETRIC_REPRESENTATION_CONTEXT() REPRESENTATION_CONTEXT('2D SPACE',''
  ) );
#2501 = ORIENTED_EDGE('',*,*,#2502,.T.);
#2502 = EDGE_CURVE('',#2472,#2503,#2505,.T.);
#2503 = VERTEX_POINT('',#2504);
#2504 = CARTESIAN_POINT('',(53.4,-14.7,-0.6));
#2505 = SURFACE_CURVE('',#2506,(#2510,#2517),.PCURVE_S1.);
#2506 = LINE('',#2507,#2508);
#2507 = CARTESIAN_POINT('',(53.4,-14.7,-90.));
#2508 = VECTOR('',#2509,1.);
#2509 = DIRECTION('',(0.,0.,1.));
#2510 = PCURVE('',#43,#2511);
#2511 = DEFINITIONAL_REPRESENTATION('',(#2512),#2516);
#2512 = LINE('',#2513,#2514);
#2513 = CARTESIAN_POINT('',(-90.,53.4));
#2514 = VECTOR('',#2515,1.);
#2515 = DIRECTION('',(1.,0.));
#2516 = ( GEOMETRIC_REPRESENTATION_CONTEXT(2) 
PARAMETRIC_REPRESENTATION_CONTEXT() REPRESENTATION_CONTEXT('2D SPACE',''
  ) );
#2517 = PCURVE('',#2518,#2523);
#2518 = PLANE('',#2519);
#2519 = AXIS2_PLACEMENT_3D('',#2520,#2521,#2522);
#2520 = CARTESIAN_POINT('',(53.4,-17.1,-90.));
#2521 = DIRECTION('',(1.,0.,0.));
#2522 = DIRECTION('',(0.,0.,1.));
#2523 = DEFINITIONAL_REPRESENTATION('',(#2524),#2528);
#2524 = LINE('',#2525,#2526);
#2525 = CARTESIAN_POINT('',(0.,-2.4));
#2526 = VECTOR('',#2527,1.);
#2527 = DIRECTION('',(1.,0.));
#2528 = ( GEOMETRIC_REPRESENTATION_CONTEXT(2) 
PARAMETRIC_REPRESENTATION_CONTEXT() REPRESENTATION_CONTEXT('2D SPACE',''
  ) );
#2529 = ORIENTED_EDGE('',*,*,#2530,.F.);
#2530 = EDGE_CURVE('',#2531,#2503,#2533,.T.);
#2531 = VERTEX_POINT('',#2532);
#2532 = CARTESIAN_POINT('',(48.6,-14.7,-0.6));
#2533 = SURFACE_CURVE('',#2534,(#2538,#2545),.PCURVE_S1.);
#2534 = LINE('',#2535,#2536);
#2535 = CARTESIAN_POINT('',(-95.,-14.7,-0.6));
#2536 = VECTOR('',#2537,1.);
#2537 = DIRECTION('',(1.,0.,0.));
#2538 = PCURVE('',#43,#2539);
#2539 = DEFINITIONAL_REPRESENTATION('',(#2540),#2544);
#2540 = LINE('',#2541,#2542);
#2541 = CARTESIAN_POINT('',(-0.6,-95.));
#2542 = VECTOR('',#2543,1.);
#2543 = DIRECTION('',(0.,1.));
#2544 = ( GEOMETRIC_REPRESENTATION_CONTEXT(2) 
PARAMETRIC_REPRESENTATION_CONTEXT() REPRESENTATION_CONTEXT('2D SPACE',''
  ) );
#2545 = PCURVE('',#2546,#2551);
#2546 = PLANE('',#2547);
#2547 = AXIS2_PLACEMENT_3D('',#2548,#2549,#2550);
#2548 = CARTESIAN_POINT('',(-95.,-17.1,-0.6));
#2549 = DIRECTION('',(0.,0.,1.));
#2550 = DIRECTION('',(1.,0.,0.));
#2551 = DEFINITIONAL_REPRESENTATION('',(#2552),#2556);
#2552 = LINE('',#2553,#2554);
#2553 = CARTESIAN_POINT('',(0.,2.4));
#2554 = VECTOR('',#2555,1.);
#2555 = DIRECTION('',(1.,0.));
#2556 = ( GEOMETRIC_REPRESENTATION_CONTEXT(2) 
PARAMETRIC_REPRESENTATION_CONTEXT() REPRESENTATION_CONTEXT('2D SPACE',''
  ) );
#2557 = ORIENTED_EDGE('',*,*,#2558,.F.);
#2558 = EDGE_CURVE('',#2474,#2531,#2559,.T.);
#2559 = SURFACE_CURVE('',#2560,(#2564,#2571),.PCURVE_S1.);
#2560 = LINE('',#2561,#2562);
#2561 = CARTESIAN_POINT('',(48.6,-14.7,-90.));
#2562 = VECTOR('',#2563,1.);
#2563 = DIRECTION('',(0.,0.,1.));
#2564 = PCURVE('',#43,#2565);
#2565 = DEFINITIONAL_REPRESENTATION('',(#2566),#2570);
#2566 = LINE('',#2567,#2568);
#2567 = CARTESIAN_POINT('',(-90.,48.6));
#2568 = VECTOR('',#2569,1.);
#2569 = DIRECTION('',(1.,0.));
#2570 = ( GEOMETRIC_REPRESENTATION_CONTEXT(2) 
PARAMETRIC_REPRESENTATION_CONTEXT() REPRESENTATION_CONTEXT('2D SPACE',''
  ) );
#2571 = PCURVE('',#2572,#2577);
#2572 = PLANE('',#2573);
#2573 = AXIS2_PLACEMENT_3D('',#2574,#2575,#2576);
#2574 = CARTESIAN_POINT('',(48.6,-17.1,-90.));
#2575 = DIRECTION('',(1.,0.,0.));
#2576 = DIRECTION('',(0.,0.,1.));
#2577 = DEFINITIONAL_REPRESENTATION('',(#2578),#2582);
#2578 = LINE('',#2579,#2580);
#2579 = CARTESIAN_POINT('',(0.,-2.4));
#2580 = VECTOR('',#2581,1.);
#2581 = DIRECTION('',(1.,0.));
#2582 = ( GEOMETRIC_REPRESENTATION_CONTEXT(2) 
PARAMETRIC_REPRESENTATION_CONTEXT() REPRESENTATION_CONTEXT('2D SPACE',''
  ) );
#2583 = FACE_BOUND('',#2584,.T.);
#2584 = EDGE_LOOP('',(#2585,#2616,#2644,#2672));
#2585 = ORIENTED_EDGE('',*,*,#2586,.F.);
#2586 = EDGE_CURVE('',#2587,#2589,#2591,.T.);
#2587 = VERTEX_POINT('',#2588);
#2588 = CARTESIAN_POINT('',(47.400000000001,-14.7,-72.95368393713));
#2589 = VERTEX_POINT('',#2590);
#2590 = CARTESIAN_POINT('',(42.600000000002,-14.7,-75.85670702053));
#2591 = SURFACE_CURVE('',#2592,(#2597,#2604),.PCURVE_S1.);
#2592 = CIRCLE('',#2593,87.);
#2593 = AXIS2_PLACEMENT_3D('',#2594,#2595,#2596);
#2594 = CARTESIAN_POINT('',(0.,-14.7,0.));
#2595 = DIRECTION('',(0.,1.,0.));
#2596 = DIRECTION('',(0.,-0.,1.));
#2597 = PCURVE('',#43,#2598);
#2598 = DEFINITIONAL_REPRESENTATION('',(#2599),#2603);
#2599 = CIRCLE('',#2600,87.);
#2600 = AXIS2_PLACEMENT_2D('',#2601,#2602);
#2601 = CARTESIAN_POINT('',(0.,0.));
#2602 = DIRECTION('',(1.,0.));
#2603 = ( GEOMETRIC_REPRESENTATION_CONTEXT(2) 
PARAMETRIC_REPRESENTATION_CONTEXT() REPRESENTATION_CONTEXT('2D SPACE',''
  ) );
#2604 = PCURVE('',#2605,#2610);
#2605 = CYLINDRICAL_SURFACE('',#2606,87.);
#2606 = AXIS2_PLACEMENT_3D('',#2607,#2608,#2609);
#2607 = CARTESIAN_POINT('',(0.,-17.2,0.));
#2608 = DIRECTION('',(0.,1.,0.));
#2609 = DIRECTION('',(0.,-0.,1.));
#2610 = DEFINITIONAL_REPRESENTATION('',(#2611),#2615);
#2611 = LINE('',#2612,#2613);
#2612 = CARTESIAN_POINT('',(0.,2.5));
#2613 = VECTOR('',#2614,1.);
#2614 = DIRECTION('',(1.,0.));
#2615 = ( GEOMETRIC_REPRESENTATION_CONTEXT(2) 
PARAMETRIC_REPRESENTATION_CONTEXT() REPRESENTATION_CONTEXT('2D SPACE',''
  ) );
#2616 = ORIENTED_EDGE('',*,*,#2617,.T.);
#2617 = EDGE_CURVE('',#2587,#2618,#2620,.T.);
#2618 = VERTEX_POINT('',#2619);
#2619 = CARTESIAN_POINT('',(47.4,-14.7,-0.6));
#2620 = SURFACE_CURVE('',#2621,(#2625,#2632),.PCURVE_S1.);
#2621 = LINE('',#2622,#2623);
#2622 = CARTESIAN_POINT('',(47.4,-14.7,-90.));
#2623 = VECTOR('',#2624,1.);
#2624 = DIRECTION('',(0.,0.,1.));
#2625 = PCURVE('',#43,#2626);
#2626 = DEFINITIONAL_REPRESENTATION('',(#2627),#2631);
#2627 = LINE('',#2628,#2629);
#2628 = CARTESIAN_POINT('',(-90.,47.4));
#2629 = VECTOR('',#2630,1.);
#2630 = DIRECTION('',(1.,0.));
#2631 = ( GEOMETRIC_REPRESENTATION_CONTEXT(2) 
PARAMETRIC_REPRESENTATION_CONTEXT() REPRESENTATION_CONTEXT('2D SPACE',''
  ) );
#2632 = PCURVE('',#2633,#2638);
#2633 = PLANE('',#2634);
#2634 = AXIS2_PLACEMENT_3D('',#2635,#2636,#2637);
#2635 = CARTESIAN_POINT('',(47.4,-17.1,-90.));
#2636 = DIRECTION('',(1.,0.,0.));
#2637 = DIRECTION('',(0.,0.,1.));
#2638 = DEFINITIONAL_REPRESENTATION('',(#2639),#2643);
#2639 = LINE('',#2640,#2641);
#2640 = CARTESIAN_POINT('',(0.,-2.4));
#2641 = VECTOR('',#2642,1.);
#2642 = DIRECTION('',(1.,0.));
#2643 = ( GEOMETRIC_REPRESENTATION_CONTEXT(2) 
PARAMETRIC_REPRESENTATION_CONTEXT() REPRESENTATION_CONTEXT('2D SPACE',''
  ) );
#2644 = ORIENTED_EDGE('',*,*,#2645,.F.);
#2645 = EDGE_CURVE('',#2646,#2618,#2648,.T.);
#2646 = VERTEX_POINT('',#2647);
#2647 = CARTESIAN_POINT('',(42.6,-14.7,-0.6));
#2648 = SURFACE_CURVE('',#2649,(#2653,#2660),.PCURVE_S1.);
#2649 = LINE('',#2650,#2651);
#2650 = CARTESIAN_POINT('',(-95.,-14.7,-0.6));
#2651 = VECTOR('',#2652,1.);
#2652 = DIRECTION('',(1.,0.,0.));
#2653 = PCURVE('',#43,#2654);
#2654 = DEFINITIONAL_REPRESENTATION('',(#2655),#2659);
#2655 = LINE('',#2656,#2657);
#2656 = CARTESIAN_POINT('',(-0.6,-95.));
#2657 = VECTOR('',#2658,1.);
#2658 = DIRECTION('',(0.,1.));
#2659 = ( GEOMETRIC_REPRESENTATION_CONTEXT(2) 
PARAMETRIC_REPRESENTATION_CONTEXT() REPRESENTATION_CONTEXT('2D SPACE',''
  ) );
#2660 = PCURVE('',#2661,#2666);
#2661 = PLANE('',#2662);
#2662 = AXIS2_PLACEMENT_3D('',#2663,#2664,#2665);
#2663 = CARTESIAN_POINT('',(-95.,-17.1,-0.6));
#2664 = DIRECTION('',(0.,0.,1.));
#2665 = DIRECTION('',(1.,0.,0.));
#2666 = DEFINITIONAL_REPRESENTATION('',(#2667),#2671);
#2667 = LINE('',#2668,#2669);
#2668 = CARTESIAN_POINT('',(0.,2.4));
#2669 = VECTOR('',#2670,1.);
#2670 = DIRECTION('',(1.,0.));
#2671 = ( GEOMETRIC_REPRESENTATION_CONTEXT(2) 
PARAMETRIC_REPRESENTATION_CONTEXT() REPRESENTATION_CONTEXT('2D SPACE',''
  ) );
#2672 = ORIENTED_EDGE('',*,*,#2673,.F.);
#2673 = EDGE_CURVE('',#2589,#2646,#2674,.T.);
#2674 = SURFACE_CURVE('',#2675,(#2679,#2686),.PCURVE_S1.);
#2675 = LINE('',#2676,#2677);
#2676 = CARTESIAN_POINT('',(42.6,-14.7,-90.));
#2677 = VECTOR('',#2678,1.);
#2678 = DIRECTION('',(0.,0.,1.));
#2679 = PCURVE('',#43,#2680);
#2680 = DEFINITIONAL_REPRESENTATION('',(#2681),#2685);
#2681 = LINE('',#2682,#2683);
#2682 = CARTESIAN_POINT('',(-90.,42.6));
#2683 = VECTOR('',#2684,1.);
#2684 = DIRECTION('',(1.,0.));
#2685 = ( GEOMETRIC_REPRESENTATION_CONTEXT(2) 
PARAMETRIC_REPRESENTATION_CONTEXT() REPRESENTATION_CONTEXT('2D SPACE',''
  ) );
#2686 = PCURVE('',#2687,#2692);
#2687 = PLANE('',#2688);
#2688 = AXIS2_PLACEMENT_3D('',#2689,#2690,#2691);
#2689 = CARTESIAN_POINT('',(42.6,-17.1,-90.));
#2690 = DIRECTION('',(1.,0.,0.));
#2691 = DIRECTION('',(0.,0.,1.));
#2692 = DEFINITIONAL_REPRESENTATION('',(#2693),#2697);
#2693 = LINE('',#2694,#2695);
#2694 = CARTESIAN_POINT('',(0.,-2.4));
#2695 = VECTOR('',#2696,1.);
#2696 = DIRECTION('',(1.,0.));
#2697 = ( GEOMETRIC_REPRESENTATION_CONTEXT(2) 
PARAMETRIC_REPRESENTATION_CONTEXT() REPRESENTATION_CONTEXT('2D SPACE',''
  ) );
#2698 = FACE_BOUND('',#2699,.T.);
#2699 = EDGE_LOOP('',(#2700,#2731,#2759,#2787));
#2700 = ORIENTED_EDGE('',*,*,#2701,.F.);
#2701 = EDGE_CURVE('',#2702,#2704,#2706,.T.);
#2702 = VERTEX_POINT('',#2703);
#2703 = CARTESIAN_POINT('',(41.4,-14.7,-76.51823312126));
#2704 = VERTEX_POINT('',#2705);
#2705 = CARTESIAN_POINT('',(36.600000000001,-14.7,-78.92680153154));
#2706 = SURFACE_CURVE('',#2707,(#2712,#2719),.PCURVE_S1.);
#2707 = CIRCLE('',#2708,87.);
#2708 = AXIS2_PLACEMENT_3D('',#2709,#2710,#2711);
#2709 = CARTESIAN_POINT('',(0.,-14.7,0.));
#2710 = DIRECTION('',(0.,1.,0.));
#2711 = DIRECTION('',(0.,-0.,1.));
#2712 = PCURVE('',#43,#2713);
#2713 = DEFINITIONAL_REPRESENTATION('',(#2714),#2718);
#2714 = CIRCLE('',#2715,87.);
#2715 = AXIS2_PLACEMENT_2D('',#2716,#2717);
#2716 = CARTESIAN_POINT('',(0.,0.));
#2717 = DIRECTION('',(1.,0.));
#2718 = ( GEOMETRIC_REPRESENTATION_CONTEXT(2) 
PARAMETRIC_REPRESENTATION_CONTEXT() REPRESENTATION_CONTEXT('2D SPACE',''
  ) );
#2719 = PCURVE('',#2720,#2725);
#2720 = CYLINDRICAL_SURFACE('',#2721,87.);
#2721 = AXIS2_PLACEMENT_3D('',#2722,#2723,#2724);
#2722 = CARTESIAN_POINT('',(0.,-17.2,0.));
#2723 = DIRECTION('',(0.,1.,0.));
#2724 = DIRECTION('',(0.,-0.,1.));
#2725 = DEFINITIONAL_REPRESENTATION('',(#2726),#2730);
#2726 = LINE('',#2727,#2728);
#2727 = CARTESIAN_POINT('',(0.,2.5));
#2728 = VECTOR('',#2729,1.);
#2729 = DIRECTION('',(1.,0.));
#2730 = ( GEOMETRIC_REPRESENTATION_CONTEXT(2) 
PARAMETRIC_REPRESENTATION_CONTEXT() REPRESENTATION_CONTEXT('2D SPACE',''
  ) );
#2731 = ORIENTED_EDGE('',*,*,#2732,.T.);
#2732 = EDGE_CURVE('',#2702,#2733,#2735,.T.);
#2733 = VERTEX_POINT('',#2734);
#2734 = CARTESIAN_POINT('',(41.4,-14.7,-0.6));
#2735 = SURFACE_CURVE('',#2736,(#2740,#2747),.PCURVE_S1.);
#2736 = LINE('',#2737,#2738);
#2737 = CARTESIAN_POINT('',(41.4,-14.7,-90.));
#2738 = VECTOR('',#2739,1.);
#2739 = DIRECTION('',(0.,0.,1.));
#2740 = PCURVE('',#43,#2741);
#2741 = DEFINITIONAL_REPRESENTATION('',(#2742),#2746);
#2742 = LINE('',#2743,#2744);
#2743 = CARTESIAN_POINT('',(-90.,41.4));
#2744 = VECTOR('',#2745,1.);
#2745 = DIRECTION('',(1.,0.));
#2746 = ( GEOMETRIC_REPRESENTATION_CONTEXT(2) 
PARAMETRIC_REPRESENTATION_CONTEXT() REPRESENTATION_CONTEXT('2D SPACE',''
  ) );
#2747 = PCURVE('',#2748,#2753);
#2748 = PLANE('',#2749);
#2749 = AXIS2_PLACEMENT_3D('',#2750,#2751,#2752);
#2750 = CARTESIAN_POINT('',(41.4,-17.1,-90.));
#2751 = DIRECTION('',(1.,0.,0.));
#2752 = DIRECTION('',(0.,0.,1.));
#2753 = DEFINITIONAL_REPRESENTATION('',(#2754),#2758);
#2754 = LINE('',#2755,#2756);
#2755 = CARTESIAN_POINT('',(0.,-2.4));
#2756 = VECTOR('',#2757,1.);
#2757 = DIRECTION('',(1.,0.));
#2758 = ( GEOMETRIC_REPRESENTATION_CONTEXT(2) 
PARAMETRIC_REPRESENTATION_CONTEXT() REPRESENTATION_CONTEXT('2D SPACE',''
  ) );
#2759 = ORIENTED_EDGE('',*,*,#2760,.F.);
#2760 = EDGE_CURVE('',#2761,#2733,#2763,.T.);
#2761 = VERTEX_POINT('',#2762);
#2762 = CARTESIAN_POINT('',(36.6,-14.7,-0.6));
#2763 = SURFACE_CURVE('',#2764,(#2768,#2775),.PCURVE_S1.);
#2764 = LINE('',#2765,#2766);
#2765 = CARTESIAN_POINT('',(-95.,-14.7,-0.6));
#2766 = VECTOR('',#2767,1.);
#2767 = DIRECTION('',(1.,0.,0.));
#2768 = PCURVE('',#43,#2769);
#2769 = DEFINITIONAL_REPRESENTATION('',(#2770),#2774);
#2770 = LINE('',#2771,#2772);
#2771 = CARTESIAN_POINT('',(-0.6,-95.));
#2772 = VECTOR('',#2773,1.);
#2773 = DIRECTION('',(0.,1.));
#2774 = ( GEOMETRIC_REPRESENTATION_CONTEXT(2) 
PARAMETRIC_REPRESENTATION_CONTEXT() REPRESENTATION_CONTEXT('2D SPACE',''
  ) );
#2775 = PCURVE('',#2776,#2781);
#2776 = PLANE('',#2777);
#2777 = AXIS2_PLACEMENT_3D('',#2778,#2779,#2780);
#2778 = CARTESIAN_POINT('',(-95.,-17.1,-0.6));
#2779 = DIRECTION('',(0.,0.,1.));
#2780 = DIRECTION('',(1.,0.,0.));
#2781 = DEFINITIONAL_REPRESENTATION('',(#2782),#2786);
#2782 = LINE('',#2783,#2784);
#2783 = CARTESIAN_POINT('',(0.,2.4));
#2784 = VECTOR('',#2785,1.);
#2785 = DIRECTION('',(1.,0.));
#2786 = ( GEOMETRIC_REPRESENTATION_CONTEXT(2) 
PARAMETRIC_REPRESENTATION_CONTEXT() REPRESENTATION_CONTEXT('2D SPACE',''
  ) );
#2787 = ORIENTED_EDGE('',*,*,#2788,.F.);
#2788 = EDGE_CURVE('',#2704,#2761,#2789,.T.);
#2789 = SURFACE_CURVE('',#2790,(#2794,#2801),.PCURVE_S1.);
#2790 = LINE('',#2791,#2792);
#2791 = CARTESIAN_POINT('',(36.6,-14.7,-90.));
#2792 = VECTOR('',#2793,1.);
#2793 = DIRECTION('',(0.,0.,1.));
#2794 = PCURVE('',#43,#2795);
#2795 = DEFINITIONAL_REPRESENTATION('',(#2796),#2800);
#2796 = LINE('',#2797,#2798);
#2797 = CARTESIAN_POINT('',(-90.,36.6));
#2798 = VECTOR('',#2799,1.);
#2799 = DIRECTION('',(1.,0.));
#2800 = ( GEOMETRIC_REPRESENTATION_CONTEXT(2) 
PARAMETRIC_REPRESENTATION_CONTEXT() REPRESENTATION_CONTEXT('2D SPACE',''
  ) );
#2801 = PCURVE('',#2802,#2807);
#2802 = PLANE('',#2803);
#2803 = AXIS2_PLACEMENT_3D('',#2804,#2805,#2806);
#2804 = CARTESIAN_POINT('',(36.6,-17.1,-90.));
#2805 = DIRECTION('',(1.,0.,0.));
#2806 = DIRECTION('',(0.,0.,1.));
#2807 = DEFINITIONAL_REPRESENTATION('',(#2808),#2812);
#2808 = LINE('',#2809,#2810);
#2809 = CARTESIAN_POINT('',(0.,-2.4));
#2810 = VECTOR('',#2811,1.);
#2811 = DIRECTION('',(1.,0.));
#2812 = ( GEOMETRIC_REPRESENTATION_CONTEXT(2) 
PARAMETRIC_REPRESENTATION_CONTEXT() REPRESENTATION_CONTEXT('2D SPACE',''
  ) );
#2813 = FACE_BOUND('',#2814,.T.);
#2814 = EDGE_LOOP('',(#2815,#2846,#2874,#2902));
#2815 = ORIENTED_EDGE('',*,*,#2816,.F.);
#2816 = EDGE_CURVE('',#2817,#2819,#2821,.T.);
#2817 = VERTEX_POINT('',#2818);
#2818 = CARTESIAN_POINT('',(35.4,-14.7,-79.47225931103));
#2819 = VERTEX_POINT('',#2820);
#2820 = CARTESIAN_POINT('',(30.6,-14.7,-81.44102160459));
#2821 = SURFACE_CURVE('',#2822,(#2827,#2834),.PCURVE_S1.);
#2822 = CIRCLE('',#2823,87.);
#2823 = AXIS2_PLACEMENT_3D('',#2824,#2825,#2826);
#2824 = CARTESIAN_POINT('',(0.,-14.7,0.));
#2825 = DIRECTION('',(0.,1.,0.));
#2826 = DIRECTION('',(0.,-0.,1.));
#2827 = PCURVE('',#43,#2828);
#2828 = DEFINITIONAL_REPRESENTATION('',(#2829),#2833);
#2829 = CIRCLE('',#2830,87.);
#2830 = AXIS2_PLACEMENT_2D('',#2831,#2832);
#2831 = CARTESIAN_POINT('',(0.,0.));
#2832 = DIRECTION('',(1.,0.));
#2833 = ( GEOMETRIC_REPRESENTATION_CONTEXT(2) 
PARAMETRIC_REPRESENTATION_CONTEXT() REPRESENTATION_CONTEXT('2D SPACE',''
  ) );
#2834 = PCURVE('',#2835,#2840);
#2835 = CYLINDRICAL_SURFACE('',#2836,87.);
#2836 = AXIS2_PLACEMENT_3D('',#2837,#2838,#2839);
#2837 = CARTESIAN_POINT('',(0.,-17.2,0.));
#2838 = DIRECTION('',(0.,1.,0.));
#2839 = DIRECTION('',(0.,-0.,1.));
#2840 = DEFINITIONAL_REPRESENTATION('',(#2841),#2845);
#2841 = LINE('',#2842,#2843);
#2842 = CARTESIAN_POINT('',(0.,2.5));
#2843 = VECTOR('',#2844,1.);
#2844 = DIRECTION('',(1.,0.));
#2845 = ( GEOMETRIC_REPRESENTATION_CONTEXT(2) 
PARAMETRIC_REPRESENTATION_CONTEXT() REPRESENTATION_CONTEXT('2D SPACE',''
  ) );
#2846 = ORIENTED_EDGE('',*,*,#2847,.T.);
#2847 = EDGE_CURVE('',#2817,#2848,#2850,.T.);
#2848 = VERTEX_POINT('',#2849);
#2849 = CARTESIAN_POINT('',(35.4,-14.7,-0.6));
#2850 = SURFACE_CURVE('',#2851,(#2855,#2862),.PCURVE_S1.);
#2851 = LINE('',#2852,#2853);
#2852 = CARTESIAN_POINT('',(35.4,-14.7,-90.));
#2853 = VECTOR('',#2854,1.);
#2854 = DIRECTION('',(0.,0.,1.));
#2855 = PCURVE('',#43,#2856);
#2856 = DEFINITIONAL_REPRESENTATION('',(#2857),#2861);
#2857 = LINE('',#2858,#2859);
#2858 = CARTESIAN_POINT('',(-90.,35.4));
#2859 = VECTOR('',#2860,1.);
#2860 = DIRECTION('',(1.,0.));
#2861 = ( GEOMETRIC_REPRESENTATION_CONTEXT(2) 
PARAMETRIC_REPRESENTATION_CONTEXT() REPRESENTATION_CONTEXT('2D SPACE',''
  ) );
#2862 = PCURVE('',#2863,#2868);
#2863 = PLANE('',#2864);
#2864 = AXIS2_PLACEMENT_3D('',#2865,#2866,#2867);
#2865 = CARTESIAN_POINT('',(35.4,-17.1,-90.));
#2866 = DIRECTION('',(1.,0.,0.));
#2867 = DIRECTION('',(0.,0.,1.));
#2868 = DEFINITIONAL_REPRESENTATION('',(#2869),#2873);
#2869 = LINE('',#2870,#2871);
#2870 = CARTESIAN_POINT('',(0.,-2.4));
#2871 = VECTOR('',#2872,1.);
#2872 = DIRECTION('',(1.,0.));
#2873 = ( GEOMETRIC_REPRESENTATION_CONTEXT(2) 
PARAMETRIC_REPRESENTATION_CONTEXT() REPRESENTATION_CONTEXT('2D SPACE',''
  ) );
#2874 = ORIENTED_EDGE('',*,*,#2875,.F.);
#2875 = EDGE_CURVE('',#2876,#2848,#2878,.T.);
#2876 = VERTEX_POINT('',#2877);
#2877 = CARTESIAN_POINT('',(30.6,-14.7,-0.6));
#2878 = SURFACE_CURVE('',#2879,(#2883,#2890),.PCURVE_S1.);
#2879 = LINE('',#2880,#2881);
#2880 = CARTESIAN_POINT('',(-95.,-14.7,-0.6));
#2881 = VECTOR('',#2882,1.);
#2882 = DIRECTION('',(1.,0.,0.));
#2883 = PCURVE('',#43,#2884);
#2884 = DEFINITIONAL_REPRESENTATION('',(#2885),#2889);
#2885 = LINE('',#2886,#2887);
#2886 = CARTESIAN_POINT('',(-0.6,-95.));
#2887 = VECTOR('',#2888,1.);
#2888 = DIRECTION('',(0.,1.));
#2889 = ( GEOMETRIC_REPRESENTATION_CONTEXT(2) 
PARAMETRIC_REPRESENTATION_CONTEXT() REPRESENTATION_CONTEXT('2D SPACE',''
  ) );
#2890 = PCURVE('',#2891,#2896);
#2891 = PLANE('',#2892);
#2892 = AXIS2_PLACEMENT_3D('',#2893,#2894,#2895);
#2893 = CARTESIAN_POINT('',(-95.,-17.1,-0.6));
#2894 = DIRECTION('',(0.,0.,1.));
#2895 = DIRECTION('',(1.,0.,0.));
#2896 = DEFINITIONAL_REPRESENTATION('',(#2897),#2901);
#2897 = LINE('',#2898,#2899);
#2898 = CARTESIAN_POINT('',(0.,2.4));
#2899 = VECTOR('',#2900,1.);
#2900 = DIRECTION('',(1.,0.));
#2901 = ( GEOMETRIC_REPRESENTATION_CONTEXT(2) 
PARAMETRIC_REPRESENTATION_CONTEXT() REPRESENTATION_CONTEXT('2D SPACE',''
  ) );
#2902 = ORIENTED_EDGE('',*,*,#2903,.F.);
#2903 = EDGE_CURVE('',#2819,#2876,#2904,.T.);
#2904 = SURFACE_CURVE('',#2905,(#2909,#2916),.PCURVE_S1.);
#2905 = LINE('',#2906,#2907);
#2906 = CARTESIAN_POINT('',(30.6,-14.7,-90.));
#2907 = VECTOR('',#2908,1.);
#2908 = DIRECTION('',(0.,0.,1.));
#2909 = PCURVE('',#43,#2910);
#2910 = DEFINITIONAL_REPRESENTATION('',(#2911),#2915);
#2911 = LINE('',#2912,#2913);
#2912 = CARTESIAN_POINT('',(-90.,30.6));
#2913 = VECTOR('',#2914,1.);
#2914 = DIRECTION('',(1.,0.));
#2915 = ( GEOMETRIC_REPRESENTATION_CONTEXT(2) 
PARAMETRIC_REPRESENTATION_CONTEXT() REPRESENTATION_CONTEXT('2D SPACE',''
  ) );
#2916 = PCURVE('',#2917,#2922);
#2917 = PLANE('',#2918);
#2918 = AXIS2_PLACEMENT_3D('',#2919,#2920,#2921);
#2919 = CARTESIAN_POINT('',(30.6,-17.1,-90.));
#2920 = DIRECTION('',(1.,0.,0.));
#2921 = DIRECTION('',(0.,0.,1.));
#2922 = DEFINITIONAL_REPRESENTATION('',(#2923),#2927);
#2923 = LINE('',#2924,#2925);
#2924 = CARTESIAN_POINT('',(0.,-2.4));
#2925 = VECTOR('',#2926,1.);
#2926 = DIRECTION('',(1.,0.));
#2927 = ( GEOMETRIC_REPRESENTATION_CONTEXT(2) 
PARAMETRIC_REPRESENTATION_CONTEXT() REPRESENTATION_CONTEXT('2D SPACE',''
  ) );
#2928 = FACE_BOUND('',#2929,.T.);
#2929 = EDGE_LOOP('',(#2930,#2961,#2989,#3017));
#2930 = ORIENTED_EDGE('',*,*,#2931,.F.);
#2931 = EDGE_CURVE('',#2932,#2934,#2936,.T.);
#2932 = VERTEX_POINT('',#2933);
#2933 = CARTESIAN_POINT('',(29.400000000002,-14.7,-81.88186612431));
#2934 = VERTEX_POINT('',#2935);
#2935 = CARTESIAN_POINT('',(24.600000000002,-14.7,-83.44962552342));
#2936 = SURFACE_CURVE('',#2937,(#2942,#2949),.PCURVE_S1.);
#2937 = CIRCLE('',#2938,87.);
#2938 = AXIS2_PLACEMENT_3D('',#2939,#2940,#2941);
#2939 = CARTESIAN_POINT('',(0.,-14.7,0.));
#2940 = DIRECTION('',(0.,1.,0.));
#2941 = DIRECTION('',(0.,-0.,1.));
#2942 = PCURVE('',#43,#2943);
#2943 = DEFINITIONAL_REPRESENTATION('',(#2944),#2948);
#2944 = CIRCLE('',#2945,87.);
#2945 = AXIS2_PLACEMENT_2D('',#2946,#2947);
#2946 = CARTESIAN_POINT('',(0.,0.));
#2947 = DIRECTION('',(1.,0.));
#2948 = ( GEOMETRIC_REPRESENTATION_CONTEXT(2) 
PARAMETRIC_REPRESENTATION_CONTEXT() REPRESENTATION_CONTEXT('2D SPACE',''
  ) );
#2949 = PCURVE('',#2950,#2955);
#2950 = CYLINDRICAL_SURFACE('',#2951,87.);
#2951 = AXIS2_PLACEMENT_3D('',#2952,#2953,#2954);
#2952 = CARTESIAN_POINT('',(0.,-17.2,0.));
#2953 = DIRECTION('',(0.,1.,0.));
#2954 = DIRECTION('',(0.,-0.,1.));
#2955 = DEFINITIONAL_REPRESENTATION('',(#2956),#2960);
#2956 = LINE('',#2957,#2958);
#2957 = CARTESIAN_POINT('',(0.,2.5));
#2958 = VECTOR('',#2959,1.);
#2959 = DIRECTION('',(1.,0.));
#2960 = ( GEOMETRIC_REPRESENTATION_CONTEXT(2) 
PARAMETRIC_REPRESENTATION_CONTEXT() REPRESENTATION_CONTEXT('2D SPACE',''
  ) );
#2961 = ORIENTED_EDGE('',*,*,#2962,.T.);
#2962 = EDGE_CURVE('',#2932,#2963,#2965,.T.);
#2963 = VERTEX_POINT('',#2964);
#2964 = CARTESIAN_POINT('',(29.4,-14.7,-0.6));
#2965 = SURFACE_CURVE('',#2966,(#2970,#2977),.PCURVE_S1.);
#2966 = LINE('',#2967,#2968);
#2967 = CARTESIAN_POINT('',(29.4,-14.7,-90.));
#2968 = VECTOR('',#2969,1.);
#2969 = DIRECTION('',(0.,0.,1.));
#2970 = PCURVE('',#43,#2971);
#2971 = DEFINITIONAL_REPRESENTATION('',(#2972),#2976);
#2972 = LINE('',#2973,#2974);
#2973 = CARTESIAN_POINT('',(-90.,29.4));
#2974 = VECTOR('',#2975,1.);
#2975 = DIRECTION('',(1.,0.));
#2976 = ( GEOMETRIC_REPRESENTATION_CONTEXT(2) 
PARAMETRIC_REPRESENTATION_CONTEXT() REPRESENTATION_CONTEXT('2D SPACE',''
  ) );
#2977 = PCURVE('',#2978,#2983);
#2978 = PLANE('',#2979);
#2979 = AXIS2_PLACEMENT_3D('',#2980,#2981,#2982);
#2980 = CARTESIAN_POINT('',(29.4,-17.1,-90.));
#2981 = DIRECTION('',(1.,0.,0.));
#2982 = DIRECTION('',(0.,0.,1.));
#2983 = DEFINITIONAL_REPRESENTATION('',(#2984),#2988);
#2984 = LINE('',#2985,#2986);
#2985 = CARTESIAN_POINT('',(0.,-2.4));
#2986 = VECTOR('',#2987,1.);
#2987 = DIRECTION('',(1.,0.));
#2988 = ( GEOMETRIC_REPRESENTATION_CONTEXT(2) 
PARAMETRIC_REPRESENTATION_CONTEXT() REPRESENTATION_CONTEXT('2D SPACE',''
  ) );
#2989 = ORIENTED_EDGE('',*,*,#2990,.F.);
#2990 = EDGE_CURVE('',#2991,#2963,#2993,.T.);
#2991 = VERTEX_POINT('',#2992);
#2992 = CARTESIAN_POINT('',(24.6,-14.7,-0.6));
#2993 = SURFACE_CURVE('',#2994,(#2998,#3005),.PCURVE_S1.);
#2994 = LINE('',#2995,#2996);
#2995 = CARTESIAN_POINT('',(-95.,-14.7,-0.6));
#2996 = VECTOR('',#2997,1.);
#2997 = DIRECTION('',(1.,0.,0.));
#2998 = PCURVE('',#43,#2999);
#2999 = DEFINITIONAL_REPRESENTATION('',(#3000),#3004);
#3000 = LINE('',#3001,#3002);
#3001 = CARTESIAN_POINT('',(-0.6,-95.));
#3002 = VECTOR('',#3003,1.);
#3003 = DIRECTION('',(0.,1.));
#3004 = ( GEOMETRIC_REPRESENTATION_CONTEXT(2) 
PARAMETRIC_REPRESENTATION_CONTEXT() REPRESENTATION_CONTEXT('2D SPACE',''
  ) );
#3005 = PCURVE('',#3006,#3011);
#3006 = PLANE('',#3007);
#3007 = AXIS2_PLACEMENT_3D('',#3008,#3009,#3010);
#3008 = CARTESIAN_POINT('',(-95.,-17.1,-0.6));
#3009 = DIRECTION('',(0.,0.,1.));
#3010 = DIRECTION('',(1.,0.,0.));
#3011 = DEFINITIONAL_REPRESENTATION('',(#3012),#3016);
#3012 = LINE('',#3013,#3014);
#3013 = CARTESIAN_POINT('',(0.,2.4));
#3014 = VECTOR('',#3015,1.);
#3015 = DIRECTION('',(1.,0.));
#3016 = ( GEOMETRIC_REPRESENTATION_CONTEXT(2) 
PARAMETRIC_REPRESENTATION_CONTEXT() REPRESENTATION_CONTEXT('2D SPACE',''
  ) );
#3017 = ORIENTED_EDGE('',*,*,#3018,.F.);
#3018 = EDGE_CURVE('',#2934,#2991,#3019,.T.);
#3019 = SURFACE_CURVE('',#3020,(#3024,#3031),.PCURVE_S1.);
#3020 = LINE('',#3021,#3022);
#3021 = CARTESIAN_POINT('',(24.6,-14.7,-90.));
#3022 = VECTOR('',#3023,1.);
#3023 = DIRECTION('',(0.,0.,1.));
#3024 = PCURVE('',#43,#3025);
#3025 = DEFINITIONAL_REPRESENTATION('',(#3026),#3030);
#3026 = LINE('',#3027,#3028);
#3027 = CARTESIAN_POINT('',(-90.,24.6));
#3028 = VECTOR('',#3029,1.);
#3029 = DIRECTION('',(1.,0.));
#3030 = ( GEOMETRIC_REPRESENTATION_CONTEXT(2) 
PARAMETRIC_REPRESENTATION_CONTEXT() REPRESENTATION_CONTEXT('2D SPACE',''
  ) );
#3031 = PCURVE('',#3032,#3037);
#3032 = PLANE('',#3033);
#3033 = AXIS2_PLACEMENT_3D('',#3034,#3035,#3036);
#3034 = CARTESIAN_POINT('',(24.6,-17.1,-90.));
#3035 = DIRECTION('',(1.,0.,0.));
#3036 = DIRECTION('',(0.,0.,1.));
#3037 = DEFINITIONAL_REPRESENTATION('',(#3038),#3042);
#3038 = LINE('',#3039,#3040);
#3039 = CARTESIAN_POINT('',(0.,-2.4));
#3040 = VECTOR('',#3041,1.);
#3041 = DIRECTION('',(1.,0.));
#3042 = ( GEOMETRIC_REPRESENTATION_CONTEXT(2) 
PARAMETRIC_REPRESENTATION_CONTEXT() REPRESENTATION_CONTEXT('2D SPACE',''
  ) );
#3043 = FACE_BOUND('',#3044,.T.);
#3044 = EDGE_LOOP('',(#3045,#3076,#3104,#3132));
#3045 = ORIENTED_EDGE('',*,*,#3046,.F.);
#3046 = EDGE_CURVE('',#3047,#3049,#3051,.T.);
#3047 = VERTEX_POINT('',#3048);
#3048 = CARTESIAN_POINT('',(23.400000000002,-14.7,-83.79403320046));
#3049 = VERTEX_POINT('',#3050);
#3050 = CARTESIAN_POINT('',(18.6,-14.7,-84.9884698062));
#3051 = SURFACE_CURVE('',#3052,(#3057,#3064),.PCURVE_S1.);
#3052 = CIRCLE('',#3053,87.);
#3053 = AXIS2_PLACEMENT_3D('',#3054,#3055,#3056);
#3054 = CARTESIAN_POINT('',(0.,-14.7,0.));
#3055 = DIRECTION('',(0.,1.,0.));
#3056 = DIRECTION('',(0.,-0.,1.));
#3057 = PCURVE('',#43,#3058);
#3058 = DEFINITIONAL_REPRESENTATION('',(#3059),#3063);
#3059 = CIRCLE('',#3060,87.);
#3060 = AXIS2_PLACEMENT_2D('',#3061,#3062);
#3061 = CARTESIAN_POINT('',(0.,0.));
#3062 = DIRECTION('',(1.,0.));
#3063 = ( GEOMETRIC_REPRESENTATION_CONTEXT(2) 
PARAMETRIC_REPRESENTATION_CONTEXT() REPRESENTATION_CONTEXT('2D SPACE',''
  ) );
#3064 = PCURVE('',#3065,#3070);
#3065 = CYLINDRICAL_SURFACE('',#3066,87.);
#3066 = AXIS2_PLACEMENT_3D('',#3067,#3068,#3069);
#3067 = CARTESIAN_POINT('',(0.,-17.2,0.));
#3068 = DIRECTION('',(0.,1.,0.));
#3069 = DIRECTION('',(0.,-0.,1.));
#3070 = DEFINITIONAL_REPRESENTATION('',(#3071),#3075);
#3071 = LINE('',#3072,#3073);
#3072 = CARTESIAN_POINT('',(0.,2.5));
#3073 = VECTOR('',#3074,1.);
#3074 = DIRECTION('',(1.,0.));
#3075 = ( GEOMETRIC_REPRESENTATION_CONTEXT(2) 
PARAMETRIC_REPRESENTATION_CONTEXT() REPRESENTATION_CONTEXT('2D SPACE',''
  ) );
#3076 = ORIENTED_EDGE('',*,*,#3077,.T.);
#3077 = EDGE_CURVE('',#3047,#3078,#3080,.T.);
#3078 = VERTEX_POINT('',#3079);
#3079 = CARTESIAN_POINT('',(23.4,-14.7,-0.6));
#3080 = SURFACE_CURVE('',#3081,(#3085,#3092),.PCURVE_S1.);
#3081 = LINE('',#3082,#3083);
#3082 = CARTESIAN_POINT('',(23.4,-14.7,-90.));
#3083 = VECTOR('',#3084,1.);
#3084 = DIRECTION('',(0.,0.,1.));
#3085 = PCURVE('',#43,#3086);
#3086 = DEFINITIONAL_REPRESENTATION('',(#3087),#3091);
#3087 = LINE('',#3088,#3089);
#3088 = CARTESIAN_POINT('',(-90.,23.4));
#3089 = VECTOR('',#3090,1.);
#3090 = DIRECTION('',(1.,0.));
#3091 = ( GEOMETRIC_REPRESENTATION_CONTEXT(2) 
PARAMETRIC_REPRESENTATION_CONTEXT() REPRESENTATION_CONTEXT('2D SPACE',''
  ) );
#3092 = PCURVE('',#3093,#3098);
#3093 = PLANE('',#3094);
#3094 = AXIS2_PLACEMENT_3D('',#3095,#3096,#3097);
#3095 = CARTESIAN_POINT('',(23.4,-17.1,-90.));
#3096 = DIRECTION('',(1.,0.,0.));
#3097 = DIRECTION('',(0.,0.,1.));
#3098 = DEFINITIONAL_REPRESENTATION('',(#3099),#3103);
#3099 = LINE('',#3100,#3101);
#3100 = CARTESIAN_POINT('',(0.,-2.4));
#3101 = VECTOR('',#3102,1.);
#3102 = DIRECTION('',(1.,0.));
#3103 = ( GEOMETRIC_REPRESENTATION_CONTEXT(2) 
PARAMETRIC_REPRESENTATION_CONTEXT() REPRESENTATION_CONTEXT('2D SPACE',''
  ) );
#3104 = ORIENTED_EDGE('',*,*,#3105,.F.);
#3105 = EDGE_CURVE('',#3106,#3078,#3108,.T.);
#3106 = VERTEX_POINT('',#3107);
#3107 = CARTESIAN_POINT('',(18.6,-14.7,-0.6));
#3108 = SURFACE_CURVE('',#3109,(#3113,#3120),.PCURVE_S1.);
#3109 = LINE('',#3110,#3111);
#3110 = CARTESIAN_POINT('',(-95.,-14.7,-0.6));
#3111 = VECTOR('',#3112,1.);
#3112 = DIRECTION('',(1.,0.,0.));
#3113 = PCURVE('',#43,#3114);
#3114 = DEFINITIONAL_REPRESENTATION('',(#3115),#3119);
#3115 = LINE('',#3116,#3117);
#3116 = CARTESIAN_POINT('',(-0.6,-95.));
#3117 = VECTOR('',#3118,1.);
#3118 = DIRECTION('',(0.,1.));
#3119 = ( GEOMETRIC_REPRESENTATION_CONTEXT(2) 
PARAMETRIC_REPRESENTATION_CONTEXT() REPRESENTATION_CONTEXT('2D SPACE',''
  ) );
#3120 = PCURVE('',#3121,#3126);
#3121 = PLANE('',#3122);
#3122 = AXIS2_PLACEMENT_3D('',#3123,#3124,#3125);
#3123 = CARTESIAN_POINT('',(-95.,-17.1,-0.6));
#3124 = DIRECTION('',(0.,0.,1.));
#3125 = DIRECTION('',(1.,0.,0.));
#3126 = DEFINITIONAL_REPRESENTATION('',(#3127),#3131);
#3127 = LINE('',#3128,#3129);
#3128 = CARTESIAN_POINT('',(0.,2.4));
#3129 = VECTOR('',#3130,1.);
#3130 = DIRECTION('',(1.,0.));
#3131 = ( GEOMETRIC_REPRESENTATION_CONTEXT(2) 
PARAMETRIC_REPRESENTATION_CONTEXT() REPRESENTATION_CONTEXT('2D SPACE',''
  ) );
#3132 = ORIENTED_EDGE('',*,*,#3133,.F.);
#3133 = EDGE_CURVE('',#3049,#3106,#3134,.T.);
#3134 = SURFACE_CURVE('',#3135,(#3139,#3146),.PCURVE_S1.);
#3135 = LINE('',#3136,#3137);
#3136 = CARTESIAN_POINT('',(18.6,-14.7,-90.));
#3137 = VECTOR('',#3138,1.);
#3138 = DIRECTION('',(0.,0.,1.));
#3139 = PCURVE('',#43,#3140);
#3140 = DEFINITIONAL_REPRESENTATION('',(#3141),#3145);
#3141 = LINE('',#3142,#3143);
#3142 = CARTESIAN_POINT('',(-90.,18.6));
#3143 = VECTOR('',#3144,1.);
#3144 = DIRECTION('',(1.,0.));
#3145 = ( GEOMETRIC_REPRESENTATION_CONTEXT(2) 
PARAMETRIC_REPRESENTATION_CONTEXT() REPRESENTATION_CONTEXT('2D SPACE',''
  ) );
#3146 = PCURVE('',#3147,#3152);
#3147 = PLANE('',#3148);
#3148 = AXIS2_PLACEMENT_3D('',#3149,#3150,#3151);
#3149 = CARTESIAN_POINT('',(18.6,-17.1,-90.));
#3150 = DIRECTION('',(1.,0.,0.));
#3151 = DIRECTION('',(0.,0.,1.));
#3152 = DEFINITIONAL_REPRESENTATION('',(#3153),#3157);
#3153 = LINE('',#3154,#3155);
#3154 = CARTESIAN_POINT('',(0.,-2.4));
#3155 = VECTOR('',#3156,1.);
#3156 = DIRECTION('',(1.,0.));
#3157 = ( GEOMETRIC_REPRESENTATION_CONTEXT(2) 
PARAMETRIC_REPRESENTATION_CONTEXT() REPRESENTATION_CONTEXT('2D SPACE',''
  ) );
#3158 = FACE_BOUND('',#3159,.T.);
#3159 = EDGE_LOOP('',(#3160,#3191,#3219,#3247));
#3160 = ORIENTED_EDGE('',*,*,#3161,.F.);
#3161 = EDGE_CURVE('',#3162,#3164,#3166,.T.);
#3162 = VERTEX_POINT('',#3163);
#3163 = CARTESIAN_POINT('',(17.400000000001,-14.7,-85.24224304885));
#3164 = VERTEX_POINT('',#3165);
#3165 = CARTESIAN_POINT('',(12.600000000001,-14.7,-86.08275088541));
#3166 = SURFACE_CURVE('',#3167,(#3172,#3179),.PCURVE_S1.);
#3167 = CIRCLE('',#3168,87.);
#3168 = AXIS2_PLACEMENT_3D('',#3169,#3170,#3171);
#3169 = CARTESIAN_POINT('',(0.,-14.7,0.));
#3170 = DIRECTION('',(0.,1.,0.));
#3171 = DIRECTION('',(0.,-0.,1.));
#3172 = PCURVE('',#43,#3173);
#3173 = DEFINITIONAL_REPRESENTATION('',(#3174),#3178);
#3174 = CIRCLE('',#3175,87.);
#3175 = AXIS2_PLACEMENT_2D('',#3176,#3177);
#3176 = CARTESIAN_POINT('',(0.,0.));
#3177 = DIRECTION('',(1.,0.));
#3178 = ( GEOMETRIC_REPRESENTATION_CONTEXT(2) 
PARAMETRIC_REPRESENTATION_CONTEXT() REPRESENTATION_CONTEXT('2D SPACE',''
  ) );
#3179 = PCURVE('',#3180,#3185);
#3180 = CYLINDRICAL_SURFACE('',#3181,87.);
#3181 = AXIS2_PLACEMENT_3D('',#3182,#3183,#3184);
#3182 = CARTESIAN_POINT('',(0.,-17.2,0.));
#3183 = DIRECTION('',(0.,1.,0.));
#3184 = DIRECTION('',(0.,-0.,1.));
#3185 = DEFINITIONAL_REPRESENTATION('',(#3186),#3190);
#3186 = LINE('',#3187,#3188);
#3187 = CARTESIAN_POINT('',(0.,2.5));
#3188 = VECTOR('',#3189,1.);
#3189 = DIRECTION('',(1.,0.));
#3190 = ( GEOMETRIC_REPRESENTATION_CONTEXT(2) 
PARAMETRIC_REPRESENTATION_CONTEXT() REPRESENTATION_CONTEXT('2D SPACE',''
  ) );
#3191 = ORIENTED_EDGE('',*,*,#3192,.T.);
#3192 = EDGE_CURVE('',#3162,#3193,#3195,.T.);
#3193 = VERTEX_POINT('',#3194);
#3194 = CARTESIAN_POINT('',(17.4,-14.7,-0.6));
#3195 = SURFACE_CURVE('',#3196,(#3200,#3207),.PCURVE_S1.);
#3196 = LINE('',#3197,#3198);
#3197 = CARTESIAN_POINT('',(17.4,-14.7,-90.));
#3198 = VECTOR('',#3199,1.);
#3199 = DIRECTION('',(0.,0.,1.));
#3200 = PCURVE('',#43,#3201);
#3201 = DEFINITIONAL_REPRESENTATION('',(#3202),#3206);
#3202 = LINE('',#3203,#3204);
#3203 = CARTESIAN_POINT('',(-90.,17.4));
#3204 = VECTOR('',#3205,1.);
#3205 = DIRECTION('',(1.,0.));
#3206 = ( GEOMETRIC_REPRESENTATION_CONTEXT(2) 
PARAMETRIC_REPRESENTATION_CONTEXT() REPRESENTATION_CONTEXT('2D SPACE',''
  ) );
#3207 = PCURVE('',#3208,#3213);
#3208 = PLANE('',#3209);
#3209 = AXIS2_PLACEMENT_3D('',#3210,#3211,#3212);
#3210 = CARTESIAN_POINT('',(17.4,-17.1,-90.));
#3211 = DIRECTION('',(1.,0.,0.));
#3212 = DIRECTION('',(0.,0.,1.));
#3213 = DEFINITIONAL_REPRESENTATION('',(#3214),#3218);
#3214 = LINE('',#3215,#3216);
#3215 = CARTESIAN_POINT('',(0.,-2.4));
#3216 = VECTOR('',#3217,1.);
#3217 = DIRECTION('',(1.,0.));
#3218 = ( GEOMETRIC_REPRESENTATION_CONTEXT(2) 
PARAMETRIC_REPRESENTATION_CONTEXT() REPRESENTATION_CONTEXT('2D SPACE',''
  ) );
#3219 = ORIENTED_EDGE('',*,*,#3220,.F.);
#3220 = EDGE_CURVE('',#3221,#3193,#3223,.T.);
#3221 = VERTEX_POINT('',#3222);
#3222 = CARTESIAN_POINT('',(12.6,-14.7,-0.6));
#3223 = SURFACE_CURVE('',#3224,(#3228,#3235),.PCURVE_S1.);
#3224 = LINE('',#3225,#3226);
#3225 = CARTESIAN_POINT('',(-95.,-14.7,-0.6));
#3226 = VECTOR('',#3227,1.);
#3227 = DIRECTION('',(1.,0.,0.));
#3228 = PCURVE('',#43,#3229);
#3229 = DEFINITIONAL_REPRESENTATION('',(#3230),#3234);
#3230 = LINE('',#3231,#3232);
#3231 = CARTESIAN_POINT('',(-0.6,-95.));
#3232 = VECTOR('',#3233,1.);
#3233 = DIRECTION('',(0.,1.));
#3234 = ( GEOMETRIC_REPRESENTATION_CONTEXT(2) 
PARAMETRIC_REPRESENTATION_CONTEXT() REPRESENTATION_CONTEXT('2D SPACE',''
  ) );
#3235 = PCURVE('',#3236,#3241);
#3236 = PLANE('',#3237);
#3237 = AXIS2_PLACEMENT_3D('',#3238,#3239,#3240);
#3238 = CARTESIAN_POINT('',(-95.,-17.1,-0.6));
#3239 = DIRECTION('',(0.,0.,1.));
#3240 = DIRECTION('',(1.,0.,0.));
#3241 = DEFINITIONAL_REPRESENTATION('',(#3242),#3246);
#3242 = LINE('',#3243,#3244);
#3243 = CARTESIAN_POINT('',(0.,2.4));
#3244 = VECTOR('',#3245,1.);
#3245 = DIRECTION('',(1.,0.));
#3246 = ( GEOMETRIC_REPRESENTATION_CONTEXT(2) 
PARAMETRIC_REPRESENTATION_CONTEXT() REPRESENTATION_CONTEXT('2D SPACE',''
  ) );
#3247 = ORIENTED_EDGE('',*,*,#3248,.F.);
#3248 = EDGE_CURVE('',#3164,#3221,#3249,.T.);
#3249 = SURFACE_CURVE('',#3250,(#3254,#3261),.PCURVE_S1.);
#3250 = LINE('',#3251,#3252);
#3251 = CARTESIAN_POINT('',(12.6,-14.7,-90.));
#3252 = VECTOR('',#3253,1.);
#3253 = DIRECTION('',(0.,0.,1.));
#3254 = PCURVE('',#43,#3255);
#3255 = DEFINITIONAL_REPRESENTATION('',(#3256),#3260);
#3256 = LINE('',#3257,#3258);
#3257 = CARTESIAN_POINT('',(-90.,12.6));
#3258 = VECTOR('',#3259,1.);
#3259 = DIRECTION('',(1.,0.));
#3260 = ( GEOMETRIC_REPRESENTATION_CONTEXT(2) 
PARAMETRIC_REPRESENTATION_CONTEXT() REPRESENTATION_CONTEXT('2D SPACE',''
  ) );
#3261 = PCURVE('',#3262,#3267);
#3262 = PLANE('',#3263);
#3263 = AXIS2_PLACEMENT_3D('',#3264,#3265,#3266);
#3264 = CARTESIAN_POINT('',(12.6,-17.1,-90.));
#3265 = DIRECTION('',(1.,0.,0.));
#3266 = DIRECTION('',(0.,0.,1.));
#3267 = DEFINITIONAL_REPRESENTATION('',(#3268),#3272);
#3268 = LINE('',#3269,#3270);
#3269 = CARTESIAN_POINT('',(0.,-2.4));
#3270 = VECTOR('',#3271,1.);
#3271 = DIRECTION('',(1.,0.));
#3272 = ( GEOMETRIC_REPRESENTATION_CONTEXT(2) 
PARAMETRIC_REPRESENTATION_CONTEXT() REPRESENTATION_CONTEXT('2D SPACE',''
  ) );
#3273 = FACE_BOUND('',#3274,.T.);
#3274 = EDGE_LOOP('',(#3275,#3306,#3334,#3362));
#3275 = ORIENTED_EDGE('',*,*,#3276,.F.);
#3276 = EDGE_CURVE('',#3277,#3279,#3281,.T.);
#3277 = VERTEX_POINT('',#3278);
#3278 = CARTESIAN_POINT('',(11.399999999999,-14.7,-86.24986956511));
#3279 = VERTEX_POINT('',#3280);
#3280 = CARTESIAN_POINT('',(6.599999999998,-14.7,-86.74929394525));
#3281 = SURFACE_CURVE('',#3282,(#3287,#3294),.PCURVE_S1.);
#3282 = CIRCLE('',#3283,87.);
#3283 = AXIS2_PLACEMENT_3D('',#3284,#3285,#3286);
#3284 = CARTESIAN_POINT('',(0.,-14.7,0.));
#3285 = DIRECTION('',(0.,1.,0.));
#3286 = DIRECTION('',(0.,-0.,1.));
#3287 = PCURVE('',#43,#3288);
#3288 = DEFINITIONAL_REPRESENTATION('',(#3289),#3293);
#3289 = CIRCLE('',#3290,87.);
#3290 = AXIS2_PLACEMENT_2D('',#3291,#3292);
#3291 = CARTESIAN_POINT('',(0.,0.));
#3292 = DIRECTION('',(1.,0.));
#3293 = ( GEOMETRIC_REPRESENTATION_CONTEXT(2) 
PARAMETRIC_REPRESENTATION_CONTEXT() REPRESENTATION_CONTEXT('2D SPACE',''
  ) );
#3294 = PCURVE('',#3295,#3300);
#3295 = CYLINDRICAL_SURFACE('',#3296,87.);
#3296 = AXIS2_PLACEMENT_3D('',#3297,#3298,#3299);
#3297 = CARTESIAN_POINT('',(0.,-17.2,0.));
#3298 = DIRECTION('',(0.,1.,0.));
#3299 = DIRECTION('',(0.,-0.,1.));
#3300 = DEFINITIONAL_REPRESENTATION('',(#3301),#3305);
#3301 = LINE('',#3302,#3303);
#3302 = CARTESIAN_POINT('',(0.,2.5));
#3303 = VECTOR('',#3304,1.);
#3304 = DIRECTION('',(1.,0.));
#3305 = ( GEOMETRIC_REPRESENTATION_CONTEXT(2) 
PARAMETRIC_REPRESENTATION_CONTEXT() REPRESENTATION_CONTEXT('2D SPACE',''
  ) );
#3306 = ORIENTED_EDGE('',*,*,#3307,.T.);
#3307 = EDGE_CURVE('',#3277,#3308,#3310,.T.);
#3308 = VERTEX_POINT('',#3309);
#3309 = CARTESIAN_POINT('',(11.4,-14.7,-0.6));
#3310 = SURFACE_CURVE('',#3311,(#3315,#3322),.PCURVE_S1.);
#3311 = LINE('',#3312,#3313);
#3312 = CARTESIAN_POINT('',(11.4,-14.7,-90.));
#3313 = VECTOR('',#3314,1.);
#3314 = DIRECTION('',(0.,0.,1.));
#3315 = PCURVE('',#43,#3316);
#3316 = DEFINITIONAL_REPRESENTATION('',(#3317),#3321);
#3317 = LINE('',#3318,#3319);
#3318 = CARTESIAN_POINT('',(-90.,11.4));
#3319 = VECTOR('',#3320,1.);
#3320 = DIRECTION('',(1.,0.));
#3321 = ( GEOMETRIC_REPRESENTATION_CONTEXT(2) 
PARAMETRIC_REPRESENTATION_CONTEXT() REPRESENTATION_CONTEXT('2D SPACE',''
  ) );
#3322 = PCURVE('',#3323,#3328);
#3323 = PLANE('',#3324);
#3324 = AXIS2_PLACEMENT_3D('',#3325,#3326,#3327);
#3325 = CARTESIAN_POINT('',(11.4,-17.1,-90.));
#3326 = DIRECTION('',(1.,0.,0.));
#3327 = DIRECTION('',(0.,0.,1.));
#3328 = DEFINITIONAL_REPRESENTATION('',(#3329),#3333);
#3329 = LINE('',#3330,#3331);
#3330 = CARTESIAN_POINT('',(0.,-2.4));
#3331 = VECTOR('',#3332,1.);
#3332 = DIRECTION('',(1.,0.));
#3333 = ( GEOMETRIC_REPRESENTATION_CONTEXT(2) 
PARAMETRIC_REPRESENTATION_CONTEXT() REPRESENTATION_CONTEXT('2D SPACE',''
  ) );
#3334 = ORIENTED_EDGE('',*,*,#3335,.F.);
#3335 = EDGE_CURVE('',#3336,#3308,#3338,.T.);
#3336 = VERTEX_POINT('',#3337);
#3337 = CARTESIAN_POINT('',(6.6,-14.7,-0.6));
#3338 = SURFACE_CURVE('',#3339,(#3343,#3350),.PCURVE_S1.);
#3339 = LINE('',#3340,#3341);
#3340 = CARTESIAN_POINT('',(-95.,-14.7,-0.6));
#3341 = VECTOR('',#3342,1.);
#3342 = DIRECTION('',(1.,0.,0.));
#3343 = PCURVE('',#43,#3344);
#3344 = DEFINITIONAL_REPRESENTATION('',(#3345),#3349);
#3345 = LINE('',#3346,#3347);
#3346 = CARTESIAN_POINT('',(-0.6,-95.));
#3347 = VECTOR('',#3348,1.);
#3348 = DIRECTION('',(0.,1.));
#3349 = ( GEOMETRIC_REPRESENTATION_CONTEXT(2) 
PARAMETRIC_REPRESENTATION_CONTEXT() REPRESENTATION_CONTEXT('2D SPACE',''
  ) );
#3350 = PCURVE('',#3351,#3356);
#3351 = PLANE('',#3352);
#3352 = AXIS2_PLACEMENT_3D('',#3353,#3354,#3355);
#3353 = CARTESIAN_POINT('',(-95.,-17.1,-0.6));
#3354 = DIRECTION('',(0.,0.,1.));
#3355 = DIRECTION('',(1.,0.,0.));
#3356 = DEFINITIONAL_REPRESENTATION('',(#3357),#3361);
#3357 = LINE('',#3358,#3359);
#3358 = CARTESIAN_POINT('',(0.,2.4));
#3359 = VECTOR('',#3360,1.);
#3360 = DIRECTION('',(1.,0.));
#3361 = ( GEOMETRIC_REPRESENTATION_CONTEXT(2) 
PARAMETRIC_REPRESENTATION_CONTEXT() REPRESENTATION_CONTEXT('2D SPACE',''
  ) );
#3362 = ORIENTED_EDGE('',*,*,#3363,.F.);
#3363 = EDGE_CURVE('',#3279,#3336,#3364,.T.);
#3364 = SURFACE_CURVE('',#3365,(#3369,#3376),.PCURVE_S1.);
#3365 = LINE('',#3366,#3367);
#3366 = CARTESIAN_POINT('',(6.6,-14.7,-90.));
#3367 = VECTOR('',#3368,1.);
#3368 = DIRECTION('',(0.,0.,1.));
#3369 = PCURVE('',#43,#3370);
#3370 = DEFINITIONAL_REPRESENTATION('',(#3371),#3375);
#3371 = LINE('',#3372,#3373);
#3372 = CARTESIAN_POINT('',(-90.,6.6));
#3373 = VECTOR('',#3374,1.);
#3374 = DIRECTION('',(1.,0.));
#3375 = ( GEOMETRIC_REPRESENTATION_CONTEXT(2) 
PARAMETRIC_REPRESENTATION_CONTEXT() REPRESENTATION_CONTEXT('2D SPACE',''
  ) );
#3376 = PCURVE('',#3377,#3382);
#3377 = PLANE('',#3378);
#3378 = AXIS2_PLACEMENT_3D('',#3379,#3380,#3381);
#3379 = CARTESIAN_POINT('',(6.6,-17.1,-90.));
#3380 = DIRECTION('',(1.,0.,0.));
#3381 = DIRECTION('',(0.,0.,1.));
#3382 = DEFINITIONAL_REPRESENTATION('',(#3383),#3387);
#3383 = LINE('',#3384,#3385);
#3384 = CARTESIAN_POINT('',(0.,-2.4));
#3385 = VECTOR('',#3386,1.);
#3386 = DIRECTION('',(1.,0.));
#3387 = ( GEOMETRIC_REPRESENTATION_CONTEXT(2) 
PARAMETRIC_REPRESENTATION_CONTEXT() REPRESENTATION_CONTEXT('2D SPACE',''
  ) );
#3388 = FACE_BOUND('',#3389,.T.);
#3389 = EDGE_LOOP('',(#3390,#3421,#3449,#3477));
#3390 = ORIENTED_EDGE('',*,*,#3391,.F.);
#3391 = EDGE_CURVE('',#3392,#3394,#3396,.T.);
#3392 = VERTEX_POINT('',#3393);
#3393 = CARTESIAN_POINT('',(5.399999999999,-14.7,-86.8322520726));
#3394 = VERTEX_POINT('',#3395);
#3395 = CARTESIAN_POINT('',(0.600000000002,-14.7,-86.99793100988));
#3396 = SURFACE_CURVE('',#3397,(#3402,#3409),.PCURVE_S1.);
#3397 = CIRCLE('',#3398,87.);
#3398 = AXIS2_PLACEMENT_3D('',#3399,#3400,#3401);
#3399 = CARTESIAN_POINT('',(0.,-14.7,0.));
#3400 = DIRECTION('',(0.,1.,0.));
#3401 = DIRECTION('',(0.,-0.,1.));
#3402 = PCURVE('',#43,#3403);
#3403 = DEFINITIONAL_REPRESENTATION('',(#3404),#3408);
#3404 = CIRCLE('',#3405,87.);
#3405 = AXIS2_PLACEMENT_2D('',#3406,#3407);
#3406 = CARTESIAN_POINT('',(0.,0.));
#3407 = DIRECTION('',(1.,0.));
#3408 = ( GEOMETRIC_REPRESENTATION_CONTEXT(2) 
PARAMETRIC_REPRESENTATION_CONTEXT() REPRESENTATION_CONTEXT('2D SPACE',''
  ) );
#3409 = PCURVE('',#3410,#3415);
#3410 = CYLINDRICAL_SURFACE('',#3411,87.);
#3411 = AXIS2_PLACEMENT_3D('',#3412,#3413,#3414);
#3412 = CARTESIAN_POINT('',(0.,-17.2,0.));
#3413 = DIRECTION('',(0.,1.,0.));
#3414 = DIRECTION('',(0.,-0.,1.));
#3415 = DEFINITIONAL_REPRESENTATION('',(#3416),#3420);
#3416 = LINE('',#3417,#3418);
#3417 = CARTESIAN_POINT('',(0.,2.5));
#3418 = VECTOR('',#3419,1.);
#3419 = DIRECTION('',(1.,0.));
#3420 = ( GEOMETRIC_REPRESENTATION_CONTEXT(2) 
PARAMETRIC_REPRESENTATION_CONTEXT() REPRESENTATION_CONTEXT('2D SPACE',''
  ) );
#3421 = ORIENTED_EDGE('',*,*,#3422,.T.);
#3422 = EDGE_CURVE('',#3392,#3423,#3425,.T.);
#3423 = VERTEX_POINT('',#3424);
#3424 = CARTESIAN_POINT('',(5.4,-14.7,-0.6));
#3425 = SURFACE_CURVE('',#3426,(#3430,#3437),.PCURVE_S1.);
#3426 = LINE('',#3427,#3428);
#3427 = CARTESIAN_POINT('',(5.4,-14.7,-90.));
#3428 = VECTOR('',#3429,1.);
#3429 = DIRECTION('',(0.,0.,1.));
#3430 = PCURVE('',#43,#3431);
#3431 = DEFINITIONAL_REPRESENTATION('',(#3432),#3436);
#3432 = LINE('',#3433,#3434);
#3433 = CARTESIAN_POINT('',(-90.,5.4));
#3434 = VECTOR('',#3435,1.);
#3435 = DIRECTION('',(1.,0.));
#3436 = ( GEOMETRIC_REPRESENTATION_CONTEXT(2) 
PARAMETRIC_REPRESENTATION_CONTEXT() REPRESENTATION_CONTEXT('2D SPACE',''
  ) );
#3437 = PCURVE('',#3438,#3443);
#3438 = PLANE('',#3439);
#3439 = AXIS2_PLACEMENT_3D('',#3440,#3441,#3442);
#3440 = CARTESIAN_POINT('',(5.4,-17.1,-90.));
#3441 = DIRECTION('',(1.,0.,0.));
#3442 = DIRECTION('',(0.,0.,1.));
#3443 = DEFINITIONAL_REPRESENTATION('',(#3444),#3448);
#3444 = LINE('',#3445,#3446);
#3445 = CARTESIAN_POINT('',(0.,-2.4));
#3446 = VECTOR('',#3447,1.);
#3447 = DIRECTION('',(1.,0.));
#3448 = ( GEOMETRIC_REPRESENTATION_CONTEXT(2) 
PARAMETRIC_REPRESENTATION_CONTEXT() REPRESENTATION_CONTEXT('2D SPACE',''
  ) );
#3449 = ORIENTED_EDGE('',*,*,#3450,.F.);
#3450 = EDGE_CURVE('',#3451,#3423,#3453,.T.);
#3451 = VERTEX_POINT('',#3452);
#3452 = CARTESIAN_POINT('',(0.6,-14.7,-0.6));
#3453 = SURFACE_CURVE('',#3454,(#3458,#3465),.PCURVE_S1.);
#3454 = LINE('',#3455,#3456);
#3455 = CARTESIAN_POINT('',(-95.,-14.7,-0.6));
#3456 = VECTOR('',#3457,1.);
#3457 = DIRECTION('',(1.,0.,0.));
#3458 = PCURVE('',#43,#3459);
#3459 = DEFINITIONAL_REPRESENTATION('',(#3460),#3464);
#3460 = LINE('',#3461,#3462);
#3461 = CARTESIAN_POINT('',(-0.6,-95.));
#3462 = VECTOR('',#3463,1.);
#3463 = DIRECTION('',(0.,1.));
#3464 = ( GEOMETRIC_REPRESENTATION_CONTEXT(2) 
PARAMETRIC_REPRESENTATION_CONTEXT() REPRESENTATION_CONTEXT('2D SPACE',''
  ) );
#3465 = PCURVE('',#3466,#3471);
#3466 = PLANE('',#3467);
#3467 = AXIS2_PLACEMENT_3D('',#3468,#3469,#3470);
#3468 = CARTESIAN_POINT('',(-95.,-17.1,-0.6));
#3469 = DIRECTION('',(0.,0.,1.));
#3470 = DIRECTION('',(1.,0.,0.));
#3471 = DEFINITIONAL_REPRESENTATION('',(#3472),#3476);
#3472 = LINE('',#3473,#3474);
#3473 = CARTESIAN_POINT('',(0.,2.4));
#3474 = VECTOR('',#3475,1.);
#3475 = DIRECTION('',(1.,0.));
#3476 = ( GEOMETRIC_REPRESENTATION_CONTEXT(2) 
PARAMETRIC_REPRESENTATION_CONTEXT() REPRESENTATION_CONTEXT('2D SPACE',''
  ) );
#3477 = ORIENTED_EDGE('',*,*,#3478,.F.);
#3478 = EDGE_CURVE('',#3394,#3451,#3479,.T.);
#3479 = SURFACE_CURVE('',#3480,(#3484,#3491),.PCURVE_S1.);
#3480 = LINE('',#3481,#3482);
#3481 = CARTESIAN_POINT('',(0.6,-14.7,-90.));
#3482 = VECTOR('',#3483,1.);
#3483 = DIRECTION('',(0.,0.,1.));
#3484 = PCURVE('',#43,#3485);
#3485 = DEFINITIONAL_REPRESENTATION('',(#3486),#3490);
#3486 = LINE('',#3487,#3488);
#3487 = CARTESIAN_POINT('',(-90.,0.6));
#3488 = VECTOR('',#3489,1.);
#3489 = DIRECTION('',(1.,0.));
#3490 = ( GEOMETRIC_REPRESENTATION_CONTEXT(2) 
PARAMETRIC_REPRESENTATION_CONTEXT() REPRESENTATION_CONTEXT('2D SPACE',''
  ) );
#3491 = PCURVE('',#3492,#3497);
#3492 = PLANE('',#3493);
#3493 = AXIS2_PLACEMENT_3D('',#3494,#3495,#3496);
#3494 = CARTESIAN_POINT('',(0.6,-17.1,-90.));
#3495 = DIRECTION('',(1.,0.,0.));
#3496 = DIRECTION('',(0.,0.,1.));
#3497 = DEFINITIONAL_REPRESENTATION('',(#3498),#3502);
#3498 = LINE('',#3499,#3500);
#3499 = CARTESIAN_POINT('',(0.,-2.4));
#3500 = VECTOR('',#3501,1.);
#3501 = DIRECTION('',(1.,0.));
#3502 = ( GEOMETRIC_REPRESENTATION_CONTEXT(2) 
PARAMETRIC_REPRESENTATION_CONTEXT() REPRESENTATION_CONTEXT('2D SPACE',''
  ) );
#3503 = FACE_BOUND('',#3504,.T.);
#3504 = EDGE_LOOP('',(#3505,#3536,#3564,#3592));
#3505 = ORIENTED_EDGE('',*,*,#3506,.F.);
#3506 = EDGE_CURVE('',#3507,#3509,#3511,.T.);
#3507 = VERTEX_POINT('',#3508);
#3508 = CARTESIAN_POINT('',(-0.600000000002,-14.7,-86.99793100988));
#3509 = VERTEX_POINT('',#3510);
#3510 = CARTESIAN_POINT('',(-5.399999999999,-14.7,-86.8322520726));
#3511 = SURFACE_CURVE('',#3512,(#3517,#3524),.PCURVE_S1.);
#3512 = CIRCLE('',#3513,87.);
#3513 = AXIS2_PLACEMENT_3D('',#3514,#3515,#3516);
#3514 = CARTESIAN_POINT('',(0.,-14.7,0.));
#3515 = DIRECTION('',(0.,1.,0.));
#3516 = DIRECTION('',(0.,-0.,1.));
#3517 = PCURVE('',#43,#3518);
#3518 = DEFINITIONAL_REPRESENTATION('',(#3519),#3523);
#3519 = CIRCLE('',#3520,87.);
#3520 = AXIS2_PLACEMENT_2D('',#3521,#3522);
#3521 = CARTESIAN_POINT('',(0.,0.));
#3522 = DIRECTION('',(1.,0.));
#3523 = ( GEOMETRIC_REPRESENTATION_CONTEXT(2) 
PARAMETRIC_REPRESENTATION_CONTEXT() REPRESENTATION_CONTEXT('2D SPACE',''
  ) );
#3524 = PCURVE('',#3525,#3530);
#3525 = CYLINDRICAL_SURFACE('',#3526,87.);
#3526 = AXIS2_PLACEMENT_3D('',#3527,#3528,#3529);
#3527 = CARTESIAN_POINT('',(0.,-17.2,0.));
#3528 = DIRECTION('',(0.,1.,0.));
#3529 = DIRECTION('',(0.,-0.,1.));
#3530 = DEFINITIONAL_REPRESENTATION('',(#3531),#3535);
#3531 = LINE('',#3532,#3533);
#3532 = CARTESIAN_POINT('',(0.,2.5));
#3533 = VECTOR('',#3534,1.);
#3534 = DIRECTION('',(1.,0.));
#3535 = ( GEOMETRIC_REPRESENTATION_CONTEXT(2) 
PARAMETRIC_REPRESENTATION_CONTEXT() REPRESENTATION_CONTEXT('2D SPACE',''
  ) );
#3536 = ORIENTED_EDGE('',*,*,#3537,.T.);
#3537 = EDGE_CURVE('',#3507,#3538,#3540,.T.);
#3538 = VERTEX_POINT('',#3539);
#3539 = CARTESIAN_POINT('',(-0.6,-14.7,-0.6));
#3540 = SURFACE_CURVE('',#3541,(#3545,#3552),.PCURVE_S1.);
#3541 = LINE('',#3542,#3543);
#3542 = CARTESIAN_POINT('',(-0.6,-14.7,-90.));
#3543 = VECTOR('',#3544,1.);
#3544 = DIRECTION('',(0.,0.,1.));
#3545 = PCURVE('',#43,#3546);
#3546 = DEFINITIONAL_REPRESENTATION('',(#3547),#3551);
#3547 = LINE('',#3548,#3549);
#3548 = CARTESIAN_POINT('',(-90.,-0.6));
#3549 = VECTOR('',#3550,1.);
#3550 = DIRECTION('',(1.,0.));
#3551 = ( GEOMETRIC_REPRESENTATION_CONTEXT(2) 
PARAMETRIC_REPRESENTATION_CONTEXT() REPRESENTATION_CONTEXT('2D SPACE',''
  ) );
#3552 = PCURVE('',#3553,#3558);
#3553 = PLANE('',#3554);
#3554 = AXIS2_PLACEMENT_3D('',#3555,#3556,#3557);
#3555 = CARTESIAN_POINT('',(-0.6,-17.1,-90.));
#3556 = DIRECTION('',(1.,0.,0.));
#3557 = DIRECTION('',(0.,0.,1.));
#3558 = DEFINITIONAL_REPRESENTATION('',(#3559),#3563);
#3559 = LINE('',#3560,#3561);
#3560 = CARTESIAN_POINT('',(0.,-2.4));
#3561 = VECTOR('',#3562,1.);
#3562 = DIRECTION('',(1.,0.));
#3563 = ( GEOMETRIC_REPRESENTATION_CONTEXT(2) 
PARAMETRIC_REPRESENTATION_CONTEXT() REPRESENTATION_CONTEXT('2D SPACE',''
  ) );
#3564 = ORIENTED_EDGE('',*,*,#3565,.F.);
#3565 = EDGE_CURVE('',#3566,#3538,#3568,.T.);
#3566 = VERTEX_POINT('',#3567);
#3567 = CARTESIAN_POINT('',(-5.4,-14.7,-0.6));
#3568 = SURFACE_CURVE('',#3569,(#3573,#3580),.PCURVE_S1.);
#3569 = LINE('',#3570,#3571);
#3570 = CARTESIAN_POINT('',(-95.,-14.7,-0.6));
#3571 = VECTOR('',#3572,1.);
#3572 = DIRECTION('',(1.,0.,0.));
#3573 = PCURVE('',#43,#3574);
#3574 = DEFINITIONAL_REPRESENTATION('',(#3575),#3579);
#3575 = LINE('',#3576,#3577);
#3576 = CARTESIAN_POINT('',(-0.6,-95.));
#3577 = VECTOR('',#3578,1.);
#3578 = DIRECTION('',(0.,1.));
#3579 = ( GEOMETRIC_REPRESENTATION_CONTEXT(2) 
PARAMETRIC_REPRESENTATION_CONTEXT() REPRESENTATION_CONTEXT('2D SPACE',''
  ) );
#3580 = PCURVE('',#3581,#3586);
#3581 = PLANE('',#3582);
#3582 = AXIS2_PLACEMENT_3D('',#3583,#3584,#3585);
#3583 = CARTESIAN_POINT('',(-95.,-17.1,-0.6));
#3584 = DIRECTION('',(0.,0.,1.));
#3585 = DIRECTION('',(1.,0.,0.));
#3586 = DEFINITIONAL_REPRESENTATION('',(#3587),#3591);
#3587 = LINE('',#3588,#3589);
#3588 = CARTESIAN_POINT('',(0.,2.4));
#3589 = VECTOR('',#3590,1.);
#3590 = DIRECTION('',(1.,0.));
#3591 = ( GEOMETRIC_REPRESENTATION_CONTEXT(2) 
PARAMETRIC_REPRESENTATION_CONTEXT() REPRESENTATION_CONTEXT('2D SPACE',''
  ) );
#3592 = ORIENTED_EDGE('',*,*,#3593,.F.);
#3593 = EDGE_CURVE('',#3509,#3566,#3594,.T.);
#3594 = SURFACE_CURVE('',#3595,(#3599,#3606),.PCURVE_S1.);
#3595 = LINE('',#3596,#3597);
#3596 = CARTESIAN_POINT('',(-5.4,-14.7,-90.));
#3597 = VECTOR('',#3598,1.);
#3598 = DIRECTION('',(0.,0.,1.));
#3599 = PCURVE('',#43,#3600);
#3600 = DEFINITIONAL_REPRESENTATION('',(#3601),#3605);
#3601 = LINE('',#3602,#3603);
#3602 = CARTESIAN_POINT('',(-90.,-5.4));
#3603 = VECTOR('',#3604,1.);
#3604 = DIRECTION('',(1.,0.));
#3605 = ( GEOMETRIC_REPRESENTATION_CONTEXT(2) 
PARAMETRIC_REPRESENTATION_CONTEXT() REPRESENTATION_CONTEXT('2D SPACE',''
  ) );
#3606 = PCURVE('',#3607,#3612);
#3607 = PLANE('',#3608);
#3608 = AXIS2_PLACEMENT_3D('',#3609,#3610,#3611);
#3609 = CARTESIAN_POINT('',(-5.4,-17.1,-90.));
#3610 = DIRECTION('',(1.,0.,0.));
#3611 = DIRECTION('',(0.,0.,1.));
#3612 = DEFINITIONAL_REPRESENTATION('',(#3613),#3617);
#3613 = LINE('',#3614,#3615);
#3614 = CARTESIAN_POINT('',(0.,-2.4));
#3615 = VECTOR('',#3616,1.);
#3616 = DIRECTION('',(1.,0.));
#3617 = ( GEOMETRIC_REPRESENTATION_CONTEXT(2) 
PARAMETRIC_REPRESENTATION_CONTEXT() REPRESENTATION_CONTEXT('2D SPACE',''
  ) );
#3618 = FACE_BOUND('',#3619,.T.);
#3619 = EDGE_LOOP('',(#3620,#3651,#3679,#3707));
#3620 = ORIENTED_EDGE('',*,*,#3621,.F.);
#3621 = EDGE_CURVE('',#3622,#3624,#3626,.T.);
#3622 = VERTEX_POINT('',#3623);
#3623 = CARTESIAN_POINT('',(-6.599999999998,-14.7,-86.74929394525));
#3624 = VERTEX_POINT('',#3625);
#3625 = CARTESIAN_POINT('',(-11.39999999999,-14.7,-86.24986956511));
#3626 = SURFACE_CURVE('',#3627,(#3632,#3639),.PCURVE_S1.);
#3627 = CIRCLE('',#3628,87.);
#3628 = AXIS2_PLACEMENT_3D('',#3629,#3630,#3631);
#3629 = CARTESIAN_POINT('',(0.,-14.7,0.));
#3630 = DIRECTION('',(0.,1.,0.));
#3631 = DIRECTION('',(0.,-0.,1.));
#3632 = PCURVE('',#43,#3633);
#3633 = DEFINITIONAL_REPRESENTATION('',(#3634),#3638);
#3634 = CIRCLE('',#3635,87.);
#3635 = AXIS2_PLACEMENT_2D('',#3636,#3637);
#3636 = CARTESIAN_POINT('',(0.,0.));
#3637 = DIRECTION('',(1.,0.));
#3638 = ( GEOMETRIC_REPRESENTATION_CONTEXT(2) 
PARAMETRIC_REPRESENTATION_CONTEXT() REPRESENTATION_CONTEXT('2D SPACE',''
  ) );
#3639 = PCURVE('',#3640,#3645);
#3640 = CYLINDRICAL_SURFACE('',#3641,87.);
#3641 = AXIS2_PLACEMENT_3D('',#3642,#3643,#3644);
#3642 = CARTESIAN_POINT('',(0.,-17.2,0.));
#3643 = DIRECTION('',(0.,1.,0.));
#3644 = DIRECTION('',(0.,-0.,1.));
#3645 = DEFINITIONAL_REPRESENTATION('',(#3646),#3650);
#3646 = LINE('',#3647,#3648);
#3647 = CARTESIAN_POINT('',(0.,2.5));
#3648 = VECTOR('',#3649,1.);
#3649 = DIRECTION('',(1.,0.));
#3650 = ( GEOMETRIC_REPRESENTATION_CONTEXT(2) 
PARAMETRIC_REPRESENTATION_CONTEXT() REPRESENTATION_CONTEXT('2D SPACE',''
  ) );
#3651 = ORIENTED_EDGE('',*,*,#3652,.T.);
#3652 = EDGE_CURVE('',#3622,#3653,#3655,.T.);
#3653 = VERTEX_POINT('',#3654);
#3654 = CARTESIAN_POINT('',(-6.6,-14.7,-0.6));
#3655 = SURFACE_CURVE('',#3656,(#3660,#3667),.PCURVE_S1.);
#3656 = LINE('',#3657,#3658);
#3657 = CARTESIAN_POINT('',(-6.6,-14.7,-90.));
#3658 = VECTOR('',#3659,1.);
#3659 = DIRECTION('',(0.,0.,1.));
#3660 = PCURVE('',#43,#3661);
#3661 = DEFINITIONAL_REPRESENTATION('',(#3662),#3666);
#3662 = LINE('',#3663,#3664);
#3663 = CARTESIAN_POINT('',(-90.,-6.6));
#3664 = VECTOR('',#3665,1.);
#3665 = DIRECTION('',(1.,0.));
#3666 = ( GEOMETRIC_REPRESENTATION_CONTEXT(2) 
PARAMETRIC_REPRESENTATION_CONTEXT() REPRESENTATION_CONTEXT('2D SPACE',''
  ) );
#3667 = PCURVE('',#3668,#3673);
#3668 = PLANE('',#3669);
#3669 = AXIS2_PLACEMENT_3D('',#3670,#3671,#3672);
#3670 = CARTESIAN_POINT('',(-6.6,-17.1,-90.));
#3671 = DIRECTION('',(1.,0.,0.));
#3672 = DIRECTION('',(0.,0.,1.));
#3673 = DEFINITIONAL_REPRESENTATION('',(#3674),#3678);
#3674 = LINE('',#3675,#3676);
#3675 = CARTESIAN_POINT('',(0.,-2.4));
#3676 = VECTOR('',#3677,1.);
#3677 = DIRECTION('',(1.,0.));
#3678 = ( GEOMETRIC_REPRESENTATION_CONTEXT(2) 
PARAMETRIC_REPRESENTATION_CONTEXT() REPRESENTATION_CONTEXT('2D SPACE',''
  ) );
#3679 = ORIENTED_EDGE('',*,*,#3680,.F.);
#3680 = EDGE_CURVE('',#3681,#3653,#3683,.T.);
#3681 = VERTEX_POINT('',#3682);
#3682 = CARTESIAN_POINT('',(-11.4,-14.7,-0.6));
#3683 = SURFACE_CURVE('',#3684,(#3688,#3695),.PCURVE_S1.);
#3684 = LINE('',#3685,#3686);
#3685 = CARTESIAN_POINT('',(-95.,-14.7,-0.6));
#3686 = VECTOR('',#3687,1.);
#3687 = DIRECTION('',(1.,0.,0.));
#3688 = PCURVE('',#43,#3689);
#3689 = DEFINITIONAL_REPRESENTATION('',(#3690),#3694);
#3690 = LINE('',#3691,#3692);
#3691 = CARTESIAN_POINT('',(-0.6,-95.));
#3692 = VECTOR('',#3693,1.);
#3693 = DIRECTION('',(0.,1.));
#3694 = ( GEOMETRIC_REPRESENTATION_CONTEXT(2) 
PARAMETRIC_REPRESENTATION_CONTEXT() REPRESENTATION_CONTEXT('2D SPACE',''
  ) );
#3695 = PCURVE('',#3696,#3701);
#3696 = PLANE('',#3697);
#3697 = AXIS2_PLACEMENT_3D('',#3698,#3699,#3700);
#3698 = CARTESIAN_POINT('',(-95.,-17.1,-0.6));
#3699 = DIRECTION('',(0.,0.,1.));
#3700 = DIRECTION('',(1.,0.,0.));
#3701 = DEFINITIONAL_REPRESENTATION('',(#3702),#3706);
#3702 = LINE('',#3703,#3704);
#3703 = CARTESIAN_POINT('',(0.,2.4));
#3704 = VECTOR('',#3705,1.);
#3705 = DIRECTION('',(1.,0.));
#3706 = ( GEOMETRIC_REPRESENTATION_CONTEXT(2) 
PARAMETRIC_REPRESENTATION_CONTEXT() REPRESENTATION_CONTEXT('2D SPACE',''
  ) );
#3707 = ORIENTED_EDGE('',*,*,#3708,.F.);
#3708 = EDGE_CURVE('',#3624,#3681,#3709,.T.);
#3709 = SURFACE_CURVE('',#3710,(#3714,#3721),.PCURVE_S1.);
#3710 = LINE('',#3711,#3712);
#3711 = CARTESIAN_POINT('',(-11.4,-14.7,-90.));
#3712 = VECTOR('',#3713,1.);
#3713 = DIRECTION('',(0.,0.,1.));
#3714 = PCURVE('',#43,#3715);
#3715 = DEFINITIONAL_REPRESENTATION('',(#3716),#3720);
#3716 = LINE('',#3717,#3718);
#3717 = CARTESIAN_POINT('',(-90.,-11.4));
#3718 = VECTOR('',#3719,1.);
#3719 = DIRECTION('',(1.,0.));
#3720 = ( GEOMETRIC_REPRESENTATION_CONTEXT(2) 
PARAMETRIC_REPRESENTATION_CONTEXT() REPRESENTATION_CONTEXT('2D SPACE',''
  ) );
#3721 = PCURVE('',#3722,#3727);
#3722 = PLANE('',#3723);
#3723 = AXIS2_PLACEMENT_3D('',#3724,#3725,#3726);
#3724 = CARTESIAN_POINT('',(-11.4,-17.1,-90.));
#3725 = DIRECTION('',(1.,0.,0.));
#3726 = DIRECTION('',(0.,0.,1.));
#3727 = DEFINITIONAL_REPRESENTATION('',(#3728),#3732);
#3728 = LINE('',#3729,#3730);
#3729 = CARTESIAN_POINT('',(0.,-2.4));
#3730 = VECTOR('',#3731,1.);
#3731 = DIRECTION('',(1.,0.));
#3732 = ( GEOMETRIC_REPRESENTATION_CONTEXT(2) 
PARAMETRIC_REPRESENTATION_CONTEXT() REPRESENTATION_CONTEXT('2D SPACE',''
  ) );
#3733 = FACE_BOUND('',#3734,.T.);
#3734 = EDGE_LOOP('',(#3735,#3766,#3794,#3822));
#3735 = ORIENTED_EDGE('',*,*,#3736,.F.);
#3736 = EDGE_CURVE('',#3737,#3739,#3741,.T.);
#3737 = VERTEX_POINT('',#3738);
#3738 = CARTESIAN_POINT('',(-12.6,-14.7,-86.08275088541));
#3739 = VERTEX_POINT('',#3740);
#3740 = CARTESIAN_POINT('',(-17.4,-14.7,-85.24224304885));
#3741 = SURFACE_CURVE('',#3742,(#3747,#3754),.PCURVE_S1.);
#3742 = CIRCLE('',#3743,87.);
#3743 = AXIS2_PLACEMENT_3D('',#3744,#3745,#3746);
#3744 = CARTESIAN_POINT('',(0.,-14.7,0.));
#3745 = DIRECTION('',(0.,1.,0.));
#3746 = DIRECTION('',(0.,-0.,1.));
#3747 = PCURVE('',#43,#3748);
#3748 = DEFINITIONAL_REPRESENTATION('',(#3749),#3753);
#3749 = CIRCLE('',#3750,87.);
#3750 = AXIS2_PLACEMENT_2D('',#3751,#3752);
#3751 = CARTESIAN_POINT('',(0.,0.));
#3752 = DIRECTION('',(1.,0.));
#3753 = ( GEOMETRIC_REPRESENTATION_CONTEXT(2) 
PARAMETRIC_REPRESENTATION_CONTEXT() REPRESENTATION_CONTEXT('2D SPACE',''
  ) );
#3754 = PCURVE('',#3755,#3760);
#3755 = CYLINDRICAL_SURFACE('',#3756,87.);
#3756 = AXIS2_PLACEMENT_3D('',#3757,#3758,#3759);
#3757 = CARTESIAN_POINT('',(0.,-17.2,0.));
#3758 = DIRECTION('',(0.,1.,0.));
#3759 = DIRECTION('',(0.,-0.,1.));
#3760 = DEFINITIONAL_REPRESENTATION('',(#3761),#3765);
#3761 = LINE('',#3762,#3763);
#3762 = CARTESIAN_POINT('',(0.,2.5));
#3763 = VECTOR('',#3764,1.);
#3764 = DIRECTION('',(1.,0.));
#3765 = ( GEOMETRIC_REPRESENTATION_CONTEXT(2) 
PARAMETRIC_REPRESENTATION_CONTEXT() REPRESENTATION_CONTEXT('2D SPACE',''
  ) );
#3766 = ORIENTED_EDGE('',*,*,#3767,.T.);
#3767 = EDGE_CURVE('',#3737,#3768,#3770,.T.);
#3768 = VERTEX_POINT('',#3769);
#3769 = CARTESIAN_POINT('',(-12.6,-14.7,-0.6));
#3770 = SURFACE_CURVE('',#3771,(#3775,#3782),.PCURVE_S1.);
#3771 = LINE('',#3772,#3773);
#3772 = CARTESIAN_POINT('',(-12.6,-14.7,-90.));
#3773 = VECTOR('',#3774,1.);
#3774 = DIRECTION('',(0.,0.,1.));
#3775 = PCURVE('',#43,#3776);
#3776 = DEFINITIONAL_REPRESENTATION('',(#3777),#3781);
#3777 = LINE('',#3778,#3779);
#3778 = CARTESIAN_POINT('',(-90.,-12.6));
#3779 = VECTOR('',#3780,1.);
#3780 = DIRECTION('',(1.,0.));
#3781 = ( GEOMETRIC_REPRESENTATION_CONTEXT(2) 
PARAMETRIC_REPRESENTATION_CONTEXT() REPRESENTATION_CONTEXT('2D SPACE',''
  ) );
#3782 = PCURVE('',#3783,#3788);
#3783 = PLANE('',#3784);
#3784 = AXIS2_PLACEMENT_3D('',#3785,#3786,#3787);
#3785 = CARTESIAN_POINT('',(-12.6,-17.1,-90.));
#3786 = DIRECTION('',(1.,0.,0.));
#3787 = DIRECTION('',(0.,0.,1.));
#3788 = DEFINITIONAL_REPRESENTATION('',(#3789),#3793);
#3789 = LINE('',#3790,#3791);
#3790 = CARTESIAN_POINT('',(0.,-2.4));
#3791 = VECTOR('',#3792,1.);
#3792 = DIRECTION('',(1.,0.));
#3793 = ( GEOMETRIC_REPRESENTATION_CONTEXT(2) 
PARAMETRIC_REPRESENTATION_CONTEXT() REPRESENTATION_CONTEXT('2D SPACE',''
  ) );
#3794 = ORIENTED_EDGE('',*,*,#3795,.F.);
#3795 = EDGE_CURVE('',#3796,#3768,#3798,.T.);
#3796 = VERTEX_POINT('',#3797);
#3797 = CARTESIAN_POINT('',(-17.4,-14.7,-0.6));
#3798 = SURFACE_CURVE('',#3799,(#3803,#3810),.PCURVE_S1.);
#3799 = LINE('',#3800,#3801);
#3800 = CARTESIAN_POINT('',(-95.,-14.7,-0.6));
#3801 = VECTOR('',#3802,1.);
#3802 = DIRECTION('',(1.,0.,0.));
#3803 = PCURVE('',#43,#3804);
#3804 = DEFINITIONAL_REPRESENTATION('',(#3805),#3809);
#3805 = LINE('',#3806,#3807);
#3806 = CARTESIAN_POINT('',(-0.6,-95.));
#3807 = VECTOR('',#3808,1.);
#3808 = DIRECTION('',(0.,1.));
#3809 = ( GEOMETRIC_REPRESENTATION_CONTEXT(2) 
PARAMETRIC_REPRESENTATION_CONTEXT() REPRESENTATION_CONTEXT('2D SPACE',''
  ) );
#3810 = PCURVE('',#3811,#3816);
#3811 = PLANE('',#3812);
#3812 = AXIS2_PLACEMENT_3D('',#3813,#3814,#3815);
#3813 = CARTESIAN_POINT('',(-95.,-17.1,-0.6));
#3814 = DIRECTION('',(0.,0.,1.));
#3815 = DIRECTION('',(1.,0.,0.));
#3816 = DEFINITIONAL_REPRESENTATION('',(#3817),#3821);
#3817 = LINE('',#3818,#3819);
#3818 = CARTESIAN_POINT('',(0.,2.4));
#3819 = VECTOR('',#3820,1.);
#3820 = DIRECTION('',(1.,0.));
#3821 = ( GEOMETRIC_REPRESENTATION_CONTEXT(2) 
PARAMETRIC_REPRESENTATION_CONTEXT() REPRESENTATION_CONTEXT('2D SPACE',''
  ) );
#3822 = ORIENTED_EDGE('',*,*,#3823,.F.);
#3823 = EDGE_CURVE('',#3739,#3796,#3824,.T.);
#3824 = SURFACE_CURVE('',#3825,(#3829,#3836),.PCURVE_S1.);
#3825 = LINE('',#3826,#3827);
#3826 = CARTESIAN_POINT('',(-17.4,-14.7,-90.));
#3827 = VECTOR('',#3828,1.);
#3828 = DIRECTION('',(0.,0.,1.));
#3829 = PCURVE('',#43,#3830);
#3830 = DEFINITIONAL_REPRESENTATION('',(#3831),#3835);
#3831 = LINE('',#3832,#3833);
#3832 = CARTESIAN_POINT('',(-90.,-17.4));
#3833 = VECTOR('',#3834,1.);
#3834 = DIRECTION('',(1.,0.));
#3835 = ( GEOMETRIC_REPRESENTATION_CONTEXT(2) 
PARAMETRIC_REPRESENTATION_CONTEXT() REPRESENTATION_CONTEXT('2D SPACE',''
  ) );
#3836 = PCURVE('',#3837,#3842);
#3837 = PLANE('',#3838);
#3838 = AXIS2_PLACEMENT_3D('',#3839,#3840,#3841);
#3839 = CARTESIAN_POINT('',(-17.4,-17.1,-90.));
#3840 = DIRECTION('',(1.,0.,0.));
#3841 = DIRECTION('',(0.,0.,1.));
#3842 = DEFINITIONAL_REPRESENTATION('',(#3843),#3847);
#3843 = LINE('',#3844,#3845);
#3844 = CARTESIAN_POINT('',(0.,-2.4));
#3845 = VECTOR('',#3846,1.);
#3846 = DIRECTION('',(1.,0.));
#3847 = ( GEOMETRIC_REPRESENTATION_CONTEXT(2) 
PARAMETRIC_REPRESENTATION_CONTEXT() REPRESENTATION_CONTEXT('2D SPACE',''
  ) );
#3848 = FACE_BOUND('',#3849,.T.);
#3849 = EDGE_LOOP('',(#3850,#3881,#3909,#3937));
#3850 = ORIENTED_EDGE('',*,*,#3851,.F.);
#3851 = EDGE_CURVE('',#3852,#3854,#3856,.T.);
#3852 = VERTEX_POINT('',#3853);
#3853 = CARTESIAN_POINT('',(-18.6,-14.7,-84.9884698062));
#3854 = VERTEX_POINT('',#3855);
#3855 = CARTESIAN_POINT('',(-23.4,-14.7,-83.79403320046));
#3856 = SURFACE_CURVE('',#3857,(#3862,#3869),.PCURVE_S1.);
#3857 = CIRCLE('',#3858,87.);
#3858 = AXIS2_PLACEMENT_3D('',#3859,#3860,#3861);
#3859 = CARTESIAN_POINT('',(0.,-14.7,0.));
#3860 = DIRECTION('',(0.,1.,0.));
#3861 = DIRECTION('',(0.,-0.,1.));
#3862 = PCURVE('',#43,#3863);
#3863 = DEFINITIONAL_REPRESENTATION('',(#3864),#3868);
#3864 = CIRCLE('',#3865,87.);
#3865 = AXIS2_PLACEMENT_2D('',#3866,#3867);
#3866 = CARTESIAN_POINT('',(0.,0.));
#3867 = DIRECTION('',(1.,0.));
#3868 = ( GEOMETRIC_REPRESENTATION_CONTEXT(2) 
PARAMETRIC_REPRESENTATION_CONTEXT() REPRESENTATION_CONTEXT('2D SPACE',''
  ) );
#3869 = PCURVE('',#3870,#3875);
#3870 = CYLINDRICAL_SURFACE('',#3871,87.);
#3871 = AXIS2_PLACEMENT_3D('',#3872,#3873,#3874);
#3872 = CARTESIAN_POINT('',(0.,-17.2,0.));
#3873 = DIRECTION('',(0.,1.,0.));
#3874 = DIRECTION('',(0.,-0.,1.));
#3875 = DEFINITIONAL_REPRESENTATION('',(#3876),#3880);
#3876 = LINE('',#3877,#3878);
#3877 = CARTESIAN_POINT('',(0.,2.5));
#3878 = VECTOR('',#3879,1.);
#3879 = DIRECTION('',(1.,0.));
#3880 = ( GEOMETRIC_REPRESENTATION_CONTEXT(2) 
PARAMETRIC_REPRESENTATION_CONTEXT() REPRESENTATION_CONTEXT('2D SPACE',''
  ) );
#3881 = ORIENTED_EDGE('',*,*,#3882,.T.);
#3882 = EDGE_CURVE('',#3852,#3883,#3885,.T.);
#3883 = VERTEX_POINT('',#3884);
#3884 = CARTESIAN_POINT('',(-18.6,-14.7,-0.6));
#3885 = SURFACE_CURVE('',#3886,(#3890,#3897),.PCURVE_S1.);
#3886 = LINE('',#3887,#3888);
#3887 = CARTESIAN_POINT('',(-18.6,-14.7,-90.));
#3888 = VECTOR('',#3889,1.);
#3889 = DIRECTION('',(0.,0.,1.));
#3890 = PCURVE('',#43,#3891);
#3891 = DEFINITIONAL_REPRESENTATION('',(#3892),#3896);
#3892 = LINE('',#3893,#3894);
#3893 = CARTESIAN_POINT('',(-90.,-18.6));
#3894 = VECTOR('',#3895,1.);
#3895 = DIRECTION('',(1.,0.));
#3896 = ( GEOMETRIC_REPRESENTATION_CONTEXT(2) 
PARAMETRIC_REPRESENTATION_CONTEXT() REPRESENTATION_CONTEXT('2D SPACE',''
  ) );
#3897 = PCURVE('',#3898,#3903);
#3898 = PLANE('',#3899);
#3899 = AXIS2_PLACEMENT_3D('',#3900,#3901,#3902);
#3900 = CARTESIAN_POINT('',(-18.6,-17.1,-90.));
#3901 = DIRECTION('',(1.,0.,0.));
#3902 = DIRECTION('',(0.,0.,1.));
#3903 = DEFINITIONAL_REPRESENTATION('',(#3904),#3908);
#3904 = LINE('',#3905,#3906);
#3905 = CARTESIAN_POINT('',(0.,-2.4));
#3906 = VECTOR('',#3907,1.);
#3907 = DIRECTION('',(1.,0.));
#3908 = ( GEOMETRIC_REPRESENTATION_CONTEXT(2) 
PARAMETRIC_REPRESENTATION_CONTEXT() REPRESENTATION_CONTEXT('2D SPACE',''
  ) );
#3909 = ORIENTED_EDGE('',*,*,#3910,.F.);
#3910 = EDGE_CURVE('',#3911,#3883,#3913,.T.);
#3911 = VERTEX_POINT('',#3912);
#3912 = CARTESIAN_POINT('',(-23.4,-14.7,-0.6));
#3913 = SURFACE_CURVE('',#3914,(#3918,#3925),.PCURVE_S1.);
#3914 = LINE('',#3915,#3916);
#3915 = CARTESIAN_POINT('',(-95.,-14.7,-0.6));
#3916 = VECTOR('',#3917,1.);
#3917 = DIRECTION('',(1.,0.,0.));
#3918 = PCURVE('',#43,#3919);
#3919 = DEFINITIONAL_REPRESENTATION('',(#3920),#3924);
#3920 = LINE('',#3921,#3922);
#3921 = CARTESIAN_POINT('',(-0.6,-95.));
#3922 = VECTOR('',#3923,1.);
#3923 = DIRECTION('',(0.,1.));
#3924 = ( GEOMETRIC_REPRESENTATION_CONTEXT(2) 
PARAMETRIC_REPRESENTATION_CONTEXT() REPRESENTATION_CONTEXT('2D SPACE',''
  ) );
#3925 = PCURVE('',#3926,#3931);
#3926 = PLANE('',#3927);
#3927 = AXIS2_PLACEMENT_3D('',#3928,#3929,#3930);
#3928 = CARTESIAN_POINT('',(-95.,-17.1,-0.6));
#3929 = DIRECTION('',(0.,0.,1.));
#3930 = DIRECTION('',(1.,0.,0.));
#3931 = DEFINITIONAL_REPRESENTATION('',(#3932),#3936);
#3932 = LINE('',#3933,#3934);
#3933 = CARTESIAN_POINT('',(0.,2.4));
#3934 = VECTOR('',#3935,1.);
#3935 = DIRECTION('',(1.,0.));
#3936 = ( GEOMETRIC_REPRESENTATION_CONTEXT(2) 
PARAMETRIC_REPRESENTATION_CONTEXT() REPRESENTATION_CONTEXT('2D SPACE',''
  ) );
#3937 = ORIENTED_EDGE('',*,*,#3938,.F.);
#3938 = EDGE_CURVE('',#3854,#3911,#3939,.T.);
#3939 = SURFACE_CURVE('',#3940,(#3944,#3951),.PCURVE_S1.);
#3940 = LINE('',#3941,#3942);
#3941 = CARTESIAN_POINT('',(-23.4,-14.7,-90.));
#3942 = VECTOR('',#3943,1.);
#3943 = DIRECTION('',(0.,0.,1.));
#3944 = PCURVE('',#43,#3945);
#3945 = DEFINITIONAL_REPRESENTATION('',(#3946),#3950);
#3946 = LINE('',#3947,#3948);
#3947 = CARTESIAN_POINT('',(-90.,-23.4));
#3948 = VECTOR('',#3949,1.);
#3949 = DIRECTION('',(1.,0.));
#3950 = ( GEOMETRIC_REPRESENTATION_CONTEXT(2) 
PARAMETRIC_REPRESENTATION_CONTEXT() REPRESENTATION_CONTEXT('2D SPACE',''
  ) );
#3951 = PCURVE('',#3952,#3957);
#3952 = PLANE('',#3953);
#3953 = AXIS2_PLACEMENT_3D('',#3954,#3955,#3956);
#3954 = CARTESIAN_POINT('',(-23.4,-17.1,-90.));
#3955 = DIRECTION('',(1.,0.,0.));
#3956 = DIRECTION('',(0.,0.,1.));
#3957 = DEFINITIONAL_REPRESENTATION('',(#3958),#3962);
#3958 = LINE('',#3959,#3960);
#3959 = CARTESIAN_POINT('',(0.,-2.4));
#3960 = VECTOR('',#3961,1.);
#3961 = DIRECTION('',(1.,0.));
#3962 = ( GEOMETRIC_REPRESENTATION_CONTEXT(2) 
PARAMETRIC_REPRESENTATION_CONTEXT() REPRESENTATION_CONTEXT('2D SPACE',''
  ) );
#3963 = FACE_BOUND('',#3964,.T.);
#3964 = EDGE_LOOP('',(#3965,#3996,#4024,#4052));
#3965 = ORIENTED_EDGE('',*,*,#3966,.F.);
#3966 = EDGE_CURVE('',#3967,#3969,#3971,.T.);
#3967 = VERTEX_POINT('',#3968);
#3968 = CARTESIAN_POINT('',(-24.6,-14.7,-83.44962552342));
#3969 = VERTEX_POINT('',#3970);
#3970 = CARTESIAN_POINT('',(-29.4,-14.7,-81.88186612431));
#3971 = SURFACE_CURVE('',#3972,(#3977,#3984),.PCURVE_S1.);
#3972 = CIRCLE('',#3973,87.);
#3973 = AXIS2_PLACEMENT_3D('',#3974,#3975,#3976);
#3974 = CARTESIAN_POINT('',(0.,-14.7,0.));
#3975 = DIRECTION('',(0.,1.,0.));
#3976 = DIRECTION('',(0.,-0.,1.));
#3977 = PCURVE('',#43,#3978);
#3978 = DEFINITIONAL_REPRESENTATION('',(#3979),#3983);
#3979 = CIRCLE('',#3980,87.);
#3980 = AXIS2_PLACEMENT_2D('',#3981,#3982);
#3981 = CARTESIAN_POINT('',(0.,0.));
#3982 = DIRECTION('',(1.,0.));
#3983 = ( GEOMETRIC_REPRESENTATION_CONTEXT(2) 
PARAMETRIC_REPRESENTATION_CONTEXT() REPRESENTATION_CONTEXT('2D SPACE',''
  ) );
#3984 = PCURVE('',#3985,#3990);
#3985 = CYLINDRICAL_SURFACE('',#3986,87.);
#3986 = AXIS2_PLACEMENT_3D('',#3987,#3988,#3989);
#3987 = CARTESIAN_POINT('',(0.,-17.2,0.));
#3988 = DIRECTION('',(0.,1.,0.));
#3989 = DIRECTION('',(0.,-0.,1.));
#3990 = DEFINITIONAL_REPRESENTATION('',(#3991),#3995);
#3991 = LINE('',#3992,#3993);
#3992 = CARTESIAN_POINT('',(0.,2.5));
#3993 = VECTOR('',#3994,1.);
#3994 = DIRECTION('',(1.,0.));
#3995 = ( GEOMETRIC_REPRESENTATION_CONTEXT(2) 
PARAMETRIC_REPRESENTATION_CONTEXT() REPRESENTATION_CONTEXT('2D SPACE',''
  ) );
#3996 = ORIENTED_EDGE('',*,*,#3997,.T.);
#3997 = EDGE_CURVE('',#3967,#3998,#4000,.T.);
#3998 = VERTEX_POINT('',#3999);
#3999 = CARTESIAN_POINT('',(-24.6,-14.7,-0.6));
#4000 = SURFACE_CURVE('',#4001,(#4005,#4012),.PCURVE_S1.);
#4001 = LINE('',#4002,#4003);
#4002 = CARTESIAN_POINT('',(-24.6,-14.7,-90.));
#4003 = VECTOR('',#4004,1.);
#4004 = DIRECTION('',(0.,0.,1.));
#4005 = PCURVE('',#43,#4006);
#4006 = DEFINITIONAL_REPRESENTATION('',(#4007),#4011);
#4007 = LINE('',#4008,#4009);
#4008 = CARTESIAN_POINT('',(-90.,-24.6));
#4009 = VECTOR('',#4010,1.);
#4010 = DIRECTION('',(1.,0.));
#4011 = ( GEOMETRIC_REPRESENTATION_CONTEXT(2) 
PARAMETRIC_REPRESENTATION_CONTEXT() REPRESENTATION_CONTEXT('2D SPACE',''
  ) );
#4012 = PCURVE('',#4013,#4018);
#4013 = PLANE('',#4014);
#4014 = AXIS2_PLACEMENT_3D('',#4015,#4016,#4017);
#4015 = CARTESIAN_POINT('',(-24.6,-17.1,-90.));
#4016 = DIRECTION('',(1.,0.,0.));
#4017 = DIRECTION('',(0.,0.,1.));
#4018 = DEFINITIONAL_REPRESENTATION('',(#4019),#4023);
#4019 = LINE('',#4020,#4021);
#4020 = CARTESIAN_POINT('',(0.,-2.4));
#4021 = VECTOR('',#4022,1.);
#4022 = DIRECTION('',(1.,0.));
#4023 = ( GEOMETRIC_REPRESENTATION_CONTEXT(2) 
PARAMETRIC_REPRESENTATION_CONTEXT() REPRESENTATION_CONTEXT('2D SPACE',''
  ) );
#4024 = ORIENTED_EDGE('',*,*,#4025,.F.);
#4025 = EDGE_CURVE('',#4026,#3998,#4028,.T.);
#4026 = VERTEX_POINT('',#4027);
#4027 = CARTESIAN_POINT('',(-29.4,-14.7,-0.6));
#4028 = SURFACE_CURVE('',#4029,(#4033,#4040),.PCURVE_S1.);
#4029 = LINE('',#4030,#4031);
#4030 = CARTESIAN_POINT('',(-95.,-14.7,-0.6));
#4031 = VECTOR('',#4032,1.);
#4032 = DIRECTION('',(1.,0.,0.));
#4033 = PCURVE('',#43,#4034);
#4034 = DEFINITIONAL_REPRESENTATION('',(#4035),#4039);
#4035 = LINE('',#4036,#4037);
#4036 = CARTESIAN_POINT('',(-0.6,-95.));
#4037 = VECTOR('',#4038,1.);
#4038 = DIRECTION('',(0.,1.));
#4039 = ( GEOMETRIC_REPRESENTATION_CONTEXT(2) 
PARAMETRIC_REPRESENTATION_CONTEXT() REPRESENTATION_CONTEXT('2D SPACE',''
  ) );
#4040 = PCURVE('',#4041,#4046);
#4041 = PLANE('',#4042);
#4042 = AXIS2_PLACEMENT_3D('',#4043,#4044,#4045);
#4043 = CARTESIAN_POINT('',(-95.,-17.1,-0.6));
#4044 = DIRECTION('',(0.,0.,1.));
#4045 = DIRECTION('',(1.,0.,0.));
#4046 = DEFINITIONAL_REPRESENTATION('',(#4047),#4051);
#4047 = LINE('',#4048,#4049);
#4048 = CARTESIAN_POINT('',(0.,2.4));
#4049 = VECTOR('',#4050,1.);
#4050 = DIRECTION('',(1.,0.));
#4051 = ( GEOMETRIC_REPRESENTATION_CONTEXT(2) 
PARAMETRIC_REPRESENTATION_CONTEXT() REPRESENTATION_CONTEXT('2D SPACE',''
  ) );
#4052 = ORIENTED_EDGE('',*,*,#4053,.F.);
#4053 = EDGE_CURVE('',#3969,#4026,#4054,.T.);
#4054 = SURFACE_CURVE('',#4055,(#4059,#4066),.PCURVE_S1.);
#4055 = LINE('',#4056,#4057);
#4056 = CARTESIAN_POINT('',(-29.4,-14.7,-90.));
#4057 = VECTOR('',#4058,1.);
#4058 = DIRECTION('',(0.,0.,1.));
#4059 = PCURVE('',#43,#4060);
#4060 = DEFINITIONAL_REPRESENTATION('',(#4061),#4065);
#4061 = LINE('',#4062,#4063);
#4062 = CARTESIAN_POINT('',(-90.,-29.4));
#4063 = VECTOR('',#4064,1.);
#4064 = DIRECTION('',(1.,0.));
#4065 = ( GEOMETRIC_REPRESENTATION_CONTEXT(2) 
PARAMETRIC_REPRESENTATION_CONTEXT() REPRESENTATION_CONTEXT('2D SPACE',''
  ) );
#4066 = PCURVE('',#4067,#4072);
#4067 = PLANE('',#4068);
#4068 = AXIS2_PLACEMENT_3D('',#4069,#4070,#4071);
#4069 = CARTESIAN_POINT('',(-29.4,-17.1,-90.));
#4070 = DIRECTION('',(1.,0.,0.));
#4071 = DIRECTION('',(0.,0.,1.));
#4072 = DEFINITIONAL_REPRESENTATION('',(#4073),#4077);
#4073 = LINE('',#4074,#4075);
#4074 = CARTESIAN_POINT('',(0.,-2.4));
#4075 = VECTOR('',#4076,1.);
#4076 = DIRECTION('',(1.,0.));
#4077 = ( GEOMETRIC_REPRESENTATION_CONTEXT(2) 
PARAMETRIC_REPRESENTATION_CONTEXT() REPRESENTATION_CONTEXT('2D SPACE',''
  ) );
#4078 = FACE_BOUND('',#4079,.T.);
#4079 = EDGE_LOOP('',(#4080,#4111,#4139,#4167));
#4080 = ORIENTED_EDGE('',*,*,#4081,.F.);
#4081 = EDGE_CURVE('',#4082,#4084,#4086,.T.);
#4082 = VERTEX_POINT('',#4083);
#4083 = CARTESIAN_POINT('',(-30.6,-14.7,-81.44102160459));
#4084 = VERTEX_POINT('',#4085);
#4085 = CARTESIAN_POINT('',(-35.4,-14.7,-79.47225931103));
#4086 = SURFACE_CURVE('',#4087,(#4092,#4099),.PCURVE_S1.);
#4087 = CIRCLE('',#4088,87.);
#4088 = AXIS2_PLACEMENT_3D('',#4089,#4090,#4091);
#4089 = CARTESIAN_POINT('',(0.,-14.7,0.));
#4090 = DIRECTION('',(0.,1.,0.));
#4091 = DIRECTION('',(0.,-0.,1.));
#4092 = PCURVE('',#43,#4093);
#4093 = DEFINITIONAL_REPRESENTATION('',(#4094),#4098);
#4094 = CIRCLE('',#4095,87.);
#4095 = AXIS2_PLACEMENT_2D('',#4096,#4097);
#4096 = CARTESIAN_POINT('',(0.,0.));
#4097 = DIRECTION('',(1.,0.));
#4098 = ( GEOMETRIC_REPRESENTATION_CONTEXT(2) 
PARAMETRIC_REPRESENTATION_CONTEXT() REPRESENTATION_CONTEXT('2D SPACE',''
  ) );
#4099 = PCURVE('',#4100,#4105);
#4100 = CYLINDRICAL_SURFACE('',#4101,87.);
#4101 = AXIS2_PLACEMENT_3D('',#4102,#4103,#4104);
#4102 = CARTESIAN_POINT('',(0.,-17.2,0.));
#4103 = DIRECTION('',(0.,1.,0.));
#4104 = DIRECTION('',(0.,-0.,1.));
#4105 = DEFINITIONAL_REPRESENTATION('',(#4106),#4110);
#4106 = LINE('',#4107,#4108);
#4107 = CARTESIAN_POINT('',(0.,2.5));
#4108 = VECTOR('',#4109,1.);
#4109 = DIRECTION('',(1.,0.));
#4110 = ( GEOMETRIC_REPRESENTATION_CONTEXT(2) 
PARAMETRIC_REPRESENTATION_CONTEXT() REPRESENTATION_CONTEXT('2D SPACE',''
  ) );
#4111 = ORIENTED_EDGE('',*,*,#4112,.T.);
#4112 = EDGE_CURVE('',#4082,#4113,#4115,.T.);
#4113 = VERTEX_POINT('',#4114);
#4114 = CARTESIAN_POINT('',(-30.6,-14.7,-0.6));
#4115 = SURFACE_CURVE('',#4116,(#4120,#4127),.PCURVE_S1.);
#4116 = LINE('',#4117,#4118);
#4117 = CARTESIAN_POINT('',(-30.6,-14.7,-90.));
#4118 = VECTOR('',#4119,1.);
#4119 = DIRECTION('',(0.,0.,1.));
#4120 = PCURVE('',#43,#4121);
#4121 = DEFINITIONAL_REPRESENTATION('',(#4122),#4126);
#4122 = LINE('',#4123,#4124);
#4123 = CARTESIAN_POINT('',(-90.,-30.6));
#4124 = VECTOR('',#4125,1.);
#4125 = DIRECTION('',(1.,0.));
#4126 = ( GEOMETRIC_REPRESENTATION_CONTEXT(2) 
PARAMETRIC_REPRESENTATION_CONTEXT() REPRESENTATION_CONTEXT('2D SPACE',''
  ) );
#4127 = PCURVE('',#4128,#4133);
#4128 = PLANE('',#4129);
#4129 = AXIS2_PLACEMENT_3D('',#4130,#4131,#4132);
#4130 = CARTESIAN_POINT('',(-30.6,-17.1,-90.));
#4131 = DIRECTION('',(1.,0.,0.));
#4132 = DIRECTION('',(0.,0.,1.));
#4133 = DEFINITIONAL_REPRESENTATION('',(#4134),#4138);
#4134 = LINE('',#4135,#4136);
#4135 = CARTESIAN_POINT('',(0.,-2.4));
#4136 = VECTOR('',#4137,1.);
#4137 = DIRECTION('',(1.,0.));
#4138 = ( GEOMETRIC_REPRESENTATION_CONTEXT(2) 
PARAMETRIC_REPRESENTATION_CONTEXT() REPRESENTATION_CONTEXT('2D SPACE',''
  ) );
#4139 = ORIENTED_EDGE('',*,*,#4140,.F.);
#4140 = EDGE_CURVE('',#4141,#4113,#4143,.T.);
#4141 = VERTEX_POINT('',#4142);
#4142 = CARTESIAN_POINT('',(-35.4,-14.7,-0.6));
#4143 = SURFACE_CURVE('',#4144,(#4148,#4155),.PCURVE_S1.);
#4144 = LINE('',#4145,#4146);
#4145 = CARTESIAN_POINT('',(-95.,-14.7,-0.6));
#4146 = VECTOR('',#4147,1.);
#4147 = DIRECTION('',(1.,0.,0.));
#4148 = PCURVE('',#43,#4149);
#4149 = DEFINITIONAL_REPRESENTATION('',(#4150),#4154);
#4150 = LINE('',#4151,#4152);
#4151 = CARTESIAN_POINT('',(-0.6,-95.));
#4152 = VECTOR('',#4153,1.);
#4153 = DIRECTION('',(0.,1.));
#4154 = ( GEOMETRIC_REPRESENTATION_CONTEXT(2) 
PARAMETRIC_REPRESENTATION_CONTEXT() REPRESENTATION_CONTEXT('2D SPACE',''
  ) );
#4155 = PCURVE('',#4156,#4161);
#4156 = PLANE('',#4157);
#4157 = AXIS2_PLACEMENT_3D('',#4158,#4159,#4160);
#4158 = CARTESIAN_POINT('',(-95.,-17.1,-0.6));
#4159 = DIRECTION('',(0.,0.,1.));
#4160 = DIRECTION('',(1.,0.,0.));
#4161 = DEFINITIONAL_REPRESENTATION('',(#4162),#4166);
#4162 = LINE('',#4163,#4164);
#4163 = CARTESIAN_POINT('',(0.,2.4));
#4164 = VECTOR('',#4165,1.);
#4165 = DIRECTION('',(1.,0.));
#4166 = ( GEOMETRIC_REPRESENTATION_CONTEXT(2) 
PARAMETRIC_REPRESENTATION_CONTEXT() REPRESENTATION_CONTEXT('2D SPACE',''
  ) );
#4167 = ORIENTED_EDGE('',*,*,#4168,.F.);
#4168 = EDGE_CURVE('',#4084,#4141,#4169,.T.);
#4169 = SURFACE_CURVE('',#4170,(#4174,#4181),.PCURVE_S1.);
#4170 = LINE('',#4171,#4172);
#4171 = CARTESIAN_POINT('',(-35.4,-14.7,-90.));
#4172 = VECTOR('',#4173,1.);
#4173 = DIRECTION('',(0.,0.,1.));
#4174 = PCURVE('',#43,#4175);
#4175 = DEFINITIONAL_REPRESENTATION('',(#4176),#4180);
#4176 = LINE('',#4177,#4178);
#4177 = CARTESIAN_POINT('',(-90.,-35.4));
#4178 = VECTOR('',#4179,1.);
#4179 = DIRECTION('',(1.,0.));
#4180 = ( GEOMETRIC_REPRESENTATION_CONTEXT(2) 
PARAMETRIC_REPRESENTATION_CONTEXT() REPRESENTATION_CONTEXT('2D SPACE',''
  ) );
#4181 = PCURVE('',#4182,#4187);
#4182 = PLANE('',#4183);
#4183 = AXIS2_PLACEMENT_3D('',#4184,#4185,#4186);
#4184 = CARTESIAN_POINT('',(-35.4,-17.1,-90.));
#4185 = DIRECTION('',(1.,0.,0.));
#4186 = DIRECTION('',(0.,0.,1.));
#4187 = DEFINITIONAL_REPRESENTATION('',(#4188),#4192);
#4188 = LINE('',#4189,#4190);
#4189 = CARTESIAN_POINT('',(0.,-2.4));
#4190 = VECTOR('',#4191,1.);
#4191 = DIRECTION('',(1.,0.));
#4192 = ( GEOMETRIC_REPRESENTATION_CONTEXT(2) 
PARAMETRIC_REPRESENTATION_CONTEXT() REPRESENTATION_CONTEXT('2D SPACE',''
  ) );
#4193 = FACE_BOUND('',#4194,.T.);
#4194 = EDGE_LOOP('',(#4195,#4226,#4254,#4282));
#4195 = ORIENTED_EDGE('',*,*,#4196,.F.);
#4196 = EDGE_CURVE('',#4197,#4199,#4201,.T.);
#4197 = VERTEX_POINT('',#4198);
#4198 = CARTESIAN_POINT('',(-36.6,-14.7,-78.92680153154));
#4199 = VERTEX_POINT('',#4200);
#4200 = CARTESIAN_POINT('',(-41.4,-14.7,-76.51823312126));
#4201 = SURFACE_CURVE('',#4202,(#4207,#4214),.PCURVE_S1.);
#4202 = CIRCLE('',#4203,87.);
#4203 = AXIS2_PLACEMENT_3D('',#4204,#4205,#4206);
#4204 = CARTESIAN_POINT('',(0.,-14.7,0.));
#4205 = DIRECTION('',(0.,1.,0.));
#4206 = DIRECTION('',(0.,-0.,1.));
#4207 = PCURVE('',#43,#4208);
#4208 = DEFINITIONAL_REPRESENTATION('',(#4209),#4213);
#4209 = CIRCLE('',#4210,87.);
#4210 = AXIS2_PLACEMENT_2D('',#4211,#4212);
#4211 = CARTESIAN_POINT('',(0.,0.));
#4212 = DIRECTION('',(1.,0.));
#4213 = ( GEOMETRIC_REPRESENTATION_CONTEXT(2) 
PARAMETRIC_REPRESENTATION_CONTEXT() REPRESENTATION_CONTEXT('2D SPACE',''
  ) );
#4214 = PCURVE('',#4215,#4220);
#4215 = CYLINDRICAL_SURFACE('',#4216,87.);
#4216 = AXIS2_PLACEMENT_3D('',#4217,#4218,#4219);
#4217 = CARTESIAN_POINT('',(0.,-17.2,0.));
#4218 = DIRECTION('',(0.,1.,0.));
#4219 = DIRECTION('',(0.,-0.,1.));
#4220 = DEFINITIONAL_REPRESENTATION('',(#4221),#4225);
#4221 = LINE('',#4222,#4223);
#4222 = CARTESIAN_POINT('',(0.,2.5));
#4223 = VECTOR('',#4224,1.);
#4224 = DIRECTION('',(1.,0.));
#4225 = ( GEOMETRIC_REPRESENTATION_CONTEXT(2) 
PARAMETRIC_REPRESENTATION_CONTEXT() REPRESENTATION_CONTEXT('2D SPACE',''
  ) );
#4226 = ORIENTED_EDGE('',*,*,#4227,.T.);
#4227 = EDGE_CURVE('',#4197,#4228,#4230,.T.);
#4228 = VERTEX_POINT('',#4229);
#4229 = CARTESIAN_POINT('',(-36.6,-14.7,-0.6));
#4230 = SURFACE_CURVE('',#4231,(#4235,#4242),.PCURVE_S1.);
#4231 = LINE('',#4232,#4233);
#4232 = CARTESIAN_POINT('',(-36.6,-14.7,-90.));
#4233 = VECTOR('',#4234,1.);
#4234 = DIRECTION('',(0.,0.,1.));
#4235 = PCURVE('',#43,#4236);
#4236 = DEFINITIONAL_REPRESENTATION('',(#4237),#4241);
#4237 = LINE('',#4238,#4239);
#4238 = CARTESIAN_POINT('',(-90.,-36.6));
#4239 = VECTOR('',#4240,1.);
#4240 = DIRECTION('',(1.,0.));
#4241 = ( GEOMETRIC_REPRESENTATION_CONTEXT(2) 
PARAMETRIC_REPRESENTATION_CONTEXT() REPRESENTATION_CONTEXT('2D SPACE',''
  ) );
#4242 = PCURVE('',#4243,#4248);
#4243 = PLANE('',#4244);
#4244 = AXIS2_PLACEMENT_3D('',#4245,#4246,#4247);
#4245 = CARTESIAN_POINT('',(-36.6,-17.1,-90.));
#4246 = DIRECTION('',(1.,0.,0.));
#4247 = DIRECTION('',(0.,0.,1.));
#4248 = DEFINITIONAL_REPRESENTATION('',(#4249),#4253);
#4249 = LINE('',#4250,#4251);
#4250 = CARTESIAN_POINT('',(0.,-2.4));
#4251 = VECTOR('',#4252,1.);
#4252 = DIRECTION('',(1.,0.));
#4253 = ( GEOMETRIC_REPRESENTATION_CONTEXT(2) 
PARAMETRIC_REPRESENTATION_CONTEXT() REPRESENTATION_CONTEXT('2D SPACE',''
  ) );
#4254 = ORIENTED_EDGE('',*,*,#4255,.F.);
#4255 = EDGE_CURVE('',#4256,#4228,#4258,.T.);
#4256 = VERTEX_POINT('',#4257);
#4257 = CARTESIAN_POINT('',(-41.4,-14.7,-0.6));
#4258 = SURFACE_CURVE('',#4259,(#4263,#4270),.PCURVE_S1.);
#4259 = LINE('',#4260,#4261);
#4260 = CARTESIAN_POINT('',(-95.,-14.7,-0.6));
#4261 = VECTOR('',#4262,1.);
#4262 = DIRECTION('',(1.,0.,0.));
#4263 = PCURVE('',#43,#4264);
#4264 = DEFINITIONAL_REPRESENTATION('',(#4265),#4269);
#4265 = LINE('',#4266,#4267);
#4266 = CARTESIAN_POINT('',(-0.6,-95.));
#4267 = VECTOR('',#4268,1.);
#4268 = DIRECTION('',(0.,1.));
#4269 = ( GEOMETRIC_REPRESENTATION_CONTEXT(2) 
PARAMETRIC_REPRESENTATION_CONTEXT() REPRESENTATION_CONTEXT('2D SPACE',''
  ) );
#4270 = PCURVE('',#4271,#4276);
#4271 = PLANE('',#4272);
#4272 = AXIS2_PLACEMENT_3D('',#4273,#4274,#4275);
#4273 = CARTESIAN_POINT('',(-95.,-17.1,-0.6));
#4274 = DIRECTION('',(0.,0.,1.));
#4275 = DIRECTION('',(1.,0.,0.));
#4276 = DEFINITIONAL_REPRESENTATION('',(#4277),#4281);
#4277 = LINE('',#4278,#4279);
#4278 = CARTESIAN_POINT('',(0.,2.4));
#4279 = VECTOR('',#4280,1.);
#4280 = DIRECTION('',(1.,0.));
#4281 = ( GEOMETRIC_REPRESENTATION_CONTEXT(2) 
PARAMETRIC_REPRESENTATION_CONTEXT() REPRESENTATION_CONTEXT('2D SPACE',''
  ) );
#4282 = ORIENTED_EDGE('',*,*,#4283,.F.);
#4283 = EDGE_CURVE('',#4199,#4256,#4284,.T.);
#4284 = SURFACE_CURVE('',#4285,(#4289,#4296),.PCURVE_S1.);
#4285 = LINE('',#4286,#4287);
#4286 = CARTESIAN_POINT('',(-41.4,-14.7,-90.));
#4287 = VECTOR('',#4288,1.);
#4288 = DIRECTION('',(0.,0.,1.));
#4289 = PCURVE('',#43,#4290);
#4290 = DEFINITIONAL_REPRESENTATION('',(#4291),#4295);
#4291 = LINE('',#4292,#4293);
#4292 = CARTESIAN_POINT('',(-90.,-41.4));
#4293 = VECTOR('',#4294,1.);
#4294 = DIRECTION('',(1.,0.));
#4295 = ( GEOMETRIC_REPRESENTATION_CONTEXT(2) 
PARAMETRIC_REPRESENTATION_CONTEXT() REPRESENTATION_CONTEXT('2D SPACE',''
  ) );
#4296 = PCURVE('',#4297,#4302);
#4297 = PLANE('',#4298);
#4298 = AXIS2_PLACEMENT_3D('',#4299,#4300,#4301);
#4299 = CARTESIAN_POINT('',(-41.4,-17.1,-90.));
#4300 = DIRECTION('',(1.,0.,0.));
#4301 = DIRECTION('',(0.,0.,1.));
#4302 = DEFINITIONAL_REPRESENTATION('',(#4303),#4307);
#4303 = LINE('',#4304,#4305);
#4304 = CARTESIAN_POINT('',(0.,-2.4));
#4305 = VECTOR('',#4306,1.);
#4306 = DIRECTION('',(1.,0.));
#4307 = ( GEOMETRIC_REPRESENTATION_CONTEXT(2) 
PARAMETRIC_REPRESENTATION_CONTEXT() REPRESENTATION_CONTEXT('2D SPACE',''
  ) );
#4308 = FACE_BOUND('',#4309,.T.);
#4309 = EDGE_LOOP('',(#4310,#4341,#4369,#4397));
#4310 = ORIENTED_EDGE('',*,*,#4311,.F.);
#4311 = EDGE_CURVE('',#4312,#4314,#4316,.T.);
#4312 = VERTEX_POINT('',#4313);
#4313 = CARTESIAN_POINT('',(-42.6,-14.7,-75.85670702053));
#4314 = VERTEX_POINT('',#4315);
#4315 = CARTESIAN_POINT('',(-47.4,-14.7,-72.95368393713));
#4316 = SURFACE_CURVE('',#4317,(#4322,#4329),.PCURVE_S1.);
#4317 = CIRCLE('',#4318,87.);
#4318 = AXIS2_PLACEMENT_3D('',#4319,#4320,#4321);
#4319 = CARTESIAN_POINT('',(0.,-14.7,0.));
#4320 = DIRECTION('',(0.,1.,0.));
#4321 = DIRECTION('',(0.,-0.,1.));
#4322 = PCURVE('',#43,#4323);
#4323 = DEFINITIONAL_REPRESENTATION('',(#4324),#4328);
#4324 = CIRCLE('',#4325,87.);
#4325 = AXIS2_PLACEMENT_2D('',#4326,#4327);
#4326 = CARTESIAN_POINT('',(0.,0.));
#4327 = DIRECTION('',(1.,0.));
#4328 = ( GEOMETRIC_REPRESENTATION_CONTEXT(2) 
PARAMETRIC_REPRESENTATION_CONTEXT() REPRESENTATION_CONTEXT('2D SPACE',''
  ) );
#4329 = PCURVE('',#4330,#4335);
#4330 = CYLINDRICAL_SURFACE('',#4331,87.);
#4331 = AXIS2_PLACEMENT_3D('',#4332,#4333,#4334);
#4332 = CARTESIAN_POINT('',(0.,-17.2,0.));
#4333 = DIRECTION('',(0.,1.,0.));
#4334 = DIRECTION('',(0.,-0.,1.));
#4335 = DEFINITIONAL_REPRESENTATION('',(#4336),#4340);
#4336 = LINE('',#4337,#4338);
#4337 = CARTESIAN_POINT('',(0.,2.5));
#4338 = VECTOR('',#4339,1.);
#4339 = DIRECTION('',(1.,0.));
#4340 = ( GEOMETRIC_REPRESENTATION_CONTEXT(2) 
PARAMETRIC_REPRESENTATION_CONTEXT() REPRESENTATION_CONTEXT('2D SPACE',''
  ) );
#4341 = ORIENTED_EDGE('',*,*,#4342,.T.);
#4342 = EDGE_CURVE('',#4312,#4343,#4345,.T.);
#4343 = VERTEX_POINT('',#4344);
#4344 = CARTESIAN_POINT('',(-42.6,-14.7,-0.6));
#4345 = SURFACE_CURVE('',#4346,(#4350,#4357),.PCURVE_S1.);
#4346 = LINE('',#4347,#4348);
#4347 = CARTESIAN_POINT('',(-42.6,-14.7,-90.));
#4348 = VECTOR('',#4349,1.);
#4349 = DIRECTION('',(0.,0.,1.));
#4350 = PCURVE('',#43,#4351);
#4351 = DEFINITIONAL_REPRESENTATION('',(#4352),#4356);
#4352 = LINE('',#4353,#4354);
#4353 = CARTESIAN_POINT('',(-90.,-42.6));
#4354 = VECTOR('',#4355,1.);
#4355 = DIRECTION('',(1.,0.));
#4356 = ( GEOMETRIC_REPRESENTATION_CONTEXT(2) 
PARAMETRIC_REPRESENTATION_CONTEXT() REPRESENTATION_CONTEXT('2D SPACE',''
  ) );
#4357 = PCURVE('',#4358,#4363);
#4358 = PLANE('',#4359);
#4359 = AXIS2_PLACEMENT_3D('',#4360,#4361,#4362);
#4360 = CARTESIAN_POINT('',(-42.6,-17.1,-90.));
#4361 = DIRECTION('',(1.,0.,0.));
#4362 = DIRECTION('',(0.,0.,1.));
#4363 = DEFINITIONAL_REPRESENTATION('',(#4364),#4368);
#4364 = LINE('',#4365,#4366);
#4365 = CARTESIAN_POINT('',(0.,-2.4));
#4366 = VECTOR('',#4367,1.);
#4367 = DIRECTION('',(1.,0.));
#4368 = ( GEOMETRIC_REPRESENTATION_CONTEXT(2) 
PARAMETRIC_REPRESENTATION_CONTEXT() REPRESENTATION_CONTEXT('2D SPACE',''
  ) );
#4369 = ORIENTED_EDGE('',*,*,#4370,.F.);
#4370 = EDGE_CURVE('',#4371,#4343,#4373,.T.);
#4371 = VERTEX_POINT('',#4372);
#4372 = CARTESIAN_POINT('',(-47.4,-14.7,-0.6));
#4373 = SURFACE_CURVE('',#4374,(#4378,#4385),.PCURVE_S1.);
#4374 = LINE('',#4375,#4376);
#4375 = CARTESIAN_POINT('',(-95.,-14.7,-0.6));
#4376 = VECTOR('',#4377,1.);
#4377 = DIRECTION('',(1.,0.,0.));
#4378 = PCURVE('',#43,#4379);
#4379 = DEFINITIONAL_REPRESENTATION('',(#4380),#4384);
#4380 = LINE('',#4381,#4382);
#4381 = CARTESIAN_POINT('',(-0.6,-95.));
#4382 = VECTOR('',#4383,1.);
#4383 = DIRECTION('',(0.,1.));
#4384 = ( GEOMETRIC_REPRESENTATION_CONTEXT(2) 
PARAMETRIC_REPRESENTATION_CONTEXT() REPRESENTATION_CONTEXT('2D SPACE',''
  ) );
#4385 = PCURVE('',#4386,#4391);
#4386 = PLANE('',#4387);
#4387 = AXIS2_PLACEMENT_3D('',#4388,#4389,#4390);
#4388 = CARTESIAN_POINT('',(-95.,-17.1,-0.6));
#4389 = DIRECTION('',(0.,0.,1.));
#4390 = DIRECTION('',(1.,0.,0.));
#4391 = DEFINITIONAL_REPRESENTATION('',(#4392),#4396);
#4392 = LINE('',#4393,#4394);
#4393 = CARTESIAN_POINT('',(0.,2.4));
#4394 = VECTOR('',#4395,1.);
#4395 = DIRECTION('',(1.,0.));
#4396 = ( GEOMETRIC_REPRESENTATION_CONTEXT(2) 
PARAMETRIC_REPRESENTATION_CONTEXT() REPRESENTATION_CONTEXT('2D SPACE',''
  ) );
#4397 = ORIENTED_EDGE('',*,*,#4398,.F.);
#4398 = EDGE_CURVE('',#4314,#4371,#4399,.T.);
#4399 = SURFACE_CURVE('',#4400,(#4404,#4411),.PCURVE_S1.);
#4400 = LINE('',#4401,#4402);
#4401 = CARTESIAN_POINT('',(-47.4,-14.7,-90.));
#4402 = VECTOR('',#4403,1.);
#4403 = DIRECTION('',(0.,0.,1.));
#4404 = PCURVE('',#43,#4405);
#4405 = DEFINITIONAL_REPRESENTATION('',(#4406),#4410);
#4406 = LINE('',#4407,#4408);
#4407 = CARTESIAN_POINT('',(-90.,-47.4));
#4408 = VECTOR('',#4409,1.);
#4409 = DIRECTION('',(1.,0.));
#4410 = ( GEOMETRIC_REPRESENTATION_CONTEXT(2) 
PARAMETRIC_REPRESENTATION_CONTEXT() REPRESENTATION_CONTEXT('2D SPACE',''
  ) );
#4411 = PCURVE('',#4412,#4417);
#4412 = PLANE('',#4413);
#4413 = AXIS2_PLACEMENT_3D('',#4414,#4415,#4416);
#4414 = CARTESIAN_POINT('',(-47.4,-17.1,-90.));
#4415 = DIRECTION('',(1.,0.,0.));
#4416 = DIRECTION('',(0.,0.,1.));
#4417 = DEFINITIONAL_REPRESENTATION('',(#4418),#4422);
#4418 = LINE('',#4419,#4420);
#4419 = CARTESIAN_POINT('',(0.,-2.4));
#4420 = VECTOR('',#4421,1.);
#4421 = DIRECTION('',(1.,0.));
#4422 = ( GEOMETRIC_REPRESENTATION_CONTEXT(2) 
PARAMETRIC_REPRESENTATION_CONTEXT() REPRESENTATION_CONTEXT('2D SPACE',''
  ) );
#4423 = FACE_BOUND('',#4424,.T.);
#4424 = EDGE_LOOP('',(#4425,#4456,#4484,#4512));
#4425 = ORIENTED_EDGE('',*,*,#4426,.F.);
#4426 = EDGE_CURVE('',#4427,#4429,#4431,.T.);
#4427 = VERTEX_POINT('',#4428);
#4428 = CARTESIAN_POINT('',(-48.6,-14.7,-72.15982261619));
#4429 = VERTEX_POINT('',#4430);
#4430 = CARTESIAN_POINT('',(-53.4,-14.7,-68.68362250202));
#4431 = SURFACE_CURVE('',#4432,(#4437,#4444),.PCURVE_S1.);
#4432 = CIRCLE('',#4433,87.);
#4433 = AXIS2_PLACEMENT_3D('',#4434,#4435,#4436);
#4434 = CARTESIAN_POINT('',(0.,-14.7,0.));
#4435 = DIRECTION('',(0.,1.,0.));
#4436 = DIRECTION('',(0.,-0.,1.));
#4437 = PCURVE('',#43,#4438);
#4438 = DEFINITIONAL_REPRESENTATION('',(#4439),#4443);
#4439 = CIRCLE('',#4440,87.);
#4440 = AXIS2_PLACEMENT_2D('',#4441,#4442);
#4441 = CARTESIAN_POINT('',(0.,0.));
#4442 = DIRECTION('',(1.,0.));
#4443 = ( GEOMETRIC_REPRESENTATION_CONTEXT(2) 
PARAMETRIC_REPRESENTATION_CONTEXT() REPRESENTATION_CONTEXT('2D SPACE',''
  ) );
#4444 = PCURVE('',#4445,#4450);
#4445 = CYLINDRICAL_SURFACE('',#4446,87.);
#4446 = AXIS2_PLACEMENT_3D('',#4447,#4448,#4449);
#4447 = CARTESIAN_POINT('',(0.,-17.2,0.));
#4448 = DIRECTION('',(0.,1.,0.));
#4449 = DIRECTION('',(0.,-0.,1.));
#4450 = DEFINITIONAL_REPRESENTATION('',(#4451),#4455);
#4451 = LINE('',#4452,#4453);
#4452 = CARTESIAN_POINT('',(0.,2.5));
#4453 = VECTOR('',#4454,1.);
#4454 = DIRECTION('',(1.,0.));
#4455 = ( GEOMETRIC_REPRESENTATION_CONTEXT(2) 
PARAMETRIC_REPRESENTATION_CONTEXT() REPRESENTATION_CONTEXT('2D SPACE',''
  ) );
#4456 = ORIENTED_EDGE('',*,*,#4457,.T.);
#4457 = EDGE_CURVE('',#4427,#4458,#4460,.T.);
#4458 = VERTEX_POINT('',#4459);
#4459 = CARTESIAN_POINT('',(-48.6,-14.7,-0.6));
#4460 = SURFACE_CURVE('',#4461,(#4465,#4472),.PCURVE_S1.);
#4461 = LINE('',#4462,#4463);
#4462 = CARTESIAN_POINT('',(-48.6,-14.7,-90.));
#4463 = VECTOR('',#4464,1.);
#4464 = DIRECTION('',(0.,0.,1.));
#4465 = PCURVE('',#43,#4466);
#4466 = DEFINITIONAL_REPRESENTATION('',(#4467),#4471);
#4467 = LINE('',#4468,#4469);
#4468 = CARTESIAN_POINT('',(-90.,-48.6));
#4469 = VECTOR('',#4470,1.);
#4470 = DIRECTION('',(1.,0.));
#4471 = ( GEOMETRIC_REPRESENTATION_CONTEXT(2) 
PARAMETRIC_REPRESENTATION_CONTEXT() REPRESENTATION_CONTEXT('2D SPACE',''
  ) );
#4472 = PCURVE('',#4473,#4478);
#4473 = PLANE('',#4474);
#4474 = AXIS2_PLACEMENT_3D('',#4475,#4476,#4477);
#4475 = CARTESIAN_POINT('',(-48.6,-17.1,-90.));
#4476 = DIRECTION('',(1.,0.,0.));
#4477 = DIRECTION('',(0.,0.,1.));
#4478 = DEFINITIONAL_REPRESENTATION('',(#4479),#4483);
#4479 = LINE('',#4480,#4481);
#4480 = CARTESIAN_POINT('',(0.,-2.4));
#4481 = VECTOR('',#4482,1.);
#4482 = DIRECTION('',(1.,0.));
#4483 = ( GEOMETRIC_REPRESENTATION_CONTEXT(2) 
PARAMETRIC_REPRESENTATION_CONTEXT() REPRESENTATION_CONTEXT('2D SPACE',''
  ) );
#4484 = ORIENTED_EDGE('',*,*,#4485,.F.);
#4485 = EDGE_CURVE('',#4486,#4458,#4488,.T.);
#4486 = VERTEX_POINT('',#4487);
#4487 = CARTESIAN_POINT('',(-53.4,-14.7,-0.6));
#4488 = SURFACE_CURVE('',#4489,(#4493,#4500),.PCURVE_S1.);
#4489 = LINE('',#4490,#4491);
#4490 = CARTESIAN_POINT('',(-95.,-14.7,-0.6));
#4491 = VECTOR('',#4492,1.);
#4492 = DIRECTION('',(1.,0.,0.));
#4493 = PCURVE('',#43,#4494);
#4494 = DEFINITIONAL_REPRESENTATION('',(#4495),#4499);
#4495 = LINE('',#4496,#4497);
#4496 = CARTESIAN_POINT('',(-0.6,-95.));
#4497 = VECTOR('',#4498,1.);
#4498 = DIRECTION('',(0.,1.));
#4499 = ( GEOMETRIC_REPRESENTATION_CONTEXT(2) 
PARAMETRIC_REPRESENTATION_CONTEXT() REPRESENTATION_CONTEXT('2D SPACE',''
  ) );
#4500 = PCURVE('',#4501,#4506);
#4501 = PLANE('',#4502);
#4502 = AXIS2_PLACEMENT_3D('',#4503,#4504,#4505);
#4503 = CARTESIAN_POINT('',(-95.,-17.1,-0.6));
#4504 = DIRECTION('',(0.,0.,1.));
#4505 = DIRECTION('',(1.,0.,0.));
#4506 = DEFINITIONAL_REPRESENTATION('',(#4507),#4511);
#4507 = LINE('',#4508,#4509);
#4508 = CARTESIAN_POINT('',(0.,2.4));
#4509 = VECTOR('',#4510,1.);
#4510 = DIRECTION('',(1.,0.));
#4511 = ( GEOMETRIC_REPRESENTATION_CONTEXT(2) 
PARAMETRIC_REPRESENTATION_CONTEXT() REPRESENTATION_CONTEXT('2D SPACE',''
  ) );
#4512 = ORIENTED_EDGE('',*,*,#4513,.F.);
#4513 = EDGE_CURVE('',#4429,#4486,#4514,.T.);
#4514 = SURFACE_CURVE('',#4515,(#4519,#4526),.PCURVE_S1.);
#4515 = LINE('',#4516,#4517);
#4516 = CARTESIAN_POINT('',(-53.4,-14.7,-90.));
#4517 = VECTOR('',#4518,1.);
#4518 = DIRECTION('',(0.,0.,1.));
#4519 = PCURVE('',#43,#4520);
#4520 = DEFINITIONAL_REPRESENTATION('',(#4521),#4525);
#4521 = LINE('',#4522,#4523);
#4522 = CARTESIAN_POINT('',(-90.,-53.4));
#4523 = VECTOR('',#4524,1.);
#4524 = DIRECTION('',(1.,0.));
#4525 = ( GEOMETRIC_REPRESENTATION_CONTEXT(2) 
PARAMETRIC_REPRESENTATION_CONTEXT() REPRESENTATION_CONTEXT('2D SPACE',''
  ) );
#4526 = PCURVE('',#4527,#4532);
#4527 = PLANE('',#4528);
#4528 = AXIS2_PLACEMENT_3D('',#4529,#4530,#4531);
#4529 = CARTESIAN_POINT('',(-53.4,-17.1,-90.));
#4530 = DIRECTION('',(1.,0.,0.));
#4531 = DIRECTION('',(0.,0.,1.));
#4532 = DEFINITIONAL_REPRESENTATION('',(#4533),#4537);
#4533 = LINE('',#4534,#4535);
#4534 = CARTESIAN_POINT('',(0.,-2.4));
#4535 = VECTOR('',#4536,1.);
#4536 = DIRECTION('',(1.,0.));
#4537 = ( GEOMETRIC_REPRESENTATION_CONTEXT(2) 
PARAMETRIC_REPRESENTATION_CONTEXT() REPRESENTATION_CONTEXT('2D SPACE',''
  ) );
#4538 = FACE_BOUND('',#4539,.T.);
#4539 = EDGE_LOOP('',(#4540,#4571,#4599,#4627));
#4540 = ORIENTED_EDGE('',*,*,#4541,.F.);
#4541 = EDGE_CURVE('',#4542,#4544,#4546,.T.);
#4542 = VERTEX_POINT('',#4543);
#4543 = CARTESIAN_POINT('',(-54.6,-14.7,-67.73359580001));
#4544 = VERTEX_POINT('',#4545);
#4545 = CARTESIAN_POINT('',(-59.4,-14.7,-63.56602866311));
#4546 = SURFACE_CURVE('',#4547,(#4552,#4559),.PCURVE_S1.);
#4547 = CIRCLE('',#4548,87.);
#4548 = AXIS2_PLACEMENT_3D('',#4549,#4550,#4551);
#4549 = CARTESIAN_POINT('',(0.,-14.7,0.));
#4550 = DIRECTION('',(0.,1.,0.));
#4551 = DIRECTION('',(0.,-0.,1.));
#4552 = PCURVE('',#43,#4553);
#4553 = DEFINITIONAL_REPRESENTATION('',(#4554),#4558);
#4554 = CIRCLE('',#4555,87.);
#4555 = AXIS2_PLACEMENT_2D('',#4556,#4557);
#4556 = CARTESIAN_POINT('',(0.,0.));
#4557 = DIRECTION('',(1.,0.));
#4558 = ( GEOMETRIC_REPRESENTATION_CONTEXT(2) 
PARAMETRIC_REPRESENTATION_CONTEXT() REPRESENTATION_CONTEXT('2D SPACE',''
  ) );
#4559 = PCURVE('',#4560,#4565);
#4560 = CYLINDRICAL_SURFACE('',#4561,87.);
#4561 = AXIS2_PLACEMENT_3D('',#4562,#4563,#4564);
#4562 = CARTESIAN_POINT('',(0.,-17.2,0.));
#4563 = DIRECTION('',(0.,1.,0.));
#4564 = DIRECTION('',(0.,-0.,1.));
#4565 = DEFINITIONAL_REPRESENTATION('',(#4566),#4570);
#4566 = LINE('',#4567,#4568);
#4567 = CARTESIAN_POINT('',(0.,2.5));
#4568 = VECTOR('',#4569,1.);
#4569 = DIRECTION('',(1.,0.));
#4570 = ( GEOMETRIC_REPRESENTATION_CONTEXT(2) 
PARAMETRIC_REPRESENTATION_CONTEXT() REPRESENTATION_CONTEXT('2D SPACE',''
  ) );
#4571 = ORIENTED_EDGE('',*,*,#4572,.T.);
#4572 = EDGE_CURVE('',#4542,#4573,#4575,.T.);
#4573 = VERTEX_POINT('',#4574);
#4574 = CARTESIAN_POINT('',(-54.6,-14.7,-0.6));
#4575 = SURFACE_CURVE('',#4576,(#4580,#4587),.PCURVE_S1.);
#4576 = LINE('',#4577,#4578);
#4577 = CARTESIAN_POINT('',(-54.6,-14.7,-90.));
#4578 = VECTOR('',#4579,1.);
#4579 = DIRECTION('',(0.,0.,1.));
#4580 = PCURVE('',#43,#4581);
#4581 = DEFINITIONAL_REPRESENTATION('',(#4582),#4586);
#4582 = LINE('',#4583,#4584);
#4583 = CARTESIAN_POINT('',(-90.,-54.6));
#4584 = VECTOR('',#4585,1.);
#4585 = DIRECTION('',(1.,0.));
#4586 = ( GEOMETRIC_REPRESENTATION_CONTEXT(2) 
PARAMETRIC_REPRESENTATION_CONTEXT() REPRESENTATION_CONTEXT('2D SPACE',''
  ) );
#4587 = PCURVE('',#4588,#4593);
#4588 = PLANE('',#4589);
#4589 = AXIS2_PLACEMENT_3D('',#4590,#4591,#4592);
#4590 = CARTESIAN_POINT('',(-54.6,-17.1,-90.));
#4591 = DIRECTION('',(1.,0.,0.));
#4592 = DIRECTION('',(0.,0.,1.));
#4593 = DEFINITIONAL_REPRESENTATION('',(#4594),#4598);
#4594 = LINE('',#4595,#4596);
#4595 = CARTESIAN_POINT('',(0.,-2.4));
#4596 = VECTOR('',#4597,1.);
#4597 = DIRECTION('',(1.,0.));
#4598 = ( GEOMETRIC_REPRESENTATION_CONTEXT(2) 
PARAMETRIC_REPRESENTATION_CONTEXT() REPRESENTATION_CONTEXT('2D SPACE',''
  ) );
#4599 = ORIENTED_EDGE('',*,*,#4600,.F.);
#4600 = EDGE_CURVE('',#4601,#4573,#4603,.T.);
#4601 = VERTEX_POINT('',#4602);
#4602 = CARTESIAN_POINT('',(-59.4,-14.7,-0.6));
#4603 = SURFACE_CURVE('',#4604,(#4608,#4615),.PCURVE_S1.);
#4604 = LINE('',#4605,#4606);
#4605 = CARTESIAN_POINT('',(-95.,-14.7,-0.6));
#4606 = VECTOR('',#4607,1.);
#4607 = DIRECTION('',(1.,0.,0.));
#4608 = PCURVE('',#43,#4609);
#4609 = DEFINITIONAL_REPRESENTATION('',(#4610),#4614);
#4610 = LINE('',#4611,#4612);
#4611 = CARTESIAN_POINT('',(-0.6,-95.));
#4612 = VECTOR('',#4613,1.);
#4613 = DIRECTION('',(0.,1.));
#4614 = ( GEOMETRIC_REPRESENTATION_CONTEXT(2) 
PARAMETRIC_REPRESENTATION_CONTEXT() REPRESENTATION_CONTEXT('2D SPACE',''
  ) );
#4615 = PCURVE('',#4616,#4621);
#4616 = PLANE('',#4617);
#4617 = AXIS2_PLACEMENT_3D('',#4618,#4619,#4620);
#4618 = CARTESIAN_POINT('',(-95.,-17.1,-0.6));
#4619 = DIRECTION('',(0.,0.,1.));
#4620 = DIRECTION('',(1.,0.,0.));
#4621 = DEFINITIONAL_REPRESENTATION('',(#4622),#4626);
#4622 = LINE('',#4623,#4624);
#4623 = CARTESIAN_POINT('',(0.,2.4));
#4624 = VECTOR('',#4625,1.);
#4625 = DIRECTION('',(1.,0.));
#4626 = ( GEOMETRIC_REPRESENTATION_CONTEXT(2) 
PARAMETRIC_REPRESENTATION_CONTEXT() REPRESENTATION_CONTEXT('2D SPACE',''
  ) );
#4627 = ORIENTED_EDGE('',*,*,#4628,.F.);
#4628 = EDGE_CURVE('',#4544,#4601,#4629,.T.);
#4629 = SURFACE_CURVE('',#4630,(#4634,#4641),.PCURVE_S1.);
#4630 = LINE('',#4631,#4632);
#4631 = CARTESIAN_POINT('',(-59.4,-14.7,-90.));
#4632 = VECTOR('',#4633,1.);
#4633 = DIRECTION('',(0.,0.,1.));
#4634 = PCURVE('',#43,#4635);
#4635 = DEFINITIONAL_REPRESENTATION('',(#4636),#4640);
#4636 = LINE('',#4637,#4638);
#4637 = CARTESIAN_POINT('',(-90.,-59.4));
#4638 = VECTOR('',#4639,1.);
#4639 = DIRECTION('',(1.,0.));
#4640 = ( GEOMETRIC_REPRESENTATION_CONTEXT(2) 
PARAMETRIC_REPRESENTATION_CONTEXT() REPRESENTATION_CONTEXT('2D SPACE',''
  ) );
#4641 = PCURVE('',#4642,#4647);
#4642 = PLANE('',#4643);
#4643 = AXIS2_PLACEMENT_3D('',#4644,#4645,#4646);
#4644 = CARTESIAN_POINT('',(-59.4,-17.1,-90.));
#4645 = DIRECTION('',(1.,0.,0.));
#4646 = DIRECTION('',(0.,0.,1.));
#4647 = DEFINITIONAL_REPRESENTATION('',(#4648),#4652);
#4648 = LINE('',#4649,#4650);
#4649 = CARTESIAN_POINT('',(0.,-2.4));
#4650 = VECTOR('',#4651,1.);
#4651 = DIRECTION('',(1.,0.));
#4652 = ( GEOMETRIC_REPRESENTATION_CONTEXT(2) 
PARAMETRIC_REPRESENTATION_CONTEXT() REPRESENTATION_CONTEXT('2D SPACE',''
  ) );
#4653 = FACE_BOUND('',#4654,.T.);
#4654 = EDGE_LOOP('',(#4655,#4686,#4714,#4742));
#4655 = ORIENTED_EDGE('',*,*,#4656,.F.);
#4656 = EDGE_CURVE('',#4657,#4659,#4661,.T.);
#4657 = VERTEX_POINT('',#4658);
#4658 = CARTESIAN_POINT('',(-60.6,-14.7,-62.42307265747));
#4659 = VERTEX_POINT('',#4660);
#4660 = CARTESIAN_POINT('',(-65.4,-14.7,-57.37455882183));
#4661 = SURFACE_CURVE('',#4662,(#4667,#4674),.PCURVE_S1.);
#4662 = CIRCLE('',#4663,87.);
#4663 = AXIS2_PLACEMENT_3D('',#4664,#4665,#4666);
#4664 = CARTESIAN_POINT('',(0.,-14.7,0.));
#4665 = DIRECTION('',(0.,1.,0.));
#4666 = DIRECTION('',(0.,-0.,1.));
#4667 = PCURVE('',#43,#4668);
#4668 = DEFINITIONAL_REPRESENTATION('',(#4669),#4673);
#4669 = CIRCLE('',#4670,87.);
#4670 = AXIS2_PLACEMENT_2D('',#4671,#4672);
#4671 = CARTESIAN_POINT('',(0.,0.));
#4672 = DIRECTION('',(1.,0.));
#4673 = ( GEOMETRIC_REPRESENTATION_CONTEXT(2) 
PARAMETRIC_REPRESENTATION_CONTEXT() REPRESENTATION_CONTEXT('2D SPACE',''
  ) );
#4674 = PCURVE('',#4675,#4680);
#4675 = CYLINDRICAL_SURFACE('',#4676,87.);
#4676 = AXIS2_PLACEMENT_3D('',#4677,#4678,#4679);
#4677 = CARTESIAN_POINT('',(0.,-17.2,0.));
#4678 = DIRECTION('',(0.,1.,0.));
#4679 = DIRECTION('',(0.,-0.,1.));
#4680 = DEFINITIONAL_REPRESENTATION('',(#4681),#4685);
#4681 = LINE('',#4682,#4683);
#4682 = CARTESIAN_POINT('',(0.,2.5));
#4683 = VECTOR('',#4684,1.);
#4684 = DIRECTION('',(1.,0.));
#4685 = ( GEOMETRIC_REPRESENTATION_CONTEXT(2) 
PARAMETRIC_REPRESENTATION_CONTEXT() REPRESENTATION_CONTEXT('2D SPACE',''
  ) );
#4686 = ORIENTED_EDGE('',*,*,#4687,.T.);
#4687 = EDGE_CURVE('',#4657,#4688,#4690,.T.);
#4688 = VERTEX_POINT('',#4689);
#4689 = CARTESIAN_POINT('',(-60.6,-14.7,-0.6));
#4690 = SURFACE_CURVE('',#4691,(#4695,#4702),.PCURVE_S1.);
#4691 = LINE('',#4692,#4693);
#4692 = CARTESIAN_POINT('',(-60.6,-14.7,-90.));
#4693 = VECTOR('',#4694,1.);
#4694 = DIRECTION('',(0.,0.,1.));
#4695 = PCURVE('',#43,#4696);
#4696 = DEFINITIONAL_REPRESENTATION('',(#4697),#4701);
#4697 = LINE('',#4698,#4699);
#4698 = CARTESIAN_POINT('',(-90.,-60.6));
#4699 = VECTOR('',#4700,1.);
#4700 = DIRECTION('',(1.,0.));
#4701 = ( GEOMETRIC_REPRESENTATION_CONTEXT(2) 
PARAMETRIC_REPRESENTATION_CONTEXT() REPRESENTATION_CONTEXT('2D SPACE',''
  ) );
#4702 = PCURVE('',#4703,#4708);
#4703 = PLANE('',#4704);
#4704 = AXIS2_PLACEMENT_3D('',#4705,#4706,#4707);
#4705 = CARTESIAN_POINT('',(-60.6,-17.1,-90.));
#4706 = DIRECTION('',(1.,0.,0.));
#4707 = DIRECTION('',(0.,0.,1.));
#4708 = DEFINITIONAL_REPRESENTATION('',(#4709),#4713);
#4709 = LINE('',#4710,#4711);
#4710 = CARTESIAN_POINT('',(0.,-2.4));
#4711 = VECTOR('',#4712,1.);
#4712 = DIRECTION('',(1.,0.));
#4713 = ( GEOMETRIC_REPRESENTATION_CONTEXT(2) 
PARAMETRIC_REPRESENTATION_CONTEXT() REPRESENTATION_CONTEXT('2D SPACE',''
  ) );
#4714 = ORIENTED_EDGE('',*,*,#4715,.F.);
#4715 = EDGE_CURVE('',#4716,#4688,#4718,.T.);
#4716 = VERTEX_POINT('',#4717);
#4717 = CARTESIAN_POINT('',(-65.4,-14.7,-0.6));
#4718 = SURFACE_CURVE('',#4719,(#4723,#4730),.PCURVE_S1.);
#4719 = LINE('',#4720,#4721);
#4720 = CARTESIAN_POINT('',(-95.,-14.7,-0.6));
#4721 = VECTOR('',#4722,1.);
#4722 = DIRECTION('',(1.,0.,0.));
#4723 = PCURVE('',#43,#4724);
#4724 = DEFINITIONAL_REPRESENTATION('',(#4725),#4729);
#4725 = LINE('',#4726,#4727);
#4726 = CARTESIAN_POINT('',(-0.6,-95.));
#4727 = VECTOR('',#4728,1.);
#4728 = DIRECTION('',(0.,1.));
#4729 = ( GEOMETRIC_REPRESENTATION_CONTEXT(2) 
PARAMETRIC_REPRESENTATION_CONTEXT() REPRESENTATION_CONTEXT('2D SPACE',''
  ) );
#4730 = PCURVE('',#4731,#4736);
#4731 = PLANE('',#4732);
#4732 = AXIS2_PLACEMENT_3D('',#4733,#4734,#4735);
#4733 = CARTESIAN_POINT('',(-95.,-17.1,-0.6));
#4734 = DIRECTION('',(0.,0.,1.));
#4735 = DIRECTION('',(1.,0.,0.));
#4736 = DEFINITIONAL_REPRESENTATION('',(#4737),#4741);
#4737 = LINE('',#4738,#4739);
#4738 = CARTESIAN_POINT('',(0.,2.4));
#4739 = VECTOR('',#4740,1.);
#4740 = DIRECTION('',(1.,0.));
#4741 = ( GEOMETRIC_REPRESENTATION_CONTEXT(2) 
PARAMETRIC_REPRESENTATION_CONTEXT() REPRESENTATION_CONTEXT('2D SPACE',''
  ) );
#4742 = ORIENTED_EDGE('',*,*,#4743,.F.);
#4743 = EDGE_CURVE('',#4659,#4716,#4744,.T.);
#4744 = SURFACE_CURVE('',#4745,(#4749,#4756),.PCURVE_S1.);
#4745 = LINE('',#4746,#4747);
#4746 = CARTESIAN_POINT('',(-65.4,-14.7,-90.));
#4747 = VECTOR('',#4748,1.);
#4748 = DIRECTION('',(0.,0.,1.));
#4749 = PCURVE('',#43,#4750);
#4750 = DEFINITIONAL_REPRESENTATION('',(#4751),#4755);
#4751 = LINE('',#4752,#4753);
#4752 = CARTESIAN_POINT('',(-90.,-65.4));
#4753 = VECTOR('',#4754,1.);
#4754 = DIRECTION('',(1.,0.));
#4755 = ( GEOMETRIC_REPRESENTATION_CONTEXT(2) 
PARAMETRIC_REPRESENTATION_CONTEXT() REPRESENTATION_CONTEXT('2D SPACE',''
  ) );
#4756 = PCURVE('',#4757,#4762);
#4757 = PLANE('',#4758);
#4758 = AXIS2_PLACEMENT_3D('',#4759,#4760,#4761);
#4759 = CARTESIAN_POINT('',(-65.4,-17.1,-90.));
#4760 = DIRECTION('',(1.,0.,0.));
#4761 = DIRECTION('',(0.,0.,1.));
#4762 = DEFINITIONAL_REPRESENTATION('',(#4763),#4767);
#4763 = LINE('',#4764,#4765);
#4764 = CARTESIAN_POINT('',(0.,-2.4));
#4765 = VECTOR('',#4766,1.);
#4766 = DIRECTION('',(1.,0.));
#4767 = ( GEOMETRIC_REPRESENTATION_CONTEXT(2) 
PARAMETRIC_REPRESENTATION_CONTEXT() REPRESENTATION_CONTEXT('2D SPACE',''
  ) );
#4768 = FACE_BOUND('',#4769,.T.);
#4769 = EDGE_LOOP('',(#4770,#4801,#4829,#4857));
#4770 = ORIENTED_EDGE('',*,*,#4771,.F.);
#4771 = EDGE_CURVE('',#4772,#4774,#4776,.T.);
#4772 = VERTEX_POINT('',#4773);
#4773 = CARTESIAN_POINT('',(-66.59999999999,-14.7,-55.97713819051));
#4774 = VERTEX_POINT('',#4775);
#4775 = CARTESIAN_POINT('',(-71.4,-14.7,-49.70955642529));
#4776 = SURFACE_CURVE('',#4777,(#4782,#4789),.PCURVE_S1.);
#4777 = CIRCLE('',#4778,87.);
#4778 = AXIS2_PLACEMENT_3D('',#4779,#4780,#4781);
#4779 = CARTESIAN_POINT('',(0.,-14.7,0.));
#4780 = DIRECTION('',(0.,1.,0.));
#4781 = DIRECTION('',(0.,-0.,1.));
#4782 = PCURVE('',#43,#4783);
#4783 = DEFINITIONAL_REPRESENTATION('',(#4784),#4788);
#4784 = CIRCLE('',#4785,87.);
#4785 = AXIS2_PLACEMENT_2D('',#4786,#4787);
#4786 = CARTESIAN_POINT('',(0.,0.));
#4787 = DIRECTION('',(1.,0.));
#4788 = ( GEOMETRIC_REPRESENTATION_CONTEXT(2) 
PARAMETRIC_REPRESENTATION_CONTEXT() REPRESENTATION_CONTEXT('2D SPACE',''
  ) );
#4789 = PCURVE('',#4790,#4795);
#4790 = CYLINDRICAL_SURFACE('',#4791,87.);
#4791 = AXIS2_PLACEMENT_3D('',#4792,#4793,#4794);
#4792 = CARTESIAN_POINT('',(0.,-17.2,0.));
#4793 = DIRECTION('',(0.,1.,0.));
#4794 = DIRECTION('',(0.,-0.,1.));
#4795 = DEFINITIONAL_REPRESENTATION('',(#4796),#4800);
#4796 = LINE('',#4797,#4798);
#4797 = CARTESIAN_POINT('',(0.,2.5));
#4798 = VECTOR('',#4799,1.);
#4799 = DIRECTION('',(1.,0.));
#4800 = ( GEOMETRIC_REPRESENTATION_CONTEXT(2) 
PARAMETRIC_REPRESENTATION_CONTEXT() REPRESENTATION_CONTEXT('2D SPACE',''
  ) );
#4801 = ORIENTED_EDGE('',*,*,#4802,.T.);
#4802 = EDGE_CURVE('',#4772,#4803,#4805,.T.);
#4803 = VERTEX_POINT('',#4804);
#4804 = CARTESIAN_POINT('',(-66.6,-14.7,-0.6));
#4805 = SURFACE_CURVE('',#4806,(#4810,#4817),.PCURVE_S1.);
#4806 = LINE('',#4807,#4808);
#4807 = CARTESIAN_POINT('',(-66.6,-14.7,-90.));
#4808 = VECTOR('',#4809,1.);
#4809 = DIRECTION('',(0.,0.,1.));
#4810 = PCURVE('',#43,#4811);
#4811 = DEFINITIONAL_REPRESENTATION('',(#4812),#4816);
#4812 = LINE('',#4813,#4814);
#4813 = CARTESIAN_POINT('',(-90.,-66.6));
#4814 = VECTOR('',#4815,1.);
#4815 = DIRECTION('',(1.,0.));
#4816 = ( GEOMETRIC_REPRESENTATION_CONTEXT(2) 
PARAMETRIC_REPRESENTATION_CONTEXT() REPRESENTATION_CONTEXT('2D SPACE',''
  ) );
#4817 = PCURVE('',#4818,#4823);
#4818 = PLANE('',#4819);
#4819 = AXIS2_PLACEMENT_3D('',#4820,#4821,#4822);
#4820 = CARTESIAN_POINT('',(-66.6,-17.1,-90.));
#4821 = DIRECTION('',(1.,0.,0.));
#4822 = DIRECTION('',(0.,0.,1.));
#4823 = DEFINITIONAL_REPRESENTATION('',(#4824),#4828);
#4824 = LINE('',#4825,#4826);
#4825 = CARTESIAN_POINT('',(0.,-2.4));
#4826 = VECTOR('',#4827,1.);
#4827 = DIRECTION('',(1.,0.));
#4828 = ( GEOMETRIC_REPRESENTATION_CONTEXT(2) 
PARAMETRIC_REPRESENTATION_CONTEXT() REPRESENTATION_CONTEXT('2D SPACE',''
  ) );
#4829 = ORIENTED_EDGE('',*,*,#4830,.F.);
#4830 = EDGE_CURVE('',#4831,#4803,#4833,.T.);
#4831 = VERTEX_POINT('',#4832);
#4832 = CARTESIAN_POINT('',(-71.4,-14.7,-0.6));
#4833 = SURFACE_CURVE('',#4834,(#4838,#4845),.PCURVE_S1.);
#4834 = LINE('',#4835,#4836);
#4835 = CARTESIAN_POINT('',(-95.,-14.7,-0.6));
#4836 = VECTOR('',#4837,1.);
#4837 = DIRECTION('',(1.,0.,0.));
#4838 = PCURVE('',#43,#4839);
#4839 = DEFINITIONAL_REPRESENTATION('',(#4840),#4844);
#4840 = LINE('',#4841,#4842);
#4841 = CARTESIAN_POINT('',(-0.6,-95.));
#4842 = VECTOR('',#4843,1.);
#4843 = DIRECTION('',(0.,1.));
#4844 = ( GEOMETRIC_REPRESENTATION_CONTEXT(2) 
PARAMETRIC_REPRESENTATION_CONTEXT() REPRESENTATION_CONTEXT('2D SPACE',''
  ) );
#4845 = PCURVE('',#4846,#4851);
#4846 = PLANE('',#4847);
#4847 = AXIS2_PLACEMENT_3D('',#4848,#4849,#4850);
#4848 = CARTESIAN_POINT('',(-95.,-17.1,-0.6));
#4849 = DIRECTION('',(0.,0.,1.));
#4850 = DIRECTION('',(1.,0.,0.));
#4851 = DEFINITIONAL_REPRESENTATION('',(#4852),#4856);
#4852 = LINE('',#4853,#4854);
#4853 = CARTESIAN_POINT('',(0.,2.4));
#4854 = VECTOR('',#4855,1.);
#4855 = DIRECTION('',(1.,0.));
#4856 = ( GEOMETRIC_REPRESENTATION_CONTEXT(2) 
PARAMETRIC_REPRESENTATION_CONTEXT() REPRESENTATION_CONTEXT('2D SPACE',''
  ) );
#4857 = ORIENTED_EDGE('',*,*,#4858,.F.);
#4858 = EDGE_CURVE('',#4774,#4831,#4859,.T.);
#4859 = SURFACE_CURVE('',#4860,(#4864,#4871),.PCURVE_S1.);
#4860 = LINE('',#4861,#4862);
#4861 = CARTESIAN_POINT('',(-71.4,-14.7,-90.));
#4862 = VECTOR('',#4863,1.);
#4863 = DIRECTION('',(0.,0.,1.));
#4864 = PCURVE('',#43,#4865);
#4865 = DEFINITIONAL_REPRESENTATION('',(#4866),#4870);
#4866 = LINE('',#4867,#4868);
#4867 = CARTESIAN_POINT('',(-90.,-71.4));
#4868 = VECTOR('',#4869,1.);
#4869 = DIRECTION('',(1.,0.));
#4870 = ( GEOMETRIC_REPRESENTATION_CONTEXT(2) 
PARAMETRIC_REPRESENTATION_CONTEXT() REPRESENTATION_CONTEXT('2D SPACE',''
  ) );
#4871 = PCURVE('',#4872,#4877);
#4872 = PLANE('',#4873);
#4873 = AXIS2_PLACEMENT_3D('',#4874,#4875,#4876);
#4874 = CARTESIAN_POINT('',(-71.4,-17.1,-90.));
#4875 = DIRECTION('',(1.,0.,0.));
#4876 = DIRECTION('',(0.,0.,1.));
#4877 = DEFINITIONAL_REPRESENTATION('',(#4878),#4882);
#4878 = LINE('',#4879,#4880);
#4879 = CARTESIAN_POINT('',(0.,-2.4));
#4880 = VECTOR('',#4881,1.);
#4881 = DIRECTION('',(1.,0.));
#4882 = ( GEOMETRIC_REPRESENTATION_CONTEXT(2) 
PARAMETRIC_REPRESENTATION_CONTEXT() REPRESENTATION_CONTEXT('2D SPACE',''
  ) );
#4883 = FACE_BOUND('',#4884,.T.);
#4884 = EDGE_LOOP('',(#4885,#4916,#4944,#4972));
#4885 = ORIENTED_EDGE('',*,*,#4886,.F.);
#4886 = EDGE_CURVE('',#4887,#4889,#4891,.T.);
#4887 = VERTEX_POINT('',#4888);
#4888 = CARTESIAN_POINT('',(-72.6,-14.7,-47.93996245304));
#4889 = VERTEX_POINT('',#4890);
#4890 = CARTESIAN_POINT('',(-77.4,-14.7,-39.72706885739));
#4891 = SURFACE_CURVE('',#4892,(#4897,#4904),.PCURVE_S1.);
#4892 = CIRCLE('',#4893,87.);
#4893 = AXIS2_PLACEMENT_3D('',#4894,#4895,#4896);
#4894 = CARTESIAN_POINT('',(0.,-14.7,0.));
#4895 = DIRECTION('',(0.,1.,0.));
#4896 = DIRECTION('',(0.,-0.,1.));
#4897 = PCURVE('',#43,#4898);
#4898 = DEFINITIONAL_REPRESENTATION('',(#4899),#4903);
#4899 = CIRCLE('',#4900,87.);
#4900 = AXIS2_PLACEMENT_2D('',#4901,#4902);
#4901 = CARTESIAN_POINT('',(0.,0.));
#4902 = DIRECTION('',(1.,0.));
#4903 = ( GEOMETRIC_REPRESENTATION_CONTEXT(2) 
PARAMETRIC_REPRESENTATION_CONTEXT() REPRESENTATION_CONTEXT('2D SPACE',''
  ) );
#4904 = PCURVE('',#4905,#4910);
#4905 = CYLINDRICAL_SURFACE('',#4906,87.);
#4906 = AXIS2_PLACEMENT_3D('',#4907,#4908,#4909);
#4907 = CARTESIAN_POINT('',(0.,-17.2,0.));
#4908 = DIRECTION('',(0.,1.,0.));
#4909 = DIRECTION('',(0.,-0.,1.));
#4910 = DEFINITIONAL_REPRESENTATION('',(#4911),#4915);
#4911 = LINE('',#4912,#4913);
#4912 = CARTESIAN_POINT('',(0.,2.5));
#4913 = VECTOR('',#4914,1.);
#4914 = DIRECTION('',(1.,0.));
#4915 = ( GEOMETRIC_REPRESENTATION_CONTEXT(2) 
PARAMETRIC_REPRESENTATION_CONTEXT() REPRESENTATION_CONTEXT('2D SPACE',''
  ) );
#4916 = ORIENTED_EDGE('',*,*,#4917,.T.);
#4917 = EDGE_CURVE('',#4887,#4918,#4920,.T.);
#4918 = VERTEX_POINT('',#4919);
#4919 = CARTESIAN_POINT('',(-72.6,-14.7,-0.6));
#4920 = SURFACE_CURVE('',#4921,(#4925,#4932),.PCURVE_S1.);
#4921 = LINE('',#4922,#4923);
#4922 = CARTESIAN_POINT('',(-72.6,-14.7,-90.));
#4923 = VECTOR('',#4924,1.);
#4924 = DIRECTION('',(0.,0.,1.));
#4925 = PCURVE('',#43,#4926);
#4926 = DEFINITIONAL_REPRESENTATION('',(#4927),#4931);
#4927 = LINE('',#4928,#4929);
#4928 = CARTESIAN_POINT('',(-90.,-72.6));
#4929 = VECTOR('',#4930,1.);
#4930 = DIRECTION('',(1.,0.));
#4931 = ( GEOMETRIC_REPRESENTATION_CONTEXT(2) 
PARAMETRIC_REPRESENTATION_CONTEXT() REPRESENTATION_CONTEXT('2D SPACE',''
  ) );
#4932 = PCURVE('',#4933,#4938);
#4933 = PLANE('',#4934);
#4934 = AXIS2_PLACEMENT_3D('',#4935,#4936,#4937);
#4935 = CARTESIAN_POINT('',(-72.6,-17.1,-90.));
#4936 = DIRECTION('',(1.,0.,0.));
#4937 = DIRECTION('',(0.,0.,1.));
#4938 = DEFINITIONAL_REPRESENTATION('',(#4939),#4943);
#4939 = LINE('',#4940,#4941);
#4940 = CARTESIAN_POINT('',(0.,-2.4));
#4941 = VECTOR('',#4942,1.);
#4942 = DIRECTION('',(1.,0.));
#4943 = ( GEOMETRIC_REPRESENTATION_CONTEXT(2) 
PARAMETRIC_REPRESENTATION_CONTEXT() REPRESENTATION_CONTEXT('2D SPACE',''
  ) );
#4944 = ORIENTED_EDGE('',*,*,#4945,.F.);
#4945 = EDGE_CURVE('',#4946,#4918,#4948,.T.);
#4946 = VERTEX_POINT('',#4947);
#4947 = CARTESIAN_POINT('',(-77.4,-14.7,-0.6));
#4948 = SURFACE_CURVE('',#4949,(#4953,#4960),.PCURVE_S1.);
#4949 = LINE('',#4950,#4951);
#4950 = CARTESIAN_POINT('',(-95.,-14.7,-0.6));
#4951 = VECTOR('',#4952,1.);
#4952 = DIRECTION('',(1.,0.,0.));
#4953 = PCURVE('',#43,#4954);
#4954 = DEFINITIONAL_REPRESENTATION('',(#4955),#4959);
#4955 = LINE('',#4956,#4957);
#4956 = CARTESIAN_POINT('',(-0.6,-95.));
#4957 = VECTOR('',#4958,1.);
#4958 = DIRECTION('',(0.,1.));
#4959 = ( GEOMETRIC_REPRESENTATION_CONTEXT(2) 
PARAMETRIC_REPRESENTATION_CONTEXT() REPRESENTATION_CONTEXT('2D SPACE',''
  ) );
#4960 = PCURVE('',#4961,#4966);
#4961 = PLANE('',#4962);
#4962 = AXIS2_PLACEMENT_3D('',#4963,#4964,#4965);
#4963 = CARTESIAN_POINT('',(-95.,-17.1,-0.6));
#4964 = DIRECTION('',(0.,0.,1.));
#4965 = DIRECTION('',(1.,0.,0.));
#4966 = DEFINITIONAL_REPRESENTATION('',(#4967),#4971);
#4967 = LINE('',#4968,#4969);
#4968 = CARTESIAN_POINT('',(0.,2.4));
#4969 = VECTOR('',#4970,1.);
#4970 = DIRECTION('',(1.,0.));
#4971 = ( GEOMETRIC_REPRESENTATION_CONTEXT(2) 
PARAMETRIC_REPRESENTATION_CONTEXT() REPRESENTATION_CONTEXT('2D SPACE',''
  ) );
#4972 = ORIENTED_EDGE('',*,*,#4973,.F.);
#4973 = EDGE_CURVE('',#4889,#4946,#4974,.T.);
#4974 = SURFACE_CURVE('',#4975,(#4979,#4986),.PCURVE_S1.);
#4975 = LINE('',#4976,#4977);
#4976 = CARTESIAN_POINT('',(-77.4,-14.7,-90.));
#4977 = VECTOR('',#4978,1.);
#4978 = DIRECTION('',(0.,0.,1.));
#4979 = PCURVE('',#43,#4980);
#4980 = DEFINITIONAL_REPRESENTATION('',(#4981),#4985);
#4981 = LINE('',#4982,#4983);
#4982 = CARTESIAN_POINT('',(-90.,-77.4));
#4983 = VECTOR('',#4984,1.);
#4984 = DIRECTION('',(1.,0.));
#4985 = ( GEOMETRIC_REPRESENTATION_CONTEXT(2) 
PARAMETRIC_REPRESENTATION_CONTEXT() REPRESENTATION_CONTEXT('2D SPACE',''
  ) );
#4986 = PCURVE('',#4987,#4992);
#4987 = PLANE('',#4988);
#4988 = AXIS2_PLACEMENT_3D('',#4989,#4990,#4991);
#4989 = CARTESIAN_POINT('',(-77.4,-17.1,-90.));
#4990 = DIRECTION('',(1.,0.,0.));
#4991 = DIRECTION('',(0.,0.,1.));
#4992 = DEFINITIONAL_REPRESENTATION('',(#4993),#4997);
#4993 = LINE('',#4994,#4995);
#4994 = CARTESIAN_POINT('',(0.,-2.4));
#4995 = VECTOR('',#4996,1.);
#4996 = DIRECTION('',(1.,0.));
#4997 = ( GEOMETRIC_REPRESENTATION_CONTEXT(2) 
PARAMETRIC_REPRESENTATION_CONTEXT() REPRESENTATION_CONTEXT('2D SPACE',''
  ) );
#4998 = FACE_BOUND('',#4999,.T.);
#4999 = EDGE_LOOP('',(#5000,#5031,#5059,#5087));
#5000 = ORIENTED_EDGE('',*,*,#5001,.F.);
#5001 = EDGE_CURVE('',#5002,#5004,#5006,.T.);
#5002 = VERTEX_POINT('',#5003);
#5003 = CARTESIAN_POINT('',(-78.59999999999,-14.7,-37.29664864301));
#5004 = VERTEX_POINT('',#5005);
#5005 = CARTESIAN_POINT('',(-83.4,-14.7,-24.76772092866));
#5006 = SURFACE_CURVE('',#5007,(#5012,#5019),.PCURVE_S1.);
#5007 = CIRCLE('',#5008,87.);
#5008 = AXIS2_PLACEMENT_3D('',#5009,#5010,#5011);
#5009 = CARTESIAN_POINT('',(0.,-14.7,0.));
#5010 = DIRECTION('',(0.,1.,0.));
#5011 = DIRECTION('',(0.,-0.,1.));
#5012 = PCURVE('',#43,#5013);
#5013 = DEFINITIONAL_REPRESENTATION('',(#5014),#5018);
#5014 = CIRCLE('',#5015,87.);
#5015 = AXIS2_PLACEMENT_2D('',#5016,#5017);
#5016 = CARTESIAN_POINT('',(0.,0.));
#5017 = DIRECTION('',(1.,0.));
#5018 = ( GEOMETRIC_REPRESENTATION_CONTEXT(2) 
PARAMETRIC_REPRESENTATION_CONTEXT() REPRESENTATION_CONTEXT('2D SPACE',''
  ) );
#5019 = PCURVE('',#5020,#5025);
#5020 = CYLINDRICAL_SURFACE('',#5021,87.);
#5021 = AXIS2_PLACEMENT_3D('',#5022,#5023,#5024);
#5022 = CARTESIAN_POINT('',(0.,-17.2,0.));
#5023 = DIRECTION('',(0.,1.,0.));
#5024 = DIRECTION('',(0.,-0.,1.));
#5025 = DEFINITIONAL_REPRESENTATION('',(#5026),#5030);
#5026 = LINE('',#5027,#5028);
#5027 = CARTESIAN_POINT('',(0.,2.5));
#5028 = VECTOR('',#5029,1.);
#5029 = DIRECTION('',(1.,0.));
#5030 = ( GEOMETRIC_REPRESENTATION_CONTEXT(2) 
PARAMETRIC_REPRESENTATION_CONTEXT() REPRESENTATION_CONTEXT('2D SPACE',''
  ) );
#5031 = ORIENTED_EDGE('',*,*,#5032,.T.);
#5032 = EDGE_CURVE('',#5002,#5033,#5035,.T.);
#5033 = VERTEX_POINT('',#5034);
#5034 = CARTESIAN_POINT('',(-78.6,-14.7,-0.6));
#5035 = SURFACE_CURVE('',#5036,(#5040,#5047),.PCURVE_S1.);
#5036 = LINE('',#5037,#5038);
#5037 = CARTESIAN_POINT('',(-78.6,-14.7,-90.));
#5038 = VECTOR('',#5039,1.);
#5039 = DIRECTION('',(0.,0.,1.));
#5040 = PCURVE('',#43,#5041);
#5041 = DEFINITIONAL_REPRESENTATION('',(#5042),#5046);
#5042 = LINE('',#5043,#5044);
#5043 = CARTESIAN_POINT('',(-90.,-78.6));
#5044 = VECTOR('',#5045,1.);
#5045 = DIRECTION('',(1.,0.));
#5046 = ( GEOMETRIC_REPRESENTATION_CONTEXT(2) 
PARAMETRIC_REPRESENTATION_CONTEXT() REPRESENTATION_CONTEXT('2D SPACE',''
  ) );
#5047 = PCURVE('',#5048,#5053);
#5048 = PLANE('',#5049);
#5049 = AXIS2_PLACEMENT_3D('',#5050,#5051,#5052);
#5050 = CARTESIAN_POINT('',(-78.6,-17.1,-90.));
#5051 = DIRECTION('',(1.,0.,0.));
#5052 = DIRECTION('',(0.,0.,1.));
#5053 = DEFINITIONAL_REPRESENTATION('',(#5054),#5058);
#5054 = LINE('',#5055,#5056);
#5055 = CARTESIAN_POINT('',(0.,-2.4));
#5056 = VECTOR('',#5057,1.);
#5057 = DIRECTION('',(1.,0.));
#5058 = ( GEOMETRIC_REPRESENTATION_CONTEXT(2) 
PARAMETRIC_REPRESENTATION_CONTEXT() REPRESENTATION_CONTEXT('2D SPACE',''
  ) );
#5059 = ORIENTED_EDGE('',*,*,#5060,.F.);
#5060 = EDGE_CURVE('',#5061,#5033,#5063,.T.);
#5061 = VERTEX_POINT('',#5062);
#5062 = CARTESIAN_POINT('',(-83.4,-14.7,-0.6));
#5063 = SURFACE_CURVE('',#5064,(#5068,#5075),.PCURVE_S1.);
#5064 = LINE('',#5065,#5066);
#5065 = CARTESIAN_POINT('',(-95.,-14.7,-0.6));
#5066 = VECTOR('',#5067,1.);
#5067 = DIRECTION('',(1.,0.,0.));
#5068 = PCURVE('',#43,#5069);
#5069 = DEFINITIONAL_REPRESENTATION('',(#5070),#5074);
#5070 = LINE('',#5071,#5072);
#5071 = CARTESIAN_POINT('',(-0.6,-95.));
#5072 = VECTOR('',#5073,1.);
#5073 = DIRECTION('',(0.,1.));
#5074 = ( GEOMETRIC_REPRESENTATION_CONTEXT(2) 
PARAMETRIC_REPRESENTATION_CONTEXT() REPRESENTATION_CONTEXT('2D SPACE',''
  ) );
#5075 = PCURVE('',#5076,#5081);
#5076 = PLANE('',#5077);
#5077 = AXIS2_PLACEMENT_3D('',#5078,#5079,#5080);
#5078 = CARTESIAN_POINT('',(-95.,-17.1,-0.6));
#5079 = DIRECTION('',(0.,0.,1.));
#5080 = DIRECTION('',(1.,0.,0.));
#5081 = DEFINITIONAL_REPRESENTATION('',(#5082),#5086);
#5082 = LINE('',#5083,#5084);
#5083 = CARTESIAN_POINT('',(0.,2.4));
#5084 = VECTOR('',#5085,1.);
#5085 = DIRECTION('',(1.,0.));
#5086 = ( GEOMETRIC_REPRESENTATION_CONTEXT(2) 
PARAMETRIC_REPRESENTATION_CONTEXT() REPRESENTATION_CONTEXT('2D SPACE',''
  ) );
#5087 = ORIENTED_EDGE('',*,*,#5088,.F.);
#5088 = EDGE_CURVE('',#5004,#5061,#5089,.T.);
#5089 = SURFACE_CURVE('',#5090,(#5094,#5101),.PCURVE_S1.);
#5090 = LINE('',#5091,#5092);
#5091 = CARTESIAN_POINT('',(-83.4,-14.7,-90.));
#5092 = VECTOR('',#5093,1.);
#5093 = DIRECTION('',(0.,0.,1.));
#5094 = PCURVE('',#43,#5095);
#5095 = DEFINITIONAL_REPRESENTATION('',(#5096),#5100);
#5096 = LINE('',#5097,#5098);
#5097 = CARTESIAN_POINT('',(-90.,-83.4));
#5098 = VECTOR('',#5099,1.);
#5099 = DIRECTION('',(1.,0.));
#5100 = ( GEOMETRIC_REPRESENTATION_CONTEXT(2) 
PARAMETRIC_REPRESENTATION_CONTEXT() REPRESENTATION_CONTEXT('2D SPACE',''
  ) );
#5101 = PCURVE('',#5102,#5107);
#5102 = PLANE('',#5103);
#5103 = AXIS2_PLACEMENT_3D('',#5104,#5105,#5106);
#5104 = CARTESIAN_POINT('',(-83.4,-17.1,-90.));
#5105 = DIRECTION('',(1.,0.,0.));
#5106 = DIRECTION('',(0.,0.,1.));
#5107 = DEFINITIONAL_REPRESENTATION('',(#5108),#5112);
#5108 = LINE('',#5109,#5110);
#5109 = CARTESIAN_POINT('',(0.,-2.4));
#5110 = VECTOR('',#5111,1.);
#5111 = DIRECTION('',(1.,0.));
#5112 = ( GEOMETRIC_REPRESENTATION_CONTEXT(2) 
PARAMETRIC_REPRESENTATION_CONTEXT() REPRESENTATION_CONTEXT('2D SPACE',''
  ) );
#5113 = FACE_BOUND('',#5114,.T.);
#5114 = EDGE_LOOP('',(#5115,#5146,#5174));
#5115 = ORIENTED_EDGE('',*,*,#5116,.F.);
#5116 = EDGE_CURVE('',#5117,#5119,#5121,.T.);
#5117 = VERTEX_POINT('',#5118);
#5118 = CARTESIAN_POINT('',(-84.6,-14.7,-20.29384143033));
#5119 = VERTEX_POINT('',#5120);
#5120 = CARTESIAN_POINT('',(-86.99793100988,-14.7,-0.599999999999));
#5121 = SURFACE_CURVE('',#5122,(#5127,#5134),.PCURVE_S1.);
#5122 = CIRCLE('',#5123,87.);
#5123 = AXIS2_PLACEMENT_3D('',#5124,#5125,#5126);
#5124 = CARTESIAN_POINT('',(0.,-14.7,0.));
#5125 = DIRECTION('',(0.,1.,0.));
#5126 = DIRECTION('',(0.,-0.,1.));
#5127 = PCURVE('',#43,#5128);
#5128 = DEFINITIONAL_REPRESENTATION('',(#5129),#5133);
#5129 = CIRCLE('',#5130,87.);
#5130 = AXIS2_PLACEMENT_2D('',#5131,#5132);
#5131 = CARTESIAN_POINT('',(0.,0.));
#5132 = DIRECTION('',(1.,0.));
#5133 = ( GEOMETRIC_REPRESENTATION_CONTEXT(2) 
PARAMETRIC_REPRESENTATION_CONTEXT() REPRESENTATION_CONTEXT('2D SPACE',''
  ) );
#5134 = PCURVE('',#5135,#5140);
#5135 = CYLINDRICAL_SURFACE('',#5136,87.);
#5136 = AXIS2_PLACEMENT_3D('',#5137,#5138,#5139);
#5137 = CARTESIAN_POINT('',(0.,-17.2,0.));
#5138 = DIRECTION('',(0.,1.,0.));
#5139 = DIRECTION('',(0.,-0.,1.));
#5140 = DEFINITIONAL_REPRESENTATION('',(#5141),#5145);
#5141 = LINE('',#5142,#5143);
#5142 = CARTESIAN_POINT('',(0.,2.5));
#5143 = VECTOR('',#5144,1.);
#5144 = DIRECTION('',(1.,0.));
#5145 = ( GEOMETRIC_REPRESENTATION_CONTEXT(2) 
PARAMETRIC_REPRESENTATION_CONTEXT() REPRESENTATION_CONTEXT('2D SPACE',''
  ) );
#5146 = ORIENTED_EDGE('',*,*,#5147,.T.);
#5147 = EDGE_CURVE('',#5117,#5148,#5150,.T.);
#5148 = VERTEX_POINT('',#5149);
#5149 = CARTESIAN_POINT('',(-84.6,-14.7,-0.6));
#5150 = SURFACE_CURVE('',#5151,(#5155,#5162),.PCURVE_S1.);
#5151 = LINE('',#5152,#5153);
#5152 = CARTESIAN_POINT('',(-84.6,-14.7,-90.));
#5153 = VECTOR('',#5154,1.);
#5154 = DIRECTION('',(0.,0.,1.));
#5155 = PCURVE('',#43,#5156);
#5156 = DEFINITIONAL_REPRESENTATION('',(#5157),#5161);
#5157 = LINE('',#5158,#5159);
#5158 = CARTESIAN_POINT('',(-90.,-84.6));
#5159 = VECTOR('',#5160,1.);
#5160 = DIRECTION('',(1.,0.));
#5161 = ( GEOMETRIC_REPRESENTATION_CONTEXT(2) 
PARAMETRIC_REPRESENTATION_CONTEXT() REPRESENTATION_CONTEXT('2D SPACE',''
  ) );
#5162 = PCURVE('',#5163,#5168);
#5163 = PLANE('',#5164);
#5164 = AXIS2_PLACEMENT_3D('',#5165,#5166,#5167);
#5165 = CARTESIAN_POINT('',(-84.6,-17.1,-90.));
#5166 = DIRECTION('',(1.,0.,0.));
#5167 = DIRECTION('',(0.,0.,1.));
#5168 = DEFINITIONAL_REPRESENTATION('',(#5169),#5173);
#5169 = LINE('',#5170,#5171);
#5170 = CARTESIAN_POINT('',(0.,-2.4));
#5171 = VECTOR('',#5172,1.);
#5172 = DIRECTION('',(1.,0.));
#5173 = ( GEOMETRIC_REPRESENTATION_CONTEXT(2) 
PARAMETRIC_REPRESENTATION_CONTEXT() REPRESENTATION_CONTEXT('2D SPACE',''
  ) );
#5174 = ORIENTED_EDGE('',*,*,#5175,.F.);
#5175 = EDGE_CURVE('',#5119,#5148,#5176,.T.);
#5176 = SURFACE_CURVE('',#5177,(#5181,#5188),.PCURVE_S1.);
#5177 = LINE('',#5178,#5179);
#5178 = CARTESIAN_POINT('',(-95.,-14.7,-0.6));
#5179 = VECTOR('',#5180,1.);
#5180 = DIRECTION('',(1.,0.,0.));
#5181 = PCURVE('',#43,#5182);
#5182 = DEFINITIONAL_REPRESENTATION('',(#5183),#5187);
#5183 = LINE('',#5184,#5185);
#5184 = CARTESIAN_POINT('',(-0.6,-95.));
#5185 = VECTOR('',#5186,1.);
#5186 = DIRECTION('',(0.,1.));
#5187 = ( GEOMETRIC_REPRESENTATION_CONTEXT(2) 
PARAMETRIC_REPRESENTATION_CONTEXT() REPRESENTATION_CONTEXT('2D SPACE',''
  ) );
#5188 = PCURVE('',#5189,#5194);
#5189 = PLANE('',#5190);
#5190 = AXIS2_PLACEMENT_3D('',#5191,#5192,#5193);
#5191 = CARTESIAN_POINT('',(-95.,-17.1,-0.6));
#5192 = DIRECTION('',(0.,0.,1.));
#5193 = DIRECTION('',(1.,0.,0.));
#5194 = DEFINITIONAL_REPRESENTATION('',(#5195),#5199);
#5195 = LINE('',#5196,#5197);
#5196 = CARTESIAN_POINT('',(0.,2.4));
#5197 = VECTOR('',#5198,1.);
#5198 = DIRECTION('',(1.,0.));
#5199 = ( GEOMETRIC_REPRESENTATION_CONTEXT(2) 
PARAMETRIC_REPRESENTATION_CONTEXT() REPRESENTATION_CONTEXT('2D SPACE',''
  ) );
#5200 = FACE_BOUND('',#5201,.T.);
#5201 = EDGE_LOOP('',(#5202,#5233,#5261));
#5202 = ORIENTED_EDGE('',*,*,#5203,.F.);
#5203 = EDGE_CURVE('',#5204,#5206,#5208,.T.);
#5204 = VERTEX_POINT('',#5205);
#5205 = CARTESIAN_POINT('',(-86.99793100988,-14.7,0.600000000001));
#5206 = VERTEX_POINT('',#5207);
#5207 = CARTESIAN_POINT('',(-84.6,-14.7,20.293841430344));
#5208 = SURFACE_CURVE('',#5209,(#5214,#5221),.PCURVE_S1.);
#5209 = CIRCLE('',#5210,87.);
#5210 = AXIS2_PLACEMENT_3D('',#5211,#5212,#5213);
#5211 = CARTESIAN_POINT('',(0.,-14.7,0.));
#5212 = DIRECTION('',(0.,1.,0.));
#5213 = DIRECTION('',(0.,-0.,1.));
#5214 = PCURVE('',#43,#5215);
#5215 = DEFINITIONAL_REPRESENTATION('',(#5216),#5220);
#5216 = CIRCLE('',#5217,87.);
#5217 = AXIS2_PLACEMENT_2D('',#5218,#5219);
#5218 = CARTESIAN_POINT('',(0.,0.));
#5219 = DIRECTION('',(1.,0.));
#5220 = ( GEOMETRIC_REPRESENTATION_CONTEXT(2) 
PARAMETRIC_REPRESENTATION_CONTEXT() REPRESENTATION_CONTEXT('2D SPACE',''
  ) );
#5221 = PCURVE('',#5222,#5227);
#5222 = CYLINDRICAL_SURFACE('',#5223,87.);
#5223 = AXIS2_PLACEMENT_3D('',#5224,#5225,#5226);
#5224 = CARTESIAN_POINT('',(0.,-17.2,0.));
#5225 = DIRECTION('',(0.,1.,0.));
#5226 = DIRECTION('',(0.,-0.,1.));
#5227 = DEFINITIONAL_REPRESENTATION('',(#5228),#5232);
#5228 = LINE('',#5229,#5230);
#5229 = CARTESIAN_POINT('',(0.,2.5));
#5230 = VECTOR('',#5231,1.);
#5231 = DIRECTION('',(1.,0.));
#5232 = ( GEOMETRIC_REPRESENTATION_CONTEXT(2) 
PARAMETRIC_REPRESENTATION_CONTEXT() REPRESENTATION_CONTEXT('2D SPACE',''
  ) );
#5233 = ORIENTED_EDGE('',*,*,#5234,.T.);
#5234 = EDGE_CURVE('',#5204,#5235,#5237,.T.);
#5235 = VERTEX_POINT('',#5236);
#5236 = CARTESIAN_POINT('',(-84.6,-14.7,0.6));
#5237 = SURFACE_CURVE('',#5238,(#5242,#5249),.PCURVE_S1.);
#5238 = LINE('',#5239,#5240);
#5239 = CARTESIAN_POINT('',(-95.,-14.7,0.6));
#5240 = VECTOR('',#5241,1.);
#5241 = DIRECTION('',(1.,0.,0.));
#5242 = PCURVE('',#43,#5243);
#5243 = DEFINITIONAL_REPRESENTATION('',(#5244),#5248);
#5244 = LINE('',#5245,#5246);
#5245 = CARTESIAN_POINT('',(0.6,-95.));
#5246 = VECTOR('',#5247,1.);
#5247 = DIRECTION('',(0.,1.));
#5248 = ( GEOMETRIC_REPRESENTATION_CONTEXT(2) 
PARAMETRIC_REPRESENTATION_CONTEXT() REPRESENTATION_CONTEXT('2D SPACE',''
  ) );
#5249 = PCURVE('',#5250,#5255);
#5250 = PLANE('',#5251);
#5251 = AXIS2_PLACEMENT_3D('',#5252,#5253,#5254);
#5252 = CARTESIAN_POINT('',(-95.,-17.1,0.6));
#5253 = DIRECTION('',(0.,0.,1.));
#5254 = DIRECTION('',(1.,0.,0.));
#5255 = DEFINITIONAL_REPRESENTATION('',(#5256),#5260);
#5256 = LINE('',#5257,#5258);
#5257 = CARTESIAN_POINT('',(0.,2.4));
#5258 = VECTOR('',#5259,1.);
#5259 = DIRECTION('',(1.,0.));
#5260 = ( GEOMETRIC_REPRESENTATION_CONTEXT(2) 
PARAMETRIC_REPRESENTATION_CONTEXT() REPRESENTATION_CONTEXT('2D SPACE',''
  ) );
#5261 = ORIENTED_EDGE('',*,*,#5262,.T.);
#5262 = EDGE_CURVE('',#5235,#5206,#5263,.T.);
#5263 = SURFACE_CURVE('',#5264,(#5268,#5275),.PCURVE_S1.);
#5264 = LINE('',#5265,#5266);
#5265 = CARTESIAN_POINT('',(-84.6,-14.7,-90.));
#5266 = VECTOR('',#5267,1.);
#5267 = DIRECTION('',(0.,0.,1.));
#5268 = PCURVE('',#43,#5269);
#5269 = DEFINITIONAL_REPRESENTATION('',(#5270),#5274);
#5270 = LINE('',#5271,#5272);
#5271 = CARTESIAN_POINT('',(-90.,-84.6));
#5272 = VECTOR('',#5273,1.);
#5273 = DIRECTION('',(1.,0.));
#5274 = ( GEOMETRIC_REPRESENTATION_CONTEXT(2) 
PARAMETRIC_REPRESENTATION_CONTEXT() REPRESENTATION_CONTEXT('2D SPACE',''
  ) );
#5275 = PCURVE('',#5276,#5281);
#5276 = PLANE('',#5277);
#5277 = AXIS2_PLACEMENT_3D('',#5278,#5279,#5280);
#5278 = CARTESIAN_POINT('',(-84.6,-17.1,-90.));
#5279 = DIRECTION('',(1.,0.,0.));
#5280 = DIRECTION('',(0.,0.,1.));
#5281 = DEFINITIONAL_REPRESENTATION('',(#5282),#5286);
#5282 = LINE('',#5283,#5284);
#5283 = CARTESIAN_POINT('',(0.,-2.4));
#5284 = VECTOR('',#5285,1.);
#5285 = DIRECTION('',(1.,0.));
#5286 = ( GEOMETRIC_REPRESENTATION_CONTEXT(2) 
PARAMETRIC_REPRESENTATION_CONTEXT() REPRESENTATION_CONTEXT('2D SPACE',''
  ) );
#5287 = FACE_BOUND('',#5288,.T.);
#5288 = EDGE_LOOP('',(#5289,#5320,#5348,#5376));
#5289 = ORIENTED_EDGE('',*,*,#5290,.F.);
#5290 = EDGE_CURVE('',#5291,#5293,#5295,.T.);
#5291 = VERTEX_POINT('',#5292);
#5292 = CARTESIAN_POINT('',(-83.39999999999,-14.7,24.767720928665));
#5293 = VERTEX_POINT('',#5294);
#5294 = CARTESIAN_POINT('',(-78.6,-14.7,37.296648643008));
#5295 = SURFACE_CURVE('',#5296,(#5301,#5308),.PCURVE_S1.);
#5296 = CIRCLE('',#5297,87.);
#5297 = AXIS2_PLACEMENT_3D('',#5298,#5299,#5300);
#5298 = CARTESIAN_POINT('',(0.,-14.7,0.));
#5299 = DIRECTION('',(0.,1.,0.));
#5300 = DIRECTION('',(0.,-0.,1.));
#5301 = PCURVE('',#43,#5302);
#5302 = DEFINITIONAL_REPRESENTATION('',(#5303),#5307);
#5303 = CIRCLE('',#5304,87.);
#5304 = AXIS2_PLACEMENT_2D('',#5305,#5306);
#5305 = CARTESIAN_POINT('',(0.,0.));
#5306 = DIRECTION('',(1.,0.));
#5307 = ( GEOMETRIC_REPRESENTATION_CONTEXT(2) 
PARAMETRIC_REPRESENTATION_CONTEXT() REPRESENTATION_CONTEXT('2D SPACE',''
  ) );
#5308 = PCURVE('',#5309,#5314);
#5309 = CYLINDRICAL_SURFACE('',#5310,87.);
#5310 = AXIS2_PLACEMENT_3D('',#5311,#5312,#5313);
#5311 = CARTESIAN_POINT('',(0.,-17.2,0.));
#5312 = DIRECTION('',(0.,1.,0.));
#5313 = DIRECTION('',(0.,-0.,1.));
#5314 = DEFINITIONAL_REPRESENTATION('',(#5315),#5319);
#5315 = LINE('',#5316,#5317);
#5316 = CARTESIAN_POINT('',(0.,2.5));
#5317 = VECTOR('',#5318,1.);
#5318 = DIRECTION('',(1.,0.));
#5319 = ( GEOMETRIC_REPRESENTATION_CONTEXT(2) 
PARAMETRIC_REPRESENTATION_CONTEXT() REPRESENTATION_CONTEXT('2D SPACE',''
  ) );
#5320 = ORIENTED_EDGE('',*,*,#5321,.F.);
#5321 = EDGE_CURVE('',#5322,#5291,#5324,.T.);
#5322 = VERTEX_POINT('',#5323);
#5323 = CARTESIAN_POINT('',(-83.4,-14.7,0.6));
#5324 = SURFACE_CURVE('',#5325,(#5329,#5336),.PCURVE_S1.);
#5325 = LINE('',#5326,#5327);
#5326 = CARTESIAN_POINT('',(-83.4,-14.7,-90.));
#5327 = VECTOR('',#5328,1.);
#5328 = DIRECTION('',(0.,0.,1.));
#5329 = PCURVE('',#43,#5330);
#5330 = DEFINITIONAL_REPRESENTATION('',(#5331),#5335);
#5331 = LINE('',#5332,#5333);
#5332 = CARTESIAN_POINT('',(-90.,-83.4));
#5333 = VECTOR('',#5334,1.);
#5334 = DIRECTION('',(1.,0.));
#5335 = ( GEOMETRIC_REPRESENTATION_CONTEXT(2) 
PARAMETRIC_REPRESENTATION_CONTEXT() REPRESENTATION_CONTEXT('2D SPACE',''
  ) );
#5336 = PCURVE('',#5337,#5342);
#5337 = PLANE('',#5338);
#5338 = AXIS2_PLACEMENT_3D('',#5339,#5340,#5341);
#5339 = CARTESIAN_POINT('',(-83.4,-17.1,-90.));
#5340 = DIRECTION('',(1.,0.,0.));
#5341 = DIRECTION('',(0.,0.,1.));
#5342 = DEFINITIONAL_REPRESENTATION('',(#5343),#5347);
#5343 = LINE('',#5344,#5345);
#5344 = CARTESIAN_POINT('',(0.,-2.4));
#5345 = VECTOR('',#5346,1.);
#5346 = DIRECTION('',(1.,0.));
#5347 = ( GEOMETRIC_REPRESENTATION_CONTEXT(2) 
PARAMETRIC_REPRESENTATION_CONTEXT() REPRESENTATION_CONTEXT('2D SPACE',''
  ) );
#5348 = ORIENTED_EDGE('',*,*,#5349,.T.);
#5349 = EDGE_CURVE('',#5322,#5350,#5352,.T.);
#5350 = VERTEX_POINT('',#5351);
#5351 = CARTESIAN_POINT('',(-78.6,-14.7,0.6));
#5352 = SURFACE_CURVE('',#5353,(#5357,#5364),.PCURVE_S1.);
#5353 = LINE('',#5354,#5355);
#5354 = CARTESIAN_POINT('',(-95.,-14.7,0.6));
#5355 = VECTOR('',#5356,1.);
#5356 = DIRECTION('',(1.,0.,0.));
#5357 = PCURVE('',#43,#5358);
#5358 = DEFINITIONAL_REPRESENTATION('',(#5359),#5363);
#5359 = LINE('',#5360,#5361);
#5360 = CARTESIAN_POINT('',(0.6,-95.));
#5361 = VECTOR('',#5362,1.);
#5362 = DIRECTION('',(0.,1.));
#5363 = ( GEOMETRIC_REPRESENTATION_CONTEXT(2) 
PARAMETRIC_REPRESENTATION_CONTEXT() REPRESENTATION_CONTEXT('2D SPACE',''
  ) );
#5364 = PCURVE('',#5365,#5370);
#5365 = PLANE('',#5366);
#5366 = AXIS2_PLACEMENT_3D('',#5367,#5368,#5369);
#5367 = CARTESIAN_POINT('',(-95.,-17.1,0.6));
#5368 = DIRECTION('',(0.,0.,1.));
#5369 = DIRECTION('',(1.,0.,0.));
#5370 = DEFINITIONAL_REPRESENTATION('',(#5371),#5375);
#5371 = LINE('',#5372,#5373);
#5372 = CARTESIAN_POINT('',(0.,2.4));
#5373 = VECTOR('',#5374,1.);
#5374 = DIRECTION('',(1.,0.));
#5375 = ( GEOMETRIC_REPRESENTATION_CONTEXT(2) 
PARAMETRIC_REPRESENTATION_CONTEXT() REPRESENTATION_CONTEXT('2D SPACE',''
  ) );
#5376 = ORIENTED_EDGE('',*,*,#5377,.T.);
#5377 = EDGE_CURVE('',#5350,#5293,#5378,.T.);
#5378 = SURFACE_CURVE('',#5379,(#5383,#5390),.PCURVE_S1.);
#5379 = LINE('',#5380,#5381);
#5380 = CARTESIAN_POINT('',(-78.6,-14.7,-90.));
#5381 = VECTOR('',#5382,1.);
#5382 = DIRECTION('',(0.,0.,1.));
#5383 = PCURVE('',#43,#5384);
#5384 = DEFINITIONAL_REPRESENTATION('',(#5385),#5389);
#5385 = LINE('',#5386,#5387);
#5386 = CARTESIAN_POINT('',(-90.,-78.6));
#5387 = VECTOR('',#5388,1.);
#5388 = DIRECTION('',(1.,0.));
#5389 = ( GEOMETRIC_REPRESENTATION_CONTEXT(2) 
PARAMETRIC_REPRESENTATION_CONTEXT() REPRESENTATION_CONTEXT('2D SPACE',''
  ) );
#5390 = PCURVE('',#5391,#5396);
#5391 = PLANE('',#5392);
#5392 = AXIS2_PLACEMENT_3D('',#5393,#5394,#5395);
#5393 = CARTESIAN_POINT('',(-78.6,-17.1,-90.));
#5394 = DIRECTION('',(1.,0.,0.));
#5395 = DIRECTION('',(0.,0.,1.));
#5396 = DEFINITIONAL_REPRESENTATION('',(#5397),#5401);
#5397 = LINE('',#5398,#5399);
#5398 = CARTESIAN_POINT('',(0.,-2.4));
#5399 = VECTOR('',#5400,1.);
#5400 = DIRECTION('',(1.,0.));
#5401 = ( GEOMETRIC_REPRESENTATION_CONTEXT(2) 
PARAMETRIC_REPRESENTATION_CONTEXT() REPRESENTATION_CONTEXT('2D SPACE',''
  ) );
#5402 = FACE_BOUND('',#5403,.T.);
#5403 = EDGE_LOOP('',(#5404,#5435,#5463,#5491));
#5404 = ORIENTED_EDGE('',*,*,#5405,.F.);
#5405 = EDGE_CURVE('',#5406,#5408,#5410,.T.);
#5406 = VERTEX_POINT('',#5407);
#5407 = CARTESIAN_POINT('',(-77.4,-14.7,39.72706885739));
#5408 = VERTEX_POINT('',#5409);
#5409 = CARTESIAN_POINT('',(-72.6,-14.7,47.939962453047));
#5410 = SURFACE_CURVE('',#5411,(#5416,#5423),.PCURVE_S1.);
#5411 = CIRCLE('',#5412,87.);
#5412 = AXIS2_PLACEMENT_3D('',#5413,#5414,#5415);
#5413 = CARTESIAN_POINT('',(0.,-14.7,0.));
#5414 = DIRECTION('',(0.,1.,0.));
#5415 = DIRECTION('',(0.,-0.,1.));
#5416 = PCURVE('',#43,#5417);
#5417 = DEFINITIONAL_REPRESENTATION('',(#5418),#5422);
#5418 = CIRCLE('',#5419,87.);
#5419 = AXIS2_PLACEMENT_2D('',#5420,#5421);
#5420 = CARTESIAN_POINT('',(0.,0.));
#5421 = DIRECTION('',(1.,0.));
#5422 = ( GEOMETRIC_REPRESENTATION_CONTEXT(2) 
PARAMETRIC_REPRESENTATION_CONTEXT() REPRESENTATION_CONTEXT('2D SPACE',''
  ) );
#5423 = PCURVE('',#5424,#5429);
#5424 = CYLINDRICAL_SURFACE('',#5425,87.);
#5425 = AXIS2_PLACEMENT_3D('',#5426,#5427,#5428);
#5426 = CARTESIAN_POINT('',(0.,-17.2,0.));
#5427 = DIRECTION('',(0.,1.,0.));
#5428 = DIRECTION('',(0.,-0.,1.));
#5429 = DEFINITIONAL_REPRESENTATION('',(#5430),#5434);
#5430 = LINE('',#5431,#5432);
#5431 = CARTESIAN_POINT('',(0.,2.5));
#5432 = VECTOR('',#5433,1.);
#5433 = DIRECTION('',(1.,0.));
#5434 = ( GEOMETRIC_REPRESENTATION_CONTEXT(2) 
PARAMETRIC_REPRESENTATION_CONTEXT() REPRESENTATION_CONTEXT('2D SPACE',''
  ) );
#5435 = ORIENTED_EDGE('',*,*,#5436,.F.);
#5436 = EDGE_CURVE('',#5437,#5406,#5439,.T.);
#5437 = VERTEX_POINT('',#5438);
#5438 = CARTESIAN_POINT('',(-77.4,-14.7,0.6));
#5439 = SURFACE_CURVE('',#5440,(#5444,#5451),.PCURVE_S1.);
#5440 = LINE('',#5441,#5442);
#5441 = CARTESIAN_POINT('',(-77.4,-14.7,-90.));
#5442 = VECTOR('',#5443,1.);
#5443 = DIRECTION('',(0.,0.,1.));
#5444 = PCURVE('',#43,#5445);
#5445 = DEFINITIONAL_REPRESENTATION('',(#5446),#5450);
#5446 = LINE('',#5447,#5448);
#5447 = CARTESIAN_POINT('',(-90.,-77.4));
#5448 = VECTOR('',#5449,1.);
#5449 = DIRECTION('',(1.,0.));
#5450 = ( GEOMETRIC_REPRESENTATION_CONTEXT(2) 
PARAMETRIC_REPRESENTATION_CONTEXT() REPRESENTATION_CONTEXT('2D SPACE',''
  ) );
#5451 = PCURVE('',#5452,#5457);
#5452 = PLANE('',#5453);
#5453 = AXIS2_PLACEMENT_3D('',#5454,#5455,#5456);
#5454 = CARTESIAN_POINT('',(-77.4,-17.1,-90.));
#5455 = DIRECTION('',(1.,0.,0.));
#5456 = DIRECTION('',(0.,0.,1.));
#5457 = DEFINITIONAL_REPRESENTATION('',(#5458),#5462);
#5458 = LINE('',#5459,#5460);
#5459 = CARTESIAN_POINT('',(0.,-2.4));
#5460 = VECTOR('',#5461,1.);
#5461 = DIRECTION('',(1.,0.));
#5462 = ( GEOMETRIC_REPRESENTATION_CONTEXT(2) 
PARAMETRIC_REPRESENTATION_CONTEXT() REPRESENTATION_CONTEXT('2D SPACE',''
  ) );
#5463 = ORIENTED_EDGE('',*,*,#5464,.T.);
#5464 = EDGE_CURVE('',#5437,#5465,#5467,.T.);
#5465 = VERTEX_POINT('',#5466);
#5466 = CARTESIAN_POINT('',(-72.6,-14.7,0.6));
#5467 = SURFACE_CURVE('',#5468,(#5472,#5479),.PCURVE_S1.);
#5468 = LINE('',#5469,#5470);
#5469 = CARTESIAN_POINT('',(-95.,-14.7,0.6));
#5470 = VECTOR('',#5471,1.);
#5471 = DIRECTION('',(1.,0.,0.));
#5472 = PCURVE('',#43,#5473);
#5473 = DEFINITIONAL_REPRESENTATION('',(#5474),#5478);
#5474 = LINE('',#5475,#5476);
#5475 = CARTESIAN_POINT('',(0.6,-95.));
#5476 = VECTOR('',#5477,1.);
#5477 = DIRECTION('',(0.,1.));
#5478 = ( GEOMETRIC_REPRESENTATION_CONTEXT(2) 
PARAMETRIC_REPRESENTATION_CONTEXT() REPRESENTATION_CONTEXT('2D SPACE',''
  ) );
#5479 = PCURVE('',#5480,#5485);
#5480 = PLANE('',#5481);
#5481 = AXIS2_PLACEMENT_3D('',#5482,#5483,#5484);
#5482 = CARTESIAN_POINT('',(-95.,-17.1,0.6));
#5483 = DIRECTION('',(0.,0.,1.));
#5484 = DIRECTION('',(1.,0.,0.));
#5485 = DEFINITIONAL_REPRESENTATION('',(#5486),#5490);
#5486 = LINE('',#5487,#5488);
#5487 = CARTESIAN_POINT('',(0.,2.4));
#5488 = VECTOR('',#5489,1.);
#5489 = DIRECTION('',(1.,0.));
#5490 = ( GEOMETRIC_REPRESENTATION_CONTEXT(2) 
PARAMETRIC_REPRESENTATION_CONTEXT() REPRESENTATION_CONTEXT('2D SPACE',''
  ) );
#5491 = ORIENTED_EDGE('',*,*,#5492,.T.);
#5492 = EDGE_CURVE('',#5465,#5408,#5493,.T.);
#5493 = SURFACE_CURVE('',#5494,(#5498,#5505),.PCURVE_S1.);
#5494 = LINE('',#5495,#5496);
#5495 = CARTESIAN_POINT('',(-72.6,-14.7,-90.));
#5496 = VECTOR('',#5497,1.);
#5497 = DIRECTION('',(0.,0.,1.));
#5498 = PCURVE('',#43,#5499);
#5499 = DEFINITIONAL_REPRESENTATION('',(#5500),#5504);
#5500 = LINE('',#5501,#5502);
#5501 = CARTESIAN_POINT('',(-90.,-72.6));
#5502 = VECTOR('',#5503,1.);
#5503 = DIRECTION('',(1.,0.));
#5504 = ( GEOMETRIC_REPRESENTATION_CONTEXT(2) 
PARAMETRIC_REPRESENTATION_CONTEXT() REPRESENTATION_CONTEXT('2D SPACE',''
  ) );
#5505 = PCURVE('',#5506,#5511);
#5506 = PLANE('',#5507);
#5507 = AXIS2_PLACEMENT_3D('',#5508,#5509,#5510);
#5508 = CARTESIAN_POINT('',(-72.6,-17.1,-90.));
#5509 = DIRECTION('',(1.,0.,0.));
#5510 = DIRECTION('',(0.,0.,1.));
#5511 = DEFINITIONAL_REPRESENTATION('',(#5512),#5516);
#5512 = LINE('',#5513,#5514);
#5513 = CARTESIAN_POINT('',(0.,-2.4));
#5514 = VECTOR('',#5515,1.);
#5515 = DIRECTION('',(1.,0.));
#5516 = ( GEOMETRIC_REPRESENTATION_CONTEXT(2) 
PARAMETRIC_REPRESENTATION_CONTEXT() REPRESENTATION_CONTEXT('2D SPACE',''
  ) );
#5517 = FACE_BOUND('',#5518,.T.);
#5518 = EDGE_LOOP('',(#5519,#5550,#5578,#5606));
#5519 = ORIENTED_EDGE('',*,*,#5520,.F.);
#5520 = EDGE_CURVE('',#5521,#5523,#5525,.T.);
#5521 = VERTEX_POINT('',#5522);
#5522 = CARTESIAN_POINT('',(-71.39999999999,-14.7,49.709556425301));
#5523 = VERTEX_POINT('',#5524);
#5524 = CARTESIAN_POINT('',(-66.6,-14.7,55.977138190516));
#5525 = SURFACE_CURVE('',#5526,(#5531,#5538),.PCURVE_S1.);
#5526 = CIRCLE('',#5527,87.);
#5527 = AXIS2_PLACEMENT_3D('',#5528,#5529,#5530);
#5528 = CARTESIAN_POINT('',(0.,-14.7,0.));
#5529 = DIRECTION('',(0.,1.,0.));
#5530 = DIRECTION('',(0.,-0.,1.));
#5531 = PCURVE('',#43,#5532);
#5532 = DEFINITIONAL_REPRESENTATION('',(#5533),#5537);
#5533 = CIRCLE('',#5534,87.);
#5534 = AXIS2_PLACEMENT_2D('',#5535,#5536);
#5535 = CARTESIAN_POINT('',(0.,0.));
#5536 = DIRECTION('',(1.,0.));
#5537 = ( GEOMETRIC_REPRESENTATION_CONTEXT(2) 
PARAMETRIC_REPRESENTATION_CONTEXT() REPRESENTATION_CONTEXT('2D SPACE',''
  ) );
#5538 = PCURVE('',#5539,#5544);
#5539 = CYLINDRICAL_SURFACE('',#5540,87.);
#5540 = AXIS2_PLACEMENT_3D('',#5541,#5542,#5543);
#5541 = CARTESIAN_POINT('',(0.,-17.2,0.));
#5542 = DIRECTION('',(0.,1.,0.));
#5543 = DIRECTION('',(0.,-0.,1.));
#5544 = DEFINITIONAL_REPRESENTATION('',(#5545),#5549);
#5545 = LINE('',#5546,#5547);
#5546 = CARTESIAN_POINT('',(0.,2.5));
#5547 = VECTOR('',#5548,1.);
#5548 = DIRECTION('',(1.,0.));
#5549 = ( GEOMETRIC_REPRESENTATION_CONTEXT(2) 
PARAMETRIC_REPRESENTATION_CONTEXT() REPRESENTATION_CONTEXT('2D SPACE',''
  ) );
#5550 = ORIENTED_EDGE('',*,*,#5551,.F.);
#5551 = EDGE_CURVE('',#5552,#5521,#5554,.T.);
#5552 = VERTEX_POINT('',#5553);
#5553 = CARTESIAN_POINT('',(-71.4,-14.7,0.6));
#5554 = SURFACE_CURVE('',#5555,(#5559,#5566),.PCURVE_S1.);
#5555 = LINE('',#5556,#5557);
#5556 = CARTESIAN_POINT('',(-71.4,-14.7,-90.));
#5557 = VECTOR('',#5558,1.);
#5558 = DIRECTION('',(0.,0.,1.));
#5559 = PCURVE('',#43,#5560);
#5560 = DEFINITIONAL_REPRESENTATION('',(#5561),#5565);
#5561 = LINE('',#5562,#5563);
#5562 = CARTESIAN_POINT('',(-90.,-71.4));
#5563 = VECTOR('',#5564,1.);
#5564 = DIRECTION('',(1.,0.));
#5565 = ( GEOMETRIC_REPRESENTATION_CONTEXT(2) 
PARAMETRIC_REPRESENTATION_CONTEXT() REPRESENTATION_CONTEXT('2D SPACE',''
  ) );
#5566 = PCURVE('',#5567,#5572);
#5567 = PLANE('',#5568);
#5568 = AXIS2_PLACEMENT_3D('',#5569,#5570,#5571);
#5569 = CARTESIAN_POINT('',(-71.4,-17.1,-90.));
#5570 = DIRECTION('',(1.,0.,0.));
#5571 = DIRECTION('',(0.,0.,1.));
#5572 = DEFINITIONAL_REPRESENTATION('',(#5573),#5577);
#5573 = LINE('',#5574,#5575);
#5574 = CARTESIAN_POINT('',(0.,-2.4));
#5575 = VECTOR('',#5576,1.);
#5576 = DIRECTION('',(1.,0.));
#5577 = ( GEOMETRIC_REPRESENTATION_CONTEXT(2) 
PARAMETRIC_REPRESENTATION_CONTEXT() REPRESENTATION_CONTEXT('2D SPACE',''
  ) );
#5578 = ORIENTED_EDGE('',*,*,#5579,.T.);
#5579 = EDGE_CURVE('',#5552,#5580,#5582,.T.);
#5580 = VERTEX_POINT('',#5581);
#5581 = CARTESIAN_POINT('',(-66.6,-14.7,0.6));
#5582 = SURFACE_CURVE('',#5583,(#5587,#5594),.PCURVE_S1.);
#5583 = LINE('',#5584,#5585);
#5584 = CARTESIAN_POINT('',(-95.,-14.7,0.6));
#5585 = VECTOR('',#5586,1.);
#5586 = DIRECTION('',(1.,0.,0.));
#5587 = PCURVE('',#43,#5588);
#5588 = DEFINITIONAL_REPRESENTATION('',(#5589),#5593);
#5589 = LINE('',#5590,#5591);
#5590 = CARTESIAN_POINT('',(0.6,-95.));
#5591 = VECTOR('',#5592,1.);
#5592 = DIRECTION('',(0.,1.));
#5593 = ( GEOMETRIC_REPRESENTATION_CONTEXT(2) 
PARAMETRIC_REPRESENTATION_CONTEXT() REPRESENTATION_CONTEXT('2D SPACE',''
  ) );
#5594 = PCURVE('',#5595,#5600);
#5595 = PLANE('',#5596);
#5596 = AXIS2_PLACEMENT_3D('',#5597,#5598,#5599);
#5597 = CARTESIAN_POINT('',(-95.,-17.1,0.6));
#5598 = DIRECTION('',(0.,0.,1.));
#5599 = DIRECTION('',(1.,0.,0.));
#5600 = DEFINITIONAL_REPRESENTATION('',(#5601),#5605);
#5601 = LINE('',#5602,#5603);
#5602 = CARTESIAN_POINT('',(0.,2.4));
#5603 = VECTOR('',#5604,1.);
#5604 = DIRECTION('',(1.,0.));
#5605 = ( GEOMETRIC_REPRESENTATION_CONTEXT(2) 
PARAMETRIC_REPRESENTATION_CONTEXT() REPRESENTATION_CONTEXT('2D SPACE',''
  ) );
#5606 = ORIENTED_EDGE('',*,*,#5607,.T.);
#5607 = EDGE_CURVE('',#5580,#5523,#5608,.T.);
#5608 = SURFACE_CURVE('',#5609,(#5613,#5620),.PCURVE_S1.);
#5609 = LINE('',#5610,#5611);
#5610 = CARTESIAN_POINT('',(-66.6,-14.7,-90.));
#5611 = VECTOR('',#5612,1.);
#5612 = DIRECTION('',(0.,0.,1.));
#5613 = PCURVE('',#43,#5614);
#5614 = DEFINITIONAL_REPRESENTATION('',(#5615),#5619);
#5615 = LINE('',#5616,#5617);
#5616 = CARTESIAN_POINT('',(-90.,-66.6));
#5617 = VECTOR('',#5618,1.);
#5618 = DIRECTION('',(1.,0.));
#5619 = ( GEOMETRIC_REPRESENTATION_CONTEXT(2) 
PARAMETRIC_REPRESENTATION_CONTEXT() REPRESENTATION_CONTEXT('2D SPACE',''
  ) );
#5620 = PCURVE('',#5621,#5626);
#5621 = PLANE('',#5622);
#5622 = AXIS2_PLACEMENT_3D('',#5623,#5624,#5625);
#5623 = CARTESIAN_POINT('',(-66.6,-17.1,-90.));
#5624 = DIRECTION('',(1.,0.,0.));
#5625 = DIRECTION('',(0.,0.,1.));
#5626 = DEFINITIONAL_REPRESENTATION('',(#5627),#5631);
#5627 = LINE('',#5628,#5629);
#5628 = CARTESIAN_POINT('',(0.,-2.4));
#5629 = VECTOR('',#5630,1.);
#5630 = DIRECTION('',(1.,0.));
#5631 = ( GEOMETRIC_REPRESENTATION_CONTEXT(2) 
PARAMETRIC_REPRESENTATION_CONTEXT() REPRESENTATION_CONTEXT('2D SPACE',''
  ) );
#5632 = FACE_BOUND('',#5633,.T.);
#5633 = EDGE_LOOP('',(#5634,#5665,#5693,#5721));
#5634 = ORIENTED_EDGE('',*,*,#5635,.F.);
#5635 = EDGE_CURVE('',#5636,#5638,#5640,.T.);
#5636 = VERTEX_POINT('',#5637);
#5637 = CARTESIAN_POINT('',(-65.4,-14.7,57.374558821829));
#5638 = VERTEX_POINT('',#5639);
#5639 = CARTESIAN_POINT('',(-60.6,-14.7,62.423072657468));
#5640 = SURFACE_CURVE('',#5641,(#5646,#5653),.PCURVE_S1.);
#5641 = CIRCLE('',#5642,87.);
#5642 = AXIS2_PLACEMENT_3D('',#5643,#5644,#5645);
#5643 = CARTESIAN_POINT('',(0.,-14.7,0.));
#5644 = DIRECTION('',(0.,1.,0.));
#5645 = DIRECTION('',(0.,-0.,1.));
#5646 = PCURVE('',#43,#5647);
#5647 = DEFINITIONAL_REPRESENTATION('',(#5648),#5652);
#5648 = CIRCLE('',#5649,87.);
#5649 = AXIS2_PLACEMENT_2D('',#5650,#5651);
#5650 = CARTESIAN_POINT('',(0.,0.));
#5651 = DIRECTION('',(1.,0.));
#5652 = ( GEOMETRIC_REPRESENTATION_CONTEXT(2) 
PARAMETRIC_REPRESENTATION_CONTEXT() REPRESENTATION_CONTEXT('2D SPACE',''
  ) );
#5653 = PCURVE('',#5654,#5659);
#5654 = CYLINDRICAL_SURFACE('',#5655,87.);
#5655 = AXIS2_PLACEMENT_3D('',#5656,#5657,#5658);
#5656 = CARTESIAN_POINT('',(0.,-17.2,0.));
#5657 = DIRECTION('',(0.,1.,0.));
#5658 = DIRECTION('',(0.,-0.,1.));
#5659 = DEFINITIONAL_REPRESENTATION('',(#5660),#5664);
#5660 = LINE('',#5661,#5662);
#5661 = CARTESIAN_POINT('',(0.,2.5));
#5662 = VECTOR('',#5663,1.);
#5663 = DIRECTION('',(1.,0.));
#5664 = ( GEOMETRIC_REPRESENTATION_CONTEXT(2) 
PARAMETRIC_REPRESENTATION_CONTEXT() REPRESENTATION_CONTEXT('2D SPACE',''
  ) );
#5665 = ORIENTED_EDGE('',*,*,#5666,.F.);
#5666 = EDGE_CURVE('',#5667,#5636,#5669,.T.);
#5667 = VERTEX_POINT('',#5668);
#5668 = CARTESIAN_POINT('',(-65.4,-14.7,0.6));
#5669 = SURFACE_CURVE('',#5670,(#5674,#5681),.PCURVE_S1.);
#5670 = LINE('',#5671,#5672);
#5671 = CARTESIAN_POINT('',(-65.4,-14.7,-90.));
#5672 = VECTOR('',#5673,1.);
#5673 = DIRECTION('',(0.,0.,1.));
#5674 = PCURVE('',#43,#5675);
#5675 = DEFINITIONAL_REPRESENTATION('',(#5676),#5680);
#5676 = LINE('',#5677,#5678);
#5677 = CARTESIAN_POINT('',(-90.,-65.4));
#5678 = VECTOR('',#5679,1.);
#5679 = DIRECTION('',(1.,0.));
#5680 = ( GEOMETRIC_REPRESENTATION_CONTEXT(2) 
PARAMETRIC_REPRESENTATION_CONTEXT() REPRESENTATION_CONTEXT('2D SPACE',''
  ) );
#5681 = PCURVE('',#5682,#5687);
#5682 = PLANE('',#5683);
#5683 = AXIS2_PLACEMENT_3D('',#5684,#5685,#5686);
#5684 = CARTESIAN_POINT('',(-65.4,-17.1,-90.));
#5685 = DIRECTION('',(1.,0.,0.));
#5686 = DIRECTION('',(0.,0.,1.));
#5687 = DEFINITIONAL_REPRESENTATION('',(#5688),#5692);
#5688 = LINE('',#5689,#5690);
#5689 = CARTESIAN_POINT('',(0.,-2.4));
#5690 = VECTOR('',#5691,1.);
#5691 = DIRECTION('',(1.,0.));
#5692 = ( GEOMETRIC_REPRESENTATION_CONTEXT(2) 
PARAMETRIC_REPRESENTATION_CONTEXT() REPRESENTATION_CONTEXT('2D SPACE',''
  ) );
#5693 = ORIENTED_EDGE('',*,*,#5694,.T.);
#5694 = EDGE_CURVE('',#5667,#5695,#5697,.T.);
#5695 = VERTEX_POINT('',#5696);
#5696 = CARTESIAN_POINT('',(-60.6,-14.7,0.6));
#5697 = SURFACE_CURVE('',#5698,(#5702,#5709),.PCURVE_S1.);
#5698 = LINE('',#5699,#5700);
#5699 = CARTESIAN_POINT('',(-95.,-14.7,0.6));
#5700 = VECTOR('',#5701,1.);
#5701 = DIRECTION('',(1.,0.,0.));
#5702 = PCURVE('',#43,#5703);
#5703 = DEFINITIONAL_REPRESENTATION('',(#5704),#5708);
#5704 = LINE('',#5705,#5706);
#5705 = CARTESIAN_POINT('',(0.6,-95.));
#5706 = VECTOR('',#5707,1.);
#5707 = DIRECTION('',(0.,1.));
#5708 = ( GEOMETRIC_REPRESENTATION_CONTEXT(2) 
PARAMETRIC_REPRESENTATION_CONTEXT() REPRESENTATION_CONTEXT('2D SPACE',''
  ) );
#5709 = PCURVE('',#5710,#5715);
#5710 = PLANE('',#5711);
#5711 = AXIS2_PLACEMENT_3D('',#5712,#5713,#5714);
#5712 = CARTESIAN_POINT('',(-95.,-17.1,0.6));
#5713 = DIRECTION('',(0.,0.,1.));
#5714 = DIRECTION('',(1.,0.,0.));
#5715 = DEFINITIONAL_REPRESENTATION('',(#5716),#5720);
#5716 = LINE('',#5717,#5718);
#5717 = CARTESIAN_POINT('',(0.,2.4));
#5718 = VECTOR('',#5719,1.);
#5719 = DIRECTION('',(1.,0.));
#5720 = ( GEOMETRIC_REPRESENTATION_CONTEXT(2) 
PARAMETRIC_REPRESENTATION_CONTEXT() REPRESENTATION_CONTEXT('2D SPACE',''
  ) );
#5721 = ORIENTED_EDGE('',*,*,#5722,.T.);
#5722 = EDGE_CURVE('',#5695,#5638,#5723,.T.);
#5723 = SURFACE_CURVE('',#5724,(#5728,#5735),.PCURVE_S1.);
#5724 = LINE('',#5725,#5726);
#5725 = CARTESIAN_POINT('',(-60.6,-14.7,-90.));
#5726 = VECTOR('',#5727,1.);
#5727 = DIRECTION('',(0.,0.,1.));
#5728 = PCURVE('',#43,#5729);
#5729 = DEFINITIONAL_REPRESENTATION('',(#5730),#5734);
#5730 = LINE('',#5731,#5732);
#5731 = CARTESIAN_POINT('',(-90.,-60.6));
#5732 = VECTOR('',#5733,1.);
#5733 = DIRECTION('',(1.,0.));
#5734 = ( GEOMETRIC_REPRESENTATION_CONTEXT(2) 
PARAMETRIC_REPRESENTATION_CONTEXT() REPRESENTATION_CONTEXT('2D SPACE',''
  ) );
#5735 = PCURVE('',#5736,#5741);
#5736 = PLANE('',#5737);
#5737 = AXIS2_PLACEMENT_3D('',#5738,#5739,#5740);
#5738 = CARTESIAN_POINT('',(-60.6,-17.1,-90.));
#5739 = DIRECTION('',(1.,0.,0.));
#5740 = DIRECTION('',(0.,0.,1.));
#5741 = DEFINITIONAL_REPRESENTATION('',(#5742),#5746);
#5742 = LINE('',#5743,#5744);
#5743 = CARTESIAN_POINT('',(0.,-2.4));
#5744 = VECTOR('',#5745,1.);
#5745 = DIRECTION('',(1.,0.));
#5746 = ( GEOMETRIC_REPRESENTATION_CONTEXT(2) 
PARAMETRIC_REPRESENTATION_CONTEXT() REPRESENTATION_CONTEXT('2D SPACE',''
  ) );
#5747 = FACE_BOUND('',#5748,.T.);
#5748 = EDGE_LOOP('',(#5749,#5780,#5808,#5836));
#5749 = ORIENTED_EDGE('',*,*,#5750,.F.);
#5750 = EDGE_CURVE('',#5751,#5753,#5755,.T.);
#5751 = VERTEX_POINT('',#5752);
#5752 = CARTESIAN_POINT('',(-59.4,-14.7,63.566028663114));
#5753 = VERTEX_POINT('',#5754);
#5754 = CARTESIAN_POINT('',(-54.59999999999,-14.7,67.733595800018));
#5755 = SURFACE_CURVE('',#5756,(#5761,#5768),.PCURVE_S1.);
#5756 = CIRCLE('',#5757,87.);
#5757 = AXIS2_PLACEMENT_3D('',#5758,#5759,#5760);
#5758 = CARTESIAN_POINT('',(0.,-14.7,0.));
#5759 = DIRECTION('',(0.,1.,0.));
#5760 = DIRECTION('',(0.,-0.,1.));
#5761 = PCURVE('',#43,#5762);
#5762 = DEFINITIONAL_REPRESENTATION('',(#5763),#5767);
#5763 = CIRCLE('',#5764,87.);
#5764 = AXIS2_PLACEMENT_2D('',#5765,#5766);
#5765 = CARTESIAN_POINT('',(0.,0.));
#5766 = DIRECTION('',(1.,0.));
#5767 = ( GEOMETRIC_REPRESENTATION_CONTEXT(2) 
PARAMETRIC_REPRESENTATION_CONTEXT() REPRESENTATION_CONTEXT('2D SPACE',''
  ) );
#5768 = PCURVE('',#5769,#5774);
#5769 = CYLINDRICAL_SURFACE('',#5770,87.);
#5770 = AXIS2_PLACEMENT_3D('',#5771,#5772,#5773);
#5771 = CARTESIAN_POINT('',(0.,-17.2,0.));
#5772 = DIRECTION('',(0.,1.,0.));
#5773 = DIRECTION('',(0.,-0.,1.));
#5774 = DEFINITIONAL_REPRESENTATION('',(#5775),#5779);
#5775 = LINE('',#5776,#5777);
#5776 = CARTESIAN_POINT('',(0.,2.5));
#5777 = VECTOR('',#5778,1.);
#5778 = DIRECTION('',(1.,0.));
#5779 = ( GEOMETRIC_REPRESENTATION_CONTEXT(2) 
PARAMETRIC_REPRESENTATION_CONTEXT() REPRESENTATION_CONTEXT('2D SPACE',''
  ) );
#5780 = ORIENTED_EDGE('',*,*,#5781,.F.);
#5781 = EDGE_CURVE('',#5782,#5751,#5784,.T.);
#5782 = VERTEX_POINT('',#5783);
#5783 = CARTESIAN_POINT('',(-59.4,-14.7,0.6));
#5784 = SURFACE_CURVE('',#5785,(#5789,#5796),.PCURVE_S1.);
#5785 = LINE('',#5786,#5787);
#5786 = CARTESIAN_POINT('',(-59.4,-14.7,-90.));
#5787 = VECTOR('',#5788,1.);
#5788 = DIRECTION('',(0.,0.,1.));
#5789 = PCURVE('',#43,#5790);
#5790 = DEFINITIONAL_REPRESENTATION('',(#5791),#5795);
#5791 = LINE('',#5792,#5793);
#5792 = CARTESIAN_POINT('',(-90.,-59.4));
#5793 = VECTOR('',#5794,1.);
#5794 = DIRECTION('',(1.,0.));
#5795 = ( GEOMETRIC_REPRESENTATION_CONTEXT(2) 
PARAMETRIC_REPRESENTATION_CONTEXT() REPRESENTATION_CONTEXT('2D SPACE',''
  ) );
#5796 = PCURVE('',#5797,#5802);
#5797 = PLANE('',#5798);
#5798 = AXIS2_PLACEMENT_3D('',#5799,#5800,#5801);
#5799 = CARTESIAN_POINT('',(-59.4,-17.1,-90.));
#5800 = DIRECTION('',(1.,0.,0.));
#5801 = DIRECTION('',(0.,0.,1.));
#5802 = DEFINITIONAL_REPRESENTATION('',(#5803),#5807);
#5803 = LINE('',#5804,#5805);
#5804 = CARTESIAN_POINT('',(0.,-2.4));
#5805 = VECTOR('',#5806,1.);
#5806 = DIRECTION('',(1.,0.));
#5807 = ( GEOMETRIC_REPRESENTATION_CONTEXT(2) 
PARAMETRIC_REPRESENTATION_CONTEXT() REPRESENTATION_CONTEXT('2D SPACE',''
  ) );
#5808 = ORIENTED_EDGE('',*,*,#5809,.T.);
#5809 = EDGE_CURVE('',#5782,#5810,#5812,.T.);
#5810 = VERTEX_POINT('',#5811);
#5811 = CARTESIAN_POINT('',(-54.6,-14.7,0.6));
#5812 = SURFACE_CURVE('',#5813,(#5817,#5824),.PCURVE_S1.);
#5813 = LINE('',#5814,#5815);
#5814 = CARTESIAN_POINT('',(-95.,-14.7,0.6));
#5815 = VECTOR('',#5816,1.);
#5816 = DIRECTION('',(1.,0.,0.));
#5817 = PCURVE('',#43,#5818);
#5818 = DEFINITIONAL_REPRESENTATION('',(#5819),#5823);
#5819 = LINE('',#5820,#5821);
#5820 = CARTESIAN_POINT('',(0.6,-95.));
#5821 = VECTOR('',#5822,1.);
#5822 = DIRECTION('',(0.,1.));
#5823 = ( GEOMETRIC_REPRESENTATION_CONTEXT(2) 
PARAMETRIC_REPRESENTATION_CONTEXT() REPRESENTATION_CONTEXT('2D SPACE',''
  ) );
#5824 = PCURVE('',#5825,#5830);
#5825 = PLANE('',#5826);
#5826 = AXIS2_PLACEMENT_3D('',#5827,#5828,#5829);
#5827 = CARTESIAN_POINT('',(-95.,-17.1,0.6));
#5828 = DIRECTION('',(0.,0.,1.));
#5829 = DIRECTION('',(1.,0.,0.));
#5830 = DEFINITIONAL_REPRESENTATION('',(#5831),#5835);
#5831 = LINE('',#5832,#5833);
#5832 = CARTESIAN_POINT('',(0.,2.4));
#5833 = VECTOR('',#5834,1.);
#5834 = DIRECTION('',(1.,0.));
#5835 = ( GEOMETRIC_REPRESENTATION_CONTEXT(2) 
PARAMETRIC_REPRESENTATION_CONTEXT() REPRESENTATION_CONTEXT('2D SPACE',''
  ) );
#5836 = ORIENTED_EDGE('',*,*,#5837,.T.);
#5837 = EDGE_CURVE('',#5810,#5753,#5838,.T.);
#5838 = SURFACE_CURVE('',#5839,(#5843,#5850),.PCURVE_S1.);
#5839 = LINE('',#5840,#5841);
#5840 = CARTESIAN_POINT('',(-54.6,-14.7,-90.));
#5841 = VECTOR('',#5842,1.);
#5842 = DIRECTION('',(0.,0.,1.));
#5843 = PCURVE('',#43,#5844);
#5844 = DEFINITIONAL_REPRESENTATION('',(#5845),#5849);
#5845 = LINE('',#5846,#5847);
#5846 = CARTESIAN_POINT('',(-90.,-54.6));
#5847 = VECTOR('',#5848,1.);
#5848 = DIRECTION('',(1.,0.));
#5849 = ( GEOMETRIC_REPRESENTATION_CONTEXT(2) 
PARAMETRIC_REPRESENTATION_CONTEXT() REPRESENTATION_CONTEXT('2D SPACE',''
  ) );
#5850 = PCURVE('',#5851,#5856);
#5851 = PLANE('',#5852);
#5852 = AXIS2_PLACEMENT_3D('',#5853,#5854,#5855);
#5853 = CARTESIAN_POINT('',(-54.6,-17.1,-90.));
#5854 = DIRECTION('',(1.,0.,0.));
#5855 = DIRECTION('',(0.,0.,1.));
#5856 = DEFINITIONAL_REPRESENTATION('',(#5857),#5861);
#5857 = LINE('',#5858,#5859);
#5858 = CARTESIAN_POINT('',(0.,-2.4));
#5859 = VECTOR('',#5860,1.);
#5860 = DIRECTION('',(1.,0.));
#5861 = ( GEOMETRIC_REPRESENTATION_CONTEXT(2) 
PARAMETRIC_REPRESENTATION_CONTEXT() REPRESENTATION_CONTEXT('2D SPACE',''
  ) );
#5862 = FACE_BOUND('',#5863,.T.);
#5863 = EDGE_LOOP('',(#5864,#5895,#5923,#5951));
#5864 = ORIENTED_EDGE('',*,*,#5865,.F.);
#5865 = EDGE_CURVE('',#5866,#5868,#5870,.T.);
#5866 = VERTEX_POINT('',#5867);
#5867 = CARTESIAN_POINT('',(-53.4,-14.7,68.68362250202));
#5868 = VERTEX_POINT('',#5869);
#5869 = CARTESIAN_POINT('',(-48.6,-14.7,72.15982261619));
#5870 = SURFACE_CURVE('',#5871,(#5876,#5883),.PCURVE_S1.);
#5871 = CIRCLE('',#5872,87.);
#5872 = AXIS2_PLACEMENT_3D('',#5873,#5874,#5875);
#5873 = CARTESIAN_POINT('',(0.,-14.7,0.));
#5874 = DIRECTION('',(0.,1.,0.));
#5875 = DIRECTION('',(0.,-0.,1.));
#5876 = PCURVE('',#43,#5877);
#5877 = DEFINITIONAL_REPRESENTATION('',(#5878),#5882);
#5878 = CIRCLE('',#5879,87.);
#5879 = AXIS2_PLACEMENT_2D('',#5880,#5881);
#5880 = CARTESIAN_POINT('',(0.,0.));
#5881 = DIRECTION('',(1.,0.));
#5882 = ( GEOMETRIC_REPRESENTATION_CONTEXT(2) 
PARAMETRIC_REPRESENTATION_CONTEXT() REPRESENTATION_CONTEXT('2D SPACE',''
  ) );
#5883 = PCURVE('',#5884,#5889);
#5884 = CYLINDRICAL_SURFACE('',#5885,87.);
#5885 = AXIS2_PLACEMENT_3D('',#5886,#5887,#5888);
#5886 = CARTESIAN_POINT('',(0.,-17.2,0.));
#5887 = DIRECTION('',(0.,1.,0.));
#5888 = DIRECTION('',(0.,-0.,1.));
#5889 = DEFINITIONAL_REPRESENTATION('',(#5890),#5894);
#5890 = LINE('',#5891,#5892);
#5891 = CARTESIAN_POINT('',(0.,2.5));
#5892 = VECTOR('',#5893,1.);
#5893 = DIRECTION('',(1.,0.));
#5894 = ( GEOMETRIC_REPRESENTATION_CONTEXT(2) 
PARAMETRIC_REPRESENTATION_CONTEXT() REPRESENTATION_CONTEXT('2D SPACE',''
  ) );
#5895 = ORIENTED_EDGE('',*,*,#5896,.F.);
#5896 = EDGE_CURVE('',#5897,#5866,#5899,.T.);
#5897 = VERTEX_POINT('',#5898);
#5898 = CARTESIAN_POINT('',(-53.4,-14.7,0.6));
#5899 = SURFACE_CURVE('',#5900,(#5904,#5911),.PCURVE_S1.);
#5900 = LINE('',#5901,#5902);
#5901 = CARTESIAN_POINT('',(-53.4,-14.7,-90.));
#5902 = VECTOR('',#5903,1.);
#5903 = DIRECTION('',(0.,0.,1.));
#5904 = PCURVE('',#43,#5905);
#5905 = DEFINITIONAL_REPRESENTATION('',(#5906),#5910);
#5906 = LINE('',#5907,#5908);
#5907 = CARTESIAN_POINT('',(-90.,-53.4));
#5908 = VECTOR('',#5909,1.);
#5909 = DIRECTION('',(1.,0.));
#5910 = ( GEOMETRIC_REPRESENTATION_CONTEXT(2) 
PARAMETRIC_REPRESENTATION_CONTEXT() REPRESENTATION_CONTEXT('2D SPACE',''
  ) );
#5911 = PCURVE('',#5912,#5917);
#5912 = PLANE('',#5913);
#5913 = AXIS2_PLACEMENT_3D('',#5914,#5915,#5916);
#5914 = CARTESIAN_POINT('',(-53.4,-17.1,-90.));
#5915 = DIRECTION('',(1.,0.,0.));
#5916 = DIRECTION('',(0.,0.,1.));
#5917 = DEFINITIONAL_REPRESENTATION('',(#5918),#5922);
#5918 = LINE('',#5919,#5920);
#5919 = CARTESIAN_POINT('',(0.,-2.4));
#5920 = VECTOR('',#5921,1.);
#5921 = DIRECTION('',(1.,0.));
#5922 = ( GEOMETRIC_REPRESENTATION_CONTEXT(2) 
PARAMETRIC_REPRESENTATION_CONTEXT() REPRESENTATION_CONTEXT('2D SPACE',''
  ) );
#5923 = ORIENTED_EDGE('',*,*,#5924,.T.);
#5924 = EDGE_CURVE('',#5897,#5925,#5927,.T.);
#5925 = VERTEX_POINT('',#5926);
#5926 = CARTESIAN_POINT('',(-48.6,-14.7,0.6));
#5927 = SURFACE_CURVE('',#5928,(#5932,#5939),.PCURVE_S1.);
#5928 = LINE('',#5929,#5930);
#5929 = CARTESIAN_POINT('',(-95.,-14.7,0.6));
#5930 = VECTOR('',#5931,1.);
#5931 = DIRECTION('',(1.,0.,0.));
#5932 = PCURVE('',#43,#5933);
#5933 = DEFINITIONAL_REPRESENTATION('',(#5934),#5938);
#5934 = LINE('',#5935,#5936);
#5935 = CARTESIAN_POINT('',(0.6,-95.));
#5936 = VECTOR('',#5937,1.);
#5937 = DIRECTION('',(0.,1.));
#5938 = ( GEOMETRIC_REPRESENTATION_CONTEXT(2) 
PARAMETRIC_REPRESENTATION_CONTEXT() REPRESENTATION_CONTEXT('2D SPACE',''
  ) );
#5939 = PCURVE('',#5940,#5945);
#5940 = PLANE('',#5941);
#5941 = AXIS2_PLACEMENT_3D('',#5942,#5943,#5944);
#5942 = CARTESIAN_POINT('',(-95.,-17.1,0.6));
#5943 = DIRECTION('',(0.,0.,1.));
#5944 = DIRECTION('',(1.,0.,0.));
#5945 = DEFINITIONAL_REPRESENTATION('',(#5946),#5950);
#5946 = LINE('',#5947,#5948);
#5947 = CARTESIAN_POINT('',(0.,2.4));
#5948 = VECTOR('',#5949,1.);
#5949 = DIRECTION('',(1.,0.));
#5950 = ( GEOMETRIC_REPRESENTATION_CONTEXT(2) 
PARAMETRIC_REPRESENTATION_CONTEXT() REPRESENTATION_CONTEXT('2D SPACE',''
  ) );
#5951 = ORIENTED_EDGE('',*,*,#5952,.T.);
#5952 = EDGE_CURVE('',#5925,#5868,#5953,.T.);
#5953 = SURFACE_CURVE('',#5954,(#5958,#5965),.PCURVE_S1.);
#5954 = LINE('',#5955,#5956);
#5955 = CARTESIAN_POINT('',(-48.6,-14.7,-90.));
#5956 = VECTOR('',#5957,1.);
#5957 = DIRECTION('',(0.,0.,1.));
#5958 = PCURVE('',#43,#5959);
#5959 = DEFINITIONAL_REPRESENTATION('',(#5960),#5964);
#5960 = LINE('',#5961,#5962);
#5961 = CARTESIAN_POINT('',(-90.,-48.6));
#5962 = VECTOR('',#5963,1.);
#5963 = DIRECTION('',(1.,0.));
#5964 = ( GEOMETRIC_REPRESENTATION_CONTEXT(2) 
PARAMETRIC_REPRESENTATION_CONTEXT() REPRESENTATION_CONTEXT('2D SPACE',''
  ) );
#5965 = PCURVE('',#5966,#5971);
#5966 = PLANE('',#5967);
#5967 = AXIS2_PLACEMENT_3D('',#5968,#5969,#5970);
#5968 = CARTESIAN_POINT('',(-48.6,-17.1,-90.));
#5969 = DIRECTION('',(1.,0.,0.));
#5970 = DIRECTION('',(0.,0.,1.));
#5971 = DEFINITIONAL_REPRESENTATION('',(#5972),#5976);
#5972 = LINE('',#5973,#5974);
#5973 = CARTESIAN_POINT('',(0.,-2.4));
#5974 = VECTOR('',#5975,1.);
#5975 = DIRECTION('',(1.,0.));
#5976 = ( GEOMETRIC_REPRESENTATION_CONTEXT(2) 
PARAMETRIC_REPRESENTATION_CONTEXT() REPRESENTATION_CONTEXT('2D SPACE',''
  ) );
#5977 = FACE_BOUND('',#5978,.T.);
#5978 = EDGE_LOOP('',(#5979,#6010,#6038,#6066));
#5979 = ORIENTED_EDGE('',*,*,#5980,.F.);
#5980 = EDGE_CURVE('',#5981,#5983,#5985,.T.);
#5981 = VERTEX_POINT('',#5982);
#5982 = CARTESIAN_POINT('',(-47.4,-14.7,72.953683937138));
#5983 = VERTEX_POINT('',#5984);
#5984 = CARTESIAN_POINT('',(-42.6,-14.7,75.856707020539));
#5985 = SURFACE_CURVE('',#5986,(#5991,#5998),.PCURVE_S1.);
#5986 = CIRCLE('',#5987,87.);
#5987 = AXIS2_PLACEMENT_3D('',#5988,#5989,#5990);
#5988 = CARTESIAN_POINT('',(0.,-14.7,0.));
#5989 = DIRECTION('',(0.,1.,0.));
#5990 = DIRECTION('',(0.,-0.,1.));
#5991 = PCURVE('',#43,#5992);
#5992 = DEFINITIONAL_REPRESENTATION('',(#5993),#5997);
#5993 = CIRCLE('',#5994,87.);
#5994 = AXIS2_PLACEMENT_2D('',#5995,#5996);
#5995 = CARTESIAN_POINT('',(0.,0.));
#5996 = DIRECTION('',(1.,0.));
#5997 = ( GEOMETRIC_REPRESENTATION_CONTEXT(2) 
PARAMETRIC_REPRESENTATION_CONTEXT() REPRESENTATION_CONTEXT('2D SPACE',''
  ) );
#5998 = PCURVE('',#5999,#6004);
#5999 = CYLINDRICAL_SURFACE('',#6000,87.);
#6000 = AXIS2_PLACEMENT_3D('',#6001,#6002,#6003);
#6001 = CARTESIAN_POINT('',(0.,-17.2,0.));
#6002 = DIRECTION('',(0.,1.,0.));
#6003 = DIRECTION('',(0.,-0.,1.));
#6004 = DEFINITIONAL_REPRESENTATION('',(#6005),#6009);
#6005 = LINE('',#6006,#6007);
#6006 = CARTESIAN_POINT('',(0.,2.5));
#6007 = VECTOR('',#6008,1.);
#6008 = DIRECTION('',(1.,0.));
#6009 = ( GEOMETRIC_REPRESENTATION_CONTEXT(2) 
PARAMETRIC_REPRESENTATION_CONTEXT() REPRESENTATION_CONTEXT('2D SPACE',''
  ) );
#6010 = ORIENTED_EDGE('',*,*,#6011,.F.);
#6011 = EDGE_CURVE('',#6012,#5981,#6014,.T.);
#6012 = VERTEX_POINT('',#6013);
#6013 = CARTESIAN_POINT('',(-47.4,-14.7,0.6));
#6014 = SURFACE_CURVE('',#6015,(#6019,#6026),.PCURVE_S1.);
#6015 = LINE('',#6016,#6017);
#6016 = CARTESIAN_POINT('',(-47.4,-14.7,-90.));
#6017 = VECTOR('',#6018,1.);
#6018 = DIRECTION('',(0.,0.,1.));
#6019 = PCURVE('',#43,#6020);
#6020 = DEFINITIONAL_REPRESENTATION('',(#6021),#6025);
#6021 = LINE('',#6022,#6023);
#6022 = CARTESIAN_POINT('',(-90.,-47.4));
#6023 = VECTOR('',#6024,1.);
#6024 = DIRECTION('',(1.,0.));
#6025 = ( GEOMETRIC_REPRESENTATION_CONTEXT(2) 
PARAMETRIC_REPRESENTATION_CONTEXT() REPRESENTATION_CONTEXT('2D SPACE',''
  ) );
#6026 = PCURVE('',#6027,#6032);
#6027 = PLANE('',#6028);
#6028 = AXIS2_PLACEMENT_3D('',#6029,#6030,#6031);
#6029 = CARTESIAN_POINT('',(-47.4,-17.1,-90.));
#6030 = DIRECTION('',(1.,0.,0.));
#6031 = DIRECTION('',(0.,0.,1.));
#6032 = DEFINITIONAL_REPRESENTATION('',(#6033),#6037);
#6033 = LINE('',#6034,#6035);
#6034 = CARTESIAN_POINT('',(0.,-2.4));
#6035 = VECTOR('',#6036,1.);
#6036 = DIRECTION('',(1.,0.));
#6037 = ( GEOMETRIC_REPRESENTATION_CONTEXT(2) 
PARAMETRIC_REPRESENTATION_CONTEXT() REPRESENTATION_CONTEXT('2D SPACE',''
  ) );
#6038 = ORIENTED_EDGE('',*,*,#6039,.T.);
#6039 = EDGE_CURVE('',#6012,#6040,#6042,.T.);
#6040 = VERTEX_POINT('',#6041);
#6041 = CARTESIAN_POINT('',(-42.6,-14.7,0.6));
#6042 = SURFACE_CURVE('',#6043,(#6047,#6054),.PCURVE_S1.);
#6043 = LINE('',#6044,#6045);
#6044 = CARTESIAN_POINT('',(-95.,-14.7,0.6));
#6045 = VECTOR('',#6046,1.);
#6046 = DIRECTION('',(1.,0.,0.));
#6047 = PCURVE('',#43,#6048);
#6048 = DEFINITIONAL_REPRESENTATION('',(#6049),#6053);
#6049 = LINE('',#6050,#6051);
#6050 = CARTESIAN_POINT('',(0.6,-95.));
#6051 = VECTOR('',#6052,1.);
#6052 = DIRECTION('',(0.,1.));
#6053 = ( GEOMETRIC_REPRESENTATION_CONTEXT(2) 
PARAMETRIC_REPRESENTATION_CONTEXT() REPRESENTATION_CONTEXT('2D SPACE',''
  ) );
#6054 = PCURVE('',#6055,#6060);
#6055 = PLANE('',#6056);
#6056 = AXIS2_PLACEMENT_3D('',#6057,#6058,#6059);
#6057 = CARTESIAN_POINT('',(-95.,-17.1,0.6));
#6058 = DIRECTION('',(0.,0.,1.));
#6059 = DIRECTION('',(1.,0.,0.));
#6060 = DEFINITIONAL_REPRESENTATION('',(#6061),#6065);
#6061 = LINE('',#6062,#6063);
#6062 = CARTESIAN_POINT('',(0.,2.4));
#6063 = VECTOR('',#6064,1.);
#6064 = DIRECTION('',(1.,0.));
#6065 = ( GEOMETRIC_REPRESENTATION_CONTEXT(2) 
PARAMETRIC_REPRESENTATION_CONTEXT() REPRESENTATION_CONTEXT('2D SPACE',''
  ) );
#6066 = ORIENTED_EDGE('',*,*,#6067,.T.);
#6067 = EDGE_CURVE('',#6040,#5983,#6068,.T.);
#6068 = SURFACE_CURVE('',#6069,(#6073,#6080),.PCURVE_S1.);
#6069 = LINE('',#6070,#6071);
#6070 = CARTESIAN_POINT('',(-42.6,-14.7,-90.));
#6071 = VECTOR('',#6072,1.);
#6072 = DIRECTION('',(0.,0.,1.));
#6073 = PCURVE('',#43,#6074);
#6074 = DEFINITIONAL_REPRESENTATION('',(#6075),#6079);
#6075 = LINE('',#6076,#6077);
#6076 = CARTESIAN_POINT('',(-90.,-42.6));
#6077 = VECTOR('',#6078,1.);
#6078 = DIRECTION('',(1.,0.));
#6079 = ( GEOMETRIC_REPRESENTATION_CONTEXT(2) 
PARAMETRIC_REPRESENTATION_CONTEXT() REPRESENTATION_CONTEXT('2D SPACE',''
  ) );
#6080 = PCURVE('',#6081,#6086);
#6081 = PLANE('',#6082);
#6082 = AXIS2_PLACEMENT_3D('',#6083,#6084,#6085);
#6083 = CARTESIAN_POINT('',(-42.6,-17.1,-90.));
#6084 = DIRECTION('',(1.,0.,0.));
#6085 = DIRECTION('',(0.,0.,1.));
#6086 = DEFINITIONAL_REPRESENTATION('',(#6087),#6091);
#6087 = LINE('',#6088,#6089);
#6088 = CARTESIAN_POINT('',(0.,-2.4));
#6089 = VECTOR('',#6090,1.);
#6090 = DIRECTION('',(1.,0.));
#6091 = ( GEOMETRIC_REPRESENTATION_CONTEXT(2) 
PARAMETRIC_REPRESENTATION_CONTEXT() REPRESENTATION_CONTEXT('2D SPACE',''
  ) );
#6092 = FACE_BOUND('',#6093,.T.);
#6093 = EDGE_LOOP('',(#6094,#6125,#6153,#6181));
#6094 = ORIENTED_EDGE('',*,*,#6095,.F.);
#6095 = EDGE_CURVE('',#6096,#6098,#6100,.T.);
#6096 = VERTEX_POINT('',#6097);
#6097 = CARTESIAN_POINT('',(-41.39999999999,-14.7,76.518233121264));
#6098 = VERTEX_POINT('',#6099);
#6099 = CARTESIAN_POINT('',(-36.6,-14.7,78.926801531545));
#6100 = SURFACE_CURVE('',#6101,(#6106,#6113),.PCURVE_S1.);
#6101 = CIRCLE('',#6102,87.);
#6102 = AXIS2_PLACEMENT_3D('',#6103,#6104,#6105);
#6103 = CARTESIAN_POINT('',(0.,-14.7,0.));
#6104 = DIRECTION('',(0.,1.,0.));
#6105 = DIRECTION('',(0.,-0.,1.));
#6106 = PCURVE('',#43,#6107);
#6107 = DEFINITIONAL_REPRESENTATION('',(#6108),#6112);
#6108 = CIRCLE('',#6109,87.);
#6109 = AXIS2_PLACEMENT_2D('',#6110,#6111);
#6110 = CARTESIAN_POINT('',(0.,0.));
#6111 = DIRECTION('',(1.,0.));
#6112 = ( GEOMETRIC_REPRESENTATION_CONTEXT(2) 
PARAMETRIC_REPRESENTATION_CONTEXT() REPRESENTATION_CONTEXT('2D SPACE',''
  ) );
#6113 = PCURVE('',#6114,#6119);
#6114 = CYLINDRICAL_SURFACE('',#6115,87.);
#6115 = AXIS2_PLACEMENT_3D('',#6116,#6117,#6118);
#6116 = CARTESIAN_POINT('',(0.,-17.2,0.));
#6117 = DIRECTION('',(0.,1.,0.));
#6118 = DIRECTION('',(0.,-0.,1.));
#6119 = DEFINITIONAL_REPRESENTATION('',(#6120),#6124);
#6120 = LINE('',#6121,#6122);
#6121 = CARTESIAN_POINT('',(0.,2.5));
#6122 = VECTOR('',#6123,1.);
#6123 = DIRECTION('',(1.,0.));
#6124 = ( GEOMETRIC_REPRESENTATION_CONTEXT(2) 
PARAMETRIC_REPRESENTATION_CONTEXT() REPRESENTATION_CONTEXT('2D SPACE',''
  ) );
#6125 = ORIENTED_EDGE('',*,*,#6126,.F.);
#6126 = EDGE_CURVE('',#6127,#6096,#6129,.T.);
#6127 = VERTEX_POINT('',#6128);
#6128 = CARTESIAN_POINT('',(-41.4,-14.7,0.6));
#6129 = SURFACE_CURVE('',#6130,(#6134,#6141),.PCURVE_S1.);
#6130 = LINE('',#6131,#6132);
#6131 = CARTESIAN_POINT('',(-41.4,-14.7,-90.));
#6132 = VECTOR('',#6133,1.);
#6133 = DIRECTION('',(0.,0.,1.));
#6134 = PCURVE('',#43,#6135);
#6135 = DEFINITIONAL_REPRESENTATION('',(#6136),#6140);
#6136 = LINE('',#6137,#6138);
#6137 = CARTESIAN_POINT('',(-90.,-41.4));
#6138 = VECTOR('',#6139,1.);
#6139 = DIRECTION('',(1.,0.));
#6140 = ( GEOMETRIC_REPRESENTATION_CONTEXT(2) 
PARAMETRIC_REPRESENTATION_CONTEXT() REPRESENTATION_CONTEXT('2D SPACE',''
  ) );
#6141 = PCURVE('',#6142,#6147);
#6142 = PLANE('',#6143);
#6143 = AXIS2_PLACEMENT_3D('',#6144,#6145,#6146);
#6144 = CARTESIAN_POINT('',(-41.4,-17.1,-90.));
#6145 = DIRECTION('',(1.,0.,0.));
#6146 = DIRECTION('',(0.,0.,1.));
#6147 = DEFINITIONAL_REPRESENTATION('',(#6148),#6152);
#6148 = LINE('',#6149,#6150);
#6149 = CARTESIAN_POINT('',(0.,-2.4));
#6150 = VECTOR('',#6151,1.);
#6151 = DIRECTION('',(1.,0.));
#6152 = ( GEOMETRIC_REPRESENTATION_CONTEXT(2) 
PARAMETRIC_REPRESENTATION_CONTEXT() REPRESENTATION_CONTEXT('2D SPACE',''
  ) );
#6153 = ORIENTED_EDGE('',*,*,#6154,.T.);
#6154 = EDGE_CURVE('',#6127,#6155,#6157,.T.);
#6155 = VERTEX_POINT('',#6156);
#6156 = CARTESIAN_POINT('',(-36.6,-14.7,0.6));
#6157 = SURFACE_CURVE('',#6158,(#6162,#6169),.PCURVE_S1.);
#6158 = LINE('',#6159,#6160);
#6159 = CARTESIAN_POINT('',(-95.,-14.7,0.6));
#6160 = VECTOR('',#6161,1.);
#6161 = DIRECTION('',(1.,0.,0.));
#6162 = PCURVE('',#43,#6163);
#6163 = DEFINITIONAL_REPRESENTATION('',(#6164),#6168);
#6164 = LINE('',#6165,#6166);
#6165 = CARTESIAN_POINT('',(0.6,-95.));
#6166 = VECTOR('',#6167,1.);
#6167 = DIRECTION('',(0.,1.));
#6168 = ( GEOMETRIC_REPRESENTATION_CONTEXT(2) 
PARAMETRIC_REPRESENTATION_CONTEXT() REPRESENTATION_CONTEXT('2D SPACE',''
  ) );
#6169 = PCURVE('',#6170,#6175);
#6170 = PLANE('',#6171);
#6171 = AXIS2_PLACEMENT_3D('',#6172,#6173,#6174);
#6172 = CARTESIAN_POINT('',(-95.,-17.1,0.6));
#6173 = DIRECTION('',(0.,0.,1.));
#6174 = DIRECTION('',(1.,0.,0.));
#6175 = DEFINITIONAL_REPRESENTATION('',(#6176),#6180);
#6176 = LINE('',#6177,#6178);
#6177 = CARTESIAN_POINT('',(0.,2.4));
#6178 = VECTOR('',#6179,1.);
#6179 = DIRECTION('',(1.,0.));
#6180 = ( GEOMETRIC_REPRESENTATION_CONTEXT(2) 
PARAMETRIC_REPRESENTATION_CONTEXT() REPRESENTATION_CONTEXT('2D SPACE',''
  ) );
#6181 = ORIENTED_EDGE('',*,*,#6182,.T.);
#6182 = EDGE_CURVE('',#6155,#6098,#6183,.T.);
#6183 = SURFACE_CURVE('',#6184,(#6188,#6195),.PCURVE_S1.);
#6184 = LINE('',#6185,#6186);
#6185 = CARTESIAN_POINT('',(-36.6,-14.7,-90.));
#6186 = VECTOR('',#6187,1.);
#6187 = DIRECTION('',(0.,0.,1.));
#6188 = PCURVE('',#43,#6189);
#6189 = DEFINITIONAL_REPRESENTATION('',(#6190),#6194);
#6190 = LINE('',#6191,#6192);
#6191 = CARTESIAN_POINT('',(-90.,-36.6));
#6192 = VECTOR('',#6193,1.);
#6193 = DIRECTION('',(1.,0.));
#6194 = ( GEOMETRIC_REPRESENTATION_CONTEXT(2) 
PARAMETRIC_REPRESENTATION_CONTEXT() REPRESENTATION_CONTEXT('2D SPACE',''
  ) );
#6195 = PCURVE('',#6196,#6201);
#6196 = PLANE('',#6197);
#6197 = AXIS2_PLACEMENT_3D('',#6198,#6199,#6200);
#6198 = CARTESIAN_POINT('',(-36.6,-17.1,-90.));
#6199 = DIRECTION('',(1.,0.,0.));
#6200 = DIRECTION('',(0.,0.,1.));
#6201 = DEFINITIONAL_REPRESENTATION('',(#6202),#6206);
#6202 = LINE('',#6203,#6204);
#6203 = CARTESIAN_POINT('',(0.,-2.4));
#6204 = VECTOR('',#6205,1.);
#6205 = DIRECTION('',(1.,0.));
#6206 = ( GEOMETRIC_REPRESENTATION_CONTEXT(2) 
PARAMETRIC_REPRESENTATION_CONTEXT() REPRESENTATION_CONTEXT('2D SPACE',''
  ) );
#6207 = FACE_BOUND('',#6208,.T.);
#6208 = EDGE_LOOP('',(#6209,#6240,#6268,#6296));
#6209 = ORIENTED_EDGE('',*,*,#6210,.F.);
#6210 = EDGE_CURVE('',#6211,#6213,#6215,.T.);
#6211 = VERTEX_POINT('',#6212);
#6212 = CARTESIAN_POINT('',(-35.39999999999,-14.7,79.472259311033));
#6213 = VERTEX_POINT('',#6214);
#6214 = CARTESIAN_POINT('',(-30.6,-14.7,81.441021604594));
#6215 = SURFACE_CURVE('',#6216,(#6221,#6228),.PCURVE_S1.);
#6216 = CIRCLE('',#6217,87.);
#6217 = AXIS2_PLACEMENT_3D('',#6218,#6219,#6220);
#6218 = CARTESIAN_POINT('',(0.,-14.7,0.));
#6219 = DIRECTION('',(0.,1.,0.));
#6220 = DIRECTION('',(0.,-0.,1.));
#6221 = PCURVE('',#43,#6222);
#6222 = DEFINITIONAL_REPRESENTATION('',(#6223),#6227);
#6223 = CIRCLE('',#6224,87.);
#6224 = AXIS2_PLACEMENT_2D('',#6225,#6226);
#6225 = CARTESIAN_POINT('',(0.,0.));
#6226 = DIRECTION('',(1.,0.));
#6227 = ( GEOMETRIC_REPRESENTATION_CONTEXT(2) 
PARAMETRIC_REPRESENTATION_CONTEXT() REPRESENTATION_CONTEXT('2D SPACE',''
  ) );
#6228 = PCURVE('',#6229,#6234);
#6229 = CYLINDRICAL_SURFACE('',#6230,87.);
#6230 = AXIS2_PLACEMENT_3D('',#6231,#6232,#6233);
#6231 = CARTESIAN_POINT('',(0.,-17.2,0.));
#6232 = DIRECTION('',(0.,1.,0.));
#6233 = DIRECTION('',(0.,-0.,1.));
#6234 = DEFINITIONAL_REPRESENTATION('',(#6235),#6239);
#6235 = LINE('',#6236,#6237);
#6236 = CARTESIAN_POINT('',(0.,2.5));
#6237 = VECTOR('',#6238,1.);
#6238 = DIRECTION('',(1.,0.));
#6239 = ( GEOMETRIC_REPRESENTATION_CONTEXT(2) 
PARAMETRIC_REPRESENTATION_CONTEXT() REPRESENTATION_CONTEXT('2D SPACE',''
  ) );
#6240 = ORIENTED_EDGE('',*,*,#6241,.F.);
#6241 = EDGE_CURVE('',#6242,#6211,#6244,.T.);
#6242 = VERTEX_POINT('',#6243);
#6243 = CARTESIAN_POINT('',(-35.4,-14.7,0.6));
#6244 = SURFACE_CURVE('',#6245,(#6249,#6256),.PCURVE_S1.);
#6245 = LINE('',#6246,#6247);
#6246 = CARTESIAN_POINT('',(-35.4,-14.7,-90.));
#6247 = VECTOR('',#6248,1.);
#6248 = DIRECTION('',(0.,0.,1.));
#6249 = PCURVE('',#43,#6250);
#6250 = DEFINITIONAL_REPRESENTATION('',(#6251),#6255);
#6251 = LINE('',#6252,#6253);
#6252 = CARTESIAN_POINT('',(-90.,-35.4));
#6253 = VECTOR('',#6254,1.);
#6254 = DIRECTION('',(1.,0.));
#6255 = ( GEOMETRIC_REPRESENTATION_CONTEXT(2) 
PARAMETRIC_REPRESENTATION_CONTEXT() REPRESENTATION_CONTEXT('2D SPACE',''
  ) );
#6256 = PCURVE('',#6257,#6262);
#6257 = PLANE('',#6258);
#6258 = AXIS2_PLACEMENT_3D('',#6259,#6260,#6261);
#6259 = CARTESIAN_POINT('',(-35.4,-17.1,-90.));
#6260 = DIRECTION('',(1.,0.,0.));
#6261 = DIRECTION('',(0.,0.,1.));
#6262 = DEFINITIONAL_REPRESENTATION('',(#6263),#6267);
#6263 = LINE('',#6264,#6265);
#6264 = CARTESIAN_POINT('',(0.,-2.4));
#6265 = VECTOR('',#6266,1.);
#6266 = DIRECTION('',(1.,0.));
#6267 = ( GEOMETRIC_REPRESENTATION_CONTEXT(2) 
PARAMETRIC_REPRESENTATION_CONTEXT() REPRESENTATION_CONTEXT('2D SPACE',''
  ) );
#6268 = ORIENTED_EDGE('',*,*,#6269,.T.);
#6269 = EDGE_CURVE('',#6242,#6270,#6272,.T.);
#6270 = VERTEX_POINT('',#6271);
#6271 = CARTESIAN_POINT('',(-30.6,-14.7,0.6));
#6272 = SURFACE_CURVE('',#6273,(#6277,#6284),.PCURVE_S1.);
#6273 = LINE('',#6274,#6275);
#6274 = CARTESIAN_POINT('',(-95.,-14.7,0.6));
#6275 = VECTOR('',#6276,1.);
#6276 = DIRECTION('',(1.,0.,0.));
#6277 = PCURVE('',#43,#6278);
#6278 = DEFINITIONAL_REPRESENTATION('',(#6279),#6283);
#6279 = LINE('',#6280,#6281);
#6280 = CARTESIAN_POINT('',(0.6,-95.));
#6281 = VECTOR('',#6282,1.);
#6282 = DIRECTION('',(0.,1.));
#6283 = ( GEOMETRIC_REPRESENTATION_CONTEXT(2) 
PARAMETRIC_REPRESENTATION_CONTEXT() REPRESENTATION_CONTEXT('2D SPACE',''
  ) );
#6284 = PCURVE('',#6285,#6290);
#6285 = PLANE('',#6286);
#6286 = AXIS2_PLACEMENT_3D('',#6287,#6288,#6289);
#6287 = CARTESIAN_POINT('',(-95.,-17.1,0.6));
#6288 = DIRECTION('',(0.,0.,1.));
#6289 = DIRECTION('',(1.,0.,0.));
#6290 = DEFINITIONAL_REPRESENTATION('',(#6291),#6295);
#6291 = LINE('',#6292,#6293);
#6292 = CARTESIAN_POINT('',(0.,2.4));
#6293 = VECTOR('',#6294,1.);
#6294 = DIRECTION('',(1.,0.));
#6295 = ( GEOMETRIC_REPRESENTATION_CONTEXT(2) 
PARAMETRIC_REPRESENTATION_CONTEXT() REPRESENTATION_CONTEXT('2D SPACE',''
  ) );
#6296 = ORIENTED_EDGE('',*,*,#6297,.T.);
#6297 = EDGE_CURVE('',#6270,#6213,#6298,.T.);
#6298 = SURFACE_CURVE('',#6299,(#6303,#6310),.PCURVE_S1.);
#6299 = LINE('',#6300,#6301);
#6300 = CARTESIAN_POINT('',(-30.6,-14.7,-90.));
#6301 = VECTOR('',#6302,1.);
#6302 = DIRECTION('',(0.,0.,1.));
#6303 = PCURVE('',#43,#6304);
#6304 = DEFINITIONAL_REPRESENTATION('',(#6305),#6309);
#6305 = LINE('',#6306,#6307);
#6306 = CARTESIAN_POINT('',(-90.,-30.6));
#6307 = VECTOR('',#6308,1.);
#6308 = DIRECTION('',(1.,0.));
#6309 = ( GEOMETRIC_REPRESENTATION_CONTEXT(2) 
PARAMETRIC_REPRESENTATION_CONTEXT() REPRESENTATION_CONTEXT('2D SPACE',''
  ) );
#6310 = PCURVE('',#6311,#6316);
#6311 = PLANE('',#6312);
#6312 = AXIS2_PLACEMENT_3D('',#6313,#6314,#6315);
#6313 = CARTESIAN_POINT('',(-30.6,-17.1,-90.));
#6314 = DIRECTION('',(1.,0.,0.));
#6315 = DIRECTION('',(0.,0.,1.));
#6316 = DEFINITIONAL_REPRESENTATION('',(#6317),#6321);
#6317 = LINE('',#6318,#6319);
#6318 = CARTESIAN_POINT('',(0.,-2.4));
#6319 = VECTOR('',#6320,1.);
#6320 = DIRECTION('',(1.,0.));
#6321 = ( GEOMETRIC_REPRESENTATION_CONTEXT(2) 
PARAMETRIC_REPRESENTATION_CONTEXT() REPRESENTATION_CONTEXT('2D SPACE',''
  ) );
#6322 = FACE_BOUND('',#6323,.T.);
#6323 = EDGE_LOOP('',(#6324,#6355,#6383,#6411));
#6324 = ORIENTED_EDGE('',*,*,#6325,.F.);
#6325 = EDGE_CURVE('',#6326,#6328,#6330,.T.);
#6326 = VERTEX_POINT('',#6327);
#6327 = CARTESIAN_POINT('',(-29.4,-14.7,81.881866124314));
#6328 = VERTEX_POINT('',#6329);
#6329 = CARTESIAN_POINT('',(-24.59999999999,-14.7,83.449625523426));
#6330 = SURFACE_CURVE('',#6331,(#6336,#6343),.PCURVE_S1.);
#6331 = CIRCLE('',#6332,87.);
#6332 = AXIS2_PLACEMENT_3D('',#6333,#6334,#6335);
#6333 = CARTESIAN_POINT('',(0.,-14.7,0.));
#6334 = DIRECTION('',(0.,1.,0.));
#6335 = DIRECTION('',(0.,-0.,1.));
#6336 = PCURVE('',#43,#6337);
#6337 = DEFINITIONAL_REPRESENTATION('',(#6338),#6342);
#6338 = CIRCLE('',#6339,87.);
#6339 = AXIS2_PLACEMENT_2D('',#6340,#6341);
#6340 = CARTESIAN_POINT('',(0.,0.));
#6341 = DIRECTION('',(1.,0.));
#6342 = ( GEOMETRIC_REPRESENTATION_CONTEXT(2) 
PARAMETRIC_REPRESENTATION_CONTEXT() REPRESENTATION_CONTEXT('2D SPACE',''
  ) );
#6343 = PCURVE('',#6344,#6349);
#6344 = CYLINDRICAL_SURFACE('',#6345,87.);
#6345 = AXIS2_PLACEMENT_3D('',#6346,#6347,#6348);
#6346 = CARTESIAN_POINT('',(0.,-17.2,0.));
#6347 = DIRECTION('',(0.,1.,0.));
#6348 = DIRECTION('',(0.,-0.,1.));
#6349 = DEFINITIONAL_REPRESENTATION('',(#6350),#6354);
#6350 = LINE('',#6351,#6352);
#6351 = CARTESIAN_POINT('',(0.,2.5));
#6352 = VECTOR('',#6353,1.);
#6353 = DIRECTION('',(1.,0.));
#6354 = ( GEOMETRIC_REPRESENTATION_CONTEXT(2) 
PARAMETRIC_REPRESENTATION_CONTEXT() REPRESENTATION_CONTEXT('2D SPACE',''
  ) );
#6355 = ORIENTED_EDGE('',*,*,#6356,.F.);
#6356 = EDGE_CURVE('',#6357,#6326,#6359,.T.);
#6357 = VERTEX_POINT('',#6358);
#6358 = CARTESIAN_POINT('',(-29.4,-14.7,0.6));
#6359 = SURFACE_CURVE('',#6360,(#6364,#6371),.PCURVE_S1.);
#6360 = LINE('',#6361,#6362);
#6361 = CARTESIAN_POINT('',(-29.4,-14.7,-90.));
#6362 = VECTOR('',#6363,1.);
#6363 = DIRECTION('',(0.,0.,1.));
#6364 = PCURVE('',#43,#6365);
#6365 = DEFINITIONAL_REPRESENTATION('',(#6366),#6370);
#6366 = LINE('',#6367,#6368);
#6367 = CARTESIAN_POINT('',(-90.,-29.4));
#6368 = VECTOR('',#6369,1.);
#6369 = DIRECTION('',(1.,0.));
#6370 = ( GEOMETRIC_REPRESENTATION_CONTEXT(2) 
PARAMETRIC_REPRESENTATION_CONTEXT() REPRESENTATION_CONTEXT('2D SPACE',''
  ) );
#6371 = PCURVE('',#6372,#6377);
#6372 = PLANE('',#6373);
#6373 = AXIS2_PLACEMENT_3D('',#6374,#6375,#6376);
#6374 = CARTESIAN_POINT('',(-29.4,-17.1,-90.));
#6375 = DIRECTION('',(1.,0.,0.));
#6376 = DIRECTION('',(0.,0.,1.));
#6377 = DEFINITIONAL_REPRESENTATION('',(#6378),#6382);
#6378 = LINE('',#6379,#6380);
#6379 = CARTESIAN_POINT('',(0.,-2.4));
#6380 = VECTOR('',#6381,1.);
#6381 = DIRECTION('',(1.,0.));
#6382 = ( GEOMETRIC_REPRESENTATION_CONTEXT(2) 
PARAMETRIC_REPRESENTATION_CONTEXT() REPRESENTATION_CONTEXT('2D SPACE',''
  ) );
#6383 = ORIENTED_EDGE('',*,*,#6384,.T.);
#6384 = EDGE_CURVE('',#6357,#6385,#6387,.T.);
#6385 = VERTEX_POINT('',#6386);
#6386 = CARTESIAN_POINT('',(-24.6,-14.7,0.6));
#6387 = SURFACE_CURVE('',#6388,(#6392,#6399),.PCURVE_S1.);
#6388 = LINE('',#6389,#6390);
#6389 = CARTESIAN_POINT('',(-95.,-14.7,0.6));
#6390 = VECTOR('',#6391,1.);
#6391 = DIRECTION('',(1.,0.,0.));
#6392 = PCURVE('',#43,#6393);
#6393 = DEFINITIONAL_REPRESENTATION('',(#6394),#6398);
#6394 = LINE('',#6395,#6396);
#6395 = CARTESIAN_POINT('',(0.6,-95.));
#6396 = VECTOR('',#6397,1.);
#6397 = DIRECTION('',(0.,1.));
#6398 = ( GEOMETRIC_REPRESENTATION_CONTEXT(2) 
PARAMETRIC_REPRESENTATION_CONTEXT() REPRESENTATION_CONTEXT('2D SPACE',''
  ) );
#6399 = PCURVE('',#6400,#6405);
#6400 = PLANE('',#6401);
#6401 = AXIS2_PLACEMENT_3D('',#6402,#6403,#6404);
#6402 = CARTESIAN_POINT('',(-95.,-17.1,0.6));
#6403 = DIRECTION('',(0.,0.,1.));
#6404 = DIRECTION('',(1.,0.,0.));
#6405 = DEFINITIONAL_REPRESENTATION('',(#6406),#6410);
#6406 = LINE('',#6407,#6408);
#6407 = CARTESIAN_POINT('',(0.,2.4));
#6408 = VECTOR('',#6409,1.);
#6409 = DIRECTION('',(1.,0.));
#6410 = ( GEOMETRIC_REPRESENTATION_CONTEXT(2) 
PARAMETRIC_REPRESENTATION_CONTEXT() REPRESENTATION_CONTEXT('2D SPACE',''
  ) );
#6411 = ORIENTED_EDGE('',*,*,#6412,.T.);
#6412 = EDGE_CURVE('',#6385,#6328,#6413,.T.);
#6413 = SURFACE_CURVE('',#6414,(#6418,#6425),.PCURVE_S1.);
#6414 = LINE('',#6415,#6416);
#6415 = CARTESIAN_POINT('',(-24.6,-14.7,-90.));
#6416 = VECTOR('',#6417,1.);
#6417 = DIRECTION('',(0.,0.,1.));
#6418 = PCURVE('',#43,#6419);
#6419 = DEFINITIONAL_REPRESENTATION('',(#6420),#6424);
#6420 = LINE('',#6421,#6422);
#6421 = CARTESIAN_POINT('',(-90.,-24.6));
#6422 = VECTOR('',#6423,1.);
#6423 = DIRECTION('',(1.,0.));
#6424 = ( GEOMETRIC_REPRESENTATION_CONTEXT(2) 
PARAMETRIC_REPRESENTATION_CONTEXT() REPRESENTATION_CONTEXT('2D SPACE',''
  ) );
#6425 = PCURVE('',#6426,#6431);
#6426 = PLANE('',#6427);
#6427 = AXIS2_PLACEMENT_3D('',#6428,#6429,#6430);
#6428 = CARTESIAN_POINT('',(-24.6,-17.1,-90.));
#6429 = DIRECTION('',(1.,0.,0.));
#6430 = DIRECTION('',(0.,0.,1.));
#6431 = DEFINITIONAL_REPRESENTATION('',(#6432),#6436);
#6432 = LINE('',#6433,#6434);
#6433 = CARTESIAN_POINT('',(0.,-2.4));
#6434 = VECTOR('',#6435,1.);
#6435 = DIRECTION('',(1.,0.));
#6436 = ( GEOMETRIC_REPRESENTATION_CONTEXT(2) 
PARAMETRIC_REPRESENTATION_CONTEXT() REPRESENTATION_CONTEXT('2D SPACE',''
  ) );
#6437 = FACE_BOUND('',#6438,.T.);
#6438 = EDGE_LOOP('',(#6439,#6470,#6498,#6526));
#6439 = ORIENTED_EDGE('',*,*,#6440,.F.);
#6440 = EDGE_CURVE('',#6441,#6443,#6445,.T.);
#6441 = VERTEX_POINT('',#6442);
#6442 = CARTESIAN_POINT('',(-23.4,-14.7,83.794033200461));
#6443 = VERTEX_POINT('',#6444);
#6444 = CARTESIAN_POINT('',(-18.6,-14.7,84.988469806203));
#6445 = SURFACE_CURVE('',#6446,(#6451,#6458),.PCURVE_S1.);
#6446 = CIRCLE('',#6447,87.);
#6447 = AXIS2_PLACEMENT_3D('',#6448,#6449,#6450);
#6448 = CARTESIAN_POINT('',(0.,-14.7,0.));
#6449 = DIRECTION('',(0.,1.,0.));
#6450 = DIRECTION('',(0.,-0.,1.));
#6451 = PCURVE('',#43,#6452);
#6452 = DEFINITIONAL_REPRESENTATION('',(#6453),#6457);
#6453 = CIRCLE('',#6454,87.);
#6454 = AXIS2_PLACEMENT_2D('',#6455,#6456);
#6455 = CARTESIAN_POINT('',(0.,0.));
#6456 = DIRECTION('',(1.,0.));
#6457 = ( GEOMETRIC_REPRESENTATION_CONTEXT(2) 
PARAMETRIC_REPRESENTATION_CONTEXT() REPRESENTATION_CONTEXT('2D SPACE',''
  ) );
#6458 = PCURVE('',#6459,#6464);
#6459 = CYLINDRICAL_SURFACE('',#6460,87.);
#6460 = AXIS2_PLACEMENT_3D('',#6461,#6462,#6463);
#6461 = CARTESIAN_POINT('',(0.,-17.2,0.));
#6462 = DIRECTION('',(0.,1.,0.));
#6463 = DIRECTION('',(0.,-0.,1.));
#6464 = DEFINITIONAL_REPRESENTATION('',(#6465),#6469);
#6465 = LINE('',#6466,#6467);
#6466 = CARTESIAN_POINT('',(0.,2.5));
#6467 = VECTOR('',#6468,1.);
#6468 = DIRECTION('',(1.,0.));
#6469 = ( GEOMETRIC_REPRESENTATION_CONTEXT(2) 
PARAMETRIC_REPRESENTATION_CONTEXT() REPRESENTATION_CONTEXT('2D SPACE',''
  ) );
#6470 = ORIENTED_EDGE('',*,*,#6471,.F.);
#6471 = EDGE_CURVE('',#6472,#6441,#6474,.T.);
#6472 = VERTEX_POINT('',#6473);
#6473 = CARTESIAN_POINT('',(-23.4,-14.7,0.6));
#6474 = SURFACE_CURVE('',#6475,(#6479,#6486),.PCURVE_S1.);
#6475 = LINE('',#6476,#6477);
#6476 = CARTESIAN_POINT('',(-23.4,-14.7,-90.));
#6477 = VECTOR('',#6478,1.);
#6478 = DIRECTION('',(0.,0.,1.));
#6479 = PCURVE('',#43,#6480);
#6480 = DEFINITIONAL_REPRESENTATION('',(#6481),#6485);
#6481 = LINE('',#6482,#6483);
#6482 = CARTESIAN_POINT('',(-90.,-23.4));
#6483 = VECTOR('',#6484,1.);
#6484 = DIRECTION('',(1.,0.));
#6485 = ( GEOMETRIC_REPRESENTATION_CONTEXT(2) 
PARAMETRIC_REPRESENTATION_CONTEXT() REPRESENTATION_CONTEXT('2D SPACE',''
  ) );
#6486 = PCURVE('',#6487,#6492);
#6487 = PLANE('',#6488);
#6488 = AXIS2_PLACEMENT_3D('',#6489,#6490,#6491);
#6489 = CARTESIAN_POINT('',(-23.4,-17.1,-90.));
#6490 = DIRECTION('',(1.,0.,0.));
#6491 = DIRECTION('',(0.,0.,1.));
#6492 = DEFINITIONAL_REPRESENTATION('',(#6493),#6497);
#6493 = LINE('',#6494,#6495);
#6494 = CARTESIAN_POINT('',(0.,-2.4));
#6495 = VECTOR('',#6496,1.);
#6496 = DIRECTION('',(1.,0.));
#6497 = ( GEOMETRIC_REPRESENTATION_CONTEXT(2) 
PARAMETRIC_REPRESENTATION_CONTEXT() REPRESENTATION_CONTEXT('2D SPACE',''
  ) );
#6498 = ORIENTED_EDGE('',*,*,#6499,.T.);
#6499 = EDGE_CURVE('',#6472,#6500,#6502,.T.);
#6500 = VERTEX_POINT('',#6501);
#6501 = CARTESIAN_POINT('',(-18.6,-14.7,0.6));
#6502 = SURFACE_CURVE('',#6503,(#6507,#6514),.PCURVE_S1.);
#6503 = LINE('',#6504,#6505);
#6504 = CARTESIAN_POINT('',(-95.,-14.7,0.6));
#6505 = VECTOR('',#6506,1.);
#6506 = DIRECTION('',(1.,0.,0.));
#6507 = PCURVE('',#43,#6508);
#6508 = DEFINITIONAL_REPRESENTATION('',(#6509),#6513);
#6509 = LINE('',#6510,#6511);
#6510 = CARTESIAN_POINT('',(0.6,-95.));
#6511 = VECTOR('',#6512,1.);
#6512 = DIRECTION('',(0.,1.));
#6513 = ( GEOMETRIC_REPRESENTATION_CONTEXT(2) 
PARAMETRIC_REPRESENTATION_CONTEXT() REPRESENTATION_CONTEXT('2D SPACE',''
  ) );
#6514 = PCURVE('',#6515,#6520);
#6515 = PLANE('',#6516);
#6516 = AXIS2_PLACEMENT_3D('',#6517,#6518,#6519);
#6517 = CARTESIAN_POINT('',(-95.,-17.1,0.6));
#6518 = DIRECTION('',(0.,0.,1.));
#6519 = DIRECTION('',(1.,0.,0.));
#6520 = DEFINITIONAL_REPRESENTATION('',(#6521),#6525);
#6521 = LINE('',#6522,#6523);
#6522 = CARTESIAN_POINT('',(0.,2.4));
#6523 = VECTOR('',#6524,1.);
#6524 = DIRECTION('',(1.,0.));
#6525 = ( GEOMETRIC_REPRESENTATION_CONTEXT(2) 
PARAMETRIC_REPRESENTATION_CONTEXT() REPRESENTATION_CONTEXT('2D SPACE',''
  ) );
#6526 = ORIENTED_EDGE('',*,*,#6527,.T.);
#6527 = EDGE_CURVE('',#6500,#6443,#6528,.T.);
#6528 = SURFACE_CURVE('',#6529,(#6533,#6540),.PCURVE_S1.);
#6529 = LINE('',#6530,#6531);
#6530 = CARTESIAN_POINT('',(-18.6,-14.7,-90.));
#6531 = VECTOR('',#6532,1.);
#6532 = DIRECTION('',(0.,0.,1.));
#6533 = PCURVE('',#43,#6534);
#6534 = DEFINITIONAL_REPRESENTATION('',(#6535),#6539);
#6535 = LINE('',#6536,#6537);
#6536 = CARTESIAN_POINT('',(-90.,-18.6));
#6537 = VECTOR('',#6538,1.);
#6538 = DIRECTION('',(1.,0.));
#6539 = ( GEOMETRIC_REPRESENTATION_CONTEXT(2) 
PARAMETRIC_REPRESENTATION_CONTEXT() REPRESENTATION_CONTEXT('2D SPACE',''
  ) );
#6540 = PCURVE('',#6541,#6546);
#6541 = PLANE('',#6542);
#6542 = AXIS2_PLACEMENT_3D('',#6543,#6544,#6545);
#6543 = CARTESIAN_POINT('',(-18.6,-17.1,-90.));
#6544 = DIRECTION('',(1.,0.,0.));
#6545 = DIRECTION('',(0.,0.,1.));
#6546 = DEFINITIONAL_REPRESENTATION('',(#6547),#6551);
#6547 = LINE('',#6548,#6549);
#6548 = CARTESIAN_POINT('',(0.,-2.4));
#6549 = VECTOR('',#6550,1.);
#6550 = DIRECTION('',(1.,0.));
#6551 = ( GEOMETRIC_REPRESENTATION_CONTEXT(2) 
PARAMETRIC_REPRESENTATION_CONTEXT() REPRESENTATION_CONTEXT('2D SPACE',''
  ) );
#6552 = FACE_BOUND('',#6553,.T.);
#6553 = EDGE_LOOP('',(#6554,#6585,#6613,#6641));
#6554 = ORIENTED_EDGE('',*,*,#6555,.F.);
#6555 = EDGE_CURVE('',#6556,#6558,#6560,.T.);
#6556 = VERTEX_POINT('',#6557);
#6557 = CARTESIAN_POINT('',(-17.4,-14.7,85.242243048854));
#6558 = VERTEX_POINT('',#6559);
#6559 = CARTESIAN_POINT('',(-12.6,-14.7,86.082750885412));
#6560 = SURFACE_CURVE('',#6561,(#6566,#6573),.PCURVE_S1.);
#6561 = CIRCLE('',#6562,87.);
#6562 = AXIS2_PLACEMENT_3D('',#6563,#6564,#6565);
#6563 = CARTESIAN_POINT('',(0.,-14.7,0.));
#6564 = DIRECTION('',(0.,1.,0.));
#6565 = DIRECTION('',(0.,-0.,1.));
#6566 = PCURVE('',#43,#6567);
#6567 = DEFINITIONAL_REPRESENTATION('',(#6568),#6572);
#6568 = CIRCLE('',#6569,87.);
#6569 = AXIS2_PLACEMENT_2D('',#6570,#6571);
#6570 = CARTESIAN_POINT('',(0.,0.));
#6571 = DIRECTION('',(1.,0.));
#6572 = ( GEOMETRIC_REPRESENTATION_CONTEXT(2) 
PARAMETRIC_REPRESENTATION_CONTEXT() REPRESENTATION_CONTEXT('2D SPACE',''
  ) );
#6573 = PCURVE('',#6574,#6579);
#6574 = CYLINDRICAL_SURFACE('',#6575,87.);
#6575 = AXIS2_PLACEMENT_3D('',#6576,#6577,#6578);
#6576 = CARTESIAN_POINT('',(0.,-17.2,0.));
#6577 = DIRECTION('',(0.,1.,0.));
#6578 = DIRECTION('',(0.,-0.,1.));
#6579 = DEFINITIONAL_REPRESENTATION('',(#6580),#6584);
#6580 = LINE('',#6581,#6582);
#6581 = CARTESIAN_POINT('',(0.,2.5));
#6582 = VECTOR('',#6583,1.);
#6583 = DIRECTION('',(1.,0.));
#6584 = ( GEOMETRIC_REPRESENTATION_CONTEXT(2) 
PARAMETRIC_REPRESENTATION_CONTEXT() REPRESENTATION_CONTEXT('2D SPACE',''
  ) );
#6585 = ORIENTED_EDGE('',*,*,#6586,.F.);
#6586 = EDGE_CURVE('',#6587,#6556,#6589,.T.);
#6587 = VERTEX_POINT('',#6588);
#6588 = CARTESIAN_POINT('',(-17.4,-14.7,0.6));
#6589 = SURFACE_CURVE('',#6590,(#6594,#6601),.PCURVE_S1.);
#6590 = LINE('',#6591,#6592);
#6591 = CARTESIAN_POINT('',(-17.4,-14.7,-90.));
#6592 = VECTOR('',#6593,1.);
#6593 = DIRECTION('',(0.,0.,1.));
#6594 = PCURVE('',#43,#6595);
#6595 = DEFINITIONAL_REPRESENTATION('',(#6596),#6600);
#6596 = LINE('',#6597,#6598);
#6597 = CARTESIAN_POINT('',(-90.,-17.4));
#6598 = VECTOR('',#6599,1.);
#6599 = DIRECTION('',(1.,0.));
#6600 = ( GEOMETRIC_REPRESENTATION_CONTEXT(2) 
PARAMETRIC_REPRESENTATION_CONTEXT() REPRESENTATION_CONTEXT('2D SPACE',''
  ) );
#6601 = PCURVE('',#6602,#6607);
#6602 = PLANE('',#6603);
#6603 = AXIS2_PLACEMENT_3D('',#6604,#6605,#6606);
#6604 = CARTESIAN_POINT('',(-17.4,-17.1,-90.));
#6605 = DIRECTION('',(1.,0.,0.));
#6606 = DIRECTION('',(0.,0.,1.));
#6607 = DEFINITIONAL_REPRESENTATION('',(#6608),#6612);
#6608 = LINE('',#6609,#6610);
#6609 = CARTESIAN_POINT('',(0.,-2.4));
#6610 = VECTOR('',#6611,1.);
#6611 = DIRECTION('',(1.,0.));
#6612 = ( GEOMETRIC_REPRESENTATION_CONTEXT(2) 
PARAMETRIC_REPRESENTATION_CONTEXT() REPRESENTATION_CONTEXT('2D SPACE',''
  ) );
#6613 = ORIENTED_EDGE('',*,*,#6614,.T.);
#6614 = EDGE_CURVE('',#6587,#6615,#6617,.T.);
#6615 = VERTEX_POINT('',#6616);
#6616 = CARTESIAN_POINT('',(-12.6,-14.7,0.6));
#6617 = SURFACE_CURVE('',#6618,(#6622,#6629),.PCURVE_S1.);
#6618 = LINE('',#6619,#6620);
#6619 = CARTESIAN_POINT('',(-95.,-14.7,0.6));
#6620 = VECTOR('',#6621,1.);
#6621 = DIRECTION('',(1.,0.,0.));
#6622 = PCURVE('',#43,#6623);
#6623 = DEFINITIONAL_REPRESENTATION('',(#6624),#6628);
#6624 = LINE('',#6625,#6626);
#6625 = CARTESIAN_POINT('',(0.6,-95.));
#6626 = VECTOR('',#6627,1.);
#6627 = DIRECTION('',(0.,1.));
#6628 = ( GEOMETRIC_REPRESENTATION_CONTEXT(2) 
PARAMETRIC_REPRESENTATION_CONTEXT() REPRESENTATION_CONTEXT('2D SPACE',''
  ) );
#6629 = PCURVE('',#6630,#6635);
#6630 = PLANE('',#6631);
#6631 = AXIS2_PLACEMENT_3D('',#6632,#6633,#6634);
#6632 = CARTESIAN_POINT('',(-95.,-17.1,0.6));
#6633 = DIRECTION('',(0.,0.,1.));
#6634 = DIRECTION('',(1.,0.,0.));
#6635 = DEFINITIONAL_REPRESENTATION('',(#6636),#6640);
#6636 = LINE('',#6637,#6638);
#6637 = CARTESIAN_POINT('',(0.,2.4));
#6638 = VECTOR('',#6639,1.);
#6639 = DIRECTION('',(1.,0.));
#6640 = ( GEOMETRIC_REPRESENTATION_CONTEXT(2) 
PARAMETRIC_REPRESENTATION_CONTEXT() REPRESENTATION_CONTEXT('2D SPACE',''
  ) );
#6641 = ORIENTED_EDGE('',*,*,#6642,.T.);
#6642 = EDGE_CURVE('',#6615,#6558,#6643,.T.);
#6643 = SURFACE_CURVE('',#6644,(#6648,#6655),.PCURVE_S1.);
#6644 = LINE('',#6645,#6646);
#6645 = CARTESIAN_POINT('',(-12.6,-14.7,-90.));
#6646 = VECTOR('',#6647,1.);
#6647 = DIRECTION('',(0.,0.,1.));
#6648 = PCURVE('',#43,#6649);
#6649 = DEFINITIONAL_REPRESENTATION('',(#6650),#6654);
#6650 = LINE('',#6651,#6652);
#6651 = CARTESIAN_POINT('',(-90.,-12.6));
#6652 = VECTOR('',#6653,1.);
#6653 = DIRECTION('',(1.,0.));
#6654 = ( GEOMETRIC_REPRESENTATION_CONTEXT(2) 
PARAMETRIC_REPRESENTATION_CONTEXT() REPRESENTATION_CONTEXT('2D SPACE',''
  ) );
#6655 = PCURVE('',#6656,#6661);
#6656 = PLANE('',#6657);
#6657 = AXIS2_PLACEMENT_3D('',#6658,#6659,#6660);
#6658 = CARTESIAN_POINT('',(-12.6,-17.1,-90.));
#6659 = DIRECTION('',(1.,0.,0.));
#6660 = DIRECTION('',(0.,0.,1.));
#6661 = DEFINITIONAL_REPRESENTATION('',(#6662),#6666);
#6662 = LINE('',#6663,#6664);
#6663 = CARTESIAN_POINT('',(0.,-2.4));
#6664 = VECTOR('',#6665,1.);
#6665 = DIRECTION('',(1.,0.));
#6666 = ( GEOMETRIC_REPRESENTATION_CONTEXT(2) 
PARAMETRIC_REPRESENTATION_CONTEXT() REPRESENTATION_CONTEXT('2D SPACE',''
  ) );
#6667 = FACE_BOUND('',#6668,.T.);
#6668 = EDGE_LOOP('',(#6669,#6700,#6728,#6756));
#6669 = ORIENTED_EDGE('',*,*,#6670,.F.);
#6670 = EDGE_CURVE('',#6671,#6673,#6675,.T.);
#6671 = VERTEX_POINT('',#6672);
#6672 = CARTESIAN_POINT('',(-11.39999999999,-14.7,86.249869565119));
#6673 = VERTEX_POINT('',#6674);
#6674 = CARTESIAN_POINT('',(-6.6,-14.7,86.749293945254));
#6675 = SURFACE_CURVE('',#6676,(#6681,#6688),.PCURVE_S1.);
#6676 = CIRCLE('',#6677,87.);
#6677 = AXIS2_PLACEMENT_3D('',#6678,#6679,#6680);
#6678 = CARTESIAN_POINT('',(0.,-14.7,0.));
#6679 = DIRECTION('',(0.,1.,0.));
#6680 = DIRECTION('',(0.,-0.,1.));
#6681 = PCURVE('',#43,#6682);
#6682 = DEFINITIONAL_REPRESENTATION('',(#6683),#6687);
#6683 = CIRCLE('',#6684,87.);
#6684 = AXIS2_PLACEMENT_2D('',#6685,#6686);
#6685 = CARTESIAN_POINT('',(0.,0.));
#6686 = DIRECTION('',(1.,0.));
#6687 = ( GEOMETRIC_REPRESENTATION_CONTEXT(2) 
PARAMETRIC_REPRESENTATION_CONTEXT() REPRESENTATION_CONTEXT('2D SPACE',''
  ) );
#6688 = PCURVE('',#6689,#6694);
#6689 = CYLINDRICAL_SURFACE('',#6690,87.);
#6690 = AXIS2_PLACEMENT_3D('',#6691,#6692,#6693);
#6691 = CARTESIAN_POINT('',(0.,-17.2,0.));
#6692 = DIRECTION('',(0.,1.,0.));
#6693 = DIRECTION('',(0.,-0.,1.));
#6694 = DEFINITIONAL_REPRESENTATION('',(#6695),#6699);
#6695 = LINE('',#6696,#6697);
#6696 = CARTESIAN_POINT('',(0.,2.5));
#6697 = VECTOR('',#6698,1.);
#6698 = DIRECTION('',(1.,0.));
#6699 = ( GEOMETRIC_REPRESENTATION_CONTEXT(2) 
PARAMETRIC_REPRESENTATION_CONTEXT() REPRESENTATION_CONTEXT('2D SPACE',''
  ) );
#6700 = ORIENTED_EDGE('',*,*,#6701,.F.);
#6701 = EDGE_CURVE('',#6702,#6671,#6704,.T.);
#6702 = VERTEX_POINT('',#6703);
#6703 = CARTESIAN_POINT('',(-11.4,-14.7,0.6));
#6704 = SURFACE_CURVE('',#6705,(#6709,#6716),.PCURVE_S1.);
#6705 = LINE('',#6706,#6707);
#6706 = CARTESIAN_POINT('',(-11.4,-14.7,-90.));
#6707 = VECTOR('',#6708,1.);
#6708 = DIRECTION('',(0.,0.,1.));
#6709 = PCURVE('',#43,#6710);
#6710 = DEFINITIONAL_REPRESENTATION('',(#6711),#6715);
#6711 = LINE('',#6712,#6713);
#6712 = CARTESIAN_POINT('',(-90.,-11.4));
#6713 = VECTOR('',#6714,1.);
#6714 = DIRECTION('',(1.,0.));
#6715 = ( GEOMETRIC_REPRESENTATION_CONTEXT(2) 
PARAMETRIC_REPRESENTATION_CONTEXT() REPRESENTATION_CONTEXT('2D SPACE',''
  ) );
#6716 = PCURVE('',#6717,#6722);
#6717 = PLANE('',#6718);
#6718 = AXIS2_PLACEMENT_3D('',#6719,#6720,#6721);
#6719 = CARTESIAN_POINT('',(-11.4,-17.1,-90.));
#6720 = DIRECTION('',(1.,0.,0.));
#6721 = DIRECTION('',(0.,0.,1.));
#6722 = DEFINITIONAL_REPRESENTATION('',(#6723),#6727);
#6723 = LINE('',#6724,#6725);
#6724 = CARTESIAN_POINT('',(0.,-2.4));
#6725 = VECTOR('',#6726,1.);
#6726 = DIRECTION('',(1.,0.));
#6727 = ( GEOMETRIC_REPRESENTATION_CONTEXT(2) 
PARAMETRIC_REPRESENTATION_CONTEXT() REPRESENTATION_CONTEXT('2D SPACE',''
  ) );
#6728 = ORIENTED_EDGE('',*,*,#6729,.T.);
#6729 = EDGE_CURVE('',#6702,#6730,#6732,.T.);
#6730 = VERTEX_POINT('',#6731);
#6731 = CARTESIAN_POINT('',(-6.6,-14.7,0.6));
#6732 = SURFACE_CURVE('',#6733,(#6737,#6744),.PCURVE_S1.);
#6733 = LINE('',#6734,#6735);
#6734 = CARTESIAN_POINT('',(-95.,-14.7,0.6));
#6735 = VECTOR('',#6736,1.);
#6736 = DIRECTION('',(1.,0.,0.));
#6737 = PCURVE('',#43,#6738);
#6738 = DEFINITIONAL_REPRESENTATION('',(#6739),#6743);
#6739 = LINE('',#6740,#6741);
#6740 = CARTESIAN_POINT('',(0.6,-95.));
#6741 = VECTOR('',#6742,1.);
#6742 = DIRECTION('',(0.,1.));
#6743 = ( GEOMETRIC_REPRESENTATION_CONTEXT(2) 
PARAMETRIC_REPRESENTATION_CONTEXT() REPRESENTATION_CONTEXT('2D SPACE',''
  ) );
#6744 = PCURVE('',#6745,#6750);
#6745 = PLANE('',#6746);
#6746 = AXIS2_PLACEMENT_3D('',#6747,#6748,#6749);
#6747 = CARTESIAN_POINT('',(-95.,-17.1,0.6));
#6748 = DIRECTION('',(0.,0.,1.));
#6749 = DIRECTION('',(1.,0.,0.));
#6750 = DEFINITIONAL_REPRESENTATION('',(#6751),#6755);
#6751 = LINE('',#6752,#6753);
#6752 = CARTESIAN_POINT('',(0.,2.4));
#6753 = VECTOR('',#6754,1.);
#6754 = DIRECTION('',(1.,0.));
#6755 = ( GEOMETRIC_REPRESENTATION_CONTEXT(2) 
PARAMETRIC_REPRESENTATION_CONTEXT() REPRESENTATION_CONTEXT('2D SPACE',''
  ) );
#6756 = ORIENTED_EDGE('',*,*,#6757,.T.);
#6757 = EDGE_CURVE('',#6730,#6673,#6758,.T.);
#6758 = SURFACE_CURVE('',#6759,(#6763,#6770),.PCURVE_S1.);
#6759 = LINE('',#6760,#6761);
#6760 = CARTESIAN_POINT('',(-6.6,-14.7,-90.));
#6761 = VECTOR('',#6762,1.);
#6762 = DIRECTION('',(0.,0.,1.));
#6763 = PCURVE('',#43,#6764);
#6764 = DEFINITIONAL_REPRESENTATION('',(#6765),#6769);
#6765 = LINE('',#6766,#6767);
#6766 = CARTESIAN_POINT('',(-90.,-6.6));
#6767 = VECTOR('',#6768,1.);
#6768 = DIRECTION('',(1.,0.));
#6769 = ( GEOMETRIC_REPRESENTATION_CONTEXT(2) 
PARAMETRIC_REPRESENTATION_CONTEXT() REPRESENTATION_CONTEXT('2D SPACE',''
  ) );
#6770 = PCURVE('',#6771,#6776);
#6771 = PLANE('',#6772);
#6772 = AXIS2_PLACEMENT_3D('',#6773,#6774,#6775);
#6773 = CARTESIAN_POINT('',(-6.6,-17.1,-90.));
#6774 = DIRECTION('',(1.,0.,0.));
#6775 = DIRECTION('',(0.,0.,1.));
#6776 = DEFINITIONAL_REPRESENTATION('',(#6777),#6781);
#6777 = LINE('',#6778,#6779);
#6778 = CARTESIAN_POINT('',(0.,-2.4));
#6779 = VECTOR('',#6780,1.);
#6780 = DIRECTION('',(1.,0.));
#6781 = ( GEOMETRIC_REPRESENTATION_CONTEXT(2) 
PARAMETRIC_REPRESENTATION_CONTEXT() REPRESENTATION_CONTEXT('2D SPACE',''
  ) );
#6782 = FACE_BOUND('',#6783,.T.);
#6783 = EDGE_LOOP('',(#6784,#6815,#6843,#6871));
#6784 = ORIENTED_EDGE('',*,*,#6785,.F.);
#6785 = EDGE_CURVE('',#6786,#6788,#6790,.T.);
#6786 = VERTEX_POINT('',#6787);
#6787 = CARTESIAN_POINT('',(-5.400000000001,-14.7,86.832252072603));
#6788 = VERTEX_POINT('',#6789);
#6789 = CARTESIAN_POINT('',(-0.6,-14.7,86.997931009881));
#6790 = SURFACE_CURVE('',#6791,(#6796,#6803),.PCURVE_S1.);
#6791 = CIRCLE('',#6792,87.);
#6792 = AXIS2_PLACEMENT_3D('',#6793,#6794,#6795);
#6793 = CARTESIAN_POINT('',(0.,-14.7,0.));
#6794 = DIRECTION('',(0.,1.,0.));
#6795 = DIRECTION('',(0.,-0.,1.));
#6796 = PCURVE('',#43,#6797);
#6797 = DEFINITIONAL_REPRESENTATION('',(#6798),#6802);
#6798 = CIRCLE('',#6799,87.);
#6799 = AXIS2_PLACEMENT_2D('',#6800,#6801);
#6800 = CARTESIAN_POINT('',(0.,0.));
#6801 = DIRECTION('',(1.,0.));
#6802 = ( GEOMETRIC_REPRESENTATION_CONTEXT(2) 
PARAMETRIC_REPRESENTATION_CONTEXT() REPRESENTATION_CONTEXT('2D SPACE',''
  ) );
#6803 = PCURVE('',#6804,#6809);
#6804 = CYLINDRICAL_SURFACE('',#6805,87.);
#6805 = AXIS2_PLACEMENT_3D('',#6806,#6807,#6808);
#6806 = CARTESIAN_POINT('',(0.,-17.2,0.));
#6807 = DIRECTION('',(0.,1.,0.));
#6808 = DIRECTION('',(0.,-0.,1.));
#6809 = DEFINITIONAL_REPRESENTATION('',(#6810),#6814);
#6810 = LINE('',#6811,#6812);
#6811 = CARTESIAN_POINT('',(0.,2.5));
#6812 = VECTOR('',#6813,1.);
#6813 = DIRECTION('',(1.,0.));
#6814 = ( GEOMETRIC_REPRESENTATION_CONTEXT(2) 
PARAMETRIC_REPRESENTATION_CONTEXT() REPRESENTATION_CONTEXT('2D SPACE',''
  ) );
#6815 = ORIENTED_EDGE('',*,*,#6816,.F.);
#6816 = EDGE_CURVE('',#6817,#6786,#6819,.T.);
#6817 = VERTEX_POINT('',#6818);
#6818 = CARTESIAN_POINT('',(-5.4,-14.7,0.6));
#6819 = SURFACE_CURVE('',#6820,(#6824,#6831),.PCURVE_S1.);
#6820 = LINE('',#6821,#6822);
#6821 = CARTESIAN_POINT('',(-5.4,-14.7,-90.));
#6822 = VECTOR('',#6823,1.);
#6823 = DIRECTION('',(0.,0.,1.));
#6824 = PCURVE('',#43,#6825);
#6825 = DEFINITIONAL_REPRESENTATION('',(#6826),#6830);
#6826 = LINE('',#6827,#6828);
#6827 = CARTESIAN_POINT('',(-90.,-5.4));
#6828 = VECTOR('',#6829,1.);
#6829 = DIRECTION('',(1.,0.));
#6830 = ( GEOMETRIC_REPRESENTATION_CONTEXT(2) 
PARAMETRIC_REPRESENTATION_CONTEXT() REPRESENTATION_CONTEXT('2D SPACE',''
  ) );
#6831 = PCURVE('',#6832,#6837);
#6832 = PLANE('',#6833);
#6833 = AXIS2_PLACEMENT_3D('',#6834,#6835,#6836);
#6834 = CARTESIAN_POINT('',(-5.4,-17.1,-90.));
#6835 = DIRECTION('',(1.,0.,0.));
#6836 = DIRECTION('',(0.,0.,1.));
#6837 = DEFINITIONAL_REPRESENTATION('',(#6838),#6842);
#6838 = LINE('',#6839,#6840);
#6839 = CARTESIAN_POINT('',(0.,-2.4));
#6840 = VECTOR('',#6841,1.);
#6841 = DIRECTION('',(1.,0.));
#6842 = ( GEOMETRIC_REPRESENTATION_CONTEXT(2) 
PARAMETRIC_REPRESENTATION_CONTEXT() REPRESENTATION_CONTEXT('2D SPACE',''
  ) );
#6843 = ORIENTED_EDGE('',*,*,#6844,.T.);
#6844 = EDGE_CURVE('',#6817,#6845,#6847,.T.);
#6845 = VERTEX_POINT('',#6846);
#6846 = CARTESIAN_POINT('',(-0.6,-14.7,0.6));
#6847 = SURFACE_CURVE('',#6848,(#6852,#6859),.PCURVE_S1.);
#6848 = LINE('',#6849,#6850);
#6849 = CARTESIAN_POINT('',(-95.,-14.7,0.6));
#6850 = VECTOR('',#6851,1.);
#6851 = DIRECTION('',(1.,0.,0.));
#6852 = PCURVE('',#43,#6853);
#6853 = DEFINITIONAL_REPRESENTATION('',(#6854),#6858);
#6854 = LINE('',#6855,#6856);
#6855 = CARTESIAN_POINT('',(0.6,-95.));
#6856 = VECTOR('',#6857,1.);
#6857 = DIRECTION('',(0.,1.));
#6858 = ( GEOMETRIC_REPRESENTATION_CONTEXT(2) 
PARAMETRIC_REPRESENTATION_CONTEXT() REPRESENTATION_CONTEXT('2D SPACE',''
  ) );
#6859 = PCURVE('',#6860,#6865);
#6860 = PLANE('',#6861);
#6861 = AXIS2_PLACEMENT_3D('',#6862,#6863,#6864);
#6862 = CARTESIAN_POINT('',(-95.,-17.1,0.6));
#6863 = DIRECTION('',(0.,0.,1.));
#6864 = DIRECTION('',(1.,0.,0.));
#6865 = DEFINITIONAL_REPRESENTATION('',(#6866),#6870);
#6866 = LINE('',#6867,#6868);
#6867 = CARTESIAN_POINT('',(0.,2.4));
#6868 = VECTOR('',#6869,1.);
#6869 = DIRECTION('',(1.,0.));
#6870 = ( GEOMETRIC_REPRESENTATION_CONTEXT(2) 
PARAMETRIC_REPRESENTATION_CONTEXT() REPRESENTATION_CONTEXT('2D SPACE',''
  ) );
#6871 = ORIENTED_EDGE('',*,*,#6872,.T.);
#6872 = EDGE_CURVE('',#6845,#6788,#6873,.T.);
#6873 = SURFACE_CURVE('',#6874,(#6878,#6885),.PCURVE_S1.);
#6874 = LINE('',#6875,#6876);
#6875 = CARTESIAN_POINT('',(-0.6,-14.7,-90.));
#6876 = VECTOR('',#6877,1.);
#6877 = DIRECTION('',(0.,0.,1.));
#6878 = PCURVE('',#43,#6879);
#6879 = DEFINITIONAL_REPRESENTATION('',(#6880),#6884);
#6880 = LINE('',#6881,#6882);
#6881 = CARTESIAN_POINT('',(-90.,-0.6));
#6882 = VECTOR('',#6883,1.);
#6883 = DIRECTION('',(1.,0.));
#6884 = ( GEOMETRIC_REPRESENTATION_CONTEXT(2) 
PARAMETRIC_REPRESENTATION_CONTEXT() REPRESENTATION_CONTEXT('2D SPACE',''
  ) );
#6885 = PCURVE('',#6886,#6891);
#6886 = PLANE('',#6887);
#6887 = AXIS2_PLACEMENT_3D('',#6888,#6889,#6890);
#6888 = CARTESIAN_POINT('',(-0.6,-17.1,-90.));
#6889 = DIRECTION('',(1.,0.,0.));
#6890 = DIRECTION('',(0.,0.,1.));
#6891 = DEFINITIONAL_REPRESENTATION('',(#6892),#6896);
#6892 = LINE('',#6893,#6894);
#6893 = CARTESIAN_POINT('',(0.,-2.4));
#6894 = VECTOR('',#6895,1.);
#6895 = DIRECTION('',(1.,0.));
#6896 = ( GEOMETRIC_REPRESENTATION_CONTEXT(2) 
PARAMETRIC_REPRESENTATION_CONTEXT() REPRESENTATION_CONTEXT('2D SPACE',''
  ) );
#6897 = ADVANCED_FACE('',(#6898,#6901,#6996,#7091,#7186,#7281,#7376,
    #7471,#7566,#7661,#7756,#7851,#7946,#8041,#8136,#8231,#8303,#8375,
    #8470,#8565,#8660,#8755,#8850,#8945,#9040,#9135,#9230,#9325,#9420,
    #9515,#9610,#9705,#9800,#9895,#9990,#10085,#10180,#10275,#10370,
    #10465,#10560,#10655,#10750,#10845,#10940,#11035,#11107,#11179,
    #11274,#11369,#11464,#11559,#11654,#11749,#11844,#11939,#12034,
    #12129,#12224,#12319,#12414),#93,.F.);
#6898 = FACE_BOUND('',#6899,.F.);
#6899 = EDGE_LOOP('',(#6900));
#6900 = ORIENTED_EDGE('',*,*,#78,.T.);
#6901 = FACE_BOUND('',#6902,.F.);
#6902 = EDGE_LOOP('',(#6903,#6929,#6952,#6975));
#6903 = ORIENTED_EDGE('',*,*,#6904,.F.);
#6904 = EDGE_CURVE('',#6905,#6907,#6909,.T.);
#6905 = VERTEX_POINT('',#6906);
#6906 = CARTESIAN_POINT('',(0.6,-17.1,86.997931009881));
#6907 = VERTEX_POINT('',#6908);
#6908 = CARTESIAN_POINT('',(5.400000000001,-17.1,86.832252072603));
#6909 = SURFACE_CURVE('',#6910,(#6915,#6922),.PCURVE_S1.);
#6910 = CIRCLE('',#6911,87.);
#6911 = AXIS2_PLACEMENT_3D('',#6912,#6913,#6914);
#6912 = CARTESIAN_POINT('',(0.,-17.1,0.));
#6913 = DIRECTION('',(0.,1.,0.));
#6914 = DIRECTION('',(0.,-0.,1.));
#6915 = PCURVE('',#93,#6916);
#6916 = DEFINITIONAL_REPRESENTATION('',(#6917),#6921);
#6917 = CIRCLE('',#6918,87.);
#6918 = AXIS2_PLACEMENT_2D('',#6919,#6920);
#6919 = CARTESIAN_POINT('',(0.,0.));
#6920 = DIRECTION('',(1.,0.));
#6921 = ( GEOMETRIC_REPRESENTATION_CONTEXT(2) 
PARAMETRIC_REPRESENTATION_CONTEXT() REPRESENTATION_CONTEXT('2D SPACE',''
  ) );
#6922 = PCURVE('',#131,#6923);
#6923 = DEFINITIONAL_REPRESENTATION('',(#6924),#6928);
#6924 = LINE('',#6925,#6926);
#6925 = CARTESIAN_POINT('',(0.,1.E-01));
#6926 = VECTOR('',#6927,1.);
#6927 = DIRECTION('',(1.,0.));
#6928 = ( GEOMETRIC_REPRESENTATION_CONTEXT(2) 
PARAMETRIC_REPRESENTATION_CONTEXT() REPRESENTATION_CONTEXT('2D SPACE',''
  ) );
#6929 = ORIENTED_EDGE('',*,*,#6930,.F.);
#6930 = EDGE_CURVE('',#6931,#6905,#6933,.T.);
#6931 = VERTEX_POINT('',#6932);
#6932 = CARTESIAN_POINT('',(0.6,-17.1,0.6));
#6933 = SURFACE_CURVE('',#6934,(#6938,#6945),.PCURVE_S1.);
#6934 = LINE('',#6935,#6936);
#6935 = CARTESIAN_POINT('',(0.6,-17.1,-90.));
#6936 = VECTOR('',#6937,1.);
#6937 = DIRECTION('',(0.,0.,1.));
#6938 = PCURVE('',#93,#6939);
#6939 = DEFINITIONAL_REPRESENTATION('',(#6940),#6944);
#6940 = LINE('',#6941,#6942);
#6941 = CARTESIAN_POINT('',(-90.,0.6));
#6942 = VECTOR('',#6943,1.);
#6943 = DIRECTION('',(1.,0.));
#6944 = ( GEOMETRIC_REPRESENTATION_CONTEXT(2) 
PARAMETRIC_REPRESENTATION_CONTEXT() REPRESENTATION_CONTEXT('2D SPACE',''
  ) );
#6945 = PCURVE('',#159,#6946);
#6946 = DEFINITIONAL_REPRESENTATION('',(#6947),#6951);
#6947 = LINE('',#6948,#6949);
#6948 = CARTESIAN_POINT('',(0.,0.));
#6949 = VECTOR('',#6950,1.);
#6950 = DIRECTION('',(1.,0.));
#6951 = ( GEOMETRIC_REPRESENTATION_CONTEXT(2) 
PARAMETRIC_REPRESENTATION_CONTEXT() REPRESENTATION_CONTEXT('2D SPACE',''
  ) );
#6952 = ORIENTED_EDGE('',*,*,#6953,.T.);
#6953 = EDGE_CURVE('',#6931,#6954,#6956,.T.);
#6954 = VERTEX_POINT('',#6955);
#6955 = CARTESIAN_POINT('',(5.4,-17.1,0.6));
#6956 = SURFACE_CURVE('',#6957,(#6961,#6968),.PCURVE_S1.);
#6957 = LINE('',#6958,#6959);
#6958 = CARTESIAN_POINT('',(-95.,-17.1,0.6));
#6959 = VECTOR('',#6960,1.);
#6960 = DIRECTION('',(1.,0.,0.));
#6961 = PCURVE('',#93,#6962);
#6962 = DEFINITIONAL_REPRESENTATION('',(#6963),#6967);
#6963 = LINE('',#6964,#6965);
#6964 = CARTESIAN_POINT('',(0.6,-95.));
#6965 = VECTOR('',#6966,1.);
#6966 = DIRECTION('',(0.,1.));
#6967 = ( GEOMETRIC_REPRESENTATION_CONTEXT(2) 
PARAMETRIC_REPRESENTATION_CONTEXT() REPRESENTATION_CONTEXT('2D SPACE',''
  ) );
#6968 = PCURVE('',#187,#6969);
#6969 = DEFINITIONAL_REPRESENTATION('',(#6970),#6974);
#6970 = LINE('',#6971,#6972);
#6971 = CARTESIAN_POINT('',(0.,0.));
#6972 = VECTOR('',#6973,1.);
#6973 = DIRECTION('',(1.,0.));
#6974 = ( GEOMETRIC_REPRESENTATION_CONTEXT(2) 
PARAMETRIC_REPRESENTATION_CONTEXT() REPRESENTATION_CONTEXT('2D SPACE',''
  ) );
#6975 = ORIENTED_EDGE('',*,*,#6976,.T.);
#6976 = EDGE_CURVE('',#6954,#6907,#6977,.T.);
#6977 = SURFACE_CURVE('',#6978,(#6982,#6989),.PCURVE_S1.);
#6978 = LINE('',#6979,#6980);
#6979 = CARTESIAN_POINT('',(5.4,-17.1,-90.));
#6980 = VECTOR('',#6981,1.);
#6981 = DIRECTION('',(0.,0.,1.));
#6982 = PCURVE('',#93,#6983);
#6983 = DEFINITIONAL_REPRESENTATION('',(#6984),#6988);
#6984 = LINE('',#6985,#6986);
#6985 = CARTESIAN_POINT('',(-90.,5.4));
#6986 = VECTOR('',#6987,1.);
#6987 = DIRECTION('',(1.,0.));
#6988 = ( GEOMETRIC_REPRESENTATION_CONTEXT(2) 
PARAMETRIC_REPRESENTATION_CONTEXT() REPRESENTATION_CONTEXT('2D SPACE',''
  ) );
#6989 = PCURVE('',#213,#6990);
#6990 = DEFINITIONAL_REPRESENTATION('',(#6991),#6995);
#6991 = LINE('',#6992,#6993);
#6992 = CARTESIAN_POINT('',(0.,0.));
#6993 = VECTOR('',#6994,1.);
#6994 = DIRECTION('',(1.,0.));
#6995 = ( GEOMETRIC_REPRESENTATION_CONTEXT(2) 
PARAMETRIC_REPRESENTATION_CONTEXT() REPRESENTATION_CONTEXT('2D SPACE',''
  ) );
#6996 = FACE_BOUND('',#6997,.F.);
#6997 = EDGE_LOOP('',(#6998,#7024,#7047,#7070));
#6998 = ORIENTED_EDGE('',*,*,#6999,.F.);
#6999 = EDGE_CURVE('',#7000,#7002,#7004,.T.);
#7000 = VERTEX_POINT('',#7001);
#7001 = CARTESIAN_POINT('',(6.6,-17.1,86.749293945254));
#7002 = VERTEX_POINT('',#7003);
#7003 = CARTESIAN_POINT('',(11.399999999999,-17.1,86.249869565119));
#7004 = SURFACE_CURVE('',#7005,(#7010,#7017),.PCURVE_S1.);
#7005 = CIRCLE('',#7006,87.);
#7006 = AXIS2_PLACEMENT_3D('',#7007,#7008,#7009);
#7007 = CARTESIAN_POINT('',(0.,-17.1,0.));
#7008 = DIRECTION('',(0.,1.,0.));
#7009 = DIRECTION('',(0.,-0.,1.));
#7010 = PCURVE('',#93,#7011);
#7011 = DEFINITIONAL_REPRESENTATION('',(#7012),#7016);
#7012 = CIRCLE('',#7013,87.);
#7013 = AXIS2_PLACEMENT_2D('',#7014,#7015);
#7014 = CARTESIAN_POINT('',(0.,0.));
#7015 = DIRECTION('',(1.,0.));
#7016 = ( GEOMETRIC_REPRESENTATION_CONTEXT(2) 
PARAMETRIC_REPRESENTATION_CONTEXT() REPRESENTATION_CONTEXT('2D SPACE',''
  ) );
#7017 = PCURVE('',#246,#7018);
#7018 = DEFINITIONAL_REPRESENTATION('',(#7019),#7023);
#7019 = LINE('',#7020,#7021);
#7020 = CARTESIAN_POINT('',(0.,1.E-01));
#7021 = VECTOR('',#7022,1.);
#7022 = DIRECTION('',(1.,0.));
#7023 = ( GEOMETRIC_REPRESENTATION_CONTEXT(2) 
PARAMETRIC_REPRESENTATION_CONTEXT() REPRESENTATION_CONTEXT('2D SPACE',''
  ) );
#7024 = ORIENTED_EDGE('',*,*,#7025,.F.);
#7025 = EDGE_CURVE('',#7026,#7000,#7028,.T.);
#7026 = VERTEX_POINT('',#7027);
#7027 = CARTESIAN_POINT('',(6.6,-17.1,0.6));
#7028 = SURFACE_CURVE('',#7029,(#7033,#7040),.PCURVE_S1.);
#7029 = LINE('',#7030,#7031);
#7030 = CARTESIAN_POINT('',(6.6,-17.1,-90.));
#7031 = VECTOR('',#7032,1.);
#7032 = DIRECTION('',(0.,0.,1.));
#7033 = PCURVE('',#93,#7034);
#7034 = DEFINITIONAL_REPRESENTATION('',(#7035),#7039);
#7035 = LINE('',#7036,#7037);
#7036 = CARTESIAN_POINT('',(-90.,6.6));
#7037 = VECTOR('',#7038,1.);
#7038 = DIRECTION('',(1.,0.));
#7039 = ( GEOMETRIC_REPRESENTATION_CONTEXT(2) 
PARAMETRIC_REPRESENTATION_CONTEXT() REPRESENTATION_CONTEXT('2D SPACE',''
  ) );
#7040 = PCURVE('',#274,#7041);
#7041 = DEFINITIONAL_REPRESENTATION('',(#7042),#7046);
#7042 = LINE('',#7043,#7044);
#7043 = CARTESIAN_POINT('',(0.,0.));
#7044 = VECTOR('',#7045,1.);
#7045 = DIRECTION('',(1.,0.));
#7046 = ( GEOMETRIC_REPRESENTATION_CONTEXT(2) 
PARAMETRIC_REPRESENTATION_CONTEXT() REPRESENTATION_CONTEXT('2D SPACE',''
  ) );
#7047 = ORIENTED_EDGE('',*,*,#7048,.T.);
#7048 = EDGE_CURVE('',#7026,#7049,#7051,.T.);
#7049 = VERTEX_POINT('',#7050);
#7050 = CARTESIAN_POINT('',(11.4,-17.1,0.6));
#7051 = SURFACE_CURVE('',#7052,(#7056,#7063),.PCURVE_S1.);
#7052 = LINE('',#7053,#7054);
#7053 = CARTESIAN_POINT('',(-95.,-17.1,0.6));
#7054 = VECTOR('',#7055,1.);
#7055 = DIRECTION('',(1.,0.,0.));
#7056 = PCURVE('',#93,#7057);
#7057 = DEFINITIONAL_REPRESENTATION('',(#7058),#7062);
#7058 = LINE('',#7059,#7060);
#7059 = CARTESIAN_POINT('',(0.6,-95.));
#7060 = VECTOR('',#7061,1.);
#7061 = DIRECTION('',(0.,1.));
#7062 = ( GEOMETRIC_REPRESENTATION_CONTEXT(2) 
PARAMETRIC_REPRESENTATION_CONTEXT() REPRESENTATION_CONTEXT('2D SPACE',''
  ) );
#7063 = PCURVE('',#302,#7064);
#7064 = DEFINITIONAL_REPRESENTATION('',(#7065),#7069);
#7065 = LINE('',#7066,#7067);
#7066 = CARTESIAN_POINT('',(0.,0.));
#7067 = VECTOR('',#7068,1.);
#7068 = DIRECTION('',(1.,0.));
#7069 = ( GEOMETRIC_REPRESENTATION_CONTEXT(2) 
PARAMETRIC_REPRESENTATION_CONTEXT() REPRESENTATION_CONTEXT('2D SPACE',''
  ) );
#7070 = ORIENTED_EDGE('',*,*,#7071,.T.);
#7071 = EDGE_CURVE('',#7049,#7002,#7072,.T.);
#7072 = SURFACE_CURVE('',#7073,(#7077,#7084),.PCURVE_S1.);
#7073 = LINE('',#7074,#7075);
#7074 = CARTESIAN_POINT('',(11.4,-17.1,-90.));
#7075 = VECTOR('',#7076,1.);
#7076 = DIRECTION('',(0.,0.,1.));
#7077 = PCURVE('',#93,#7078);
#7078 = DEFINITIONAL_REPRESENTATION('',(#7079),#7083);
#7079 = LINE('',#7080,#7081);
#7080 = CARTESIAN_POINT('',(-90.,11.4));
#7081 = VECTOR('',#7082,1.);
#7082 = DIRECTION('',(1.,0.));
#7083 = ( GEOMETRIC_REPRESENTATION_CONTEXT(2) 
PARAMETRIC_REPRESENTATION_CONTEXT() REPRESENTATION_CONTEXT('2D SPACE',''
  ) );
#7084 = PCURVE('',#328,#7085);
#7085 = DEFINITIONAL_REPRESENTATION('',(#7086),#7090);
#7086 = LINE('',#7087,#7088);
#7087 = CARTESIAN_POINT('',(0.,0.));
#7088 = VECTOR('',#7089,1.);
#7089 = DIRECTION('',(1.,0.));
#7090 = ( GEOMETRIC_REPRESENTATION_CONTEXT(2) 
PARAMETRIC_REPRESENTATION_CONTEXT() REPRESENTATION_CONTEXT('2D SPACE',''
  ) );
#7091 = FACE_BOUND('',#7092,.F.);
#7092 = EDGE_LOOP('',(#7093,#7119,#7142,#7165));
#7093 = ORIENTED_EDGE('',*,*,#7094,.F.);
#7094 = EDGE_CURVE('',#7095,#7097,#7099,.T.);
#7095 = VERTEX_POINT('',#7096);
#7096 = CARTESIAN_POINT('',(12.600000000001,-17.1,86.082750885412));
#7097 = VERTEX_POINT('',#7098);
#7098 = CARTESIAN_POINT('',(17.400000000002,-17.1,85.242243048854));
#7099 = SURFACE_CURVE('',#7100,(#7105,#7112),.PCURVE_S1.);
#7100 = CIRCLE('',#7101,87.);
#7101 = AXIS2_PLACEMENT_3D('',#7102,#7103,#7104);
#7102 = CARTESIAN_POINT('',(0.,-17.1,0.));
#7103 = DIRECTION('',(0.,1.,0.));
#7104 = DIRECTION('',(0.,-0.,1.));
#7105 = PCURVE('',#93,#7106);
#7106 = DEFINITIONAL_REPRESENTATION('',(#7107),#7111);
#7107 = CIRCLE('',#7108,87.);
#7108 = AXIS2_PLACEMENT_2D('',#7109,#7110);
#7109 = CARTESIAN_POINT('',(0.,0.));
#7110 = DIRECTION('',(1.,0.));
#7111 = ( GEOMETRIC_REPRESENTATION_CONTEXT(2) 
PARAMETRIC_REPRESENTATION_CONTEXT() REPRESENTATION_CONTEXT('2D SPACE',''
  ) );
#7112 = PCURVE('',#361,#7113);
#7113 = DEFINITIONAL_REPRESENTATION('',(#7114),#7118);
#7114 = LINE('',#7115,#7116);
#7115 = CARTESIAN_POINT('',(0.,1.E-01));
#7116 = VECTOR('',#7117,1.);
#7117 = DIRECTION('',(1.,0.));
#7118 = ( GEOMETRIC_REPRESENTATION_CONTEXT(2) 
PARAMETRIC_REPRESENTATION_CONTEXT() REPRESENTATION_CONTEXT('2D SPACE',''
  ) );
#7119 = ORIENTED_EDGE('',*,*,#7120,.F.);
#7120 = EDGE_CURVE('',#7121,#7095,#7123,.T.);
#7121 = VERTEX_POINT('',#7122);
#7122 = CARTESIAN_POINT('',(12.6,-17.1,0.6));
#7123 = SURFACE_CURVE('',#7124,(#7128,#7135),.PCURVE_S1.);
#7124 = LINE('',#7125,#7126);
#7125 = CARTESIAN_POINT('',(12.6,-17.1,-90.));
#7126 = VECTOR('',#7127,1.);
#7127 = DIRECTION('',(0.,0.,1.));
#7128 = PCURVE('',#93,#7129);
#7129 = DEFINITIONAL_REPRESENTATION('',(#7130),#7134);
#7130 = LINE('',#7131,#7132);
#7131 = CARTESIAN_POINT('',(-90.,12.6));
#7132 = VECTOR('',#7133,1.);
#7133 = DIRECTION('',(1.,0.));
#7134 = ( GEOMETRIC_REPRESENTATION_CONTEXT(2) 
PARAMETRIC_REPRESENTATION_CONTEXT() REPRESENTATION_CONTEXT('2D SPACE',''
  ) );
#7135 = PCURVE('',#389,#7136);
#7136 = DEFINITIONAL_REPRESENTATION('',(#7137),#7141);
#7137 = LINE('',#7138,#7139);
#7138 = CARTESIAN_POINT('',(0.,0.));
#7139 = VECTOR('',#7140,1.);
#7140 = DIRECTION('',(1.,0.));
#7141 = ( GEOMETRIC_REPRESENTATION_CONTEXT(2) 
PARAMETRIC_REPRESENTATION_CONTEXT() REPRESENTATION_CONTEXT('2D SPACE',''
  ) );
#7142 = ORIENTED_EDGE('',*,*,#7143,.T.);
#7143 = EDGE_CURVE('',#7121,#7144,#7146,.T.);
#7144 = VERTEX_POINT('',#7145);
#7145 = CARTESIAN_POINT('',(17.4,-17.1,0.6));
#7146 = SURFACE_CURVE('',#7147,(#7151,#7158),.PCURVE_S1.);
#7147 = LINE('',#7148,#7149);
#7148 = CARTESIAN_POINT('',(-95.,-17.1,0.6));
#7149 = VECTOR('',#7150,1.);
#7150 = DIRECTION('',(1.,0.,0.));
#7151 = PCURVE('',#93,#7152);
#7152 = DEFINITIONAL_REPRESENTATION('',(#7153),#7157);
#7153 = LINE('',#7154,#7155);
#7154 = CARTESIAN_POINT('',(0.6,-95.));
#7155 = VECTOR('',#7156,1.);
#7156 = DIRECTION('',(0.,1.));
#7157 = ( GEOMETRIC_REPRESENTATION_CONTEXT(2) 
PARAMETRIC_REPRESENTATION_CONTEXT() REPRESENTATION_CONTEXT('2D SPACE',''
  ) );
#7158 = PCURVE('',#417,#7159);
#7159 = DEFINITIONAL_REPRESENTATION('',(#7160),#7164);
#7160 = LINE('',#7161,#7162);
#7161 = CARTESIAN_POINT('',(0.,0.));
#7162 = VECTOR('',#7163,1.);
#7163 = DIRECTION('',(1.,0.));
#7164 = ( GEOMETRIC_REPRESENTATION_CONTEXT(2) 
PARAMETRIC_REPRESENTATION_CONTEXT() REPRESENTATION_CONTEXT('2D SPACE',''
  ) );
#7165 = ORIENTED_EDGE('',*,*,#7166,.T.);
#7166 = EDGE_CURVE('',#7144,#7097,#7167,.T.);
#7167 = SURFACE_CURVE('',#7168,(#7172,#7179),.PCURVE_S1.);
#7168 = LINE('',#7169,#7170);
#7169 = CARTESIAN_POINT('',(17.4,-17.1,-90.));
#7170 = VECTOR('',#7171,1.);
#7171 = DIRECTION('',(0.,0.,1.));
#7172 = PCURVE('',#93,#7173);
#7173 = DEFINITIONAL_REPRESENTATION('',(#7174),#7178);
#7174 = LINE('',#7175,#7176);
#7175 = CARTESIAN_POINT('',(-90.,17.4));
#7176 = VECTOR('',#7177,1.);
#7177 = DIRECTION('',(1.,0.));
#7178 = ( GEOMETRIC_REPRESENTATION_CONTEXT(2) 
PARAMETRIC_REPRESENTATION_CONTEXT() REPRESENTATION_CONTEXT('2D SPACE',''
  ) );
#7179 = PCURVE('',#443,#7180);
#7180 = DEFINITIONAL_REPRESENTATION('',(#7181),#7185);
#7181 = LINE('',#7182,#7183);
#7182 = CARTESIAN_POINT('',(0.,0.));
#7183 = VECTOR('',#7184,1.);
#7184 = DIRECTION('',(1.,0.));
#7185 = ( GEOMETRIC_REPRESENTATION_CONTEXT(2) 
PARAMETRIC_REPRESENTATION_CONTEXT() REPRESENTATION_CONTEXT('2D SPACE',''
  ) );
#7186 = FACE_BOUND('',#7187,.F.);
#7187 = EDGE_LOOP('',(#7188,#7214,#7237,#7260));
#7188 = ORIENTED_EDGE('',*,*,#7189,.F.);
#7189 = EDGE_CURVE('',#7190,#7192,#7194,.T.);
#7190 = VERTEX_POINT('',#7191);
#7191 = CARTESIAN_POINT('',(18.600000000001,-17.1,84.988469806203));
#7192 = VERTEX_POINT('',#7193);
#7193 = CARTESIAN_POINT('',(23.400000000001,-17.1,83.794033200461));
#7194 = SURFACE_CURVE('',#7195,(#7200,#7207),.PCURVE_S1.);
#7195 = CIRCLE('',#7196,87.);
#7196 = AXIS2_PLACEMENT_3D('',#7197,#7198,#7199);
#7197 = CARTESIAN_POINT('',(0.,-17.1,0.));
#7198 = DIRECTION('',(0.,1.,0.));
#7199 = DIRECTION('',(0.,-0.,1.));
#7200 = PCURVE('',#93,#7201);
#7201 = DEFINITIONAL_REPRESENTATION('',(#7202),#7206);
#7202 = CIRCLE('',#7203,87.);
#7203 = AXIS2_PLACEMENT_2D('',#7204,#7205);
#7204 = CARTESIAN_POINT('',(0.,0.));
#7205 = DIRECTION('',(1.,0.));
#7206 = ( GEOMETRIC_REPRESENTATION_CONTEXT(2) 
PARAMETRIC_REPRESENTATION_CONTEXT() REPRESENTATION_CONTEXT('2D SPACE',''
  ) );
#7207 = PCURVE('',#476,#7208);
#7208 = DEFINITIONAL_REPRESENTATION('',(#7209),#7213);
#7209 = LINE('',#7210,#7211);
#7210 = CARTESIAN_POINT('',(0.,1.E-01));
#7211 = VECTOR('',#7212,1.);
#7212 = DIRECTION('',(1.,0.));
#7213 = ( GEOMETRIC_REPRESENTATION_CONTEXT(2) 
PARAMETRIC_REPRESENTATION_CONTEXT() REPRESENTATION_CONTEXT('2D SPACE',''
  ) );
#7214 = ORIENTED_EDGE('',*,*,#7215,.F.);
#7215 = EDGE_CURVE('',#7216,#7190,#7218,.T.);
#7216 = VERTEX_POINT('',#7217);
#7217 = CARTESIAN_POINT('',(18.6,-17.1,0.6));
#7218 = SURFACE_CURVE('',#7219,(#7223,#7230),.PCURVE_S1.);
#7219 = LINE('',#7220,#7221);
#7220 = CARTESIAN_POINT('',(18.6,-17.1,-90.));
#7221 = VECTOR('',#7222,1.);
#7222 = DIRECTION('',(0.,0.,1.));
#7223 = PCURVE('',#93,#7224);
#7224 = DEFINITIONAL_REPRESENTATION('',(#7225),#7229);
#7225 = LINE('',#7226,#7227);
#7226 = CARTESIAN_POINT('',(-90.,18.6));
#7227 = VECTOR('',#7228,1.);
#7228 = DIRECTION('',(1.,0.));
#7229 = ( GEOMETRIC_REPRESENTATION_CONTEXT(2) 
PARAMETRIC_REPRESENTATION_CONTEXT() REPRESENTATION_CONTEXT('2D SPACE',''
  ) );
#7230 = PCURVE('',#504,#7231);
#7231 = DEFINITIONAL_REPRESENTATION('',(#7232),#7236);
#7232 = LINE('',#7233,#7234);
#7233 = CARTESIAN_POINT('',(0.,0.));
#7234 = VECTOR('',#7235,1.);
#7235 = DIRECTION('',(1.,0.));
#7236 = ( GEOMETRIC_REPRESENTATION_CONTEXT(2) 
PARAMETRIC_REPRESENTATION_CONTEXT() REPRESENTATION_CONTEXT('2D SPACE',''
  ) );
#7237 = ORIENTED_EDGE('',*,*,#7238,.T.);
#7238 = EDGE_CURVE('',#7216,#7239,#7241,.T.);
#7239 = VERTEX_POINT('',#7240);
#7240 = CARTESIAN_POINT('',(23.4,-17.1,0.6));
#7241 = SURFACE_CURVE('',#7242,(#7246,#7253),.PCURVE_S1.);
#7242 = LINE('',#7243,#7244);
#7243 = CARTESIAN_POINT('',(-95.,-17.1,0.6));
#7244 = VECTOR('',#7245,1.);
#7245 = DIRECTION('',(1.,0.,0.));
#7246 = PCURVE('',#93,#7247);
#7247 = DEFINITIONAL_REPRESENTATION('',(#7248),#7252);
#7248 = LINE('',#7249,#7250);
#7249 = CARTESIAN_POINT('',(0.6,-95.));
#7250 = VECTOR('',#7251,1.);
#7251 = DIRECTION('',(0.,1.));
#7252 = ( GEOMETRIC_REPRESENTATION_CONTEXT(2) 
PARAMETRIC_REPRESENTATION_CONTEXT() REPRESENTATION_CONTEXT('2D SPACE',''
  ) );
#7253 = PCURVE('',#532,#7254);
#7254 = DEFINITIONAL_REPRESENTATION('',(#7255),#7259);
#7255 = LINE('',#7256,#7257);
#7256 = CARTESIAN_POINT('',(0.,0.));
#7257 = VECTOR('',#7258,1.);
#7258 = DIRECTION('',(1.,0.));
#7259 = ( GEOMETRIC_REPRESENTATION_CONTEXT(2) 
PARAMETRIC_REPRESENTATION_CONTEXT() REPRESENTATION_CONTEXT('2D SPACE',''
  ) );
#7260 = ORIENTED_EDGE('',*,*,#7261,.T.);
#7261 = EDGE_CURVE('',#7239,#7192,#7262,.T.);
#7262 = SURFACE_CURVE('',#7263,(#7267,#7274),.PCURVE_S1.);
#7263 = LINE('',#7264,#7265);
#7264 = CARTESIAN_POINT('',(23.4,-17.1,-90.));
#7265 = VECTOR('',#7266,1.);
#7266 = DIRECTION('',(0.,0.,1.));
#7267 = PCURVE('',#93,#7268);
#7268 = DEFINITIONAL_REPRESENTATION('',(#7269),#7273);
#7269 = LINE('',#7270,#7271);
#7270 = CARTESIAN_POINT('',(-90.,23.4));
#7271 = VECTOR('',#7272,1.);
#7272 = DIRECTION('',(1.,0.));
#7273 = ( GEOMETRIC_REPRESENTATION_CONTEXT(2) 
PARAMETRIC_REPRESENTATION_CONTEXT() REPRESENTATION_CONTEXT('2D SPACE',''
  ) );
#7274 = PCURVE('',#558,#7275);
#7275 = DEFINITIONAL_REPRESENTATION('',(#7276),#7280);
#7276 = LINE('',#7277,#7278);
#7277 = CARTESIAN_POINT('',(0.,0.));
#7278 = VECTOR('',#7279,1.);
#7279 = DIRECTION('',(1.,0.));
#7280 = ( GEOMETRIC_REPRESENTATION_CONTEXT(2) 
PARAMETRIC_REPRESENTATION_CONTEXT() REPRESENTATION_CONTEXT('2D SPACE',''
  ) );
#7281 = FACE_BOUND('',#7282,.F.);
#7282 = EDGE_LOOP('',(#7283,#7309,#7332,#7355));
#7283 = ORIENTED_EDGE('',*,*,#7284,.F.);
#7284 = EDGE_CURVE('',#7285,#7287,#7289,.T.);
#7285 = VERTEX_POINT('',#7286);
#7286 = CARTESIAN_POINT('',(24.599999999999,-17.1,83.449625523426));
#7287 = VERTEX_POINT('',#7288);
#7288 = CARTESIAN_POINT('',(29.4,-17.1,81.881866124314));
#7289 = SURFACE_CURVE('',#7290,(#7295,#7302),.PCURVE_S1.);
#7290 = CIRCLE('',#7291,87.);
#7291 = AXIS2_PLACEMENT_3D('',#7292,#7293,#7294);
#7292 = CARTESIAN_POINT('',(0.,-17.1,0.));
#7293 = DIRECTION('',(0.,1.,0.));
#7294 = DIRECTION('',(0.,-0.,1.));
#7295 = PCURVE('',#93,#7296);
#7296 = DEFINITIONAL_REPRESENTATION('',(#7297),#7301);
#7297 = CIRCLE('',#7298,87.);
#7298 = AXIS2_PLACEMENT_2D('',#7299,#7300);
#7299 = CARTESIAN_POINT('',(0.,0.));
#7300 = DIRECTION('',(1.,0.));
#7301 = ( GEOMETRIC_REPRESENTATION_CONTEXT(2) 
PARAMETRIC_REPRESENTATION_CONTEXT() REPRESENTATION_CONTEXT('2D SPACE',''
  ) );
#7302 = PCURVE('',#591,#7303);
#7303 = DEFINITIONAL_REPRESENTATION('',(#7304),#7308);
#7304 = LINE('',#7305,#7306);
#7305 = CARTESIAN_POINT('',(0.,1.E-01));
#7306 = VECTOR('',#7307,1.);
#7307 = DIRECTION('',(1.,0.));
#7308 = ( GEOMETRIC_REPRESENTATION_CONTEXT(2) 
PARAMETRIC_REPRESENTATION_CONTEXT() REPRESENTATION_CONTEXT('2D SPACE',''
  ) );
#7309 = ORIENTED_EDGE('',*,*,#7310,.F.);
#7310 = EDGE_CURVE('',#7311,#7285,#7313,.T.);
#7311 = VERTEX_POINT('',#7312);
#7312 = CARTESIAN_POINT('',(24.6,-17.1,0.6));
#7313 = SURFACE_CURVE('',#7314,(#7318,#7325),.PCURVE_S1.);
#7314 = LINE('',#7315,#7316);
#7315 = CARTESIAN_POINT('',(24.6,-17.1,-90.));
#7316 = VECTOR('',#7317,1.);
#7317 = DIRECTION('',(0.,0.,1.));
#7318 = PCURVE('',#93,#7319);
#7319 = DEFINITIONAL_REPRESENTATION('',(#7320),#7324);
#7320 = LINE('',#7321,#7322);
#7321 = CARTESIAN_POINT('',(-90.,24.6));
#7322 = VECTOR('',#7323,1.);
#7323 = DIRECTION('',(1.,0.));
#7324 = ( GEOMETRIC_REPRESENTATION_CONTEXT(2) 
PARAMETRIC_REPRESENTATION_CONTEXT() REPRESENTATION_CONTEXT('2D SPACE',''
  ) );
#7325 = PCURVE('',#619,#7326);
#7326 = DEFINITIONAL_REPRESENTATION('',(#7327),#7331);
#7327 = LINE('',#7328,#7329);
#7328 = CARTESIAN_POINT('',(0.,0.));
#7329 = VECTOR('',#7330,1.);
#7330 = DIRECTION('',(1.,0.));
#7331 = ( GEOMETRIC_REPRESENTATION_CONTEXT(2) 
PARAMETRIC_REPRESENTATION_CONTEXT() REPRESENTATION_CONTEXT('2D SPACE',''
  ) );
#7332 = ORIENTED_EDGE('',*,*,#7333,.T.);
#7333 = EDGE_CURVE('',#7311,#7334,#7336,.T.);
#7334 = VERTEX_POINT('',#7335);
#7335 = CARTESIAN_POINT('',(29.4,-17.1,0.6));
#7336 = SURFACE_CURVE('',#7337,(#7341,#7348),.PCURVE_S1.);
#7337 = LINE('',#7338,#7339);
#7338 = CARTESIAN_POINT('',(-95.,-17.1,0.6));
#7339 = VECTOR('',#7340,1.);
#7340 = DIRECTION('',(1.,0.,0.));
#7341 = PCURVE('',#93,#7342);
#7342 = DEFINITIONAL_REPRESENTATION('',(#7343),#7347);
#7343 = LINE('',#7344,#7345);
#7344 = CARTESIAN_POINT('',(0.6,-95.));
#7345 = VECTOR('',#7346,1.);
#7346 = DIRECTION('',(0.,1.));
#7347 = ( GEOMETRIC_REPRESENTATION_CONTEXT(2) 
PARAMETRIC_REPRESENTATION_CONTEXT() REPRESENTATION_CONTEXT('2D SPACE',''
  ) );
#7348 = PCURVE('',#647,#7349);
#7349 = DEFINITIONAL_REPRESENTATION('',(#7350),#7354);
#7350 = LINE('',#7351,#7352);
#7351 = CARTESIAN_POINT('',(0.,0.));
#7352 = VECTOR('',#7353,1.);
#7353 = DIRECTION('',(1.,0.));
#7354 = ( GEOMETRIC_REPRESENTATION_CONTEXT(2) 
PARAMETRIC_REPRESENTATION_CONTEXT() REPRESENTATION_CONTEXT('2D SPACE',''
  ) );
#7355 = ORIENTED_EDGE('',*,*,#7356,.T.);
#7356 = EDGE_CURVE('',#7334,#7287,#7357,.T.);
#7357 = SURFACE_CURVE('',#7358,(#7362,#7369),.PCURVE_S1.);
#7358 = LINE('',#7359,#7360);
#7359 = CARTESIAN_POINT('',(29.4,-17.1,-90.));
#7360 = VECTOR('',#7361,1.);
#7361 = DIRECTION('',(0.,0.,1.));
#7362 = PCURVE('',#93,#7363);
#7363 = DEFINITIONAL_REPRESENTATION('',(#7364),#7368);
#7364 = LINE('',#7365,#7366);
#7365 = CARTESIAN_POINT('',(-90.,29.4));
#7366 = VECTOR('',#7367,1.);
#7367 = DIRECTION('',(1.,0.));
#7368 = ( GEOMETRIC_REPRESENTATION_CONTEXT(2) 
PARAMETRIC_REPRESENTATION_CONTEXT() REPRESENTATION_CONTEXT('2D SPACE',''
  ) );
#7369 = PCURVE('',#673,#7370);
#7370 = DEFINITIONAL_REPRESENTATION('',(#7371),#7375);
#7371 = LINE('',#7372,#7373);
#7372 = CARTESIAN_POINT('',(0.,0.));
#7373 = VECTOR('',#7374,1.);
#7374 = DIRECTION('',(1.,0.));
#7375 = ( GEOMETRIC_REPRESENTATION_CONTEXT(2) 
PARAMETRIC_REPRESENTATION_CONTEXT() REPRESENTATION_CONTEXT('2D SPACE',''
  ) );
#7376 = FACE_BOUND('',#7377,.F.);
#7377 = EDGE_LOOP('',(#7378,#7404,#7427,#7450));
#7378 = ORIENTED_EDGE('',*,*,#7379,.F.);
#7379 = EDGE_CURVE('',#7380,#7382,#7384,.T.);
#7380 = VERTEX_POINT('',#7381);
#7381 = CARTESIAN_POINT('',(30.600000000001,-17.1,81.441021604594));
#7382 = VERTEX_POINT('',#7383);
#7383 = CARTESIAN_POINT('',(35.399999999999,-17.1,79.472259311033));
#7384 = SURFACE_CURVE('',#7385,(#7390,#7397),.PCURVE_S1.);
#7385 = CIRCLE('',#7386,87.);
#7386 = AXIS2_PLACEMENT_3D('',#7387,#7388,#7389);
#7387 = CARTESIAN_POINT('',(0.,-17.1,0.));
#7388 = DIRECTION('',(0.,1.,0.));
#7389 = DIRECTION('',(0.,-0.,1.));
#7390 = PCURVE('',#93,#7391);
#7391 = DEFINITIONAL_REPRESENTATION('',(#7392),#7396);
#7392 = CIRCLE('',#7393,87.);
#7393 = AXIS2_PLACEMENT_2D('',#7394,#7395);
#7394 = CARTESIAN_POINT('',(0.,0.));
#7395 = DIRECTION('',(1.,0.));
#7396 = ( GEOMETRIC_REPRESENTATION_CONTEXT(2) 
PARAMETRIC_REPRESENTATION_CONTEXT() REPRESENTATION_CONTEXT('2D SPACE',''
  ) );
#7397 = PCURVE('',#706,#7398);
#7398 = DEFINITIONAL_REPRESENTATION('',(#7399),#7403);
#7399 = LINE('',#7400,#7401);
#7400 = CARTESIAN_POINT('',(0.,1.E-01));
#7401 = VECTOR('',#7402,1.);
#7402 = DIRECTION('',(1.,0.));
#7403 = ( GEOMETRIC_REPRESENTATION_CONTEXT(2) 
PARAMETRIC_REPRESENTATION_CONTEXT() REPRESENTATION_CONTEXT('2D SPACE',''
  ) );
#7404 = ORIENTED_EDGE('',*,*,#7405,.F.);
#7405 = EDGE_CURVE('',#7406,#7380,#7408,.T.);
#7406 = VERTEX_POINT('',#7407);
#7407 = CARTESIAN_POINT('',(30.6,-17.1,0.6));
#7408 = SURFACE_CURVE('',#7409,(#7413,#7420),.PCURVE_S1.);
#7409 = LINE('',#7410,#7411);
#7410 = CARTESIAN_POINT('',(30.6,-17.1,-90.));
#7411 = VECTOR('',#7412,1.);
#7412 = DIRECTION('',(0.,0.,1.));
#7413 = PCURVE('',#93,#7414);
#7414 = DEFINITIONAL_REPRESENTATION('',(#7415),#7419);
#7415 = LINE('',#7416,#7417);
#7416 = CARTESIAN_POINT('',(-90.,30.6));
#7417 = VECTOR('',#7418,1.);
#7418 = DIRECTION('',(1.,0.));
#7419 = ( GEOMETRIC_REPRESENTATION_CONTEXT(2) 
PARAMETRIC_REPRESENTATION_CONTEXT() REPRESENTATION_CONTEXT('2D SPACE',''
  ) );
#7420 = PCURVE('',#734,#7421);
#7421 = DEFINITIONAL_REPRESENTATION('',(#7422),#7426);
#7422 = LINE('',#7423,#7424);
#7423 = CARTESIAN_POINT('',(0.,0.));
#7424 = VECTOR('',#7425,1.);
#7425 = DIRECTION('',(1.,0.));
#7426 = ( GEOMETRIC_REPRESENTATION_CONTEXT(2) 
PARAMETRIC_REPRESENTATION_CONTEXT() REPRESENTATION_CONTEXT('2D SPACE',''
  ) );
#7427 = ORIENTED_EDGE('',*,*,#7428,.T.);
#7428 = EDGE_CURVE('',#7406,#7429,#7431,.T.);
#7429 = VERTEX_POINT('',#7430);
#7430 = CARTESIAN_POINT('',(35.4,-17.1,0.6));
#7431 = SURFACE_CURVE('',#7432,(#7436,#7443),.PCURVE_S1.);
#7432 = LINE('',#7433,#7434);
#7433 = CARTESIAN_POINT('',(-95.,-17.1,0.6));
#7434 = VECTOR('',#7435,1.);
#7435 = DIRECTION('',(1.,0.,0.));
#7436 = PCURVE('',#93,#7437);
#7437 = DEFINITIONAL_REPRESENTATION('',(#7438),#7442);
#7438 = LINE('',#7439,#7440);
#7439 = CARTESIAN_POINT('',(0.6,-95.));
#7440 = VECTOR('',#7441,1.);
#7441 = DIRECTION('',(0.,1.));
#7442 = ( GEOMETRIC_REPRESENTATION_CONTEXT(2) 
PARAMETRIC_REPRESENTATION_CONTEXT() REPRESENTATION_CONTEXT('2D SPACE',''
  ) );
#7443 = PCURVE('',#762,#7444);
#7444 = DEFINITIONAL_REPRESENTATION('',(#7445),#7449);
#7445 = LINE('',#7446,#7447);
#7446 = CARTESIAN_POINT('',(0.,0.));
#7447 = VECTOR('',#7448,1.);
#7448 = DIRECTION('',(1.,0.));
#7449 = ( GEOMETRIC_REPRESENTATION_CONTEXT(2) 
PARAMETRIC_REPRESENTATION_CONTEXT() REPRESENTATION_CONTEXT('2D SPACE',''
  ) );
#7450 = ORIENTED_EDGE('',*,*,#7451,.T.);
#7451 = EDGE_CURVE('',#7429,#7382,#7452,.T.);
#7452 = SURFACE_CURVE('',#7453,(#7457,#7464),.PCURVE_S1.);
#7453 = LINE('',#7454,#7455);
#7454 = CARTESIAN_POINT('',(35.4,-17.1,-90.));
#7455 = VECTOR('',#7456,1.);
#7456 = DIRECTION('',(0.,0.,1.));
#7457 = PCURVE('',#93,#7458);
#7458 = DEFINITIONAL_REPRESENTATION('',(#7459),#7463);
#7459 = LINE('',#7460,#7461);
#7460 = CARTESIAN_POINT('',(-90.,35.4));
#7461 = VECTOR('',#7462,1.);
#7462 = DIRECTION('',(1.,0.));
#7463 = ( GEOMETRIC_REPRESENTATION_CONTEXT(2) 
PARAMETRIC_REPRESENTATION_CONTEXT() REPRESENTATION_CONTEXT('2D SPACE',''
  ) );
#7464 = PCURVE('',#788,#7465);
#7465 = DEFINITIONAL_REPRESENTATION('',(#7466),#7470);
#7466 = LINE('',#7467,#7468);
#7467 = CARTESIAN_POINT('',(0.,0.));
#7468 = VECTOR('',#7469,1.);
#7469 = DIRECTION('',(1.,0.));
#7470 = ( GEOMETRIC_REPRESENTATION_CONTEXT(2) 
PARAMETRIC_REPRESENTATION_CONTEXT() REPRESENTATION_CONTEXT('2D SPACE',''
  ) );
#7471 = FACE_BOUND('',#7472,.F.);
#7472 = EDGE_LOOP('',(#7473,#7499,#7522,#7545));
#7473 = ORIENTED_EDGE('',*,*,#7474,.F.);
#7474 = EDGE_CURVE('',#7475,#7477,#7479,.T.);
#7475 = VERTEX_POINT('',#7476);
#7476 = CARTESIAN_POINT('',(36.6,-17.1,78.926801531545));
#7477 = VERTEX_POINT('',#7478);
#7478 = CARTESIAN_POINT('',(41.399999999999,-17.1,76.518233121264));
#7479 = SURFACE_CURVE('',#7480,(#7485,#7492),.PCURVE_S1.);
#7480 = CIRCLE('',#7481,87.);
#7481 = AXIS2_PLACEMENT_3D('',#7482,#7483,#7484);
#7482 = CARTESIAN_POINT('',(0.,-17.1,0.));
#7483 = DIRECTION('',(0.,1.,0.));
#7484 = DIRECTION('',(0.,-0.,1.));
#7485 = PCURVE('',#93,#7486);
#7486 = DEFINITIONAL_REPRESENTATION('',(#7487),#7491);
#7487 = CIRCLE('',#7488,87.);
#7488 = AXIS2_PLACEMENT_2D('',#7489,#7490);
#7489 = CARTESIAN_POINT('',(0.,0.));
#7490 = DIRECTION('',(1.,0.));
#7491 = ( GEOMETRIC_REPRESENTATION_CONTEXT(2) 
PARAMETRIC_REPRESENTATION_CONTEXT() REPRESENTATION_CONTEXT('2D SPACE',''
  ) );
#7492 = PCURVE('',#821,#7493);
#7493 = DEFINITIONAL_REPRESENTATION('',(#7494),#7498);
#7494 = LINE('',#7495,#7496);
#7495 = CARTESIAN_POINT('',(0.,1.E-01));
#7496 = VECTOR('',#7497,1.);
#7497 = DIRECTION('',(1.,0.));
#7498 = ( GEOMETRIC_REPRESENTATION_CONTEXT(2) 
PARAMETRIC_REPRESENTATION_CONTEXT() REPRESENTATION_CONTEXT('2D SPACE',''
  ) );
#7499 = ORIENTED_EDGE('',*,*,#7500,.F.);
#7500 = EDGE_CURVE('',#7501,#7475,#7503,.T.);
#7501 = VERTEX_POINT('',#7502);
#7502 = CARTESIAN_POINT('',(36.6,-17.1,0.6));
#7503 = SURFACE_CURVE('',#7504,(#7508,#7515),.PCURVE_S1.);
#7504 = LINE('',#7505,#7506);
#7505 = CARTESIAN_POINT('',(36.6,-17.1,-90.));
#7506 = VECTOR('',#7507,1.);
#7507 = DIRECTION('',(0.,0.,1.));
#7508 = PCURVE('',#93,#7509);
#7509 = DEFINITIONAL_REPRESENTATION('',(#7510),#7514);
#7510 = LINE('',#7511,#7512);
#7511 = CARTESIAN_POINT('',(-90.,36.6));
#7512 = VECTOR('',#7513,1.);
#7513 = DIRECTION('',(1.,0.));
#7514 = ( GEOMETRIC_REPRESENTATION_CONTEXT(2) 
PARAMETRIC_REPRESENTATION_CONTEXT() REPRESENTATION_CONTEXT('2D SPACE',''
  ) );
#7515 = PCURVE('',#849,#7516);
#7516 = DEFINITIONAL_REPRESENTATION('',(#7517),#7521);
#7517 = LINE('',#7518,#7519);
#7518 = CARTESIAN_POINT('',(0.,0.));
#7519 = VECTOR('',#7520,1.);
#7520 = DIRECTION('',(1.,0.));
#7521 = ( GEOMETRIC_REPRESENTATION_CONTEXT(2) 
PARAMETRIC_REPRESENTATION_CONTEXT() REPRESENTATION_CONTEXT('2D SPACE',''
  ) );
#7522 = ORIENTED_EDGE('',*,*,#7523,.T.);
#7523 = EDGE_CURVE('',#7501,#7524,#7526,.T.);
#7524 = VERTEX_POINT('',#7525);
#7525 = CARTESIAN_POINT('',(41.4,-17.1,0.6));
#7526 = SURFACE_CURVE('',#7527,(#7531,#7538),.PCURVE_S1.);
#7527 = LINE('',#7528,#7529);
#7528 = CARTESIAN_POINT('',(-95.,-17.1,0.6));
#7529 = VECTOR('',#7530,1.);
#7530 = DIRECTION('',(1.,0.,0.));
#7531 = PCURVE('',#93,#7532);
#7532 = DEFINITIONAL_REPRESENTATION('',(#7533),#7537);
#7533 = LINE('',#7534,#7535);
#7534 = CARTESIAN_POINT('',(0.6,-95.));
#7535 = VECTOR('',#7536,1.);
#7536 = DIRECTION('',(0.,1.));
#7537 = ( GEOMETRIC_REPRESENTATION_CONTEXT(2) 
PARAMETRIC_REPRESENTATION_CONTEXT() REPRESENTATION_CONTEXT('2D SPACE',''
  ) );
#7538 = PCURVE('',#877,#7539);
#7539 = DEFINITIONAL_REPRESENTATION('',(#7540),#7544);
#7540 = LINE('',#7541,#7542);
#7541 = CARTESIAN_POINT('',(0.,0.));
#7542 = VECTOR('',#7543,1.);
#7543 = DIRECTION('',(1.,0.));
#7544 = ( GEOMETRIC_REPRESENTATION_CONTEXT(2) 
PARAMETRIC_REPRESENTATION_CONTEXT() REPRESENTATION_CONTEXT('2D SPACE',''
  ) );
#7545 = ORIENTED_EDGE('',*,*,#7546,.T.);
#7546 = EDGE_CURVE('',#7524,#7477,#7547,.T.);
#7547 = SURFACE_CURVE('',#7548,(#7552,#7559),.PCURVE_S1.);
#7548 = LINE('',#7549,#7550);
#7549 = CARTESIAN_POINT('',(41.4,-17.1,-90.));
#7550 = VECTOR('',#7551,1.);
#7551 = DIRECTION('',(0.,0.,1.));
#7552 = PCURVE('',#93,#7553);
#7553 = DEFINITIONAL_REPRESENTATION('',(#7554),#7558);
#7554 = LINE('',#7555,#7556);
#7555 = CARTESIAN_POINT('',(-90.,41.4));
#7556 = VECTOR('',#7557,1.);
#7557 = DIRECTION('',(1.,0.));
#7558 = ( GEOMETRIC_REPRESENTATION_CONTEXT(2) 
PARAMETRIC_REPRESENTATION_CONTEXT() REPRESENTATION_CONTEXT('2D SPACE',''
  ) );
#7559 = PCURVE('',#903,#7560);
#7560 = DEFINITIONAL_REPRESENTATION('',(#7561),#7565);
#7561 = LINE('',#7562,#7563);
#7562 = CARTESIAN_POINT('',(0.,0.));
#7563 = VECTOR('',#7564,1.);
#7564 = DIRECTION('',(1.,0.));
#7565 = ( GEOMETRIC_REPRESENTATION_CONTEXT(2) 
PARAMETRIC_REPRESENTATION_CONTEXT() REPRESENTATION_CONTEXT('2D SPACE',''
  ) );
#7566 = FACE_BOUND('',#7567,.F.);
#7567 = EDGE_LOOP('',(#7568,#7594,#7617,#7640));
#7568 = ORIENTED_EDGE('',*,*,#7569,.F.);
#7569 = EDGE_CURVE('',#7570,#7572,#7574,.T.);
#7570 = VERTEX_POINT('',#7571);
#7571 = CARTESIAN_POINT('',(42.6,-17.1,75.856707020539));
#7572 = VERTEX_POINT('',#7573);
#7573 = CARTESIAN_POINT('',(47.400000000001,-17.1,72.953683937138));
#7574 = SURFACE_CURVE('',#7575,(#7580,#7587),.PCURVE_S1.);
#7575 = CIRCLE('',#7576,87.);
#7576 = AXIS2_PLACEMENT_3D('',#7577,#7578,#7579);
#7577 = CARTESIAN_POINT('',(0.,-17.1,0.));
#7578 = DIRECTION('',(0.,1.,0.));
#7579 = DIRECTION('',(0.,-0.,1.));
#7580 = PCURVE('',#93,#7581);
#7581 = DEFINITIONAL_REPRESENTATION('',(#7582),#7586);
#7582 = CIRCLE('',#7583,87.);
#7583 = AXIS2_PLACEMENT_2D('',#7584,#7585);
#7584 = CARTESIAN_POINT('',(0.,0.));
#7585 = DIRECTION('',(1.,0.));
#7586 = ( GEOMETRIC_REPRESENTATION_CONTEXT(2) 
PARAMETRIC_REPRESENTATION_CONTEXT() REPRESENTATION_CONTEXT('2D SPACE',''
  ) );
#7587 = PCURVE('',#936,#7588);
#7588 = DEFINITIONAL_REPRESENTATION('',(#7589),#7593);
#7589 = LINE('',#7590,#7591);
#7590 = CARTESIAN_POINT('',(0.,1.E-01));
#7591 = VECTOR('',#7592,1.);
#7592 = DIRECTION('',(1.,0.));
#7593 = ( GEOMETRIC_REPRESENTATION_CONTEXT(2) 
PARAMETRIC_REPRESENTATION_CONTEXT() REPRESENTATION_CONTEXT('2D SPACE',''
  ) );
#7594 = ORIENTED_EDGE('',*,*,#7595,.F.);
#7595 = EDGE_CURVE('',#7596,#7570,#7598,.T.);
#7596 = VERTEX_POINT('',#7597);
#7597 = CARTESIAN_POINT('',(42.6,-17.1,0.6));
#7598 = SURFACE_CURVE('',#7599,(#7603,#7610),.PCURVE_S1.);
#7599 = LINE('',#7600,#7601);
#7600 = CARTESIAN_POINT('',(42.6,-17.1,-90.));
#7601 = VECTOR('',#7602,1.);
#7602 = DIRECTION('',(0.,0.,1.));
#7603 = PCURVE('',#93,#7604);
#7604 = DEFINITIONAL_REPRESENTATION('',(#7605),#7609);
#7605 = LINE('',#7606,#7607);
#7606 = CARTESIAN_POINT('',(-90.,42.6));
#7607 = VECTOR('',#7608,1.);
#7608 = DIRECTION('',(1.,0.));
#7609 = ( GEOMETRIC_REPRESENTATION_CONTEXT(2) 
PARAMETRIC_REPRESENTATION_CONTEXT() REPRESENTATION_CONTEXT('2D SPACE',''
  ) );
#7610 = PCURVE('',#964,#7611);
#7611 = DEFINITIONAL_REPRESENTATION('',(#7612),#7616);
#7612 = LINE('',#7613,#7614);
#7613 = CARTESIAN_POINT('',(0.,0.));
#7614 = VECTOR('',#7615,1.);
#7615 = DIRECTION('',(1.,0.));
#7616 = ( GEOMETRIC_REPRESENTATION_CONTEXT(2) 
PARAMETRIC_REPRESENTATION_CONTEXT() REPRESENTATION_CONTEXT('2D SPACE',''
  ) );
#7617 = ORIENTED_EDGE('',*,*,#7618,.T.);
#7618 = EDGE_CURVE('',#7596,#7619,#7621,.T.);
#7619 = VERTEX_POINT('',#7620);
#7620 = CARTESIAN_POINT('',(47.4,-17.1,0.6));
#7621 = SURFACE_CURVE('',#7622,(#7626,#7633),.PCURVE_S1.);
#7622 = LINE('',#7623,#7624);
#7623 = CARTESIAN_POINT('',(-95.,-17.1,0.6));
#7624 = VECTOR('',#7625,1.);
#7625 = DIRECTION('',(1.,0.,0.));
#7626 = PCURVE('',#93,#7627);
#7627 = DEFINITIONAL_REPRESENTATION('',(#7628),#7632);
#7628 = LINE('',#7629,#7630);
#7629 = CARTESIAN_POINT('',(0.6,-95.));
#7630 = VECTOR('',#7631,1.);
#7631 = DIRECTION('',(0.,1.));
#7632 = ( GEOMETRIC_REPRESENTATION_CONTEXT(2) 
PARAMETRIC_REPRESENTATION_CONTEXT() REPRESENTATION_CONTEXT('2D SPACE',''
  ) );
#7633 = PCURVE('',#992,#7634);
#7634 = DEFINITIONAL_REPRESENTATION('',(#7635),#7639);
#7635 = LINE('',#7636,#7637);
#7636 = CARTESIAN_POINT('',(0.,0.));
#7637 = VECTOR('',#7638,1.);
#7638 = DIRECTION('',(1.,0.));
#7639 = ( GEOMETRIC_REPRESENTATION_CONTEXT(2) 
PARAMETRIC_REPRESENTATION_CONTEXT() REPRESENTATION_CONTEXT('2D SPACE',''
  ) );
#7640 = ORIENTED_EDGE('',*,*,#7641,.T.);
#7641 = EDGE_CURVE('',#7619,#7572,#7642,.T.);
#7642 = SURFACE_CURVE('',#7643,(#7647,#7654),.PCURVE_S1.);
#7643 = LINE('',#7644,#7645);
#7644 = CARTESIAN_POINT('',(47.4,-17.1,-90.));
#7645 = VECTOR('',#7646,1.);
#7646 = DIRECTION('',(0.,0.,1.));
#7647 = PCURVE('',#93,#7648);
#7648 = DEFINITIONAL_REPRESENTATION('',(#7649),#7653);
#7649 = LINE('',#7650,#7651);
#7650 = CARTESIAN_POINT('',(-90.,47.4));
#7651 = VECTOR('',#7652,1.);
#7652 = DIRECTION('',(1.,0.));
#7653 = ( GEOMETRIC_REPRESENTATION_CONTEXT(2) 
PARAMETRIC_REPRESENTATION_CONTEXT() REPRESENTATION_CONTEXT('2D SPACE',''
  ) );
#7654 = PCURVE('',#1018,#7655);
#7655 = DEFINITIONAL_REPRESENTATION('',(#7656),#7660);
#7656 = LINE('',#7657,#7658);
#7657 = CARTESIAN_POINT('',(0.,0.));
#7658 = VECTOR('',#7659,1.);
#7659 = DIRECTION('',(1.,0.));
#7660 = ( GEOMETRIC_REPRESENTATION_CONTEXT(2) 
PARAMETRIC_REPRESENTATION_CONTEXT() REPRESENTATION_CONTEXT('2D SPACE',''
  ) );
#7661 = FACE_BOUND('',#7662,.F.);
#7662 = EDGE_LOOP('',(#7663,#7689,#7712,#7735));
#7663 = ORIENTED_EDGE('',*,*,#7664,.F.);
#7664 = EDGE_CURVE('',#7665,#7667,#7669,.T.);
#7665 = VERTEX_POINT('',#7666);
#7666 = CARTESIAN_POINT('',(48.6,-17.1,72.15982261619));
#7667 = VERTEX_POINT('',#7668);
#7668 = CARTESIAN_POINT('',(53.4,-17.1,68.68362250202));
#7669 = SURFACE_CURVE('',#7670,(#7675,#7682),.PCURVE_S1.);
#7670 = CIRCLE('',#7671,87.);
#7671 = AXIS2_PLACEMENT_3D('',#7672,#7673,#7674);
#7672 = CARTESIAN_POINT('',(0.,-17.1,0.));
#7673 = DIRECTION('',(0.,1.,0.));
#7674 = DIRECTION('',(0.,-0.,1.));
#7675 = PCURVE('',#93,#7676);
#7676 = DEFINITIONAL_REPRESENTATION('',(#7677),#7681);
#7677 = CIRCLE('',#7678,87.);
#7678 = AXIS2_PLACEMENT_2D('',#7679,#7680);
#7679 = CARTESIAN_POINT('',(0.,0.));
#7680 = DIRECTION('',(1.,0.));
#7681 = ( GEOMETRIC_REPRESENTATION_CONTEXT(2) 
PARAMETRIC_REPRESENTATION_CONTEXT() REPRESENTATION_CONTEXT('2D SPACE',''
  ) );
#7682 = PCURVE('',#1051,#7683);
#7683 = DEFINITIONAL_REPRESENTATION('',(#7684),#7688);
#7684 = LINE('',#7685,#7686);
#7685 = CARTESIAN_POINT('',(0.,1.E-01));
#7686 = VECTOR('',#7687,1.);
#7687 = DIRECTION('',(1.,0.));
#7688 = ( GEOMETRIC_REPRESENTATION_CONTEXT(2) 
PARAMETRIC_REPRESENTATION_CONTEXT() REPRESENTATION_CONTEXT('2D SPACE',''
  ) );
#7689 = ORIENTED_EDGE('',*,*,#7690,.F.);
#7690 = EDGE_CURVE('',#7691,#7665,#7693,.T.);
#7691 = VERTEX_POINT('',#7692);
#7692 = CARTESIAN_POINT('',(48.6,-17.1,0.6));
#7693 = SURFACE_CURVE('',#7694,(#7698,#7705),.PCURVE_S1.);
#7694 = LINE('',#7695,#7696);
#7695 = CARTESIAN_POINT('',(48.6,-17.1,-90.));
#7696 = VECTOR('',#7697,1.);
#7697 = DIRECTION('',(0.,0.,1.));
#7698 = PCURVE('',#93,#7699);
#7699 = DEFINITIONAL_REPRESENTATION('',(#7700),#7704);
#7700 = LINE('',#7701,#7702);
#7701 = CARTESIAN_POINT('',(-90.,48.6));
#7702 = VECTOR('',#7703,1.);
#7703 = DIRECTION('',(1.,0.));
#7704 = ( GEOMETRIC_REPRESENTATION_CONTEXT(2) 
PARAMETRIC_REPRESENTATION_CONTEXT() REPRESENTATION_CONTEXT('2D SPACE',''
  ) );
#7705 = PCURVE('',#1079,#7706);
#7706 = DEFINITIONAL_REPRESENTATION('',(#7707),#7711);
#7707 = LINE('',#7708,#7709);
#7708 = CARTESIAN_POINT('',(0.,0.));
#7709 = VECTOR('',#7710,1.);
#7710 = DIRECTION('',(1.,0.));
#7711 = ( GEOMETRIC_REPRESENTATION_CONTEXT(2) 
PARAMETRIC_REPRESENTATION_CONTEXT() REPRESENTATION_CONTEXT('2D SPACE',''
  ) );
#7712 = ORIENTED_EDGE('',*,*,#7713,.T.);
#7713 = EDGE_CURVE('',#7691,#7714,#7716,.T.);
#7714 = VERTEX_POINT('',#7715);
#7715 = CARTESIAN_POINT('',(53.4,-17.1,0.6));
#7716 = SURFACE_CURVE('',#7717,(#7721,#7728),.PCURVE_S1.);
#7717 = LINE('',#7718,#7719);
#7718 = CARTESIAN_POINT('',(-95.,-17.1,0.6));
#7719 = VECTOR('',#7720,1.);
#7720 = DIRECTION('',(1.,0.,0.));
#7721 = PCURVE('',#93,#7722);
#7722 = DEFINITIONAL_REPRESENTATION('',(#7723),#7727);
#7723 = LINE('',#7724,#7725);
#7724 = CARTESIAN_POINT('',(0.6,-95.));
#7725 = VECTOR('',#7726,1.);
#7726 = DIRECTION('',(0.,1.));
#7727 = ( GEOMETRIC_REPRESENTATION_CONTEXT(2) 
PARAMETRIC_REPRESENTATION_CONTEXT() REPRESENTATION_CONTEXT('2D SPACE',''
  ) );
#7728 = PCURVE('',#1107,#7729);
#7729 = DEFINITIONAL_REPRESENTATION('',(#7730),#7734);
#7730 = LINE('',#7731,#7732);
#7731 = CARTESIAN_POINT('',(0.,0.));
#7732 = VECTOR('',#7733,1.);
#7733 = DIRECTION('',(1.,0.));
#7734 = ( GEOMETRIC_REPRESENTATION_CONTEXT(2) 
PARAMETRIC_REPRESENTATION_CONTEXT() REPRESENTATION_CONTEXT('2D SPACE',''
  ) );
#7735 = ORIENTED_EDGE('',*,*,#7736,.T.);
#7736 = EDGE_CURVE('',#7714,#7667,#7737,.T.);
#7737 = SURFACE_CURVE('',#7738,(#7742,#7749),.PCURVE_S1.);
#7738 = LINE('',#7739,#7740);
#7739 = CARTESIAN_POINT('',(53.4,-17.1,-90.));
#7740 = VECTOR('',#7741,1.);
#7741 = DIRECTION('',(0.,0.,1.));
#7742 = PCURVE('',#93,#7743);
#7743 = DEFINITIONAL_REPRESENTATION('',(#7744),#7748);
#7744 = LINE('',#7745,#7746);
#7745 = CARTESIAN_POINT('',(-90.,53.4));
#7746 = VECTOR('',#7747,1.);
#7747 = DIRECTION('',(1.,0.));
#7748 = ( GEOMETRIC_REPRESENTATION_CONTEXT(2) 
PARAMETRIC_REPRESENTATION_CONTEXT() REPRESENTATION_CONTEXT('2D SPACE',''
  ) );
#7749 = PCURVE('',#1133,#7750);
#7750 = DEFINITIONAL_REPRESENTATION('',(#7751),#7755);
#7751 = LINE('',#7752,#7753);
#7752 = CARTESIAN_POINT('',(0.,0.));
#7753 = VECTOR('',#7754,1.);
#7754 = DIRECTION('',(1.,0.));
#7755 = ( GEOMETRIC_REPRESENTATION_CONTEXT(2) 
PARAMETRIC_REPRESENTATION_CONTEXT() REPRESENTATION_CONTEXT('2D SPACE',''
  ) );
#7756 = FACE_BOUND('',#7757,.F.);
#7757 = EDGE_LOOP('',(#7758,#7784,#7807,#7830));
#7758 = ORIENTED_EDGE('',*,*,#7759,.F.);
#7759 = EDGE_CURVE('',#7760,#7762,#7764,.T.);
#7760 = VERTEX_POINT('',#7761);
#7761 = CARTESIAN_POINT('',(54.599999999999,-17.1,67.733595800018));
#7762 = VERTEX_POINT('',#7763);
#7763 = CARTESIAN_POINT('',(59.400000000001,-17.1,63.566028663114));
#7764 = SURFACE_CURVE('',#7765,(#7770,#7777),.PCURVE_S1.);
#7765 = CIRCLE('',#7766,87.);
#7766 = AXIS2_PLACEMENT_3D('',#7767,#7768,#7769);
#7767 = CARTESIAN_POINT('',(0.,-17.1,0.));
#7768 = DIRECTION('',(0.,1.,0.));
#7769 = DIRECTION('',(0.,-0.,1.));
#7770 = PCURVE('',#93,#7771);
#7771 = DEFINITIONAL_REPRESENTATION('',(#7772),#7776);
#7772 = CIRCLE('',#7773,87.);
#7773 = AXIS2_PLACEMENT_2D('',#7774,#7775);
#7774 = CARTESIAN_POINT('',(0.,0.));
#7775 = DIRECTION('',(1.,0.));
#7776 = ( GEOMETRIC_REPRESENTATION_CONTEXT(2) 
PARAMETRIC_REPRESENTATION_CONTEXT() REPRESENTATION_CONTEXT('2D SPACE',''
  ) );
#7777 = PCURVE('',#1166,#7778);
#7778 = DEFINITIONAL_REPRESENTATION('',(#7779),#7783);
#7779 = LINE('',#7780,#7781);
#7780 = CARTESIAN_POINT('',(0.,1.E-01));
#7781 = VECTOR('',#7782,1.);
#7782 = DIRECTION('',(1.,0.));
#7783 = ( GEOMETRIC_REPRESENTATION_CONTEXT(2) 
PARAMETRIC_REPRESENTATION_CONTEXT() REPRESENTATION_CONTEXT('2D SPACE',''
  ) );
#7784 = ORIENTED_EDGE('',*,*,#7785,.F.);
#7785 = EDGE_CURVE('',#7786,#7760,#7788,.T.);
#7786 = VERTEX_POINT('',#7787);
#7787 = CARTESIAN_POINT('',(54.6,-17.1,0.6));
#7788 = SURFACE_CURVE('',#7789,(#7793,#7800),.PCURVE_S1.);
#7789 = LINE('',#7790,#7791);
#7790 = CARTESIAN_POINT('',(54.6,-17.1,-90.));
#7791 = VECTOR('',#7792,1.);
#7792 = DIRECTION('',(0.,0.,1.));
#7793 = PCURVE('',#93,#7794);
#7794 = DEFINITIONAL_REPRESENTATION('',(#7795),#7799);
#7795 = LINE('',#7796,#7797);
#7796 = CARTESIAN_POINT('',(-90.,54.6));
#7797 = VECTOR('',#7798,1.);
#7798 = DIRECTION('',(1.,0.));
#7799 = ( GEOMETRIC_REPRESENTATION_CONTEXT(2) 
PARAMETRIC_REPRESENTATION_CONTEXT() REPRESENTATION_CONTEXT('2D SPACE',''
  ) );
#7800 = PCURVE('',#1194,#7801);
#7801 = DEFINITIONAL_REPRESENTATION('',(#7802),#7806);
#7802 = LINE('',#7803,#7804);
#7803 = CARTESIAN_POINT('',(0.,0.));
#7804 = VECTOR('',#7805,1.);
#7805 = DIRECTION('',(1.,0.));
#7806 = ( GEOMETRIC_REPRESENTATION_CONTEXT(2) 
PARAMETRIC_REPRESENTATION_CONTEXT() REPRESENTATION_CONTEXT('2D SPACE',''
  ) );
#7807 = ORIENTED_EDGE('',*,*,#7808,.T.);
#7808 = EDGE_CURVE('',#7786,#7809,#7811,.T.);
#7809 = VERTEX_POINT('',#7810);
#7810 = CARTESIAN_POINT('',(59.4,-17.1,0.6));
#7811 = SURFACE_CURVE('',#7812,(#7816,#7823),.PCURVE_S1.);
#7812 = LINE('',#7813,#7814);
#7813 = CARTESIAN_POINT('',(-95.,-17.1,0.6));
#7814 = VECTOR('',#7815,1.);
#7815 = DIRECTION('',(1.,0.,0.));
#7816 = PCURVE('',#93,#7817);
#7817 = DEFINITIONAL_REPRESENTATION('',(#7818),#7822);
#7818 = LINE('',#7819,#7820);
#7819 = CARTESIAN_POINT('',(0.6,-95.));
#7820 = VECTOR('',#7821,1.);
#7821 = DIRECTION('',(0.,1.));
#7822 = ( GEOMETRIC_REPRESENTATION_CONTEXT(2) 
PARAMETRIC_REPRESENTATION_CONTEXT() REPRESENTATION_CONTEXT('2D SPACE',''
  ) );
#7823 = PCURVE('',#1222,#7824);
#7824 = DEFINITIONAL_REPRESENTATION('',(#7825),#7829);
#7825 = LINE('',#7826,#7827);
#7826 = CARTESIAN_POINT('',(0.,0.));
#7827 = VECTOR('',#7828,1.);
#7828 = DIRECTION('',(1.,0.));
#7829 = ( GEOMETRIC_REPRESENTATION_CONTEXT(2) 
PARAMETRIC_REPRESENTATION_CONTEXT() REPRESENTATION_CONTEXT('2D SPACE',''
  ) );
#7830 = ORIENTED_EDGE('',*,*,#7831,.T.);
#7831 = EDGE_CURVE('',#7809,#7762,#7832,.T.);
#7832 = SURFACE_CURVE('',#7833,(#7837,#7844),.PCURVE_S1.);
#7833 = LINE('',#7834,#7835);
#7834 = CARTESIAN_POINT('',(59.4,-17.1,-90.));
#7835 = VECTOR('',#7836,1.);
#7836 = DIRECTION('',(0.,0.,1.));
#7837 = PCURVE('',#93,#7838);
#7838 = DEFINITIONAL_REPRESENTATION('',(#7839),#7843);
#7839 = LINE('',#7840,#7841);
#7840 = CARTESIAN_POINT('',(-90.,59.4));
#7841 = VECTOR('',#7842,1.);
#7842 = DIRECTION('',(1.,0.));
#7843 = ( GEOMETRIC_REPRESENTATION_CONTEXT(2) 
PARAMETRIC_REPRESENTATION_CONTEXT() REPRESENTATION_CONTEXT('2D SPACE',''
  ) );
#7844 = PCURVE('',#1248,#7845);
#7845 = DEFINITIONAL_REPRESENTATION('',(#7846),#7850);
#7846 = LINE('',#7847,#7848);
#7847 = CARTESIAN_POINT('',(0.,0.));
#7848 = VECTOR('',#7849,1.);
#7849 = DIRECTION('',(1.,0.));
#7850 = ( GEOMETRIC_REPRESENTATION_CONTEXT(2) 
PARAMETRIC_REPRESENTATION_CONTEXT() REPRESENTATION_CONTEXT('2D SPACE',''
  ) );
#7851 = FACE_BOUND('',#7852,.F.);
#7852 = EDGE_LOOP('',(#7853,#7879,#7902,#7925));
#7853 = ORIENTED_EDGE('',*,*,#7854,.F.);
#7854 = EDGE_CURVE('',#7855,#7857,#7859,.T.);
#7855 = VERTEX_POINT('',#7856);
#7856 = CARTESIAN_POINT('',(60.600000000002,-17.1,62.423072657468));
#7857 = VERTEX_POINT('',#7858);
#7858 = CARTESIAN_POINT('',(65.400000000002,-17.1,57.374558821829));
#7859 = SURFACE_CURVE('',#7860,(#7865,#7872),.PCURVE_S1.);
#7860 = CIRCLE('',#7861,87.);
#7861 = AXIS2_PLACEMENT_3D('',#7862,#7863,#7864);
#7862 = CARTESIAN_POINT('',(0.,-17.1,0.));
#7863 = DIRECTION('',(0.,1.,0.));
#7864 = DIRECTION('',(0.,-0.,1.));
#7865 = PCURVE('',#93,#7866);
#7866 = DEFINITIONAL_REPRESENTATION('',(#7867),#7871);
#7867 = CIRCLE('',#7868,87.);
#7868 = AXIS2_PLACEMENT_2D('',#7869,#7870);
#7869 = CARTESIAN_POINT('',(0.,0.));
#7870 = DIRECTION('',(1.,0.));
#7871 = ( GEOMETRIC_REPRESENTATION_CONTEXT(2) 
PARAMETRIC_REPRESENTATION_CONTEXT() REPRESENTATION_CONTEXT('2D SPACE',''
  ) );
#7872 = PCURVE('',#1281,#7873);
#7873 = DEFINITIONAL_REPRESENTATION('',(#7874),#7878);
#7874 = LINE('',#7875,#7876);
#7875 = CARTESIAN_POINT('',(0.,1.E-01));
#7876 = VECTOR('',#7877,1.);
#7877 = DIRECTION('',(1.,0.));
#7878 = ( GEOMETRIC_REPRESENTATION_CONTEXT(2) 
PARAMETRIC_REPRESENTATION_CONTEXT() REPRESENTATION_CONTEXT('2D SPACE',''
  ) );
#7879 = ORIENTED_EDGE('',*,*,#7880,.F.);
#7880 = EDGE_CURVE('',#7881,#7855,#7883,.T.);
#7881 = VERTEX_POINT('',#7882);
#7882 = CARTESIAN_POINT('',(60.6,-17.1,0.6));
#7883 = SURFACE_CURVE('',#7884,(#7888,#7895),.PCURVE_S1.);
#7884 = LINE('',#7885,#7886);
#7885 = CARTESIAN_POINT('',(60.6,-17.1,-90.));
#7886 = VECTOR('',#7887,1.);
#7887 = DIRECTION('',(0.,0.,1.));
#7888 = PCURVE('',#93,#7889);
#7889 = DEFINITIONAL_REPRESENTATION('',(#7890),#7894);
#7890 = LINE('',#7891,#7892);
#7891 = CARTESIAN_POINT('',(-90.,60.6));
#7892 = VECTOR('',#7893,1.);
#7893 = DIRECTION('',(1.,0.));
#7894 = ( GEOMETRIC_REPRESENTATION_CONTEXT(2) 
PARAMETRIC_REPRESENTATION_CONTEXT() REPRESENTATION_CONTEXT('2D SPACE',''
  ) );
#7895 = PCURVE('',#1309,#7896);
#7896 = DEFINITIONAL_REPRESENTATION('',(#7897),#7901);
#7897 = LINE('',#7898,#7899);
#7898 = CARTESIAN_POINT('',(0.,0.));
#7899 = VECTOR('',#7900,1.);
#7900 = DIRECTION('',(1.,0.));
#7901 = ( GEOMETRIC_REPRESENTATION_CONTEXT(2) 
PARAMETRIC_REPRESENTATION_CONTEXT() REPRESENTATION_CONTEXT('2D SPACE',''
  ) );
#7902 = ORIENTED_EDGE('',*,*,#7903,.T.);
#7903 = EDGE_CURVE('',#7881,#7904,#7906,.T.);
#7904 = VERTEX_POINT('',#7905);
#7905 = CARTESIAN_POINT('',(65.4,-17.1,0.6));
#7906 = SURFACE_CURVE('',#7907,(#7911,#7918),.PCURVE_S1.);
#7907 = LINE('',#7908,#7909);
#7908 = CARTESIAN_POINT('',(-95.,-17.1,0.6));
#7909 = VECTOR('',#7910,1.);
#7910 = DIRECTION('',(1.,0.,0.));
#7911 = PCURVE('',#93,#7912);
#7912 = DEFINITIONAL_REPRESENTATION('',(#7913),#7917);
#7913 = LINE('',#7914,#7915);
#7914 = CARTESIAN_POINT('',(0.6,-95.));
#7915 = VECTOR('',#7916,1.);
#7916 = DIRECTION('',(0.,1.));
#7917 = ( GEOMETRIC_REPRESENTATION_CONTEXT(2) 
PARAMETRIC_REPRESENTATION_CONTEXT() REPRESENTATION_CONTEXT('2D SPACE',''
  ) );
#7918 = PCURVE('',#1337,#7919);
#7919 = DEFINITIONAL_REPRESENTATION('',(#7920),#7924);
#7920 = LINE('',#7921,#7922);
#7921 = CARTESIAN_POINT('',(0.,0.));
#7922 = VECTOR('',#7923,1.);
#7923 = DIRECTION('',(1.,0.));
#7924 = ( GEOMETRIC_REPRESENTATION_CONTEXT(2) 
PARAMETRIC_REPRESENTATION_CONTEXT() REPRESENTATION_CONTEXT('2D SPACE',''
  ) );
#7925 = ORIENTED_EDGE('',*,*,#7926,.T.);
#7926 = EDGE_CURVE('',#7904,#7857,#7927,.T.);
#7927 = SURFACE_CURVE('',#7928,(#7932,#7939),.PCURVE_S1.);
#7928 = LINE('',#7929,#7930);
#7929 = CARTESIAN_POINT('',(65.4,-17.1,-90.));
#7930 = VECTOR('',#7931,1.);
#7931 = DIRECTION('',(0.,0.,1.));
#7932 = PCURVE('',#93,#7933);
#7933 = DEFINITIONAL_REPRESENTATION('',(#7934),#7938);
#7934 = LINE('',#7935,#7936);
#7935 = CARTESIAN_POINT('',(-90.,65.4));
#7936 = VECTOR('',#7937,1.);
#7937 = DIRECTION('',(1.,0.));
#7938 = ( GEOMETRIC_REPRESENTATION_CONTEXT(2) 
PARAMETRIC_REPRESENTATION_CONTEXT() REPRESENTATION_CONTEXT('2D SPACE',''
  ) );
#7939 = PCURVE('',#1363,#7940);
#7940 = DEFINITIONAL_REPRESENTATION('',(#7941),#7945);
#7941 = LINE('',#7942,#7943);
#7942 = CARTESIAN_POINT('',(0.,0.));
#7943 = VECTOR('',#7944,1.);
#7944 = DIRECTION('',(1.,0.));
#7945 = ( GEOMETRIC_REPRESENTATION_CONTEXT(2) 
PARAMETRIC_REPRESENTATION_CONTEXT() REPRESENTATION_CONTEXT('2D SPACE',''
  ) );
#7946 = FACE_BOUND('',#7947,.F.);
#7947 = EDGE_LOOP('',(#7948,#7974,#7997,#8020));
#7948 = ORIENTED_EDGE('',*,*,#7949,.F.);
#7949 = EDGE_CURVE('',#7950,#7952,#7954,.T.);
#7950 = VERTEX_POINT('',#7951);
#7951 = CARTESIAN_POINT('',(66.599999999999,-17.1,55.977138190516));
#7952 = VERTEX_POINT('',#7953);
#7953 = CARTESIAN_POINT('',(71.399999999999,-17.1,49.709556425301));
#7954 = SURFACE_CURVE('',#7955,(#7960,#7967),.PCURVE_S1.);
#7955 = CIRCLE('',#7956,87.);
#7956 = AXIS2_PLACEMENT_3D('',#7957,#7958,#7959);
#7957 = CARTESIAN_POINT('',(0.,-17.1,0.));
#7958 = DIRECTION('',(0.,1.,0.));
#7959 = DIRECTION('',(0.,-0.,1.));
#7960 = PCURVE('',#93,#7961);
#7961 = DEFINITIONAL_REPRESENTATION('',(#7962),#7966);
#7962 = CIRCLE('',#7963,87.);
#7963 = AXIS2_PLACEMENT_2D('',#7964,#7965);
#7964 = CARTESIAN_POINT('',(0.,0.));
#7965 = DIRECTION('',(1.,0.));
#7966 = ( GEOMETRIC_REPRESENTATION_CONTEXT(2) 
PARAMETRIC_REPRESENTATION_CONTEXT() REPRESENTATION_CONTEXT('2D SPACE',''
  ) );
#7967 = PCURVE('',#1396,#7968);
#7968 = DEFINITIONAL_REPRESENTATION('',(#7969),#7973);
#7969 = LINE('',#7970,#7971);
#7970 = CARTESIAN_POINT('',(0.,1.E-01));
#7971 = VECTOR('',#7972,1.);
#7972 = DIRECTION('',(1.,0.));
#7973 = ( GEOMETRIC_REPRESENTATION_CONTEXT(2) 
PARAMETRIC_REPRESENTATION_CONTEXT() REPRESENTATION_CONTEXT('2D SPACE',''
  ) );
#7974 = ORIENTED_EDGE('',*,*,#7975,.F.);
#7975 = EDGE_CURVE('',#7976,#7950,#7978,.T.);
#7976 = VERTEX_POINT('',#7977);
#7977 = CARTESIAN_POINT('',(66.6,-17.1,0.6));
#7978 = SURFACE_CURVE('',#7979,(#7983,#7990),.PCURVE_S1.);
#7979 = LINE('',#7980,#7981);
#7980 = CARTESIAN_POINT('',(66.6,-17.1,-90.));
#7981 = VECTOR('',#7982,1.);
#7982 = DIRECTION('',(0.,0.,1.));
#7983 = PCURVE('',#93,#7984);
#7984 = DEFINITIONAL_REPRESENTATION('',(#7985),#7989);
#7985 = LINE('',#7986,#7987);
#7986 = CARTESIAN_POINT('',(-90.,66.6));
#7987 = VECTOR('',#7988,1.);
#7988 = DIRECTION('',(1.,0.));
#7989 = ( GEOMETRIC_REPRESENTATION_CONTEXT(2) 
PARAMETRIC_REPRESENTATION_CONTEXT() REPRESENTATION_CONTEXT('2D SPACE',''
  ) );
#7990 = PCURVE('',#1424,#7991);
#7991 = DEFINITIONAL_REPRESENTATION('',(#7992),#7996);
#7992 = LINE('',#7993,#7994);
#7993 = CARTESIAN_POINT('',(0.,0.));
#7994 = VECTOR('',#7995,1.);
#7995 = DIRECTION('',(1.,0.));
#7996 = ( GEOMETRIC_REPRESENTATION_CONTEXT(2) 
PARAMETRIC_REPRESENTATION_CONTEXT() REPRESENTATION_CONTEXT('2D SPACE',''
  ) );
#7997 = ORIENTED_EDGE('',*,*,#7998,.T.);
#7998 = EDGE_CURVE('',#7976,#7999,#8001,.T.);
#7999 = VERTEX_POINT('',#8000);
#8000 = CARTESIAN_POINT('',(71.4,-17.1,0.6));
#8001 = SURFACE_CURVE('',#8002,(#8006,#8013),.PCURVE_S1.);
#8002 = LINE('',#8003,#8004);
#8003 = CARTESIAN_POINT('',(-95.,-17.1,0.6));
#8004 = VECTOR('',#8005,1.);
#8005 = DIRECTION('',(1.,0.,0.));
#8006 = PCURVE('',#93,#8007);
#8007 = DEFINITIONAL_REPRESENTATION('',(#8008),#8012);
#8008 = LINE('',#8009,#8010);
#8009 = CARTESIAN_POINT('',(0.6,-95.));
#8010 = VECTOR('',#8011,1.);
#8011 = DIRECTION('',(0.,1.));
#8012 = ( GEOMETRIC_REPRESENTATION_CONTEXT(2) 
PARAMETRIC_REPRESENTATION_CONTEXT() REPRESENTATION_CONTEXT('2D SPACE',''
  ) );
#8013 = PCURVE('',#1452,#8014);
#8014 = DEFINITIONAL_REPRESENTATION('',(#8015),#8019);
#8015 = LINE('',#8016,#8017);
#8016 = CARTESIAN_POINT('',(0.,0.));
#8017 = VECTOR('',#8018,1.);
#8018 = DIRECTION('',(1.,0.));
#8019 = ( GEOMETRIC_REPRESENTATION_CONTEXT(2) 
PARAMETRIC_REPRESENTATION_CONTEXT() REPRESENTATION_CONTEXT('2D SPACE',''
  ) );
#8020 = ORIENTED_EDGE('',*,*,#8021,.T.);
#8021 = EDGE_CURVE('',#7999,#7952,#8022,.T.);
#8022 = SURFACE_CURVE('',#8023,(#8027,#8034),.PCURVE_S1.);
#8023 = LINE('',#8024,#8025);
#8024 = CARTESIAN_POINT('',(71.4,-17.1,-90.));
#8025 = VECTOR('',#8026,1.);
#8026 = DIRECTION('',(0.,0.,1.));
#8027 = PCURVE('',#93,#8028);
#8028 = DEFINITIONAL_REPRESENTATION('',(#8029),#8033);
#8029 = LINE('',#8030,#8031);
#8030 = CARTESIAN_POINT('',(-90.,71.4));
#8031 = VECTOR('',#8032,1.);
#8032 = DIRECTION('',(1.,0.));
#8033 = ( GEOMETRIC_REPRESENTATION_CONTEXT(2) 
PARAMETRIC_REPRESENTATION_CONTEXT() REPRESENTATION_CONTEXT('2D SPACE',''
  ) );
#8034 = PCURVE('',#1478,#8035);
#8035 = DEFINITIONAL_REPRESENTATION('',(#8036),#8040);
#8036 = LINE('',#8037,#8038);
#8037 = CARTESIAN_POINT('',(0.,0.));
#8038 = VECTOR('',#8039,1.);
#8039 = DIRECTION('',(1.,0.));
#8040 = ( GEOMETRIC_REPRESENTATION_CONTEXT(2) 
PARAMETRIC_REPRESENTATION_CONTEXT() REPRESENTATION_CONTEXT('2D SPACE',''
  ) );
#8041 = FACE_BOUND('',#8042,.F.);
#8042 = EDGE_LOOP('',(#8043,#8069,#8092,#8115));
#8043 = ORIENTED_EDGE('',*,*,#8044,.F.);
#8044 = EDGE_CURVE('',#8045,#8047,#8049,.T.);
#8045 = VERTEX_POINT('',#8046);
#8046 = CARTESIAN_POINT('',(72.600000000002,-17.1,47.939962453047));
#8047 = VERTEX_POINT('',#8048);
#8048 = CARTESIAN_POINT('',(77.400000000001,-17.1,39.72706885739));
#8049 = SURFACE_CURVE('',#8050,(#8055,#8062),.PCURVE_S1.);
#8050 = CIRCLE('',#8051,87.);
#8051 = AXIS2_PLACEMENT_3D('',#8052,#8053,#8054);
#8052 = CARTESIAN_POINT('',(0.,-17.1,0.));
#8053 = DIRECTION('',(0.,1.,0.));
#8054 = DIRECTION('',(0.,-0.,1.));
#8055 = PCURVE('',#93,#8056);
#8056 = DEFINITIONAL_REPRESENTATION('',(#8057),#8061);
#8057 = CIRCLE('',#8058,87.);
#8058 = AXIS2_PLACEMENT_2D('',#8059,#8060);
#8059 = CARTESIAN_POINT('',(0.,0.));
#8060 = DIRECTION('',(1.,0.));
#8061 = ( GEOMETRIC_REPRESENTATION_CONTEXT(2) 
PARAMETRIC_REPRESENTATION_CONTEXT() REPRESENTATION_CONTEXT('2D SPACE',''
  ) );
#8062 = PCURVE('',#1511,#8063);
#8063 = DEFINITIONAL_REPRESENTATION('',(#8064),#8068);
#8064 = LINE('',#8065,#8066);
#8065 = CARTESIAN_POINT('',(0.,1.E-01));
#8066 = VECTOR('',#8067,1.);
#8067 = DIRECTION('',(1.,0.));
#8068 = ( GEOMETRIC_REPRESENTATION_CONTEXT(2) 
PARAMETRIC_REPRESENTATION_CONTEXT() REPRESENTATION_CONTEXT('2D SPACE',''
  ) );
#8069 = ORIENTED_EDGE('',*,*,#8070,.F.);
#8070 = EDGE_CURVE('',#8071,#8045,#8073,.T.);
#8071 = VERTEX_POINT('',#8072);
#8072 = CARTESIAN_POINT('',(72.6,-17.1,0.6));
#8073 = SURFACE_CURVE('',#8074,(#8078,#8085),.PCURVE_S1.);
#8074 = LINE('',#8075,#8076);
#8075 = CARTESIAN_POINT('',(72.6,-17.1,-90.));
#8076 = VECTOR('',#8077,1.);
#8077 = DIRECTION('',(0.,0.,1.));
#8078 = PCURVE('',#93,#8079);
#8079 = DEFINITIONAL_REPRESENTATION('',(#8080),#8084);
#8080 = LINE('',#8081,#8082);
#8081 = CARTESIAN_POINT('',(-90.,72.6));
#8082 = VECTOR('',#8083,1.);
#8083 = DIRECTION('',(1.,0.));
#8084 = ( GEOMETRIC_REPRESENTATION_CONTEXT(2) 
PARAMETRIC_REPRESENTATION_CONTEXT() REPRESENTATION_CONTEXT('2D SPACE',''
  ) );
#8085 = PCURVE('',#1539,#8086);
#8086 = DEFINITIONAL_REPRESENTATION('',(#8087),#8091);
#8087 = LINE('',#8088,#8089);
#8088 = CARTESIAN_POINT('',(0.,0.));
#8089 = VECTOR('',#8090,1.);
#8090 = DIRECTION('',(1.,0.));
#8091 = ( GEOMETRIC_REPRESENTATION_CONTEXT(2) 
PARAMETRIC_REPRESENTATION_CONTEXT() REPRESENTATION_CONTEXT('2D SPACE',''
  ) );
#8092 = ORIENTED_EDGE('',*,*,#8093,.T.);
#8093 = EDGE_CURVE('',#8071,#8094,#8096,.T.);
#8094 = VERTEX_POINT('',#8095);
#8095 = CARTESIAN_POINT('',(77.4,-17.1,0.6));
#8096 = SURFACE_CURVE('',#8097,(#8101,#8108),.PCURVE_S1.);
#8097 = LINE('',#8098,#8099);
#8098 = CARTESIAN_POINT('',(-95.,-17.1,0.6));
#8099 = VECTOR('',#8100,1.);
#8100 = DIRECTION('',(1.,0.,0.));
#8101 = PCURVE('',#93,#8102);
#8102 = DEFINITIONAL_REPRESENTATION('',(#8103),#8107);
#8103 = LINE('',#8104,#8105);
#8104 = CARTESIAN_POINT('',(0.6,-95.));
#8105 = VECTOR('',#8106,1.);
#8106 = DIRECTION('',(0.,1.));
#8107 = ( GEOMETRIC_REPRESENTATION_CONTEXT(2) 
PARAMETRIC_REPRESENTATION_CONTEXT() REPRESENTATION_CONTEXT('2D SPACE',''
  ) );
#8108 = PCURVE('',#1567,#8109);
#8109 = DEFINITIONAL_REPRESENTATION('',(#8110),#8114);
#8110 = LINE('',#8111,#8112);
#8111 = CARTESIAN_POINT('',(0.,0.));
#8112 = VECTOR('',#8113,1.);
#8113 = DIRECTION('',(1.,0.));
#8114 = ( GEOMETRIC_REPRESENTATION_CONTEXT(2) 
PARAMETRIC_REPRESENTATION_CONTEXT() REPRESENTATION_CONTEXT('2D SPACE',''
  ) );
#8115 = ORIENTED_EDGE('',*,*,#8116,.T.);
#8116 = EDGE_CURVE('',#8094,#8047,#8117,.T.);
#8117 = SURFACE_CURVE('',#8118,(#8122,#8129),.PCURVE_S1.);
#8118 = LINE('',#8119,#8120);
#8119 = CARTESIAN_POINT('',(77.4,-17.1,-90.));
#8120 = VECTOR('',#8121,1.);
#8121 = DIRECTION('',(0.,0.,1.));
#8122 = PCURVE('',#93,#8123);
#8123 = DEFINITIONAL_REPRESENTATION('',(#8124),#8128);
#8124 = LINE('',#8125,#8126);
#8125 = CARTESIAN_POINT('',(-90.,77.4));
#8126 = VECTOR('',#8127,1.);
#8127 = DIRECTION('',(1.,0.));
#8128 = ( GEOMETRIC_REPRESENTATION_CONTEXT(2) 
PARAMETRIC_REPRESENTATION_CONTEXT() REPRESENTATION_CONTEXT('2D SPACE',''
  ) );
#8129 = PCURVE('',#1593,#8130);
#8130 = DEFINITIONAL_REPRESENTATION('',(#8131),#8135);
#8131 = LINE('',#8132,#8133);
#8132 = CARTESIAN_POINT('',(0.,0.));
#8133 = VECTOR('',#8134,1.);
#8134 = DIRECTION('',(1.,0.));
#8135 = ( GEOMETRIC_REPRESENTATION_CONTEXT(2) 
PARAMETRIC_REPRESENTATION_CONTEXT() REPRESENTATION_CONTEXT('2D SPACE',''
  ) );
#8136 = FACE_BOUND('',#8137,.F.);
#8137 = EDGE_LOOP('',(#8138,#8164,#8187,#8210));
#8138 = ORIENTED_EDGE('',*,*,#8139,.F.);
#8139 = EDGE_CURVE('',#8140,#8142,#8144,.T.);
#8140 = VERTEX_POINT('',#8141);
#8141 = CARTESIAN_POINT('',(78.6,-17.1,37.296648643008));
#8142 = VERTEX_POINT('',#8143);
#8143 = CARTESIAN_POINT('',(83.399999999999,-17.1,24.767720928665));
#8144 = SURFACE_CURVE('',#8145,(#8150,#8157),.PCURVE_S1.);
#8145 = CIRCLE('',#8146,87.);
#8146 = AXIS2_PLACEMENT_3D('',#8147,#8148,#8149);
#8147 = CARTESIAN_POINT('',(0.,-17.1,0.));
#8148 = DIRECTION('',(0.,1.,0.));
#8149 = DIRECTION('',(0.,-0.,1.));
#8150 = PCURVE('',#93,#8151);
#8151 = DEFINITIONAL_REPRESENTATION('',(#8152),#8156);
#8152 = CIRCLE('',#8153,87.);
#8153 = AXIS2_PLACEMENT_2D('',#8154,#8155);
#8154 = CARTESIAN_POINT('',(0.,0.));
#8155 = DIRECTION('',(1.,0.));
#8156 = ( GEOMETRIC_REPRESENTATION_CONTEXT(2) 
PARAMETRIC_REPRESENTATION_CONTEXT() REPRESENTATION_CONTEXT('2D SPACE',''
  ) );
#8157 = PCURVE('',#1626,#8158);
#8158 = DEFINITIONAL_REPRESENTATION('',(#8159),#8163);
#8159 = LINE('',#8160,#8161);
#8160 = CARTESIAN_POINT('',(0.,1.E-01));
#8161 = VECTOR('',#8162,1.);
#8162 = DIRECTION('',(1.,0.));
#8163 = ( GEOMETRIC_REPRESENTATION_CONTEXT(2) 
PARAMETRIC_REPRESENTATION_CONTEXT() REPRESENTATION_CONTEXT('2D SPACE',''
  ) );
#8164 = ORIENTED_EDGE('',*,*,#8165,.F.);
#8165 = EDGE_CURVE('',#8166,#8140,#8168,.T.);
#8166 = VERTEX_POINT('',#8167);
#8167 = CARTESIAN_POINT('',(78.6,-17.1,0.6));
#8168 = SURFACE_CURVE('',#8169,(#8173,#8180),.PCURVE_S1.);
#8169 = LINE('',#8170,#8171);
#8170 = CARTESIAN_POINT('',(78.6,-17.1,-90.));
#8171 = VECTOR('',#8172,1.);
#8172 = DIRECTION('',(0.,0.,1.));
#8173 = PCURVE('',#93,#8174);
#8174 = DEFINITIONAL_REPRESENTATION('',(#8175),#8179);
#8175 = LINE('',#8176,#8177);
#8176 = CARTESIAN_POINT('',(-90.,78.6));
#8177 = VECTOR('',#8178,1.);
#8178 = DIRECTION('',(1.,0.));
#8179 = ( GEOMETRIC_REPRESENTATION_CONTEXT(2) 
PARAMETRIC_REPRESENTATION_CONTEXT() REPRESENTATION_CONTEXT('2D SPACE',''
  ) );
#8180 = PCURVE('',#1654,#8181);
#8181 = DEFINITIONAL_REPRESENTATION('',(#8182),#8186);
#8182 = LINE('',#8183,#8184);
#8183 = CARTESIAN_POINT('',(0.,0.));
#8184 = VECTOR('',#8185,1.);
#8185 = DIRECTION('',(1.,0.));
#8186 = ( GEOMETRIC_REPRESENTATION_CONTEXT(2) 
PARAMETRIC_REPRESENTATION_CONTEXT() REPRESENTATION_CONTEXT('2D SPACE',''
  ) );
#8187 = ORIENTED_EDGE('',*,*,#8188,.T.);
#8188 = EDGE_CURVE('',#8166,#8189,#8191,.T.);
#8189 = VERTEX_POINT('',#8190);
#8190 = CARTESIAN_POINT('',(83.4,-17.1,0.6));
#8191 = SURFACE_CURVE('',#8192,(#8196,#8203),.PCURVE_S1.);
#8192 = LINE('',#8193,#8194);
#8193 = CARTESIAN_POINT('',(-95.,-17.1,0.6));
#8194 = VECTOR('',#8195,1.);
#8195 = DIRECTION('',(1.,0.,0.));
#8196 = PCURVE('',#93,#8197);
#8197 = DEFINITIONAL_REPRESENTATION('',(#8198),#8202);
#8198 = LINE('',#8199,#8200);
#8199 = CARTESIAN_POINT('',(0.6,-95.));
#8200 = VECTOR('',#8201,1.);
#8201 = DIRECTION('',(0.,1.));
#8202 = ( GEOMETRIC_REPRESENTATION_CONTEXT(2) 
PARAMETRIC_REPRESENTATION_CONTEXT() REPRESENTATION_CONTEXT('2D SPACE',''
  ) );
#8203 = PCURVE('',#1682,#8204);
#8204 = DEFINITIONAL_REPRESENTATION('',(#8205),#8209);
#8205 = LINE('',#8206,#8207);
#8206 = CARTESIAN_POINT('',(0.,0.));
#8207 = VECTOR('',#8208,1.);
#8208 = DIRECTION('',(1.,0.));
#8209 = ( GEOMETRIC_REPRESENTATION_CONTEXT(2) 
PARAMETRIC_REPRESENTATION_CONTEXT() REPRESENTATION_CONTEXT('2D SPACE',''
  ) );
#8210 = ORIENTED_EDGE('',*,*,#8211,.T.);
#8211 = EDGE_CURVE('',#8189,#8142,#8212,.T.);
#8212 = SURFACE_CURVE('',#8213,(#8217,#8224),.PCURVE_S1.);
#8213 = LINE('',#8214,#8215);
#8214 = CARTESIAN_POINT('',(83.4,-17.1,-90.));
#8215 = VECTOR('',#8216,1.);
#8216 = DIRECTION('',(0.,0.,1.));
#8217 = PCURVE('',#93,#8218);
#8218 = DEFINITIONAL_REPRESENTATION('',(#8219),#8223);
#8219 = LINE('',#8220,#8221);
#8220 = CARTESIAN_POINT('',(-90.,83.4));
#8221 = VECTOR('',#8222,1.);
#8222 = DIRECTION('',(1.,0.));
#8223 = ( GEOMETRIC_REPRESENTATION_CONTEXT(2) 
PARAMETRIC_REPRESENTATION_CONTEXT() REPRESENTATION_CONTEXT('2D SPACE',''
  ) );
#8224 = PCURVE('',#1708,#8225);
#8225 = DEFINITIONAL_REPRESENTATION('',(#8226),#8230);
#8226 = LINE('',#8227,#8228);
#8227 = CARTESIAN_POINT('',(0.,0.));
#8228 = VECTOR('',#8229,1.);
#8229 = DIRECTION('',(1.,0.));
#8230 = ( GEOMETRIC_REPRESENTATION_CONTEXT(2) 
PARAMETRIC_REPRESENTATION_CONTEXT() REPRESENTATION_CONTEXT('2D SPACE',''
  ) );
#8231 = FACE_BOUND('',#8232,.F.);
#8232 = EDGE_LOOP('',(#8233,#8259,#8282));
#8233 = ORIENTED_EDGE('',*,*,#8234,.F.);
#8234 = EDGE_CURVE('',#8235,#8237,#8239,.T.);
#8235 = VERTEX_POINT('',#8236);
#8236 = CARTESIAN_POINT('',(84.6,-17.1,20.293841430344));
#8237 = VERTEX_POINT('',#8238);
#8238 = CARTESIAN_POINT('',(86.997931009881,-17.1,0.600000000001));
#8239 = SURFACE_CURVE('',#8240,(#8245,#8252),.PCURVE_S1.);
#8240 = CIRCLE('',#8241,87.);
#8241 = AXIS2_PLACEMENT_3D('',#8242,#8243,#8244);
#8242 = CARTESIAN_POINT('',(0.,-17.1,0.));
#8243 = DIRECTION('',(0.,1.,0.));
#8244 = DIRECTION('',(0.,-0.,1.));
#8245 = PCURVE('',#93,#8246);
#8246 = DEFINITIONAL_REPRESENTATION('',(#8247),#8251);
#8247 = CIRCLE('',#8248,87.);
#8248 = AXIS2_PLACEMENT_2D('',#8249,#8250);
#8249 = CARTESIAN_POINT('',(0.,0.));
#8250 = DIRECTION('',(1.,0.));
#8251 = ( GEOMETRIC_REPRESENTATION_CONTEXT(2) 
PARAMETRIC_REPRESENTATION_CONTEXT() REPRESENTATION_CONTEXT('2D SPACE',''
  ) );
#8252 = PCURVE('',#1741,#8253);
#8253 = DEFINITIONAL_REPRESENTATION('',(#8254),#8258);
#8254 = LINE('',#8255,#8256);
#8255 = CARTESIAN_POINT('',(0.,1.E-01));
#8256 = VECTOR('',#8257,1.);
#8257 = DIRECTION('',(1.,0.));
#8258 = ( GEOMETRIC_REPRESENTATION_CONTEXT(2) 
PARAMETRIC_REPRESENTATION_CONTEXT() REPRESENTATION_CONTEXT('2D SPACE',''
  ) );
#8259 = ORIENTED_EDGE('',*,*,#8260,.F.);
#8260 = EDGE_CURVE('',#8261,#8235,#8263,.T.);
#8261 = VERTEX_POINT('',#8262);
#8262 = CARTESIAN_POINT('',(84.6,-17.1,0.6));
#8263 = SURFACE_CURVE('',#8264,(#8268,#8275),.PCURVE_S1.);
#8264 = LINE('',#8265,#8266);
#8265 = CARTESIAN_POINT('',(84.6,-17.1,-90.));
#8266 = VECTOR('',#8267,1.);
#8267 = DIRECTION('',(0.,0.,1.));
#8268 = PCURVE('',#93,#8269);
#8269 = DEFINITIONAL_REPRESENTATION('',(#8270),#8274);
#8270 = LINE('',#8271,#8272);
#8271 = CARTESIAN_POINT('',(-90.,84.6));
#8272 = VECTOR('',#8273,1.);
#8273 = DIRECTION('',(1.,0.));
#8274 = ( GEOMETRIC_REPRESENTATION_CONTEXT(2) 
PARAMETRIC_REPRESENTATION_CONTEXT() REPRESENTATION_CONTEXT('2D SPACE',''
  ) );
#8275 = PCURVE('',#1769,#8276);
#8276 = DEFINITIONAL_REPRESENTATION('',(#8277),#8281);
#8277 = LINE('',#8278,#8279);
#8278 = CARTESIAN_POINT('',(0.,0.));
#8279 = VECTOR('',#8280,1.);
#8280 = DIRECTION('',(1.,0.));
#8281 = ( GEOMETRIC_REPRESENTATION_CONTEXT(2) 
PARAMETRIC_REPRESENTATION_CONTEXT() REPRESENTATION_CONTEXT('2D SPACE',''
  ) );
#8282 = ORIENTED_EDGE('',*,*,#8283,.T.);
#8283 = EDGE_CURVE('',#8261,#8237,#8284,.T.);
#8284 = SURFACE_CURVE('',#8285,(#8289,#8296),.PCURVE_S1.);
#8285 = LINE('',#8286,#8287);
#8286 = CARTESIAN_POINT('',(-95.,-17.1,0.6));
#8287 = VECTOR('',#8288,1.);
#8288 = DIRECTION('',(1.,0.,0.));
#8289 = PCURVE('',#93,#8290);
#8290 = DEFINITIONAL_REPRESENTATION('',(#8291),#8295);
#8291 = LINE('',#8292,#8293);
#8292 = CARTESIAN_POINT('',(0.6,-95.));
#8293 = VECTOR('',#8294,1.);
#8294 = DIRECTION('',(0.,1.));
#8295 = ( GEOMETRIC_REPRESENTATION_CONTEXT(2) 
PARAMETRIC_REPRESENTATION_CONTEXT() REPRESENTATION_CONTEXT('2D SPACE',''
  ) );
#8296 = PCURVE('',#1795,#8297);
#8297 = DEFINITIONAL_REPRESENTATION('',(#8298),#8302);
#8298 = LINE('',#8299,#8300);
#8299 = CARTESIAN_POINT('',(0.,0.));
#8300 = VECTOR('',#8301,1.);
#8301 = DIRECTION('',(1.,0.));
#8302 = ( GEOMETRIC_REPRESENTATION_CONTEXT(2) 
PARAMETRIC_REPRESENTATION_CONTEXT() REPRESENTATION_CONTEXT('2D SPACE',''
  ) );
#8303 = FACE_BOUND('',#8304,.F.);
#8304 = EDGE_LOOP('',(#8305,#8331,#8354));
#8305 = ORIENTED_EDGE('',*,*,#8306,.F.);
#8306 = EDGE_CURVE('',#8307,#8309,#8311,.T.);
#8307 = VERTEX_POINT('',#8308);
#8308 = CARTESIAN_POINT('',(86.997931009881,-17.1,-0.599999999999));
#8309 = VERTEX_POINT('',#8310);
#8310 = CARTESIAN_POINT('',(84.600000000001,-17.1,-20.29384143033));
#8311 = SURFACE_CURVE('',#8312,(#8317,#8324),.PCURVE_S1.);
#8312 = CIRCLE('',#8313,87.);
#8313 = AXIS2_PLACEMENT_3D('',#8314,#8315,#8316);
#8314 = CARTESIAN_POINT('',(0.,-17.1,0.));
#8315 = DIRECTION('',(0.,1.,0.));
#8316 = DIRECTION('',(0.,-0.,1.));
#8317 = PCURVE('',#93,#8318);
#8318 = DEFINITIONAL_REPRESENTATION('',(#8319),#8323);
#8319 = CIRCLE('',#8320,87.);
#8320 = AXIS2_PLACEMENT_2D('',#8321,#8322);
#8321 = CARTESIAN_POINT('',(0.,0.));
#8322 = DIRECTION('',(1.,0.));
#8323 = ( GEOMETRIC_REPRESENTATION_CONTEXT(2) 
PARAMETRIC_REPRESENTATION_CONTEXT() REPRESENTATION_CONTEXT('2D SPACE',''
  ) );
#8324 = PCURVE('',#1828,#8325);
#8325 = DEFINITIONAL_REPRESENTATION('',(#8326),#8330);
#8326 = LINE('',#8327,#8328);
#8327 = CARTESIAN_POINT('',(0.,1.E-01));
#8328 = VECTOR('',#8329,1.);
#8329 = DIRECTION('',(1.,0.));
#8330 = ( GEOMETRIC_REPRESENTATION_CONTEXT(2) 
PARAMETRIC_REPRESENTATION_CONTEXT() REPRESENTATION_CONTEXT('2D SPACE',''
  ) );
#8331 = ORIENTED_EDGE('',*,*,#8332,.F.);
#8332 = EDGE_CURVE('',#8333,#8307,#8335,.T.);
#8333 = VERTEX_POINT('',#8334);
#8334 = CARTESIAN_POINT('',(84.6,-17.1,-0.6));
#8335 = SURFACE_CURVE('',#8336,(#8340,#8347),.PCURVE_S1.);
#8336 = LINE('',#8337,#8338);
#8337 = CARTESIAN_POINT('',(-95.,-17.1,-0.6));
#8338 = VECTOR('',#8339,1.);
#8339 = DIRECTION('',(1.,0.,0.));
#8340 = PCURVE('',#93,#8341);
#8341 = DEFINITIONAL_REPRESENTATION('',(#8342),#8346);
#8342 = LINE('',#8343,#8344);
#8343 = CARTESIAN_POINT('',(-0.6,-95.));
#8344 = VECTOR('',#8345,1.);
#8345 = DIRECTION('',(0.,1.));
#8346 = ( GEOMETRIC_REPRESENTATION_CONTEXT(2) 
PARAMETRIC_REPRESENTATION_CONTEXT() REPRESENTATION_CONTEXT('2D SPACE',''
  ) );
#8347 = PCURVE('',#1856,#8348);
#8348 = DEFINITIONAL_REPRESENTATION('',(#8349),#8353);
#8349 = LINE('',#8350,#8351);
#8350 = CARTESIAN_POINT('',(0.,0.));
#8351 = VECTOR('',#8352,1.);
#8352 = DIRECTION('',(1.,0.));
#8353 = ( GEOMETRIC_REPRESENTATION_CONTEXT(2) 
PARAMETRIC_REPRESENTATION_CONTEXT() REPRESENTATION_CONTEXT('2D SPACE',''
  ) );
#8354 = ORIENTED_EDGE('',*,*,#8355,.F.);
#8355 = EDGE_CURVE('',#8309,#8333,#8356,.T.);
#8356 = SURFACE_CURVE('',#8357,(#8361,#8368),.PCURVE_S1.);
#8357 = LINE('',#8358,#8359);
#8358 = CARTESIAN_POINT('',(84.6,-17.1,-90.));
#8359 = VECTOR('',#8360,1.);
#8360 = DIRECTION('',(0.,0.,1.));
#8361 = PCURVE('',#93,#8362);
#8362 = DEFINITIONAL_REPRESENTATION('',(#8363),#8367);
#8363 = LINE('',#8364,#8365);
#8364 = CARTESIAN_POINT('',(-90.,84.6));
#8365 = VECTOR('',#8366,1.);
#8366 = DIRECTION('',(1.,0.));
#8367 = ( GEOMETRIC_REPRESENTATION_CONTEXT(2) 
PARAMETRIC_REPRESENTATION_CONTEXT() REPRESENTATION_CONTEXT('2D SPACE',''
  ) );
#8368 = PCURVE('',#1882,#8369);
#8369 = DEFINITIONAL_REPRESENTATION('',(#8370),#8374);
#8370 = LINE('',#8371,#8372);
#8371 = CARTESIAN_POINT('',(0.,0.));
#8372 = VECTOR('',#8373,1.);
#8373 = DIRECTION('',(1.,0.));
#8374 = ( GEOMETRIC_REPRESENTATION_CONTEXT(2) 
PARAMETRIC_REPRESENTATION_CONTEXT() REPRESENTATION_CONTEXT('2D SPACE',''
  ) );
#8375 = FACE_BOUND('',#8376,.F.);
#8376 = EDGE_LOOP('',(#8377,#8403,#8426,#8449));
#8377 = ORIENTED_EDGE('',*,*,#8378,.F.);
#8378 = EDGE_CURVE('',#8379,#8381,#8383,.T.);
#8379 = VERTEX_POINT('',#8380);
#8380 = CARTESIAN_POINT('',(83.4,-17.1,-24.76772092866));
#8381 = VERTEX_POINT('',#8382);
#8382 = CARTESIAN_POINT('',(78.599999999999,-17.1,-37.29664864301));
#8383 = SURFACE_CURVE('',#8384,(#8389,#8396),.PCURVE_S1.);
#8384 = CIRCLE('',#8385,87.);
#8385 = AXIS2_PLACEMENT_3D('',#8386,#8387,#8388);
#8386 = CARTESIAN_POINT('',(0.,-17.1,0.));
#8387 = DIRECTION('',(0.,1.,0.));
#8388 = DIRECTION('',(0.,-0.,1.));
#8389 = PCURVE('',#93,#8390);
#8390 = DEFINITIONAL_REPRESENTATION('',(#8391),#8395);
#8391 = CIRCLE('',#8392,87.);
#8392 = AXIS2_PLACEMENT_2D('',#8393,#8394);
#8393 = CARTESIAN_POINT('',(0.,0.));
#8394 = DIRECTION('',(1.,0.));
#8395 = ( GEOMETRIC_REPRESENTATION_CONTEXT(2) 
PARAMETRIC_REPRESENTATION_CONTEXT() REPRESENTATION_CONTEXT('2D SPACE',''
  ) );
#8396 = PCURVE('',#1915,#8397);
#8397 = DEFINITIONAL_REPRESENTATION('',(#8398),#8402);
#8398 = LINE('',#8399,#8400);
#8399 = CARTESIAN_POINT('',(0.,1.E-01));
#8400 = VECTOR('',#8401,1.);
#8401 = DIRECTION('',(1.,0.));
#8402 = ( GEOMETRIC_REPRESENTATION_CONTEXT(2) 
PARAMETRIC_REPRESENTATION_CONTEXT() REPRESENTATION_CONTEXT('2D SPACE',''
  ) );
#8403 = ORIENTED_EDGE('',*,*,#8404,.T.);
#8404 = EDGE_CURVE('',#8379,#8405,#8407,.T.);
#8405 = VERTEX_POINT('',#8406);
#8406 = CARTESIAN_POINT('',(83.4,-17.1,-0.6));
#8407 = SURFACE_CURVE('',#8408,(#8412,#8419),.PCURVE_S1.);
#8408 = LINE('',#8409,#8410);
#8409 = CARTESIAN_POINT('',(83.4,-17.1,-90.));
#8410 = VECTOR('',#8411,1.);
#8411 = DIRECTION('',(0.,0.,1.));
#8412 = PCURVE('',#93,#8413);
#8413 = DEFINITIONAL_REPRESENTATION('',(#8414),#8418);
#8414 = LINE('',#8415,#8416);
#8415 = CARTESIAN_POINT('',(-90.,83.4));
#8416 = VECTOR('',#8417,1.);
#8417 = DIRECTION('',(1.,0.));
#8418 = ( GEOMETRIC_REPRESENTATION_CONTEXT(2) 
PARAMETRIC_REPRESENTATION_CONTEXT() REPRESENTATION_CONTEXT('2D SPACE',''
  ) );
#8419 = PCURVE('',#1943,#8420);
#8420 = DEFINITIONAL_REPRESENTATION('',(#8421),#8425);
#8421 = LINE('',#8422,#8423);
#8422 = CARTESIAN_POINT('',(0.,0.));
#8423 = VECTOR('',#8424,1.);
#8424 = DIRECTION('',(1.,0.));
#8425 = ( GEOMETRIC_REPRESENTATION_CONTEXT(2) 
PARAMETRIC_REPRESENTATION_CONTEXT() REPRESENTATION_CONTEXT('2D SPACE',''
  ) );
#8426 = ORIENTED_EDGE('',*,*,#8427,.F.);
#8427 = EDGE_CURVE('',#8428,#8405,#8430,.T.);
#8428 = VERTEX_POINT('',#8429);
#8429 = CARTESIAN_POINT('',(78.6,-17.1,-0.6));
#8430 = SURFACE_CURVE('',#8431,(#8435,#8442),.PCURVE_S1.);
#8431 = LINE('',#8432,#8433);
#8432 = CARTESIAN_POINT('',(-95.,-17.1,-0.6));
#8433 = VECTOR('',#8434,1.);
#8434 = DIRECTION('',(1.,0.,0.));
#8435 = PCURVE('',#93,#8436);
#8436 = DEFINITIONAL_REPRESENTATION('',(#8437),#8441);
#8437 = LINE('',#8438,#8439);
#8438 = CARTESIAN_POINT('',(-0.6,-95.));
#8439 = VECTOR('',#8440,1.);
#8440 = DIRECTION('',(0.,1.));
#8441 = ( GEOMETRIC_REPRESENTATION_CONTEXT(2) 
PARAMETRIC_REPRESENTATION_CONTEXT() REPRESENTATION_CONTEXT('2D SPACE',''
  ) );
#8442 = PCURVE('',#1971,#8443);
#8443 = DEFINITIONAL_REPRESENTATION('',(#8444),#8448);
#8444 = LINE('',#8445,#8446);
#8445 = CARTESIAN_POINT('',(0.,0.));
#8446 = VECTOR('',#8447,1.);
#8447 = DIRECTION('',(1.,0.));
#8448 = ( GEOMETRIC_REPRESENTATION_CONTEXT(2) 
PARAMETRIC_REPRESENTATION_CONTEXT() REPRESENTATION_CONTEXT('2D SPACE',''
  ) );
#8449 = ORIENTED_EDGE('',*,*,#8450,.F.);
#8450 = EDGE_CURVE('',#8381,#8428,#8451,.T.);
#8451 = SURFACE_CURVE('',#8452,(#8456,#8463),.PCURVE_S1.);
#8452 = LINE('',#8453,#8454);
#8453 = CARTESIAN_POINT('',(78.6,-17.1,-90.));
#8454 = VECTOR('',#8455,1.);
#8455 = DIRECTION('',(0.,0.,1.));
#8456 = PCURVE('',#93,#8457);
#8457 = DEFINITIONAL_REPRESENTATION('',(#8458),#8462);
#8458 = LINE('',#8459,#8460);
#8459 = CARTESIAN_POINT('',(-90.,78.6));
#8460 = VECTOR('',#8461,1.);
#8461 = DIRECTION('',(1.,0.));
#8462 = ( GEOMETRIC_REPRESENTATION_CONTEXT(2) 
PARAMETRIC_REPRESENTATION_CONTEXT() REPRESENTATION_CONTEXT('2D SPACE',''
  ) );
#8463 = PCURVE('',#1997,#8464);
#8464 = DEFINITIONAL_REPRESENTATION('',(#8465),#8469);
#8465 = LINE('',#8466,#8467);
#8466 = CARTESIAN_POINT('',(0.,0.));
#8467 = VECTOR('',#8468,1.);
#8468 = DIRECTION('',(1.,0.));
#8469 = ( GEOMETRIC_REPRESENTATION_CONTEXT(2) 
PARAMETRIC_REPRESENTATION_CONTEXT() REPRESENTATION_CONTEXT('2D SPACE',''
  ) );
#8470 = FACE_BOUND('',#8471,.F.);
#8471 = EDGE_LOOP('',(#8472,#8498,#8521,#8544));
#8472 = ORIENTED_EDGE('',*,*,#8473,.F.);
#8473 = EDGE_CURVE('',#8474,#8476,#8478,.T.);
#8474 = VERTEX_POINT('',#8475);
#8475 = CARTESIAN_POINT('',(77.4,-17.1,-39.72706885739));
#8476 = VERTEX_POINT('',#8477);
#8477 = CARTESIAN_POINT('',(72.600000000001,-17.1,-47.93996245304));
#8478 = SURFACE_CURVE('',#8479,(#8484,#8491),.PCURVE_S1.);
#8479 = CIRCLE('',#8480,87.);
#8480 = AXIS2_PLACEMENT_3D('',#8481,#8482,#8483);
#8481 = CARTESIAN_POINT('',(0.,-17.1,0.));
#8482 = DIRECTION('',(0.,1.,0.));
#8483 = DIRECTION('',(0.,-0.,1.));
#8484 = PCURVE('',#93,#8485);
#8485 = DEFINITIONAL_REPRESENTATION('',(#8486),#8490);
#8486 = CIRCLE('',#8487,87.);
#8487 = AXIS2_PLACEMENT_2D('',#8488,#8489);
#8488 = CARTESIAN_POINT('',(0.,0.));
#8489 = DIRECTION('',(1.,0.));
#8490 = ( GEOMETRIC_REPRESENTATION_CONTEXT(2) 
PARAMETRIC_REPRESENTATION_CONTEXT() REPRESENTATION_CONTEXT('2D SPACE',''
  ) );
#8491 = PCURVE('',#2030,#8492);
#8492 = DEFINITIONAL_REPRESENTATION('',(#8493),#8497);
#8493 = LINE('',#8494,#8495);
#8494 = CARTESIAN_POINT('',(0.,1.E-01));
#8495 = VECTOR('',#8496,1.);
#8496 = DIRECTION('',(1.,0.));
#8497 = ( GEOMETRIC_REPRESENTATION_CONTEXT(2) 
PARAMETRIC_REPRESENTATION_CONTEXT() REPRESENTATION_CONTEXT('2D SPACE',''
  ) );
#8498 = ORIENTED_EDGE('',*,*,#8499,.T.);
#8499 = EDGE_CURVE('',#8474,#8500,#8502,.T.);
#8500 = VERTEX_POINT('',#8501);
#8501 = CARTESIAN_POINT('',(77.4,-17.1,-0.6));
#8502 = SURFACE_CURVE('',#8503,(#8507,#8514),.PCURVE_S1.);
#8503 = LINE('',#8504,#8505);
#8504 = CARTESIAN_POINT('',(77.4,-17.1,-90.));
#8505 = VECTOR('',#8506,1.);
#8506 = DIRECTION('',(0.,0.,1.));
#8507 = PCURVE('',#93,#8508);
#8508 = DEFINITIONAL_REPRESENTATION('',(#8509),#8513);
#8509 = LINE('',#8510,#8511);
#8510 = CARTESIAN_POINT('',(-90.,77.4));
#8511 = VECTOR('',#8512,1.);
#8512 = DIRECTION('',(1.,0.));
#8513 = ( GEOMETRIC_REPRESENTATION_CONTEXT(2) 
PARAMETRIC_REPRESENTATION_CONTEXT() REPRESENTATION_CONTEXT('2D SPACE',''
  ) );
#8514 = PCURVE('',#2058,#8515);
#8515 = DEFINITIONAL_REPRESENTATION('',(#8516),#8520);
#8516 = LINE('',#8517,#8518);
#8517 = CARTESIAN_POINT('',(0.,0.));
#8518 = VECTOR('',#8519,1.);
#8519 = DIRECTION('',(1.,0.));
#8520 = ( GEOMETRIC_REPRESENTATION_CONTEXT(2) 
PARAMETRIC_REPRESENTATION_CONTEXT() REPRESENTATION_CONTEXT('2D SPACE',''
  ) );
#8521 = ORIENTED_EDGE('',*,*,#8522,.F.);
#8522 = EDGE_CURVE('',#8523,#8500,#8525,.T.);
#8523 = VERTEX_POINT('',#8524);
#8524 = CARTESIAN_POINT('',(72.6,-17.1,-0.6));
#8525 = SURFACE_CURVE('',#8526,(#8530,#8537),.PCURVE_S1.);
#8526 = LINE('',#8527,#8528);
#8527 = CARTESIAN_POINT('',(-95.,-17.1,-0.6));
#8528 = VECTOR('',#8529,1.);
#8529 = DIRECTION('',(1.,0.,0.));
#8530 = PCURVE('',#93,#8531);
#8531 = DEFINITIONAL_REPRESENTATION('',(#8532),#8536);
#8532 = LINE('',#8533,#8534);
#8533 = CARTESIAN_POINT('',(-0.6,-95.));
#8534 = VECTOR('',#8535,1.);
#8535 = DIRECTION('',(0.,1.));
#8536 = ( GEOMETRIC_REPRESENTATION_CONTEXT(2) 
PARAMETRIC_REPRESENTATION_CONTEXT() REPRESENTATION_CONTEXT('2D SPACE',''
  ) );
#8537 = PCURVE('',#2086,#8538);
#8538 = DEFINITIONAL_REPRESENTATION('',(#8539),#8543);
#8539 = LINE('',#8540,#8541);
#8540 = CARTESIAN_POINT('',(0.,0.));
#8541 = VECTOR('',#8542,1.);
#8542 = DIRECTION('',(1.,0.));
#8543 = ( GEOMETRIC_REPRESENTATION_CONTEXT(2) 
PARAMETRIC_REPRESENTATION_CONTEXT() REPRESENTATION_CONTEXT('2D SPACE',''
  ) );
#8544 = ORIENTED_EDGE('',*,*,#8545,.F.);
#8545 = EDGE_CURVE('',#8476,#8523,#8546,.T.);
#8546 = SURFACE_CURVE('',#8547,(#8551,#8558),.PCURVE_S1.);
#8547 = LINE('',#8548,#8549);
#8548 = CARTESIAN_POINT('',(72.6,-17.1,-90.));
#8549 = VECTOR('',#8550,1.);
#8550 = DIRECTION('',(0.,0.,1.));
#8551 = PCURVE('',#93,#8552);
#8552 = DEFINITIONAL_REPRESENTATION('',(#8553),#8557);
#8553 = LINE('',#8554,#8555);
#8554 = CARTESIAN_POINT('',(-90.,72.6));
#8555 = VECTOR('',#8556,1.);
#8556 = DIRECTION('',(1.,0.));
#8557 = ( GEOMETRIC_REPRESENTATION_CONTEXT(2) 
PARAMETRIC_REPRESENTATION_CONTEXT() REPRESENTATION_CONTEXT('2D SPACE',''
  ) );
#8558 = PCURVE('',#2112,#8559);
#8559 = DEFINITIONAL_REPRESENTATION('',(#8560),#8564);
#8560 = LINE('',#8561,#8562);
#8561 = CARTESIAN_POINT('',(0.,0.));
#8562 = VECTOR('',#8563,1.);
#8563 = DIRECTION('',(1.,0.));
#8564 = ( GEOMETRIC_REPRESENTATION_CONTEXT(2) 
PARAMETRIC_REPRESENTATION_CONTEXT() REPRESENTATION_CONTEXT('2D SPACE',''
  ) );
#8565 = FACE_BOUND('',#8566,.F.);
#8566 = EDGE_LOOP('',(#8567,#8593,#8616,#8639));
#8567 = ORIENTED_EDGE('',*,*,#8568,.F.);
#8568 = EDGE_CURVE('',#8569,#8571,#8573,.T.);
#8569 = VERTEX_POINT('',#8570);
#8570 = CARTESIAN_POINT('',(71.399999999998,-17.1,-49.7095564253));
#8571 = VERTEX_POINT('',#8572);
#8572 = CARTESIAN_POINT('',(66.599999999999,-17.1,-55.97713819051));
#8573 = SURFACE_CURVE('',#8574,(#8579,#8586),.PCURVE_S1.);
#8574 = CIRCLE('',#8575,87.);
#8575 = AXIS2_PLACEMENT_3D('',#8576,#8577,#8578);
#8576 = CARTESIAN_POINT('',(0.,-17.1,0.));
#8577 = DIRECTION('',(0.,1.,0.));
#8578 = DIRECTION('',(0.,-0.,1.));
#8579 = PCURVE('',#93,#8580);
#8580 = DEFINITIONAL_REPRESENTATION('',(#8581),#8585);
#8581 = CIRCLE('',#8582,87.);
#8582 = AXIS2_PLACEMENT_2D('',#8583,#8584);
#8583 = CARTESIAN_POINT('',(0.,0.));
#8584 = DIRECTION('',(1.,0.));
#8585 = ( GEOMETRIC_REPRESENTATION_CONTEXT(2) 
PARAMETRIC_REPRESENTATION_CONTEXT() REPRESENTATION_CONTEXT('2D SPACE',''
  ) );
#8586 = PCURVE('',#2145,#8587);
#8587 = DEFINITIONAL_REPRESENTATION('',(#8588),#8592);
#8588 = LINE('',#8589,#8590);
#8589 = CARTESIAN_POINT('',(0.,1.E-01));
#8590 = VECTOR('',#8591,1.);
#8591 = DIRECTION('',(1.,0.));
#8592 = ( GEOMETRIC_REPRESENTATION_CONTEXT(2) 
PARAMETRIC_REPRESENTATION_CONTEXT() REPRESENTATION_CONTEXT('2D SPACE',''
  ) );
#8593 = ORIENTED_EDGE('',*,*,#8594,.T.);
#8594 = EDGE_CURVE('',#8569,#8595,#8597,.T.);
#8595 = VERTEX_POINT('',#8596);
#8596 = CARTESIAN_POINT('',(71.4,-17.1,-0.6));
#8597 = SURFACE_CURVE('',#8598,(#8602,#8609),.PCURVE_S1.);
#8598 = LINE('',#8599,#8600);
#8599 = CARTESIAN_POINT('',(71.4,-17.1,-90.));
#8600 = VECTOR('',#8601,1.);
#8601 = DIRECTION('',(0.,0.,1.));
#8602 = PCURVE('',#93,#8603);
#8603 = DEFINITIONAL_REPRESENTATION('',(#8604),#8608);
#8604 = LINE('',#8605,#8606);
#8605 = CARTESIAN_POINT('',(-90.,71.4));
#8606 = VECTOR('',#8607,1.);
#8607 = DIRECTION('',(1.,0.));
#8608 = ( GEOMETRIC_REPRESENTATION_CONTEXT(2) 
PARAMETRIC_REPRESENTATION_CONTEXT() REPRESENTATION_CONTEXT('2D SPACE',''
  ) );
#8609 = PCURVE('',#2173,#8610);
#8610 = DEFINITIONAL_REPRESENTATION('',(#8611),#8615);
#8611 = LINE('',#8612,#8613);
#8612 = CARTESIAN_POINT('',(0.,0.));
#8613 = VECTOR('',#8614,1.);
#8614 = DIRECTION('',(1.,0.));
#8615 = ( GEOMETRIC_REPRESENTATION_CONTEXT(2) 
PARAMETRIC_REPRESENTATION_CONTEXT() REPRESENTATION_CONTEXT('2D SPACE',''
  ) );
#8616 = ORIENTED_EDGE('',*,*,#8617,.F.);
#8617 = EDGE_CURVE('',#8618,#8595,#8620,.T.);
#8618 = VERTEX_POINT('',#8619);
#8619 = CARTESIAN_POINT('',(66.6,-17.1,-0.6));
#8620 = SURFACE_CURVE('',#8621,(#8625,#8632),.PCURVE_S1.);
#8621 = LINE('',#8622,#8623);
#8622 = CARTESIAN_POINT('',(-95.,-17.1,-0.6));
#8623 = VECTOR('',#8624,1.);
#8624 = DIRECTION('',(1.,0.,0.));
#8625 = PCURVE('',#93,#8626);
#8626 = DEFINITIONAL_REPRESENTATION('',(#8627),#8631);
#8627 = LINE('',#8628,#8629);
#8628 = CARTESIAN_POINT('',(-0.6,-95.));
#8629 = VECTOR('',#8630,1.);
#8630 = DIRECTION('',(0.,1.));
#8631 = ( GEOMETRIC_REPRESENTATION_CONTEXT(2) 
PARAMETRIC_REPRESENTATION_CONTEXT() REPRESENTATION_CONTEXT('2D SPACE',''
  ) );
#8632 = PCURVE('',#2201,#8633);
#8633 = DEFINITIONAL_REPRESENTATION('',(#8634),#8638);
#8634 = LINE('',#8635,#8636);
#8635 = CARTESIAN_POINT('',(0.,0.));
#8636 = VECTOR('',#8637,1.);
#8637 = DIRECTION('',(1.,0.));
#8638 = ( GEOMETRIC_REPRESENTATION_CONTEXT(2) 
PARAMETRIC_REPRESENTATION_CONTEXT() REPRESENTATION_CONTEXT('2D SPACE',''
  ) );
#8639 = ORIENTED_EDGE('',*,*,#8640,.F.);
#8640 = EDGE_CURVE('',#8571,#8618,#8641,.T.);
#8641 = SURFACE_CURVE('',#8642,(#8646,#8653),.PCURVE_S1.);
#8642 = LINE('',#8643,#8644);
#8643 = CARTESIAN_POINT('',(66.6,-17.1,-90.));
#8644 = VECTOR('',#8645,1.);
#8645 = DIRECTION('',(0.,0.,1.));
#8646 = PCURVE('',#93,#8647);
#8647 = DEFINITIONAL_REPRESENTATION('',(#8648),#8652);
#8648 = LINE('',#8649,#8650);
#8649 = CARTESIAN_POINT('',(-90.,66.6));
#8650 = VECTOR('',#8651,1.);
#8651 = DIRECTION('',(1.,0.));
#8652 = ( GEOMETRIC_REPRESENTATION_CONTEXT(2) 
PARAMETRIC_REPRESENTATION_CONTEXT() REPRESENTATION_CONTEXT('2D SPACE',''
  ) );
#8653 = PCURVE('',#2227,#8654);
#8654 = DEFINITIONAL_REPRESENTATION('',(#8655),#8659);
#8655 = LINE('',#8656,#8657);
#8656 = CARTESIAN_POINT('',(0.,0.));
#8657 = VECTOR('',#8658,1.);
#8658 = DIRECTION('',(1.,0.));
#8659 = ( GEOMETRIC_REPRESENTATION_CONTEXT(2) 
PARAMETRIC_REPRESENTATION_CONTEXT() REPRESENTATION_CONTEXT('2D SPACE',''
  ) );
#8660 = FACE_BOUND('',#8661,.F.);
#8661 = EDGE_LOOP('',(#8662,#8688,#8711,#8734));
#8662 = ORIENTED_EDGE('',*,*,#8663,.F.);
#8663 = EDGE_CURVE('',#8664,#8666,#8668,.T.);
#8664 = VERTEX_POINT('',#8665);
#8665 = CARTESIAN_POINT('',(65.4,-17.1,-57.37455882183));
#8666 = VERTEX_POINT('',#8667);
#8667 = CARTESIAN_POINT('',(60.600000000001,-17.1,-62.42307265747));
#8668 = SURFACE_CURVE('',#8669,(#8674,#8681),.PCURVE_S1.);
#8669 = CIRCLE('',#8670,87.);
#8670 = AXIS2_PLACEMENT_3D('',#8671,#8672,#8673);
#8671 = CARTESIAN_POINT('',(0.,-17.1,0.));
#8672 = DIRECTION('',(0.,1.,0.));
#8673 = DIRECTION('',(0.,-0.,1.));
#8674 = PCURVE('',#93,#8675);
#8675 = DEFINITIONAL_REPRESENTATION('',(#8676),#8680);
#8676 = CIRCLE('',#8677,87.);
#8677 = AXIS2_PLACEMENT_2D('',#8678,#8679);
#8678 = CARTESIAN_POINT('',(0.,0.));
#8679 = DIRECTION('',(1.,0.));
#8680 = ( GEOMETRIC_REPRESENTATION_CONTEXT(2) 
PARAMETRIC_REPRESENTATION_CONTEXT() REPRESENTATION_CONTEXT('2D SPACE',''
  ) );
#8681 = PCURVE('',#2260,#8682);
#8682 = DEFINITIONAL_REPRESENTATION('',(#8683),#8687);
#8683 = LINE('',#8684,#8685);
#8684 = CARTESIAN_POINT('',(0.,1.E-01));
#8685 = VECTOR('',#8686,1.);
#8686 = DIRECTION('',(1.,0.));
#8687 = ( GEOMETRIC_REPRESENTATION_CONTEXT(2) 
PARAMETRIC_REPRESENTATION_CONTEXT() REPRESENTATION_CONTEXT('2D SPACE',''
  ) );
#8688 = ORIENTED_EDGE('',*,*,#8689,.T.);
#8689 = EDGE_CURVE('',#8664,#8690,#8692,.T.);
#8690 = VERTEX_POINT('',#8691);
#8691 = CARTESIAN_POINT('',(65.4,-17.1,-0.6));
#8692 = SURFACE_CURVE('',#8693,(#8697,#8704),.PCURVE_S1.);
#8693 = LINE('',#8694,#8695);
#8694 = CARTESIAN_POINT('',(65.4,-17.1,-90.));
#8695 = VECTOR('',#8696,1.);
#8696 = DIRECTION('',(0.,0.,1.));
#8697 = PCURVE('',#93,#8698);
#8698 = DEFINITIONAL_REPRESENTATION('',(#8699),#8703);
#8699 = LINE('',#8700,#8701);
#8700 = CARTESIAN_POINT('',(-90.,65.4));
#8701 = VECTOR('',#8702,1.);
#8702 = DIRECTION('',(1.,0.));
#8703 = ( GEOMETRIC_REPRESENTATION_CONTEXT(2) 
PARAMETRIC_REPRESENTATION_CONTEXT() REPRESENTATION_CONTEXT('2D SPACE',''
  ) );
#8704 = PCURVE('',#2288,#8705);
#8705 = DEFINITIONAL_REPRESENTATION('',(#8706),#8710);
#8706 = LINE('',#8707,#8708);
#8707 = CARTESIAN_POINT('',(0.,0.));
#8708 = VECTOR('',#8709,1.);
#8709 = DIRECTION('',(1.,0.));
#8710 = ( GEOMETRIC_REPRESENTATION_CONTEXT(2) 
PARAMETRIC_REPRESENTATION_CONTEXT() REPRESENTATION_CONTEXT('2D SPACE',''
  ) );
#8711 = ORIENTED_EDGE('',*,*,#8712,.F.);
#8712 = EDGE_CURVE('',#8713,#8690,#8715,.T.);
#8713 = VERTEX_POINT('',#8714);
#8714 = CARTESIAN_POINT('',(60.6,-17.1,-0.6));
#8715 = SURFACE_CURVE('',#8716,(#8720,#8727),.PCURVE_S1.);
#8716 = LINE('',#8717,#8718);
#8717 = CARTESIAN_POINT('',(-95.,-17.1,-0.6));
#8718 = VECTOR('',#8719,1.);
#8719 = DIRECTION('',(1.,0.,0.));
#8720 = PCURVE('',#93,#8721);
#8721 = DEFINITIONAL_REPRESENTATION('',(#8722),#8726);
#8722 = LINE('',#8723,#8724);
#8723 = CARTESIAN_POINT('',(-0.6,-95.));
#8724 = VECTOR('',#8725,1.);
#8725 = DIRECTION('',(0.,1.));
#8726 = ( GEOMETRIC_REPRESENTATION_CONTEXT(2) 
PARAMETRIC_REPRESENTATION_CONTEXT() REPRESENTATION_CONTEXT('2D SPACE',''
  ) );
#8727 = PCURVE('',#2316,#8728);
#8728 = DEFINITIONAL_REPRESENTATION('',(#8729),#8733);
#8729 = LINE('',#8730,#8731);
#8730 = CARTESIAN_POINT('',(0.,0.));
#8731 = VECTOR('',#8732,1.);
#8732 = DIRECTION('',(1.,0.));
#8733 = ( GEOMETRIC_REPRESENTATION_CONTEXT(2) 
PARAMETRIC_REPRESENTATION_CONTEXT() REPRESENTATION_CONTEXT('2D SPACE',''
  ) );
#8734 = ORIENTED_EDGE('',*,*,#8735,.F.);
#8735 = EDGE_CURVE('',#8666,#8713,#8736,.T.);
#8736 = SURFACE_CURVE('',#8737,(#8741,#8748),.PCURVE_S1.);
#8737 = LINE('',#8738,#8739);
#8738 = CARTESIAN_POINT('',(60.6,-17.1,-90.));
#8739 = VECTOR('',#8740,1.);
#8740 = DIRECTION('',(0.,0.,1.));
#8741 = PCURVE('',#93,#8742);
#8742 = DEFINITIONAL_REPRESENTATION('',(#8743),#8747);
#8743 = LINE('',#8744,#8745);
#8744 = CARTESIAN_POINT('',(-90.,60.6));
#8745 = VECTOR('',#8746,1.);
#8746 = DIRECTION('',(1.,0.));
#8747 = ( GEOMETRIC_REPRESENTATION_CONTEXT(2) 
PARAMETRIC_REPRESENTATION_CONTEXT() REPRESENTATION_CONTEXT('2D SPACE',''
  ) );
#8748 = PCURVE('',#2342,#8749);
#8749 = DEFINITIONAL_REPRESENTATION('',(#8750),#8754);
#8750 = LINE('',#8751,#8752);
#8751 = CARTESIAN_POINT('',(0.,0.));
#8752 = VECTOR('',#8753,1.);
#8753 = DIRECTION('',(1.,0.));
#8754 = ( GEOMETRIC_REPRESENTATION_CONTEXT(2) 
PARAMETRIC_REPRESENTATION_CONTEXT() REPRESENTATION_CONTEXT('2D SPACE',''
  ) );
#8755 = FACE_BOUND('',#8756,.F.);
#8756 = EDGE_LOOP('',(#8757,#8783,#8806,#8829));
#8757 = ORIENTED_EDGE('',*,*,#8758,.F.);
#8758 = EDGE_CURVE('',#8759,#8761,#8763,.T.);
#8759 = VERTEX_POINT('',#8760);
#8760 = CARTESIAN_POINT('',(59.400000000002,-17.1,-63.56602866311));
#8761 = VERTEX_POINT('',#8762);
#8762 = CARTESIAN_POINT('',(54.6,-17.1,-67.73359580001));
#8763 = SURFACE_CURVE('',#8764,(#8769,#8776),.PCURVE_S1.);
#8764 = CIRCLE('',#8765,87.);
#8765 = AXIS2_PLACEMENT_3D('',#8766,#8767,#8768);
#8766 = CARTESIAN_POINT('',(0.,-17.1,0.));
#8767 = DIRECTION('',(0.,1.,0.));
#8768 = DIRECTION('',(0.,-0.,1.));
#8769 = PCURVE('',#93,#8770);
#8770 = DEFINITIONAL_REPRESENTATION('',(#8771),#8775);
#8771 = CIRCLE('',#8772,87.);
#8772 = AXIS2_PLACEMENT_2D('',#8773,#8774);
#8773 = CARTESIAN_POINT('',(0.,0.));
#8774 = DIRECTION('',(1.,0.));
#8775 = ( GEOMETRIC_REPRESENTATION_CONTEXT(2) 
PARAMETRIC_REPRESENTATION_CONTEXT() REPRESENTATION_CONTEXT('2D SPACE',''
  ) );
#8776 = PCURVE('',#2375,#8777);
#8777 = DEFINITIONAL_REPRESENTATION('',(#8778),#8782);
#8778 = LINE('',#8779,#8780);
#8779 = CARTESIAN_POINT('',(0.,1.E-01));
#8780 = VECTOR('',#8781,1.);
#8781 = DIRECTION('',(1.,0.));
#8782 = ( GEOMETRIC_REPRESENTATION_CONTEXT(2) 
PARAMETRIC_REPRESENTATION_CONTEXT() REPRESENTATION_CONTEXT('2D SPACE',''
  ) );
#8783 = ORIENTED_EDGE('',*,*,#8784,.T.);
#8784 = EDGE_CURVE('',#8759,#8785,#8787,.T.);
#8785 = VERTEX_POINT('',#8786);
#8786 = CARTESIAN_POINT('',(59.4,-17.1,-0.6));
#8787 = SURFACE_CURVE('',#8788,(#8792,#8799),.PCURVE_S1.);
#8788 = LINE('',#8789,#8790);
#8789 = CARTESIAN_POINT('',(59.4,-17.1,-90.));
#8790 = VECTOR('',#8791,1.);
#8791 = DIRECTION('',(0.,0.,1.));
#8792 = PCURVE('',#93,#8793);
#8793 = DEFINITIONAL_REPRESENTATION('',(#8794),#8798);
#8794 = LINE('',#8795,#8796);
#8795 = CARTESIAN_POINT('',(-90.,59.4));
#8796 = VECTOR('',#8797,1.);
#8797 = DIRECTION('',(1.,0.));
#8798 = ( GEOMETRIC_REPRESENTATION_CONTEXT(2) 
PARAMETRIC_REPRESENTATION_CONTEXT() REPRESENTATION_CONTEXT('2D SPACE',''
  ) );
#8799 = PCURVE('',#2403,#8800);
#8800 = DEFINITIONAL_REPRESENTATION('',(#8801),#8805);
#8801 = LINE('',#8802,#8803);
#8802 = CARTESIAN_POINT('',(0.,0.));
#8803 = VECTOR('',#8804,1.);
#8804 = DIRECTION('',(1.,0.));
#8805 = ( GEOMETRIC_REPRESENTATION_CONTEXT(2) 
PARAMETRIC_REPRESENTATION_CONTEXT() REPRESENTATION_CONTEXT('2D SPACE',''
  ) );
#8806 = ORIENTED_EDGE('',*,*,#8807,.F.);
#8807 = EDGE_CURVE('',#8808,#8785,#8810,.T.);
#8808 = VERTEX_POINT('',#8809);
#8809 = CARTESIAN_POINT('',(54.6,-17.1,-0.6));
#8810 = SURFACE_CURVE('',#8811,(#8815,#8822),.PCURVE_S1.);
#8811 = LINE('',#8812,#8813);
#8812 = CARTESIAN_POINT('',(-95.,-17.1,-0.6));
#8813 = VECTOR('',#8814,1.);
#8814 = DIRECTION('',(1.,0.,0.));
#8815 = PCURVE('',#93,#8816);
#8816 = DEFINITIONAL_REPRESENTATION('',(#8817),#8821);
#8817 = LINE('',#8818,#8819);
#8818 = CARTESIAN_POINT('',(-0.6,-95.));
#8819 = VECTOR('',#8820,1.);
#8820 = DIRECTION('',(0.,1.));
#8821 = ( GEOMETRIC_REPRESENTATION_CONTEXT(2) 
PARAMETRIC_REPRESENTATION_CONTEXT() REPRESENTATION_CONTEXT('2D SPACE',''
  ) );
#8822 = PCURVE('',#2431,#8823);
#8823 = DEFINITIONAL_REPRESENTATION('',(#8824),#8828);
#8824 = LINE('',#8825,#8826);
#8825 = CARTESIAN_POINT('',(0.,0.));
#8826 = VECTOR('',#8827,1.);
#8827 = DIRECTION('',(1.,0.));
#8828 = ( GEOMETRIC_REPRESENTATION_CONTEXT(2) 
PARAMETRIC_REPRESENTATION_CONTEXT() REPRESENTATION_CONTEXT('2D SPACE',''
  ) );
#8829 = ORIENTED_EDGE('',*,*,#8830,.F.);
#8830 = EDGE_CURVE('',#8761,#8808,#8831,.T.);
#8831 = SURFACE_CURVE('',#8832,(#8836,#8843),.PCURVE_S1.);
#8832 = LINE('',#8833,#8834);
#8833 = CARTESIAN_POINT('',(54.6,-17.1,-90.));
#8834 = VECTOR('',#8835,1.);
#8835 = DIRECTION('',(0.,0.,1.));
#8836 = PCURVE('',#93,#8837);
#8837 = DEFINITIONAL_REPRESENTATION('',(#8838),#8842);
#8838 = LINE('',#8839,#8840);
#8839 = CARTESIAN_POINT('',(-90.,54.6));
#8840 = VECTOR('',#8841,1.);
#8841 = DIRECTION('',(1.,0.));
#8842 = ( GEOMETRIC_REPRESENTATION_CONTEXT(2) 
PARAMETRIC_REPRESENTATION_CONTEXT() REPRESENTATION_CONTEXT('2D SPACE',''
  ) );
#8843 = PCURVE('',#2457,#8844);
#8844 = DEFINITIONAL_REPRESENTATION('',(#8845),#8849);
#8845 = LINE('',#8846,#8847);
#8846 = CARTESIAN_POINT('',(0.,0.));
#8847 = VECTOR('',#8848,1.);
#8848 = DIRECTION('',(1.,0.));
#8849 = ( GEOMETRIC_REPRESENTATION_CONTEXT(2) 
PARAMETRIC_REPRESENTATION_CONTEXT() REPRESENTATION_CONTEXT('2D SPACE',''
  ) );
#8850 = FACE_BOUND('',#8851,.F.);
#8851 = EDGE_LOOP('',(#8852,#8878,#8901,#8924));
#8852 = ORIENTED_EDGE('',*,*,#8853,.F.);
#8853 = EDGE_CURVE('',#8854,#8856,#8858,.T.);
#8854 = VERTEX_POINT('',#8855);
#8855 = CARTESIAN_POINT('',(53.4,-17.1,-68.68362250202));
#8856 = VERTEX_POINT('',#8857);
#8857 = CARTESIAN_POINT('',(48.6,-17.1,-72.15982261619));
#8858 = SURFACE_CURVE('',#8859,(#8864,#8871),.PCURVE_S1.);
#8859 = CIRCLE('',#8860,87.);
#8860 = AXIS2_PLACEMENT_3D('',#8861,#8862,#8863);
#8861 = CARTESIAN_POINT('',(0.,-17.1,0.));
#8862 = DIRECTION('',(0.,1.,0.));
#8863 = DIRECTION('',(0.,-0.,1.));
#8864 = PCURVE('',#93,#8865);
#8865 = DEFINITIONAL_REPRESENTATION('',(#8866),#8870);
#8866 = CIRCLE('',#8867,87.);
#8867 = AXIS2_PLACEMENT_2D('',#8868,#8869);
#8868 = CARTESIAN_POINT('',(0.,0.));
#8869 = DIRECTION('',(1.,0.));
#8870 = ( GEOMETRIC_REPRESENTATION_CONTEXT(2) 
PARAMETRIC_REPRESENTATION_CONTEXT() REPRESENTATION_CONTEXT('2D SPACE',''
  ) );
#8871 = PCURVE('',#2490,#8872);
#8872 = DEFINITIONAL_REPRESENTATION('',(#8873),#8877);
#8873 = LINE('',#8874,#8875);
#8874 = CARTESIAN_POINT('',(0.,1.E-01));
#8875 = VECTOR('',#8876,1.);
#8876 = DIRECTION('',(1.,0.));
#8877 = ( GEOMETRIC_REPRESENTATION_CONTEXT(2) 
PARAMETRIC_REPRESENTATION_CONTEXT() REPRESENTATION_CONTEXT('2D SPACE',''
  ) );
#8878 = ORIENTED_EDGE('',*,*,#8879,.T.);
#8879 = EDGE_CURVE('',#8854,#8880,#8882,.T.);
#8880 = VERTEX_POINT('',#8881);
#8881 = CARTESIAN_POINT('',(53.4,-17.1,-0.6));
#8882 = SURFACE_CURVE('',#8883,(#8887,#8894),.PCURVE_S1.);
#8883 = LINE('',#8884,#8885);
#8884 = CARTESIAN_POINT('',(53.4,-17.1,-90.));
#8885 = VECTOR('',#8886,1.);
#8886 = DIRECTION('',(0.,0.,1.));
#8887 = PCURVE('',#93,#8888);
#8888 = DEFINITIONAL_REPRESENTATION('',(#8889),#8893);
#8889 = LINE('',#8890,#8891);
#8890 = CARTESIAN_POINT('',(-90.,53.4));
#8891 = VECTOR('',#8892,1.);
#8892 = DIRECTION('',(1.,0.));
#8893 = ( GEOMETRIC_REPRESENTATION_CONTEXT(2) 
PARAMETRIC_REPRESENTATION_CONTEXT() REPRESENTATION_CONTEXT('2D SPACE',''
  ) );
#8894 = PCURVE('',#2518,#8895);
#8895 = DEFINITIONAL_REPRESENTATION('',(#8896),#8900);
#8896 = LINE('',#8897,#8898);
#8897 = CARTESIAN_POINT('',(0.,0.));
#8898 = VECTOR('',#8899,1.);
#8899 = DIRECTION('',(1.,0.));
#8900 = ( GEOMETRIC_REPRESENTATION_CONTEXT(2) 
PARAMETRIC_REPRESENTATION_CONTEXT() REPRESENTATION_CONTEXT('2D SPACE',''
  ) );
#8901 = ORIENTED_EDGE('',*,*,#8902,.F.);
#8902 = EDGE_CURVE('',#8903,#8880,#8905,.T.);
#8903 = VERTEX_POINT('',#8904);
#8904 = CARTESIAN_POINT('',(48.6,-17.1,-0.6));
#8905 = SURFACE_CURVE('',#8906,(#8910,#8917),.PCURVE_S1.);
#8906 = LINE('',#8907,#8908);
#8907 = CARTESIAN_POINT('',(-95.,-17.1,-0.6));
#8908 = VECTOR('',#8909,1.);
#8909 = DIRECTION('',(1.,0.,0.));
#8910 = PCURVE('',#93,#8911);
#8911 = DEFINITIONAL_REPRESENTATION('',(#8912),#8916);
#8912 = LINE('',#8913,#8914);
#8913 = CARTESIAN_POINT('',(-0.6,-95.));
#8914 = VECTOR('',#8915,1.);
#8915 = DIRECTION('',(0.,1.));
#8916 = ( GEOMETRIC_REPRESENTATION_CONTEXT(2) 
PARAMETRIC_REPRESENTATION_CONTEXT() REPRESENTATION_CONTEXT('2D SPACE',''
  ) );
#8917 = PCURVE('',#2546,#8918);
#8918 = DEFINITIONAL_REPRESENTATION('',(#8919),#8923);
#8919 = LINE('',#8920,#8921);
#8920 = CARTESIAN_POINT('',(0.,0.));
#8921 = VECTOR('',#8922,1.);
#8922 = DIRECTION('',(1.,0.));
#8923 = ( GEOMETRIC_REPRESENTATION_CONTEXT(2) 
PARAMETRIC_REPRESENTATION_CONTEXT() REPRESENTATION_CONTEXT('2D SPACE',''
  ) );
#8924 = ORIENTED_EDGE('',*,*,#8925,.F.);
#8925 = EDGE_CURVE('',#8856,#8903,#8926,.T.);
#8926 = SURFACE_CURVE('',#8927,(#8931,#8938),.PCURVE_S1.);
#8927 = LINE('',#8928,#8929);
#8928 = CARTESIAN_POINT('',(48.6,-17.1,-90.));
#8929 = VECTOR('',#8930,1.);
#8930 = DIRECTION('',(0.,0.,1.));
#8931 = PCURVE('',#93,#8932);
#8932 = DEFINITIONAL_REPRESENTATION('',(#8933),#8937);
#8933 = LINE('',#8934,#8935);
#8934 = CARTESIAN_POINT('',(-90.,48.6));
#8935 = VECTOR('',#8936,1.);
#8936 = DIRECTION('',(1.,0.));
#8937 = ( GEOMETRIC_REPRESENTATION_CONTEXT(2) 
PARAMETRIC_REPRESENTATION_CONTEXT() REPRESENTATION_CONTEXT('2D SPACE',''
  ) );
#8938 = PCURVE('',#2572,#8939);
#8939 = DEFINITIONAL_REPRESENTATION('',(#8940),#8944);
#8940 = LINE('',#8941,#8942);
#8941 = CARTESIAN_POINT('',(0.,0.));
#8942 = VECTOR('',#8943,1.);
#8943 = DIRECTION('',(1.,0.));
#8944 = ( GEOMETRIC_REPRESENTATION_CONTEXT(2) 
PARAMETRIC_REPRESENTATION_CONTEXT() REPRESENTATION_CONTEXT('2D SPACE',''
  ) );
#8945 = FACE_BOUND('',#8946,.F.);
#8946 = EDGE_LOOP('',(#8947,#8973,#8996,#9019));
#8947 = ORIENTED_EDGE('',*,*,#8948,.F.);
#8948 = EDGE_CURVE('',#8949,#8951,#8953,.T.);
#8949 = VERTEX_POINT('',#8950);
#8950 = CARTESIAN_POINT('',(47.400000000001,-17.1,-72.95368393713));
#8951 = VERTEX_POINT('',#8952);
#8952 = CARTESIAN_POINT('',(42.600000000002,-17.1,-75.85670702053));
#8953 = SURFACE_CURVE('',#8954,(#8959,#8966),.PCURVE_S1.);
#8954 = CIRCLE('',#8955,87.);
#8955 = AXIS2_PLACEMENT_3D('',#8956,#8957,#8958);
#8956 = CARTESIAN_POINT('',(0.,-17.1,0.));
#8957 = DIRECTION('',(0.,1.,0.));
#8958 = DIRECTION('',(0.,-0.,1.));
#8959 = PCURVE('',#93,#8960);
#8960 = DEFINITIONAL_REPRESENTATION('',(#8961),#8965);
#8961 = CIRCLE('',#8962,87.);
#8962 = AXIS2_PLACEMENT_2D('',#8963,#8964);
#8963 = CARTESIAN_POINT('',(0.,0.));
#8964 = DIRECTION('',(1.,0.));
#8965 = ( GEOMETRIC_REPRESENTATION_CONTEXT(2) 
PARAMETRIC_REPRESENTATION_CONTEXT() REPRESENTATION_CONTEXT('2D SPACE',''
  ) );
#8966 = PCURVE('',#2605,#8967);
#8967 = DEFINITIONAL_REPRESENTATION('',(#8968),#8972);
#8968 = LINE('',#8969,#8970);
#8969 = CARTESIAN_POINT('',(0.,1.E-01));
#8970 = VECTOR('',#8971,1.);
#8971 = DIRECTION('',(1.,0.));
#8972 = ( GEOMETRIC_REPRESENTATION_CONTEXT(2) 
PARAMETRIC_REPRESENTATION_CONTEXT() REPRESENTATION_CONTEXT('2D SPACE',''
  ) );
#8973 = ORIENTED_EDGE('',*,*,#8974,.T.);
#8974 = EDGE_CURVE('',#8949,#8975,#8977,.T.);
#8975 = VERTEX_POINT('',#8976);
#8976 = CARTESIAN_POINT('',(47.4,-17.1,-0.6));
#8977 = SURFACE_CURVE('',#8978,(#8982,#8989),.PCURVE_S1.);
#8978 = LINE('',#8979,#8980);
#8979 = CARTESIAN_POINT('',(47.4,-17.1,-90.));
#8980 = VECTOR('',#8981,1.);
#8981 = DIRECTION('',(0.,0.,1.));
#8982 = PCURVE('',#93,#8983);
#8983 = DEFINITIONAL_REPRESENTATION('',(#8984),#8988);
#8984 = LINE('',#8985,#8986);
#8985 = CARTESIAN_POINT('',(-90.,47.4));
#8986 = VECTOR('',#8987,1.);
#8987 = DIRECTION('',(1.,0.));
#8988 = ( GEOMETRIC_REPRESENTATION_CONTEXT(2) 
PARAMETRIC_REPRESENTATION_CONTEXT() REPRESENTATION_CONTEXT('2D SPACE',''
  ) );
#8989 = PCURVE('',#2633,#8990);
#8990 = DEFINITIONAL_REPRESENTATION('',(#8991),#8995);
#8991 = LINE('',#8992,#8993);
#8992 = CARTESIAN_POINT('',(0.,0.));
#8993 = VECTOR('',#8994,1.);
#8994 = DIRECTION('',(1.,0.));
#8995 = ( GEOMETRIC_REPRESENTATION_CONTEXT(2) 
PARAMETRIC_REPRESENTATION_CONTEXT() REPRESENTATION_CONTEXT('2D SPACE',''
  ) );
#8996 = ORIENTED_EDGE('',*,*,#8997,.F.);
#8997 = EDGE_CURVE('',#8998,#8975,#9000,.T.);
#8998 = VERTEX_POINT('',#8999);
#8999 = CARTESIAN_POINT('',(42.6,-17.1,-0.6));
#9000 = SURFACE_CURVE('',#9001,(#9005,#9012),.PCURVE_S1.);
#9001 = LINE('',#9002,#9003);
#9002 = CARTESIAN_POINT('',(-95.,-17.1,-0.6));
#9003 = VECTOR('',#9004,1.);
#9004 = DIRECTION('',(1.,0.,0.));
#9005 = PCURVE('',#93,#9006);
#9006 = DEFINITIONAL_REPRESENTATION('',(#9007),#9011);
#9007 = LINE('',#9008,#9009);
#9008 = CARTESIAN_POINT('',(-0.6,-95.));
#9009 = VECTOR('',#9010,1.);
#9010 = DIRECTION('',(0.,1.));
#9011 = ( GEOMETRIC_REPRESENTATION_CONTEXT(2) 
PARAMETRIC_REPRESENTATION_CONTEXT() REPRESENTATION_CONTEXT('2D SPACE',''
  ) );
#9012 = PCURVE('',#2661,#9013);
#9013 = DEFINITIONAL_REPRESENTATION('',(#9014),#9018);
#9014 = LINE('',#9015,#9016);
#9015 = CARTESIAN_POINT('',(0.,0.));
#9016 = VECTOR('',#9017,1.);
#9017 = DIRECTION('',(1.,0.));
#9018 = ( GEOMETRIC_REPRESENTATION_CONTEXT(2) 
PARAMETRIC_REPRESENTATION_CONTEXT() REPRESENTATION_CONTEXT('2D SPACE',''
  ) );
#9019 = ORIENTED_EDGE('',*,*,#9020,.F.);
#9020 = EDGE_CURVE('',#8951,#8998,#9021,.T.);
#9021 = SURFACE_CURVE('',#9022,(#9026,#9033),.PCURVE_S1.);
#9022 = LINE('',#9023,#9024);
#9023 = CARTESIAN_POINT('',(42.6,-17.1,-90.));
#9024 = VECTOR('',#9025,1.);
#9025 = DIRECTION('',(0.,0.,1.));
#9026 = PCURVE('',#93,#9027);
#9027 = DEFINITIONAL_REPRESENTATION('',(#9028),#9032);
#9028 = LINE('',#9029,#9030);
#9029 = CARTESIAN_POINT('',(-90.,42.6));
#9030 = VECTOR('',#9031,1.);
#9031 = DIRECTION('',(1.,0.));
#9032 = ( GEOMETRIC_REPRESENTATION_CONTEXT(2) 
PARAMETRIC_REPRESENTATION_CONTEXT() REPRESENTATION_CONTEXT('2D SPACE',''
  ) );
#9033 = PCURVE('',#2687,#9034);
#9034 = DEFINITIONAL_REPRESENTATION('',(#9035),#9039);
#9035 = LINE('',#9036,#9037);
#9036 = CARTESIAN_POINT('',(0.,0.));
#9037 = VECTOR('',#9038,1.);
#9038 = DIRECTION('',(1.,0.));
#9039 = ( GEOMETRIC_REPRESENTATION_CONTEXT(2) 
PARAMETRIC_REPRESENTATION_CONTEXT() REPRESENTATION_CONTEXT('2D SPACE',''
  ) );
#9040 = FACE_BOUND('',#9041,.F.);
#9041 = EDGE_LOOP('',(#9042,#9068,#9091,#9114));
#9042 = ORIENTED_EDGE('',*,*,#9043,.F.);
#9043 = EDGE_CURVE('',#9044,#9046,#9048,.T.);
#9044 = VERTEX_POINT('',#9045);
#9045 = CARTESIAN_POINT('',(41.4,-17.1,-76.51823312126));
#9046 = VERTEX_POINT('',#9047);
#9047 = CARTESIAN_POINT('',(36.600000000001,-17.1,-78.92680153154));
#9048 = SURFACE_CURVE('',#9049,(#9054,#9061),.PCURVE_S1.);
#9049 = CIRCLE('',#9050,87.);
#9050 = AXIS2_PLACEMENT_3D('',#9051,#9052,#9053);
#9051 = CARTESIAN_POINT('',(0.,-17.1,0.));
#9052 = DIRECTION('',(0.,1.,0.));
#9053 = DIRECTION('',(0.,-0.,1.));
#9054 = PCURVE('',#93,#9055);
#9055 = DEFINITIONAL_REPRESENTATION('',(#9056),#9060);
#9056 = CIRCLE('',#9057,87.);
#9057 = AXIS2_PLACEMENT_2D('',#9058,#9059);
#9058 = CARTESIAN_POINT('',(0.,0.));
#9059 = DIRECTION('',(1.,0.));
#9060 = ( GEOMETRIC_REPRESENTATION_CONTEXT(2) 
PARAMETRIC_REPRESENTATION_CONTEXT() REPRESENTATION_CONTEXT('2D SPACE',''
  ) );
#9061 = PCURVE('',#2720,#9062);
#9062 = DEFINITIONAL_REPRESENTATION('',(#9063),#9067);
#9063 = LINE('',#9064,#9065);
#9064 = CARTESIAN_POINT('',(0.,1.E-01));
#9065 = VECTOR('',#9066,1.);
#9066 = DIRECTION('',(1.,0.));
#9067 = ( GEOMETRIC_REPRESENTATION_CONTEXT(2) 
PARAMETRIC_REPRESENTATION_CONTEXT() REPRESENTATION_CONTEXT('2D SPACE',''
  ) );
#9068 = ORIENTED_EDGE('',*,*,#9069,.T.);
#9069 = EDGE_CURVE('',#9044,#9070,#9072,.T.);
#9070 = VERTEX_POINT('',#9071);
#9071 = CARTESIAN_POINT('',(41.4,-17.1,-0.6));
#9072 = SURFACE_CURVE('',#9073,(#9077,#9084),.PCURVE_S1.);
#9073 = LINE('',#9074,#9075);
#9074 = CARTESIAN_POINT('',(41.4,-17.1,-90.));
#9075 = VECTOR('',#9076,1.);
#9076 = DIRECTION('',(0.,0.,1.));
#9077 = PCURVE('',#93,#9078);
#9078 = DEFINITIONAL_REPRESENTATION('',(#9079),#9083);
#9079 = LINE('',#9080,#9081);
#9080 = CARTESIAN_POINT('',(-90.,41.4));
#9081 = VECTOR('',#9082,1.);
#9082 = DIRECTION('',(1.,0.));
#9083 = ( GEOMETRIC_REPRESENTATION_CONTEXT(2) 
PARAMETRIC_REPRESENTATION_CONTEXT() REPRESENTATION_CONTEXT('2D SPACE',''
  ) );
#9084 = PCURVE('',#2748,#9085);
#9085 = DEFINITIONAL_REPRESENTATION('',(#9086),#9090);
#9086 = LINE('',#9087,#9088);
#9087 = CARTESIAN_POINT('',(0.,0.));
#9088 = VECTOR('',#9089,1.);
#9089 = DIRECTION('',(1.,0.));
#9090 = ( GEOMETRIC_REPRESENTATION_CONTEXT(2) 
PARAMETRIC_REPRESENTATION_CONTEXT() REPRESENTATION_CONTEXT('2D SPACE',''
  ) );
#9091 = ORIENTED_EDGE('',*,*,#9092,.F.);
#9092 = EDGE_CURVE('',#9093,#9070,#9095,.T.);
#9093 = VERTEX_POINT('',#9094);
#9094 = CARTESIAN_POINT('',(36.6,-17.1,-0.6));
#9095 = SURFACE_CURVE('',#9096,(#9100,#9107),.PCURVE_S1.);
#9096 = LINE('',#9097,#9098);
#9097 = CARTESIAN_POINT('',(-95.,-17.1,-0.6));
#9098 = VECTOR('',#9099,1.);
#9099 = DIRECTION('',(1.,0.,0.));
#9100 = PCURVE('',#93,#9101);
#9101 = DEFINITIONAL_REPRESENTATION('',(#9102),#9106);
#9102 = LINE('',#9103,#9104);
#9103 = CARTESIAN_POINT('',(-0.6,-95.));
#9104 = VECTOR('',#9105,1.);
#9105 = DIRECTION('',(0.,1.));
#9106 = ( GEOMETRIC_REPRESENTATION_CONTEXT(2) 
PARAMETRIC_REPRESENTATION_CONTEXT() REPRESENTATION_CONTEXT('2D SPACE',''
  ) );
#9107 = PCURVE('',#2776,#9108);
#9108 = DEFINITIONAL_REPRESENTATION('',(#9109),#9113);
#9109 = LINE('',#9110,#9111);
#9110 = CARTESIAN_POINT('',(0.,0.));
#9111 = VECTOR('',#9112,1.);
#9112 = DIRECTION('',(1.,0.));
#9113 = ( GEOMETRIC_REPRESENTATION_CONTEXT(2) 
PARAMETRIC_REPRESENTATION_CONTEXT() REPRESENTATION_CONTEXT('2D SPACE',''
  ) );
#9114 = ORIENTED_EDGE('',*,*,#9115,.F.);
#9115 = EDGE_CURVE('',#9046,#9093,#9116,.T.);
#9116 = SURFACE_CURVE('',#9117,(#9121,#9128),.PCURVE_S1.);
#9117 = LINE('',#9118,#9119);
#9118 = CARTESIAN_POINT('',(36.6,-17.1,-90.));
#9119 = VECTOR('',#9120,1.);
#9120 = DIRECTION('',(0.,0.,1.));
#9121 = PCURVE('',#93,#9122);
#9122 = DEFINITIONAL_REPRESENTATION('',(#9123),#9127);
#9123 = LINE('',#9124,#9125);
#9124 = CARTESIAN_POINT('',(-90.,36.6));
#9125 = VECTOR('',#9126,1.);
#9126 = DIRECTION('',(1.,0.));
#9127 = ( GEOMETRIC_REPRESENTATION_CONTEXT(2) 
PARAMETRIC_REPRESENTATION_CONTEXT() REPRESENTATION_CONTEXT('2D SPACE',''
  ) );
#9128 = PCURVE('',#2802,#9129);
#9129 = DEFINITIONAL_REPRESENTATION('',(#9130),#9134);
#9130 = LINE('',#9131,#9132);
#9131 = CARTESIAN_POINT('',(0.,0.));
#9132 = VECTOR('',#9133,1.);
#9133 = DIRECTION('',(1.,0.));
#9134 = ( GEOMETRIC_REPRESENTATION_CONTEXT(2) 
PARAMETRIC_REPRESENTATION_CONTEXT() REPRESENTATION_CONTEXT('2D SPACE',''
  ) );
#9135 = FACE_BOUND('',#9136,.F.);
#9136 = EDGE_LOOP('',(#9137,#9163,#9186,#9209));
#9137 = ORIENTED_EDGE('',*,*,#9138,.F.);
#9138 = EDGE_CURVE('',#9139,#9141,#9143,.T.);
#9139 = VERTEX_POINT('',#9140);
#9140 = CARTESIAN_POINT('',(35.4,-17.1,-79.47225931103));
#9141 = VERTEX_POINT('',#9142);
#9142 = CARTESIAN_POINT('',(30.6,-17.1,-81.44102160459));
#9143 = SURFACE_CURVE('',#9144,(#9149,#9156),.PCURVE_S1.);
#9144 = CIRCLE('',#9145,87.);
#9145 = AXIS2_PLACEMENT_3D('',#9146,#9147,#9148);
#9146 = CARTESIAN_POINT('',(0.,-17.1,0.));
#9147 = DIRECTION('',(0.,1.,0.));
#9148 = DIRECTION('',(0.,-0.,1.));
#9149 = PCURVE('',#93,#9150);
#9150 = DEFINITIONAL_REPRESENTATION('',(#9151),#9155);
#9151 = CIRCLE('',#9152,87.);
#9152 = AXIS2_PLACEMENT_2D('',#9153,#9154);
#9153 = CARTESIAN_POINT('',(0.,0.));
#9154 = DIRECTION('',(1.,0.));
#9155 = ( GEOMETRIC_REPRESENTATION_CONTEXT(2) 
PARAMETRIC_REPRESENTATION_CONTEXT() REPRESENTATION_CONTEXT('2D SPACE',''
  ) );
#9156 = PCURVE('',#2835,#9157);
#9157 = DEFINITIONAL_REPRESENTATION('',(#9158),#9162);
#9158 = LINE('',#9159,#9160);
#9159 = CARTESIAN_POINT('',(0.,1.E-01));
#9160 = VECTOR('',#9161,1.);
#9161 = DIRECTION('',(1.,0.));
#9162 = ( GEOMETRIC_REPRESENTATION_CONTEXT(2) 
PARAMETRIC_REPRESENTATION_CONTEXT() REPRESENTATION_CONTEXT('2D SPACE',''
  ) );
#9163 = ORIENTED_EDGE('',*,*,#9164,.T.);
#9164 = EDGE_CURVE('',#9139,#9165,#9167,.T.);
#9165 = VERTEX_POINT('',#9166);
#9166 = CARTESIAN_POINT('',(35.4,-17.1,-0.6));
#9167 = SURFACE_CURVE('',#9168,(#9172,#9179),.PCURVE_S1.);
#9168 = LINE('',#9169,#9170);
#9169 = CARTESIAN_POINT('',(35.4,-17.1,-90.));
#9170 = VECTOR('',#9171,1.);
#9171 = DIRECTION('',(0.,0.,1.));
#9172 = PCURVE('',#93,#9173);
#9173 = DEFINITIONAL_REPRESENTATION('',(#9174),#9178);
#9174 = LINE('',#9175,#9176);
#9175 = CARTESIAN_POINT('',(-90.,35.4));
#9176 = VECTOR('',#9177,1.);
#9177 = DIRECTION('',(1.,0.));
#9178 = ( GEOMETRIC_REPRESENTATION_CONTEXT(2) 
PARAMETRIC_REPRESENTATION_CONTEXT() REPRESENTATION_CONTEXT('2D SPACE',''
  ) );
#9179 = PCURVE('',#2863,#9180);
#9180 = DEFINITIONAL_REPRESENTATION('',(#9181),#9185);
#9181 = LINE('',#9182,#9183);
#9182 = CARTESIAN_POINT('',(0.,0.));
#9183 = VECTOR('',#9184,1.);
#9184 = DIRECTION('',(1.,0.));
#9185 = ( GEOMETRIC_REPRESENTATION_CONTEXT(2) 
PARAMETRIC_REPRESENTATION_CONTEXT() REPRESENTATION_CONTEXT('2D SPACE',''
  ) );
#9186 = ORIENTED_EDGE('',*,*,#9187,.F.);
#9187 = EDGE_CURVE('',#9188,#9165,#9190,.T.);
#9188 = VERTEX_POINT('',#9189);
#9189 = CARTESIAN_POINT('',(30.6,-17.1,-0.6));
#9190 = SURFACE_CURVE('',#9191,(#9195,#9202),.PCURVE_S1.);
#9191 = LINE('',#9192,#9193);
#9192 = CARTESIAN_POINT('',(-95.,-17.1,-0.6));
#9193 = VECTOR('',#9194,1.);
#9194 = DIRECTION('',(1.,0.,0.));
#9195 = PCURVE('',#93,#9196);
#9196 = DEFINITIONAL_REPRESENTATION('',(#9197),#9201);
#9197 = LINE('',#9198,#9199);
#9198 = CARTESIAN_POINT('',(-0.6,-95.));
#9199 = VECTOR('',#9200,1.);
#9200 = DIRECTION('',(0.,1.));
#9201 = ( GEOMETRIC_REPRESENTATION_CONTEXT(2) 
PARAMETRIC_REPRESENTATION_CONTEXT() REPRESENTATION_CONTEXT('2D SPACE',''
  ) );
#9202 = PCURVE('',#2891,#9203);
#9203 = DEFINITIONAL_REPRESENTATION('',(#9204),#9208);
#9204 = LINE('',#9205,#9206);
#9205 = CARTESIAN_POINT('',(0.,0.));
#9206 = VECTOR('',#9207,1.);
#9207 = DIRECTION('',(1.,0.));
#9208 = ( GEOMETRIC_REPRESENTATION_CONTEXT(2) 
PARAMETRIC_REPRESENTATION_CONTEXT() REPRESENTATION_CONTEXT('2D SPACE',''
  ) );
#9209 = ORIENTED_EDGE('',*,*,#9210,.F.);
#9210 = EDGE_CURVE('',#9141,#9188,#9211,.T.);
#9211 = SURFACE_CURVE('',#9212,(#9216,#9223),.PCURVE_S1.);
#9212 = LINE('',#9213,#9214);
#9213 = CARTESIAN_POINT('',(30.6,-17.1,-90.));
#9214 = VECTOR('',#9215,1.);
#9215 = DIRECTION('',(0.,0.,1.));
#9216 = PCURVE('',#93,#9217);
#9217 = DEFINITIONAL_REPRESENTATION('',(#9218),#9222);
#9218 = LINE('',#9219,#9220);
#9219 = CARTESIAN_POINT('',(-90.,30.6));
#9220 = VECTOR('',#9221,1.);
#9221 = DIRECTION('',(1.,0.));
#9222 = ( GEOMETRIC_REPRESENTATION_CONTEXT(2) 
PARAMETRIC_REPRESENTATION_CONTEXT() REPRESENTATION_CONTEXT('2D SPACE',''
  ) );
#9223 = PCURVE('',#2917,#9224);
#9224 = DEFINITIONAL_REPRESENTATION('',(#9225),#9229);
#9225 = LINE('',#9226,#9227);
#9226 = CARTESIAN_POINT('',(0.,0.));
#9227 = VECTOR('',#9228,1.);
#9228 = DIRECTION('',(1.,0.));
#9229 = ( GEOMETRIC_REPRESENTATION_CONTEXT(2) 
PARAMETRIC_REPRESENTATION_CONTEXT() REPRESENTATION_CONTEXT('2D SPACE',''
  ) );
#9230 = FACE_BOUND('',#9231,.F.);
#9231 = EDGE_LOOP('',(#9232,#9258,#9281,#9304));
#9232 = ORIENTED_EDGE('',*,*,#9233,.F.);
#9233 = EDGE_CURVE('',#9234,#9236,#9238,.T.);
#9234 = VERTEX_POINT('',#9235);
#9235 = CARTESIAN_POINT('',(29.400000000002,-17.1,-81.88186612431));
#9236 = VERTEX_POINT('',#9237);
#9237 = CARTESIAN_POINT('',(24.600000000002,-17.1,-83.44962552342));
#9238 = SURFACE_CURVE('',#9239,(#9244,#9251),.PCURVE_S1.);
#9239 = CIRCLE('',#9240,87.);
#9240 = AXIS2_PLACEMENT_3D('',#9241,#9242,#9243);
#9241 = CARTESIAN_POINT('',(0.,-17.1,0.));
#9242 = DIRECTION('',(0.,1.,0.));
#9243 = DIRECTION('',(0.,-0.,1.));
#9244 = PCURVE('',#93,#9245);
#9245 = DEFINITIONAL_REPRESENTATION('',(#9246),#9250);
#9246 = CIRCLE('',#9247,87.);
#9247 = AXIS2_PLACEMENT_2D('',#9248,#9249);
#9248 = CARTESIAN_POINT('',(0.,0.));
#9249 = DIRECTION('',(1.,0.));
#9250 = ( GEOMETRIC_REPRESENTATION_CONTEXT(2) 
PARAMETRIC_REPRESENTATION_CONTEXT() REPRESENTATION_CONTEXT('2D SPACE',''
  ) );
#9251 = PCURVE('',#2950,#9252);
#9252 = DEFINITIONAL_REPRESENTATION('',(#9253),#9257);
#9253 = LINE('',#9254,#9255);
#9254 = CARTESIAN_POINT('',(0.,1.E-01));
#9255 = VECTOR('',#9256,1.);
#9256 = DIRECTION('',(1.,0.));
#9257 = ( GEOMETRIC_REPRESENTATION_CONTEXT(2) 
PARAMETRIC_REPRESENTATION_CONTEXT() REPRESENTATION_CONTEXT('2D SPACE',''
  ) );
#9258 = ORIENTED_EDGE('',*,*,#9259,.T.);
#9259 = EDGE_CURVE('',#9234,#9260,#9262,.T.);
#9260 = VERTEX_POINT('',#9261);
#9261 = CARTESIAN_POINT('',(29.4,-17.1,-0.6));
#9262 = SURFACE_CURVE('',#9263,(#9267,#9274),.PCURVE_S1.);
#9263 = LINE('',#9264,#9265);
#9264 = CARTESIAN_POINT('',(29.4,-17.1,-90.));
#9265 = VECTOR('',#9266,1.);
#9266 = DIRECTION('',(0.,0.,1.));
#9267 = PCURVE('',#93,#9268);
#9268 = DEFINITIONAL_REPRESENTATION('',(#9269),#9273);
#9269 = LINE('',#9270,#9271);
#9270 = CARTESIAN_POINT('',(-90.,29.4));
#9271 = VECTOR('',#9272,1.);
#9272 = DIRECTION('',(1.,0.));
#9273 = ( GEOMETRIC_REPRESENTATION_CONTEXT(2) 
PARAMETRIC_REPRESENTATION_CONTEXT() REPRESENTATION_CONTEXT('2D SPACE',''
  ) );
#9274 = PCURVE('',#2978,#9275);
#9275 = DEFINITIONAL_REPRESENTATION('',(#9276),#9280);
#9276 = LINE('',#9277,#9278);
#9277 = CARTESIAN_POINT('',(0.,0.));
#9278 = VECTOR('',#9279,1.);
#9279 = DIRECTION('',(1.,0.));
#9280 = ( GEOMETRIC_REPRESENTATION_CONTEXT(2) 
PARAMETRIC_REPRESENTATION_CONTEXT() REPRESENTATION_CONTEXT('2D SPACE',''
  ) );
#9281 = ORIENTED_EDGE('',*,*,#9282,.F.);
#9282 = EDGE_CURVE('',#9283,#9260,#9285,.T.);
#9283 = VERTEX_POINT('',#9284);
#9284 = CARTESIAN_POINT('',(24.6,-17.1,-0.6));
#9285 = SURFACE_CURVE('',#9286,(#9290,#9297),.PCURVE_S1.);
#9286 = LINE('',#9287,#9288);
#9287 = CARTESIAN_POINT('',(-95.,-17.1,-0.6));
#9288 = VECTOR('',#9289,1.);
#9289 = DIRECTION('',(1.,0.,0.));
#9290 = PCURVE('',#93,#9291);
#9291 = DEFINITIONAL_REPRESENTATION('',(#9292),#9296);
#9292 = LINE('',#9293,#9294);
#9293 = CARTESIAN_POINT('',(-0.6,-95.));
#9294 = VECTOR('',#9295,1.);
#9295 = DIRECTION('',(0.,1.));
#9296 = ( GEOMETRIC_REPRESENTATION_CONTEXT(2) 
PARAMETRIC_REPRESENTATION_CONTEXT() REPRESENTATION_CONTEXT('2D SPACE',''
  ) );
#9297 = PCURVE('',#3006,#9298);
#9298 = DEFINITIONAL_REPRESENTATION('',(#9299),#9303);
#9299 = LINE('',#9300,#9301);
#9300 = CARTESIAN_POINT('',(0.,0.));
#9301 = VECTOR('',#9302,1.);
#9302 = DIRECTION('',(1.,0.));
#9303 = ( GEOMETRIC_REPRESENTATION_CONTEXT(2) 
PARAMETRIC_REPRESENTATION_CONTEXT() REPRESENTATION_CONTEXT('2D SPACE',''
  ) );
#9304 = ORIENTED_EDGE('',*,*,#9305,.F.);
#9305 = EDGE_CURVE('',#9236,#9283,#9306,.T.);
#9306 = SURFACE_CURVE('',#9307,(#9311,#9318),.PCURVE_S1.);
#9307 = LINE('',#9308,#9309);
#9308 = CARTESIAN_POINT('',(24.6,-17.1,-90.));
#9309 = VECTOR('',#9310,1.);
#9310 = DIRECTION('',(0.,0.,1.));
#9311 = PCURVE('',#93,#9312);
#9312 = DEFINITIONAL_REPRESENTATION('',(#9313),#9317);
#9313 = LINE('',#9314,#9315);
#9314 = CARTESIAN_POINT('',(-90.,24.6));
#9315 = VECTOR('',#9316,1.);
#9316 = DIRECTION('',(1.,0.));
#9317 = ( GEOMETRIC_REPRESENTATION_CONTEXT(2) 
PARAMETRIC_REPRESENTATION_CONTEXT() REPRESENTATION_CONTEXT('2D SPACE',''
  ) );
#9318 = PCURVE('',#3032,#9319);
#9319 = DEFINITIONAL_REPRESENTATION('',(#9320),#9324);
#9320 = LINE('',#9321,#9322);
#9321 = CARTESIAN_POINT('',(0.,0.));
#9322 = VECTOR('',#9323,1.);
#9323 = DIRECTION('',(1.,0.));
#9324 = ( GEOMETRIC_REPRESENTATION_CONTEXT(2) 
PARAMETRIC_REPRESENTATION_CONTEXT() REPRESENTATION_CONTEXT('2D SPACE',''
  ) );
#9325 = FACE_BOUND('',#9326,.F.);
#9326 = EDGE_LOOP('',(#9327,#9353,#9376,#9399));
#9327 = ORIENTED_EDGE('',*,*,#9328,.F.);
#9328 = EDGE_CURVE('',#9329,#9331,#9333,.T.);
#9329 = VERTEX_POINT('',#9330);
#9330 = CARTESIAN_POINT('',(23.400000000002,-17.1,-83.79403320046));
#9331 = VERTEX_POINT('',#9332);
#9332 = CARTESIAN_POINT('',(18.6,-17.1,-84.9884698062));
#9333 = SURFACE_CURVE('',#9334,(#9339,#9346),.PCURVE_S1.);
#9334 = CIRCLE('',#9335,87.);
#9335 = AXIS2_PLACEMENT_3D('',#9336,#9337,#9338);
#9336 = CARTESIAN_POINT('',(0.,-17.1,0.));
#9337 = DIRECTION('',(0.,1.,0.));
#9338 = DIRECTION('',(0.,-0.,1.));
#9339 = PCURVE('',#93,#9340);
#9340 = DEFINITIONAL_REPRESENTATION('',(#9341),#9345);
#9341 = CIRCLE('',#9342,87.);
#9342 = AXIS2_PLACEMENT_2D('',#9343,#9344);
#9343 = CARTESIAN_POINT('',(0.,0.));
#9344 = DIRECTION('',(1.,0.));
#9345 = ( GEOMETRIC_REPRESENTATION_CONTEXT(2) 
PARAMETRIC_REPRESENTATION_CONTEXT() REPRESENTATION_CONTEXT('2D SPACE',''
  ) );
#9346 = PCURVE('',#3065,#9347);
#9347 = DEFINITIONAL_REPRESENTATION('',(#9348),#9352);
#9348 = LINE('',#9349,#9350);
#9349 = CARTESIAN_POINT('',(0.,1.E-01));
#9350 = VECTOR('',#9351,1.);
#9351 = DIRECTION('',(1.,0.));
#9352 = ( GEOMETRIC_REPRESENTATION_CONTEXT(2) 
PARAMETRIC_REPRESENTATION_CONTEXT() REPRESENTATION_CONTEXT('2D SPACE',''
  ) );
#9353 = ORIENTED_EDGE('',*,*,#9354,.T.);
#9354 = EDGE_CURVE('',#9329,#9355,#9357,.T.);
#9355 = VERTEX_POINT('',#9356);
#9356 = CARTESIAN_POINT('',(23.4,-17.1,-0.6));
#9357 = SURFACE_CURVE('',#9358,(#9362,#9369),.PCURVE_S1.);
#9358 = LINE('',#9359,#9360);
#9359 = CARTESIAN_POINT('',(23.4,-17.1,-90.));
#9360 = VECTOR('',#9361,1.);
#9361 = DIRECTION('',(0.,0.,1.));
#9362 = PCURVE('',#93,#9363);
#9363 = DEFINITIONAL_REPRESENTATION('',(#9364),#9368);
#9364 = LINE('',#9365,#9366);
#9365 = CARTESIAN_POINT('',(-90.,23.4));
#9366 = VECTOR('',#9367,1.);
#9367 = DIRECTION('',(1.,0.));
#9368 = ( GEOMETRIC_REPRESENTATION_CONTEXT(2) 
PARAMETRIC_REPRESENTATION_CONTEXT() REPRESENTATION_CONTEXT('2D SPACE',''
  ) );
#9369 = PCURVE('',#3093,#9370);
#9370 = DEFINITIONAL_REPRESENTATION('',(#9371),#9375);
#9371 = LINE('',#9372,#9373);
#9372 = CARTESIAN_POINT('',(0.,0.));
#9373 = VECTOR('',#9374,1.);
#9374 = DIRECTION('',(1.,0.));
#9375 = ( GEOMETRIC_REPRESENTATION_CONTEXT(2) 
PARAMETRIC_REPRESENTATION_CONTEXT() REPRESENTATION_CONTEXT('2D SPACE',''
  ) );
#9376 = ORIENTED_EDGE('',*,*,#9377,.F.);
#9377 = EDGE_CURVE('',#9378,#9355,#9380,.T.);
#9378 = VERTEX_POINT('',#9379);
#9379 = CARTESIAN_POINT('',(18.6,-17.1,-0.6));
#9380 = SURFACE_CURVE('',#9381,(#9385,#9392),.PCURVE_S1.);
#9381 = LINE('',#9382,#9383);
#9382 = CARTESIAN_POINT('',(-95.,-17.1,-0.6));
#9383 = VECTOR('',#9384,1.);
#9384 = DIRECTION('',(1.,0.,0.));
#9385 = PCURVE('',#93,#9386);
#9386 = DEFINITIONAL_REPRESENTATION('',(#9387),#9391);
#9387 = LINE('',#9388,#9389);
#9388 = CARTESIAN_POINT('',(-0.6,-95.));
#9389 = VECTOR('',#9390,1.);
#9390 = DIRECTION('',(0.,1.));
#9391 = ( GEOMETRIC_REPRESENTATION_CONTEXT(2) 
PARAMETRIC_REPRESENTATION_CONTEXT() REPRESENTATION_CONTEXT('2D SPACE',''
  ) );
#9392 = PCURVE('',#3121,#9393);
#9393 = DEFINITIONAL_REPRESENTATION('',(#9394),#9398);
#9394 = LINE('',#9395,#9396);
#9395 = CARTESIAN_POINT('',(0.,0.));
#9396 = VECTOR('',#9397,1.);
#9397 = DIRECTION('',(1.,0.));
#9398 = ( GEOMETRIC_REPRESENTATION_CONTEXT(2) 
PARAMETRIC_REPRESENTATION_CONTEXT() REPRESENTATION_CONTEXT('2D SPACE',''
  ) );
#9399 = ORIENTED_EDGE('',*,*,#9400,.F.);
#9400 = EDGE_CURVE('',#9331,#9378,#9401,.T.);
#9401 = SURFACE_CURVE('',#9402,(#9406,#9413),.PCURVE_S1.);
#9402 = LINE('',#9403,#9404);
#9403 = CARTESIAN_POINT('',(18.6,-17.1,-90.));
#9404 = VECTOR('',#9405,1.);
#9405 = DIRECTION('',(0.,0.,1.));
#9406 = PCURVE('',#93,#9407);
#9407 = DEFINITIONAL_REPRESENTATION('',(#9408),#9412);
#9408 = LINE('',#9409,#9410);
#9409 = CARTESIAN_POINT('',(-90.,18.6));
#9410 = VECTOR('',#9411,1.);
#9411 = DIRECTION('',(1.,0.));
#9412 = ( GEOMETRIC_REPRESENTATION_CONTEXT(2) 
PARAMETRIC_REPRESENTATION_CONTEXT() REPRESENTATION_CONTEXT('2D SPACE',''
  ) );
#9413 = PCURVE('',#3147,#9414);
#9414 = DEFINITIONAL_REPRESENTATION('',(#9415),#9419);
#9415 = LINE('',#9416,#9417);
#9416 = CARTESIAN_POINT('',(0.,0.));
#9417 = VECTOR('',#9418,1.);
#9418 = DIRECTION('',(1.,0.));
#9419 = ( GEOMETRIC_REPRESENTATION_CONTEXT(2) 
PARAMETRIC_REPRESENTATION_CONTEXT() REPRESENTATION_CONTEXT('2D SPACE',''
  ) );
#9420 = FACE_BOUND('',#9421,.F.);
#9421 = EDGE_LOOP('',(#9422,#9448,#9471,#9494));
#9422 = ORIENTED_EDGE('',*,*,#9423,.F.);
#9423 = EDGE_CURVE('',#9424,#9426,#9428,.T.);
#9424 = VERTEX_POINT('',#9425);
#9425 = CARTESIAN_POINT('',(17.400000000001,-17.1,-85.24224304885));
#9426 = VERTEX_POINT('',#9427);
#9427 = CARTESIAN_POINT('',(12.600000000001,-17.1,-86.08275088541));
#9428 = SURFACE_CURVE('',#9429,(#9434,#9441),.PCURVE_S1.);
#9429 = CIRCLE('',#9430,87.);
#9430 = AXIS2_PLACEMENT_3D('',#9431,#9432,#9433);
#9431 = CARTESIAN_POINT('',(0.,-17.1,0.));
#9432 = DIRECTION('',(0.,1.,0.));
#9433 = DIRECTION('',(0.,-0.,1.));
#9434 = PCURVE('',#93,#9435);
#9435 = DEFINITIONAL_REPRESENTATION('',(#9436),#9440);
#9436 = CIRCLE('',#9437,87.);
#9437 = AXIS2_PLACEMENT_2D('',#9438,#9439);
#9438 = CARTESIAN_POINT('',(0.,0.));
#9439 = DIRECTION('',(1.,0.));
#9440 = ( GEOMETRIC_REPRESENTATION_CONTEXT(2) 
PARAMETRIC_REPRESENTATION_CONTEXT() REPRESENTATION_CONTEXT('2D SPACE',''
  ) );
#9441 = PCURVE('',#3180,#9442);
#9442 = DEFINITIONAL_REPRESENTATION('',(#9443),#9447);
#9443 = LINE('',#9444,#9445);
#9444 = CARTESIAN_POINT('',(0.,1.E-01));
#9445 = VECTOR('',#9446,1.);
#9446 = DIRECTION('',(1.,0.));
#9447 = ( GEOMETRIC_REPRESENTATION_CONTEXT(2) 
PARAMETRIC_REPRESENTATION_CONTEXT() REPRESENTATION_CONTEXT('2D SPACE',''
  ) );
#9448 = ORIENTED_EDGE('',*,*,#9449,.T.);
#9449 = EDGE_CURVE('',#9424,#9450,#9452,.T.);
#9450 = VERTEX_POINT('',#9451);
#9451 = CARTESIAN_POINT('',(17.4,-17.1,-0.6));
#9452 = SURFACE_CURVE('',#9453,(#9457,#9464),.PCURVE_S1.);
#9453 = LINE('',#9454,#9455);
#9454 = CARTESIAN_POINT('',(17.4,-17.1,-90.));
#9455 = VECTOR('',#9456,1.);
#9456 = DIRECTION('',(0.,0.,1.));
#9457 = PCURVE('',#93,#9458);
#9458 = DEFINITIONAL_REPRESENTATION('',(#9459),#9463);
#9459 = LINE('',#9460,#9461);
#9460 = CARTESIAN_POINT('',(-90.,17.4));
#9461 = VECTOR('',#9462,1.);
#9462 = DIRECTION('',(1.,0.));
#9463 = ( GEOMETRIC_REPRESENTATION_CONTEXT(2) 
PARAMETRIC_REPRESENTATION_CONTEXT() REPRESENTATION_CONTEXT('2D SPACE',''
  ) );
#9464 = PCURVE('',#3208,#9465);
#9465 = DEFINITIONAL_REPRESENTATION('',(#9466),#9470);
#9466 = LINE('',#9467,#9468);
#9467 = CARTESIAN_POINT('',(0.,0.));
#9468 = VECTOR('',#9469,1.);
#9469 = DIRECTION('',(1.,0.));
#9470 = ( GEOMETRIC_REPRESENTATION_CONTEXT(2) 
PARAMETRIC_REPRESENTATION_CONTEXT() REPRESENTATION_CONTEXT('2D SPACE',''
  ) );
#9471 = ORIENTED_EDGE('',*,*,#9472,.F.);
#9472 = EDGE_CURVE('',#9473,#9450,#9475,.T.);
#9473 = VERTEX_POINT('',#9474);
#9474 = CARTESIAN_POINT('',(12.6,-17.1,-0.6));
#9475 = SURFACE_CURVE('',#9476,(#9480,#9487),.PCURVE_S1.);
#9476 = LINE('',#9477,#9478);
#9477 = CARTESIAN_POINT('',(-95.,-17.1,-0.6));
#9478 = VECTOR('',#9479,1.);
#9479 = DIRECTION('',(1.,0.,0.));
#9480 = PCURVE('',#93,#9481);
#9481 = DEFINITIONAL_REPRESENTATION('',(#9482),#9486);
#9482 = LINE('',#9483,#9484);
#9483 = CARTESIAN_POINT('',(-0.6,-95.));
#9484 = VECTOR('',#9485,1.);
#9485 = DIRECTION('',(0.,1.));
#9486 = ( GEOMETRIC_REPRESENTATION_CONTEXT(2) 
PARAMETRIC_REPRESENTATION_CONTEXT() REPRESENTATION_CONTEXT('2D SPACE',''
  ) );
#9487 = PCURVE('',#3236,#9488);
#9488 = DEFINITIONAL_REPRESENTATION('',(#9489),#9493);
#9489 = LINE('',#9490,#9491);
#9490 = CARTESIAN_POINT('',(0.,0.));
#9491 = VECTOR('',#9492,1.);
#9492 = DIRECTION('',(1.,0.));
#9493 = ( GEOMETRIC_REPRESENTATION_CONTEXT(2) 
PARAMETRIC_REPRESENTATION_CONTEXT() REPRESENTATION_CONTEXT('2D SPACE',''
  ) );
#9494 = ORIENTED_EDGE('',*,*,#9495,.F.);
#9495 = EDGE_CURVE('',#9426,#9473,#9496,.T.);
#9496 = SURFACE_CURVE('',#9497,(#9501,#9508),.PCURVE_S1.);
#9497 = LINE('',#9498,#9499);
#9498 = CARTESIAN_POINT('',(12.6,-17.1,-90.));
#9499 = VECTOR('',#9500,1.);
#9500 = DIRECTION('',(0.,0.,1.));
#9501 = PCURVE('',#93,#9502);
#9502 = DEFINITIONAL_REPRESENTATION('',(#9503),#9507);
#9503 = LINE('',#9504,#9505);
#9504 = CARTESIAN_POINT('',(-90.,12.6));
#9505 = VECTOR('',#9506,1.);
#9506 = DIRECTION('',(1.,0.));
#9507 = ( GEOMETRIC_REPRESENTATION_CONTEXT(2) 
PARAMETRIC_REPRESENTATION_CONTEXT() REPRESENTATION_CONTEXT('2D SPACE',''
  ) );
#9508 = PCURVE('',#3262,#9509);
#9509 = DEFINITIONAL_REPRESENTATION('',(#9510),#9514);
#9510 = LINE('',#9511,#9512);
#9511 = CARTESIAN_POINT('',(0.,0.));
#9512 = VECTOR('',#9513,1.);
#9513 = DIRECTION('',(1.,0.));
#9514 = ( GEOMETRIC_REPRESENTATION_CONTEXT(2) 
PARAMETRIC_REPRESENTATION_CONTEXT() REPRESENTATION_CONTEXT('2D SPACE',''
  ) );
#9515 = FACE_BOUND('',#9516,.F.);
#9516 = EDGE_LOOP('',(#9517,#9543,#9566,#9589));
#9517 = ORIENTED_EDGE('',*,*,#9518,.F.);
#9518 = EDGE_CURVE('',#9519,#9521,#9523,.T.);
#9519 = VERTEX_POINT('',#9520);
#9520 = CARTESIAN_POINT('',(11.399999999999,-17.1,-86.24986956511));
#9521 = VERTEX_POINT('',#9522);
#9522 = CARTESIAN_POINT('',(6.599999999998,-17.1,-86.74929394525));
#9523 = SURFACE_CURVE('',#9524,(#9529,#9536),.PCURVE_S1.);
#9524 = CIRCLE('',#9525,87.);
#9525 = AXIS2_PLACEMENT_3D('',#9526,#9527,#9528);
#9526 = CARTESIAN_POINT('',(0.,-17.1,0.));
#9527 = DIRECTION('',(0.,1.,0.));
#9528 = DIRECTION('',(0.,-0.,1.));
#9529 = PCURVE('',#93,#9530);
#9530 = DEFINITIONAL_REPRESENTATION('',(#9531),#9535);
#9531 = CIRCLE('',#9532,87.);
#9532 = AXIS2_PLACEMENT_2D('',#9533,#9534);
#9533 = CARTESIAN_POINT('',(0.,0.));
#9534 = DIRECTION('',(1.,0.));
#9535 = ( GEOMETRIC_REPRESENTATION_CONTEXT(2) 
PARAMETRIC_REPRESENTATION_CONTEXT() REPRESENTATION_CONTEXT('2D SPACE',''
  ) );
#9536 = PCURVE('',#3295,#9537);
#9537 = DEFINITIONAL_REPRESENTATION('',(#9538),#9542);
#9538 = LINE('',#9539,#9540);
#9539 = CARTESIAN_POINT('',(0.,1.E-01));
#9540 = VECTOR('',#9541,1.);
#9541 = DIRECTION('',(1.,0.));
#9542 = ( GEOMETRIC_REPRESENTATION_CONTEXT(2) 
PARAMETRIC_REPRESENTATION_CONTEXT() REPRESENTATION_CONTEXT('2D SPACE',''
  ) );
#9543 = ORIENTED_EDGE('',*,*,#9544,.T.);
#9544 = EDGE_CURVE('',#9519,#9545,#9547,.T.);
#9545 = VERTEX_POINT('',#9546);
#9546 = CARTESIAN_POINT('',(11.4,-17.1,-0.6));
#9547 = SURFACE_CURVE('',#9548,(#9552,#9559),.PCURVE_S1.);
#9548 = LINE('',#9549,#9550);
#9549 = CARTESIAN_POINT('',(11.4,-17.1,-90.));
#9550 = VECTOR('',#9551,1.);
#9551 = DIRECTION('',(0.,0.,1.));
#9552 = PCURVE('',#93,#9553);
#9553 = DEFINITIONAL_REPRESENTATION('',(#9554),#9558);
#9554 = LINE('',#9555,#9556);
#9555 = CARTESIAN_POINT('',(-90.,11.4));
#9556 = VECTOR('',#9557,1.);
#9557 = DIRECTION('',(1.,0.));
#9558 = ( GEOMETRIC_REPRESENTATION_CONTEXT(2) 
PARAMETRIC_REPRESENTATION_CONTEXT() REPRESENTATION_CONTEXT('2D SPACE',''
  ) );
#9559 = PCURVE('',#3323,#9560);
#9560 = DEFINITIONAL_REPRESENTATION('',(#9561),#9565);
#9561 = LINE('',#9562,#9563);
#9562 = CARTESIAN_POINT('',(0.,0.));
#9563 = VECTOR('',#9564,1.);
#9564 = DIRECTION('',(1.,0.));
#9565 = ( GEOMETRIC_REPRESENTATION_CONTEXT(2) 
PARAMETRIC_REPRESENTATION_CONTEXT() REPRESENTATION_CONTEXT('2D SPACE',''
  ) );
#9566 = ORIENTED_EDGE('',*,*,#9567,.F.);
#9567 = EDGE_CURVE('',#9568,#9545,#9570,.T.);
#9568 = VERTEX_POINT('',#9569);
#9569 = CARTESIAN_POINT('',(6.6,-17.1,-0.6));
#9570 = SURFACE_CURVE('',#9571,(#9575,#9582),.PCURVE_S1.);
#9571 = LINE('',#9572,#9573);
#9572 = CARTESIAN_POINT('',(-95.,-17.1,-0.6));
#9573 = VECTOR('',#9574,1.);
#9574 = DIRECTION('',(1.,0.,0.));
#9575 = PCURVE('',#93,#9576);
#9576 = DEFINITIONAL_REPRESENTATION('',(#9577),#9581);
#9577 = LINE('',#9578,#9579);
#9578 = CARTESIAN_POINT('',(-0.6,-95.));
#9579 = VECTOR('',#9580,1.);
#9580 = DIRECTION('',(0.,1.));
#9581 = ( GEOMETRIC_REPRESENTATION_CONTEXT(2) 
PARAMETRIC_REPRESENTATION_CONTEXT() REPRESENTATION_CONTEXT('2D SPACE',''
  ) );
#9582 = PCURVE('',#3351,#9583);
#9583 = DEFINITIONAL_REPRESENTATION('',(#9584),#9588);
#9584 = LINE('',#9585,#9586);
#9585 = CARTESIAN_POINT('',(0.,0.));
#9586 = VECTOR('',#9587,1.);
#9587 = DIRECTION('',(1.,0.));
#9588 = ( GEOMETRIC_REPRESENTATION_CONTEXT(2) 
PARAMETRIC_REPRESENTATION_CONTEXT() REPRESENTATION_CONTEXT('2D SPACE',''
  ) );
#9589 = ORIENTED_EDGE('',*,*,#9590,.F.);
#9590 = EDGE_CURVE('',#9521,#9568,#9591,.T.);
#9591 = SURFACE_CURVE('',#9592,(#9596,#9603),.PCURVE_S1.);
#9592 = LINE('',#9593,#9594);
#9593 = CARTESIAN_POINT('',(6.6,-17.1,-90.));
#9594 = VECTOR('',#9595,1.);
#9595 = DIRECTION('',(0.,0.,1.));
#9596 = PCURVE('',#93,#9597);
#9597 = DEFINITIONAL_REPRESENTATION('',(#9598),#9602);
#9598 = LINE('',#9599,#9600);
#9599 = CARTESIAN_POINT('',(-90.,6.6));
#9600 = VECTOR('',#9601,1.);
#9601 = DIRECTION('',(1.,0.));
#9602 = ( GEOMETRIC_REPRESENTATION_CONTEXT(2) 
PARAMETRIC_REPRESENTATION_CONTEXT() REPRESENTATION_CONTEXT('2D SPACE',''
  ) );
#9603 = PCURVE('',#3377,#9604);
#9604 = DEFINITIONAL_REPRESENTATION('',(#9605),#9609);
#9605 = LINE('',#9606,#9607);
#9606 = CARTESIAN_POINT('',(0.,0.));
#9607 = VECTOR('',#9608,1.);
#9608 = DIRECTION('',(1.,0.));
#9609 = ( GEOMETRIC_REPRESENTATION_CONTEXT(2) 
PARAMETRIC_REPRESENTATION_CONTEXT() REPRESENTATION_CONTEXT('2D SPACE',''
  ) );
#9610 = FACE_BOUND('',#9611,.F.);
#9611 = EDGE_LOOP('',(#9612,#9638,#9661,#9684));
#9612 = ORIENTED_EDGE('',*,*,#9613,.F.);
#9613 = EDGE_CURVE('',#9614,#9616,#9618,.T.);
#9614 = VERTEX_POINT('',#9615);
#9615 = CARTESIAN_POINT('',(5.399999999999,-17.1,-86.8322520726));
#9616 = VERTEX_POINT('',#9617);
#9617 = CARTESIAN_POINT('',(0.600000000002,-17.1,-86.99793100988));
#9618 = SURFACE_CURVE('',#9619,(#9624,#9631),.PCURVE_S1.);
#9619 = CIRCLE('',#9620,87.);
#9620 = AXIS2_PLACEMENT_3D('',#9621,#9622,#9623);
#9621 = CARTESIAN_POINT('',(0.,-17.1,0.));
#9622 = DIRECTION('',(0.,1.,0.));
#9623 = DIRECTION('',(0.,-0.,1.));
#9624 = PCURVE('',#93,#9625);
#9625 = DEFINITIONAL_REPRESENTATION('',(#9626),#9630);
#9626 = CIRCLE('',#9627,87.);
#9627 = AXIS2_PLACEMENT_2D('',#9628,#9629);
#9628 = CARTESIAN_POINT('',(0.,0.));
#9629 = DIRECTION('',(1.,0.));
#9630 = ( GEOMETRIC_REPRESENTATION_CONTEXT(2) 
PARAMETRIC_REPRESENTATION_CONTEXT() REPRESENTATION_CONTEXT('2D SPACE',''
  ) );
#9631 = PCURVE('',#3410,#9632);
#9632 = DEFINITIONAL_REPRESENTATION('',(#9633),#9637);
#9633 = LINE('',#9634,#9635);
#9634 = CARTESIAN_POINT('',(0.,1.E-01));
#9635 = VECTOR('',#9636,1.);
#9636 = DIRECTION('',(1.,0.));
#9637 = ( GEOMETRIC_REPRESENTATION_CONTEXT(2) 
PARAMETRIC_REPRESENTATION_CONTEXT() REPRESENTATION_CONTEXT('2D SPACE',''
  ) );
#9638 = ORIENTED_EDGE('',*,*,#9639,.T.);
#9639 = EDGE_CURVE('',#9614,#9640,#9642,.T.);
#9640 = VERTEX_POINT('',#9641);
#9641 = CARTESIAN_POINT('',(5.4,-17.1,-0.6));
#9642 = SURFACE_CURVE('',#9643,(#9647,#9654),.PCURVE_S1.);
#9643 = LINE('',#9644,#9645);
#9644 = CARTESIAN_POINT('',(5.4,-17.1,-90.));
#9645 = VECTOR('',#9646,1.);
#9646 = DIRECTION('',(0.,0.,1.));
#9647 = PCURVE('',#93,#9648);
#9648 = DEFINITIONAL_REPRESENTATION('',(#9649),#9653);
#9649 = LINE('',#9650,#9651);
#9650 = CARTESIAN_POINT('',(-90.,5.4));
#9651 = VECTOR('',#9652,1.);
#9652 = DIRECTION('',(1.,0.));
#9653 = ( GEOMETRIC_REPRESENTATION_CONTEXT(2) 
PARAMETRIC_REPRESENTATION_CONTEXT() REPRESENTATION_CONTEXT('2D SPACE',''
  ) );
#9654 = PCURVE('',#3438,#9655);
#9655 = DEFINITIONAL_REPRESENTATION('',(#9656),#9660);
#9656 = LINE('',#9657,#9658);
#9657 = CARTESIAN_POINT('',(0.,0.));
#9658 = VECTOR('',#9659,1.);
#9659 = DIRECTION('',(1.,0.));
#9660 = ( GEOMETRIC_REPRESENTATION_CONTEXT(2) 
PARAMETRIC_REPRESENTATION_CONTEXT() REPRESENTATION_CONTEXT('2D SPACE',''
  ) );
#9661 = ORIENTED_EDGE('',*,*,#9662,.F.);
#9662 = EDGE_CURVE('',#9663,#9640,#9665,.T.);
#9663 = VERTEX_POINT('',#9664);
#9664 = CARTESIAN_POINT('',(0.6,-17.1,-0.6));
#9665 = SURFACE_CURVE('',#9666,(#9670,#9677),.PCURVE_S1.);
#9666 = LINE('',#9667,#9668);
#9667 = CARTESIAN_POINT('',(-95.,-17.1,-0.6));
#9668 = VECTOR('',#9669,1.);
#9669 = DIRECTION('',(1.,0.,0.));
#9670 = PCURVE('',#93,#9671);
#9671 = DEFINITIONAL_REPRESENTATION('',(#9672),#9676);
#9672 = LINE('',#9673,#9674);
#9673 = CARTESIAN_POINT('',(-0.6,-95.));
#9674 = VECTOR('',#9675,1.);
#9675 = DIRECTION('',(0.,1.));
#9676 = ( GEOMETRIC_REPRESENTATION_CONTEXT(2) 
PARAMETRIC_REPRESENTATION_CONTEXT() REPRESENTATION_CONTEXT('2D SPACE',''
  ) );
#9677 = PCURVE('',#3466,#9678);
#9678 = DEFINITIONAL_REPRESENTATION('',(#9679),#9683);
#9679 = LINE('',#9680,#9681);
#9680 = CARTESIAN_POINT('',(0.,0.));
#9681 = VECTOR('',#9682,1.);
#9682 = DIRECTION('',(1.,0.));
#9683 = ( GEOMETRIC_REPRESENTATION_CONTEXT(2) 
PARAMETRIC_REPRESENTATION_CONTEXT() REPRESENTATION_CONTEXT('2D SPACE',''
  ) );
#9684 = ORIENTED_EDGE('',*,*,#9685,.F.);
#9685 = EDGE_CURVE('',#9616,#9663,#9686,.T.);
#9686 = SURFACE_CURVE('',#9687,(#9691,#9698),.PCURVE_S1.);
#9687 = LINE('',#9688,#9689);
#9688 = CARTESIAN_POINT('',(0.6,-17.1,-90.));
#9689 = VECTOR('',#9690,1.);
#9690 = DIRECTION('',(0.,0.,1.));
#9691 = PCURVE('',#93,#9692);
#9692 = DEFINITIONAL_REPRESENTATION('',(#9693),#9697);
#9693 = LINE('',#9694,#9695);
#9694 = CARTESIAN_POINT('',(-90.,0.6));
#9695 = VECTOR('',#9696,1.);
#9696 = DIRECTION('',(1.,0.));
#9697 = ( GEOMETRIC_REPRESENTATION_CONTEXT(2) 
PARAMETRIC_REPRESENTATION_CONTEXT() REPRESENTATION_CONTEXT('2D SPACE',''
  ) );
#9698 = PCURVE('',#3492,#9699);
#9699 = DEFINITIONAL_REPRESENTATION('',(#9700),#9704);
#9700 = LINE('',#9701,#9702);
#9701 = CARTESIAN_POINT('',(0.,0.));
#9702 = VECTOR('',#9703,1.);
#9703 = DIRECTION('',(1.,0.));
#9704 = ( GEOMETRIC_REPRESENTATION_CONTEXT(2) 
PARAMETRIC_REPRESENTATION_CONTEXT() REPRESENTATION_CONTEXT('2D SPACE',''
  ) );
#9705 = FACE_BOUND('',#9706,.F.);
#9706 = EDGE_LOOP('',(#9707,#9733,#9756,#9779));
#9707 = ORIENTED_EDGE('',*,*,#9708,.F.);
#9708 = EDGE_CURVE('',#9709,#9711,#9713,.T.);
#9709 = VERTEX_POINT('',#9710);
#9710 = CARTESIAN_POINT('',(-0.600000000002,-17.1,-86.99793100988));
#9711 = VERTEX_POINT('',#9712);
#9712 = CARTESIAN_POINT('',(-5.399999999999,-17.1,-86.8322520726));
#9713 = SURFACE_CURVE('',#9714,(#9719,#9726),.PCURVE_S1.);
#9714 = CIRCLE('',#9715,87.);
#9715 = AXIS2_PLACEMENT_3D('',#9716,#9717,#9718);
#9716 = CARTESIAN_POINT('',(0.,-17.1,0.));
#9717 = DIRECTION('',(0.,1.,0.));
#9718 = DIRECTION('',(0.,-0.,1.));
#9719 = PCURVE('',#93,#9720);
#9720 = DEFINITIONAL_REPRESENTATION('',(#9721),#9725);
#9721 = CIRCLE('',#9722,87.);
#9722 = AXIS2_PLACEMENT_2D('',#9723,#9724);
#9723 = CARTESIAN_POINT('',(0.,0.));
#9724 = DIRECTION('',(1.,0.));
#9725 = ( GEOMETRIC_REPRESENTATION_CONTEXT(2) 
PARAMETRIC_REPRESENTATION_CONTEXT() REPRESENTATION_CONTEXT('2D SPACE',''
  ) );
#9726 = PCURVE('',#3525,#9727);
#9727 = DEFINITIONAL_REPRESENTATION('',(#9728),#9732);
#9728 = LINE('',#9729,#9730);
#9729 = CARTESIAN_POINT('',(0.,1.E-01));
#9730 = VECTOR('',#9731,1.);
#9731 = DIRECTION('',(1.,0.));
#9732 = ( GEOMETRIC_REPRESENTATION_CONTEXT(2) 
PARAMETRIC_REPRESENTATION_CONTEXT() REPRESENTATION_CONTEXT('2D SPACE',''
  ) );
#9733 = ORIENTED_EDGE('',*,*,#9734,.T.);
#9734 = EDGE_CURVE('',#9709,#9735,#9737,.T.);
#9735 = VERTEX_POINT('',#9736);
#9736 = CARTESIAN_POINT('',(-0.6,-17.1,-0.6));
#9737 = SURFACE_CURVE('',#9738,(#9742,#9749),.PCURVE_S1.);
#9738 = LINE('',#9739,#9740);
#9739 = CARTESIAN_POINT('',(-0.6,-17.1,-90.));
#9740 = VECTOR('',#9741,1.);
#9741 = DIRECTION('',(0.,0.,1.));
#9742 = PCURVE('',#93,#9743);
#9743 = DEFINITIONAL_REPRESENTATION('',(#9744),#9748);
#9744 = LINE('',#9745,#9746);
#9745 = CARTESIAN_POINT('',(-90.,-0.6));
#9746 = VECTOR('',#9747,1.);
#9747 = DIRECTION('',(1.,0.));
#9748 = ( GEOMETRIC_REPRESENTATION_CONTEXT(2) 
PARAMETRIC_REPRESENTATION_CONTEXT() REPRESENTATION_CONTEXT('2D SPACE',''
  ) );
#9749 = PCURVE('',#3553,#9750);
#9750 = DEFINITIONAL_REPRESENTATION('',(#9751),#9755);
#9751 = LINE('',#9752,#9753);
#9752 = CARTESIAN_POINT('',(0.,0.));
#9753 = VECTOR('',#9754,1.);
#9754 = DIRECTION('',(1.,0.));
#9755 = ( GEOMETRIC_REPRESENTATION_CONTEXT(2) 
PARAMETRIC_REPRESENTATION_CONTEXT() REPRESENTATION_CONTEXT('2D SPACE',''
  ) );
#9756 = ORIENTED_EDGE('',*,*,#9757,.F.);
#9757 = EDGE_CURVE('',#9758,#9735,#9760,.T.);
#9758 = VERTEX_POINT('',#9759);
#9759 = CARTESIAN_POINT('',(-5.4,-17.1,-0.6));
#9760 = SURFACE_CURVE('',#9761,(#9765,#9772),.PCURVE_S1.);
#9761 = LINE('',#9762,#9763);
#9762 = CARTESIAN_POINT('',(-95.,-17.1,-0.6));
#9763 = VECTOR('',#9764,1.);
#9764 = DIRECTION('',(1.,0.,0.));
#9765 = PCURVE('',#93,#9766);
#9766 = DEFINITIONAL_REPRESENTATION('',(#9767),#9771);
#9767 = LINE('',#9768,#9769);
#9768 = CARTESIAN_POINT('',(-0.6,-95.));
#9769 = VECTOR('',#9770,1.);
#9770 = DIRECTION('',(0.,1.));
#9771 = ( GEOMETRIC_REPRESENTATION_CONTEXT(2) 
PARAMETRIC_REPRESENTATION_CONTEXT() REPRESENTATION_CONTEXT('2D SPACE',''
  ) );
#9772 = PCURVE('',#3581,#9773);
#9773 = DEFINITIONAL_REPRESENTATION('',(#9774),#9778);
#9774 = LINE('',#9775,#9776);
#9775 = CARTESIAN_POINT('',(0.,0.));
#9776 = VECTOR('',#9777,1.);
#9777 = DIRECTION('',(1.,0.));
#9778 = ( GEOMETRIC_REPRESENTATION_CONTEXT(2) 
PARAMETRIC_REPRESENTATION_CONTEXT() REPRESENTATION_CONTEXT('2D SPACE',''
  ) );
#9779 = ORIENTED_EDGE('',*,*,#9780,.F.);
#9780 = EDGE_CURVE('',#9711,#9758,#9781,.T.);
#9781 = SURFACE_CURVE('',#9782,(#9786,#9793),.PCURVE_S1.);
#9782 = LINE('',#9783,#9784);
#9783 = CARTESIAN_POINT('',(-5.4,-17.1,-90.));
#9784 = VECTOR('',#9785,1.);
#9785 = DIRECTION('',(0.,0.,1.));
#9786 = PCURVE('',#93,#9787);
#9787 = DEFINITIONAL_REPRESENTATION('',(#9788),#9792);
#9788 = LINE('',#9789,#9790);
#9789 = CARTESIAN_POINT('',(-90.,-5.4));
#9790 = VECTOR('',#9791,1.);
#9791 = DIRECTION('',(1.,0.));
#9792 = ( GEOMETRIC_REPRESENTATION_CONTEXT(2) 
PARAMETRIC_REPRESENTATION_CONTEXT() REPRESENTATION_CONTEXT('2D SPACE',''
  ) );
#9793 = PCURVE('',#3607,#9794);
#9794 = DEFINITIONAL_REPRESENTATION('',(#9795),#9799);
#9795 = LINE('',#9796,#9797);
#9796 = CARTESIAN_POINT('',(0.,0.));
#9797 = VECTOR('',#9798,1.);
#9798 = DIRECTION('',(1.,0.));
#9799 = ( GEOMETRIC_REPRESENTATION_CONTEXT(2) 
PARAMETRIC_REPRESENTATION_CONTEXT() REPRESENTATION_CONTEXT('2D SPACE',''
  ) );
#9800 = FACE_BOUND('',#9801,.F.);
#9801 = EDGE_LOOP('',(#9802,#9828,#9851,#9874));
#9802 = ORIENTED_EDGE('',*,*,#9803,.F.);
#9803 = EDGE_CURVE('',#9804,#9806,#9808,.T.);
#9804 = VERTEX_POINT('',#9805);
#9805 = CARTESIAN_POINT('',(-6.599999999998,-17.1,-86.74929394525));
#9806 = VERTEX_POINT('',#9807);
#9807 = CARTESIAN_POINT('',(-11.39999999999,-17.1,-86.24986956511));
#9808 = SURFACE_CURVE('',#9809,(#9814,#9821),.PCURVE_S1.);
#9809 = CIRCLE('',#9810,87.);
#9810 = AXIS2_PLACEMENT_3D('',#9811,#9812,#9813);
#9811 = CARTESIAN_POINT('',(0.,-17.1,0.));
#9812 = DIRECTION('',(0.,1.,0.));
#9813 = DIRECTION('',(0.,-0.,1.));
#9814 = PCURVE('',#93,#9815);
#9815 = DEFINITIONAL_REPRESENTATION('',(#9816),#9820);
#9816 = CIRCLE('',#9817,87.);
#9817 = AXIS2_PLACEMENT_2D('',#9818,#9819);
#9818 = CARTESIAN_POINT('',(0.,0.));
#9819 = DIRECTION('',(1.,0.));
#9820 = ( GEOMETRIC_REPRESENTATION_CONTEXT(2) 
PARAMETRIC_REPRESENTATION_CONTEXT() REPRESENTATION_CONTEXT('2D SPACE',''
  ) );
#9821 = PCURVE('',#3640,#9822);
#9822 = DEFINITIONAL_REPRESENTATION('',(#9823),#9827);
#9823 = LINE('',#9824,#9825);
#9824 = CARTESIAN_POINT('',(0.,1.E-01));
#9825 = VECTOR('',#9826,1.);
#9826 = DIRECTION('',(1.,0.));
#9827 = ( GEOMETRIC_REPRESENTATION_CONTEXT(2) 
PARAMETRIC_REPRESENTATION_CONTEXT() REPRESENTATION_CONTEXT('2D SPACE',''
  ) );
#9828 = ORIENTED_EDGE('',*,*,#9829,.T.);
#9829 = EDGE_CURVE('',#9804,#9830,#9832,.T.);
#9830 = VERTEX_POINT('',#9831);
#9831 = CARTESIAN_POINT('',(-6.6,-17.1,-0.6));
#9832 = SURFACE_CURVE('',#9833,(#9837,#9844),.PCURVE_S1.);
#9833 = LINE('',#9834,#9835);
#9834 = CARTESIAN_POINT('',(-6.6,-17.1,-90.));
#9835 = VECTOR('',#9836,1.);
#9836 = DIRECTION('',(0.,0.,1.));
#9837 = PCURVE('',#93,#9838);
#9838 = DEFINITIONAL_REPRESENTATION('',(#9839),#9843);
#9839 = LINE('',#9840,#9841);
#9840 = CARTESIAN_POINT('',(-90.,-6.6));
#9841 = VECTOR('',#9842,1.);
#9842 = DIRECTION('',(1.,0.));
#9843 = ( GEOMETRIC_REPRESENTATION_CONTEXT(2) 
PARAMETRIC_REPRESENTATION_CONTEXT() REPRESENTATION_CONTEXT('2D SPACE',''
  ) );
#9844 = PCURVE('',#3668,#9845);
#9845 = DEFINITIONAL_REPRESENTATION('',(#9846),#9850);
#9846 = LINE('',#9847,#9848);
#9847 = CARTESIAN_POINT('',(0.,0.));
#9848 = VECTOR('',#9849,1.);
#9849 = DIRECTION('',(1.,0.));
#9850 = ( GEOMETRIC_REPRESENTATION_CONTEXT(2) 
PARAMETRIC_REPRESENTATION_CONTEXT() REPRESENTATION_CONTEXT('2D SPACE',''
  ) );
#9851 = ORIENTED_EDGE('',*,*,#9852,.F.);
#9852 = EDGE_CURVE('',#9853,#9830,#9855,.T.);
#9853 = VERTEX_POINT('',#9854);
#9854 = CARTESIAN_POINT('',(-11.4,-17.1,-0.6));
#9855 = SURFACE_CURVE('',#9856,(#9860,#9867),.PCURVE_S1.);
#9856 = LINE('',#9857,#9858);
#9857 = CARTESIAN_POINT('',(-95.,-17.1,-0.6));
#9858 = VECTOR('',#9859,1.);
#9859 = DIRECTION('',(1.,0.,0.));
#9860 = PCURVE('',#93,#9861);
#9861 = DEFINITIONAL_REPRESENTATION('',(#9862),#9866);
#9862 = LINE('',#9863,#9864);
#9863 = CARTESIAN_POINT('',(-0.6,-95.));
#9864 = VECTOR('',#9865,1.);
#9865 = DIRECTION('',(0.,1.));
#9866 = ( GEOMETRIC_REPRESENTATION_CONTEXT(2) 
PARAMETRIC_REPRESENTATION_CONTEXT() REPRESENTATION_CONTEXT('2D SPACE',''
  ) );
#9867 = PCURVE('',#3696,#9868);
#9868 = DEFINITIONAL_REPRESENTATION('',(#9869),#9873);
#9869 = LINE('',#9870,#9871);
#9870 = CARTESIAN_POINT('',(0.,0.));
#9871 = VECTOR('',#9872,1.);
#9872 = DIRECTION('',(1.,0.));
#9873 = ( GEOMETRIC_REPRESENTATION_CONTEXT(2) 
PARAMETRIC_REPRESENTATION_CONTEXT() REPRESENTATION_CONTEXT('2D SPACE',''
  ) );
#9874 = ORIENTED_EDGE('',*,*,#9875,.F.);
#9875 = EDGE_CURVE('',#9806,#9853,#9876,.T.);
#9876 = SURFACE_CURVE('',#9877,(#9881,#9888),.PCURVE_S1.);
#9877 = LINE('',#9878,#9879);
#9878 = CARTESIAN_POINT('',(-11.4,-17.1,-90.));
#9879 = VECTOR('',#9880,1.);
#9880 = DIRECTION('',(0.,0.,1.));
#9881 = PCURVE('',#93,#9882);
#9882 = DEFINITIONAL_REPRESENTATION('',(#9883),#9887);
#9883 = LINE('',#9884,#9885);
#9884 = CARTESIAN_POINT('',(-90.,-11.4));
#9885 = VECTOR('',#9886,1.);
#9886 = DIRECTION('',(1.,0.));
#9887 = ( GEOMETRIC_REPRESENTATION_CONTEXT(2) 
PARAMETRIC_REPRESENTATION_CONTEXT() REPRESENTATION_CONTEXT('2D SPACE',''
  ) );
#9888 = PCURVE('',#3722,#9889);
#9889 = DEFINITIONAL_REPRESENTATION('',(#9890),#9894);
#9890 = LINE('',#9891,#9892);
#9891 = CARTESIAN_POINT('',(0.,0.));
#9892 = VECTOR('',#9893,1.);
#9893 = DIRECTION('',(1.,0.));
#9894 = ( GEOMETRIC_REPRESENTATION_CONTEXT(2) 
PARAMETRIC_REPRESENTATION_CONTEXT() REPRESENTATION_CONTEXT('2D SPACE',''
  ) );
#9895 = FACE_BOUND('',#9896,.F.);
#9896 = EDGE_LOOP('',(#9897,#9923,#9946,#9969));
#9897 = ORIENTED_EDGE('',*,*,#9898,.F.);
#9898 = EDGE_CURVE('',#9899,#9901,#9903,.T.);
#9899 = VERTEX_POINT('',#9900);
#9900 = CARTESIAN_POINT('',(-12.6,-17.1,-86.08275088541));
#9901 = VERTEX_POINT('',#9902);
#9902 = CARTESIAN_POINT('',(-17.4,-17.1,-85.24224304885));
#9903 = SURFACE_CURVE('',#9904,(#9909,#9916),.PCURVE_S1.);
#9904 = CIRCLE('',#9905,87.);
#9905 = AXIS2_PLACEMENT_3D('',#9906,#9907,#9908);
#9906 = CARTESIAN_POINT('',(0.,-17.1,0.));
#9907 = DIRECTION('',(0.,1.,0.));
#9908 = DIRECTION('',(0.,-0.,1.));
#9909 = PCURVE('',#93,#9910);
#9910 = DEFINITIONAL_REPRESENTATION('',(#9911),#9915);
#9911 = CIRCLE('',#9912,87.);
#9912 = AXIS2_PLACEMENT_2D('',#9913,#9914);
#9913 = CARTESIAN_POINT('',(0.,0.));
#9914 = DIRECTION('',(1.,0.));
#9915 = ( GEOMETRIC_REPRESENTATION_CONTEXT(2) 
PARAMETRIC_REPRESENTATION_CONTEXT() REPRESENTATION_CONTEXT('2D SPACE',''
  ) );
#9916 = PCURVE('',#3755,#9917);
#9917 = DEFINITIONAL_REPRESENTATION('',(#9918),#9922);
#9918 = LINE('',#9919,#9920);
#9919 = CARTESIAN_POINT('',(0.,1.E-01));
#9920 = VECTOR('',#9921,1.);
#9921 = DIRECTION('',(1.,0.));
#9922 = ( GEOMETRIC_REPRESENTATION_CONTEXT(2) 
PARAMETRIC_REPRESENTATION_CONTEXT() REPRESENTATION_CONTEXT('2D SPACE',''
  ) );
#9923 = ORIENTED_EDGE('',*,*,#9924,.T.);
#9924 = EDGE_CURVE('',#9899,#9925,#9927,.T.);
#9925 = VERTEX_POINT('',#9926);
#9926 = CARTESIAN_POINT('',(-12.6,-17.1,-0.6));
#9927 = SURFACE_CURVE('',#9928,(#9932,#9939),.PCURVE_S1.);
#9928 = LINE('',#9929,#9930);
#9929 = CARTESIAN_POINT('',(-12.6,-17.1,-90.));
#9930 = VECTOR('',#9931,1.);
#9931 = DIRECTION('',(0.,0.,1.));
#9932 = PCURVE('',#93,#9933);
#9933 = DEFINITIONAL_REPRESENTATION('',(#9934),#9938);
#9934 = LINE('',#9935,#9936);
#9935 = CARTESIAN_POINT('',(-90.,-12.6));
#9936 = VECTOR('',#9937,1.);
#9937 = DIRECTION('',(1.,0.));
#9938 = ( GEOMETRIC_REPRESENTATION_CONTEXT(2) 
PARAMETRIC_REPRESENTATION_CONTEXT() REPRESENTATION_CONTEXT('2D SPACE',''
  ) );
#9939 = PCURVE('',#3783,#9940);
#9940 = DEFINITIONAL_REPRESENTATION('',(#9941),#9945);
#9941 = LINE('',#9942,#9943);
#9942 = CARTESIAN_POINT('',(0.,0.));
#9943 = VECTOR('',#9944,1.);
#9944 = DIRECTION('',(1.,0.));
#9945 = ( GEOMETRIC_REPRESENTATION_CONTEXT(2) 
PARAMETRIC_REPRESENTATION_CONTEXT() REPRESENTATION_CONTEXT('2D SPACE',''
  ) );
#9946 = ORIENTED_EDGE('',*,*,#9947,.F.);
#9947 = EDGE_CURVE('',#9948,#9925,#9950,.T.);
#9948 = VERTEX_POINT('',#9949);
#9949 = CARTESIAN_POINT('',(-17.4,-17.1,-0.6));
#9950 = SURFACE_CURVE('',#9951,(#9955,#9962),.PCURVE_S1.);
#9951 = LINE('',#9952,#9953);
#9952 = CARTESIAN_POINT('',(-95.,-17.1,-0.6));
#9953 = VECTOR('',#9954,1.);
#9954 = DIRECTION('',(1.,0.,0.));
#9955 = PCURVE('',#93,#9956);
#9956 = DEFINITIONAL_REPRESENTATION('',(#9957),#9961);
#9957 = LINE('',#9958,#9959);
#9958 = CARTESIAN_POINT('',(-0.6,-95.));
#9959 = VECTOR('',#9960,1.);
#9960 = DIRECTION('',(0.,1.));
#9961 = ( GEOMETRIC_REPRESENTATION_CONTEXT(2) 
PARAMETRIC_REPRESENTATION_CONTEXT() REPRESENTATION_CONTEXT('2D SPACE',''
  ) );
#9962 = PCURVE('',#3811,#9963);
#9963 = DEFINITIONAL_REPRESENTATION('',(#9964),#9968);
#9964 = LINE('',#9965,#9966);
#9965 = CARTESIAN_POINT('',(0.,0.));
#9966 = VECTOR('',#9967,1.);
#9967 = DIRECTION('',(1.,0.));
#9968 = ( GEOMETRIC_REPRESENTATION_CONTEXT(2) 
PARAMETRIC_REPRESENTATION_CONTEXT() REPRESENTATION_CONTEXT('2D SPACE',''
  ) );
#9969 = ORIENTED_EDGE('',*,*,#9970,.F.);
#9970 = EDGE_CURVE('',#9901,#9948,#9971,.T.);
#9971 = SURFACE_CURVE('',#9972,(#9976,#9983),.PCURVE_S1.);
#9972 = LINE('',#9973,#9974);
#9973 = CARTESIAN_POINT('',(-17.4,-17.1,-90.));
#9974 = VECTOR('',#9975,1.);
#9975 = DIRECTION('',(0.,0.,1.));
#9976 = PCURVE('',#93,#9977);
#9977 = DEFINITIONAL_REPRESENTATION('',(#9978),#9982);
#9978 = LINE('',#9979,#9980);
#9979 = CARTESIAN_POINT('',(-90.,-17.4));
#9980 = VECTOR('',#9981,1.);
#9981 = DIRECTION('',(1.,0.));
#9982 = ( GEOMETRIC_REPRESENTATION_CONTEXT(2) 
PARAMETRIC_REPRESENTATION_CONTEXT() REPRESENTATION_CONTEXT('2D SPACE',''
  ) );
#9983 = PCURVE('',#3837,#9984);
#9984 = DEFINITIONAL_REPRESENTATION('',(#9985),#9989);
#9985 = LINE('',#9986,#9987);
#9986 = CARTESIAN_POINT('',(0.,0.));
#9987 = VECTOR('',#9988,1.);
#9988 = DIRECTION('',(1.,0.));
#9989 = ( GEOMETRIC_REPRESENTATION_CONTEXT(2) 
PARAMETRIC_REPRESENTATION_CONTEXT() REPRESENTATION_CONTEXT('2D SPACE',''
  ) );
#9990 = FACE_BOUND('',#9991,.F.);
#9991 = EDGE_LOOP('',(#9992,#10018,#10041,#10064));
#9992 = ORIENTED_EDGE('',*,*,#9993,.F.);
#9993 = EDGE_CURVE('',#9994,#9996,#9998,.T.);
#9994 = VERTEX_POINT('',#9995);
#9995 = CARTESIAN_POINT('',(-18.6,-17.1,-84.9884698062));
#9996 = VERTEX_POINT('',#9997);
#9997 = CARTESIAN_POINT('',(-23.4,-17.1,-83.79403320046));
#9998 = SURFACE_CURVE('',#9999,(#10004,#10011),.PCURVE_S1.);
#9999 = CIRCLE('',#10000,87.);
#10000 = AXIS2_PLACEMENT_3D('',#10001,#10002,#10003);
#10001 = CARTESIAN_POINT('',(0.,-17.1,0.));
#10002 = DIRECTION('',(0.,1.,0.));
#10003 = DIRECTION('',(0.,-0.,1.));
#10004 = PCURVE('',#93,#10005);
#10005 = DEFINITIONAL_REPRESENTATION('',(#10006),#10010);
#10006 = CIRCLE('',#10007,87.);
#10007 = AXIS2_PLACEMENT_2D('',#10008,#10009);
#10008 = CARTESIAN_POINT('',(0.,0.));
#10009 = DIRECTION('',(1.,0.));
#10010 = ( GEOMETRIC_REPRESENTATION_CONTEXT(2) 
PARAMETRIC_REPRESENTATION_CONTEXT() REPRESENTATION_CONTEXT('2D SPACE',''
  ) );
#10011 = PCURVE('',#3870,#10012);
#10012 = DEFINITIONAL_REPRESENTATION('',(#10013),#10017);
#10013 = LINE('',#10014,#10015);
#10014 = CARTESIAN_POINT('',(0.,1.E-01));
#10015 = VECTOR('',#10016,1.);
#10016 = DIRECTION('',(1.,0.));
#10017 = ( GEOMETRIC_REPRESENTATION_CONTEXT(2) 
PARAMETRIC_REPRESENTATION_CONTEXT() REPRESENTATION_CONTEXT('2D SPACE',''
  ) );
#10018 = ORIENTED_EDGE('',*,*,#10019,.T.);
#10019 = EDGE_CURVE('',#9994,#10020,#10022,.T.);
#10020 = VERTEX_POINT('',#10021);
#10021 = CARTESIAN_POINT('',(-18.6,-17.1,-0.6));
#10022 = SURFACE_CURVE('',#10023,(#10027,#10034),.PCURVE_S1.);
#10023 = LINE('',#10024,#10025);
#10024 = CARTESIAN_POINT('',(-18.6,-17.1,-90.));
#10025 = VECTOR('',#10026,1.);
#10026 = DIRECTION('',(0.,0.,1.));
#10027 = PCURVE('',#93,#10028);
#10028 = DEFINITIONAL_REPRESENTATION('',(#10029),#10033);
#10029 = LINE('',#10030,#10031);
#10030 = CARTESIAN_POINT('',(-90.,-18.6));
#10031 = VECTOR('',#10032,1.);
#10032 = DIRECTION('',(1.,0.));
#10033 = ( GEOMETRIC_REPRESENTATION_CONTEXT(2) 
PARAMETRIC_REPRESENTATION_CONTEXT() REPRESENTATION_CONTEXT('2D SPACE',''
  ) );
#10034 = PCURVE('',#3898,#10035);
#10035 = DEFINITIONAL_REPRESENTATION('',(#10036),#10040);
#10036 = LINE('',#10037,#10038);
#10037 = CARTESIAN_POINT('',(0.,0.));
#10038 = VECTOR('',#10039,1.);
#10039 = DIRECTION('',(1.,0.));
#10040 = ( GEOMETRIC_REPRESENTATION_CONTEXT(2) 
PARAMETRIC_REPRESENTATION_CONTEXT() REPRESENTATION_CONTEXT('2D SPACE',''
  ) );
#10041 = ORIENTED_EDGE('',*,*,#10042,.F.);
#10042 = EDGE_CURVE('',#10043,#10020,#10045,.T.);
#10043 = VERTEX_POINT('',#10044);
#10044 = CARTESIAN_POINT('',(-23.4,-17.1,-0.6));
#10045 = SURFACE_CURVE('',#10046,(#10050,#10057),.PCURVE_S1.);
#10046 = LINE('',#10047,#10048);
#10047 = CARTESIAN_POINT('',(-95.,-17.1,-0.6));
#10048 = VECTOR('',#10049,1.);
#10049 = DIRECTION('',(1.,0.,0.));
#10050 = PCURVE('',#93,#10051);
#10051 = DEFINITIONAL_REPRESENTATION('',(#10052),#10056);
#10052 = LINE('',#10053,#10054);
#10053 = CARTESIAN_POINT('',(-0.6,-95.));
#10054 = VECTOR('',#10055,1.);
#10055 = DIRECTION('',(0.,1.));
#10056 = ( GEOMETRIC_REPRESENTATION_CONTEXT(2) 
PARAMETRIC_REPRESENTATION_CONTEXT() REPRESENTATION_CONTEXT('2D SPACE',''
  ) );
#10057 = PCURVE('',#3926,#10058);
#10058 = DEFINITIONAL_REPRESENTATION('',(#10059),#10063);
#10059 = LINE('',#10060,#10061);
#10060 = CARTESIAN_POINT('',(0.,0.));
#10061 = VECTOR('',#10062,1.);
#10062 = DIRECTION('',(1.,0.));
#10063 = ( GEOMETRIC_REPRESENTATION_CONTEXT(2) 
PARAMETRIC_REPRESENTATION_CONTEXT() REPRESENTATION_CONTEXT('2D SPACE',''
  ) );
#10064 = ORIENTED_EDGE('',*,*,#10065,.F.);
#10065 = EDGE_CURVE('',#9996,#10043,#10066,.T.);
#10066 = SURFACE_CURVE('',#10067,(#10071,#10078),.PCURVE_S1.);
#10067 = LINE('',#10068,#10069);
#10068 = CARTESIAN_POINT('',(-23.4,-17.1,-90.));
#10069 = VECTOR('',#10070,1.);
#10070 = DIRECTION('',(0.,0.,1.));
#10071 = PCURVE('',#93,#10072);
#10072 = DEFINITIONAL_REPRESENTATION('',(#10073),#10077);
#10073 = LINE('',#10074,#10075);
#10074 = CARTESIAN_POINT('',(-90.,-23.4));
#10075 = VECTOR('',#10076,1.);
#10076 = DIRECTION('',(1.,0.));
#10077 = ( GEOMETRIC_REPRESENTATION_CONTEXT(2) 
PARAMETRIC_REPRESENTATION_CONTEXT() REPRESENTATION_CONTEXT('2D SPACE',''
  ) );
#10078 = PCURVE('',#3952,#10079);
#10079 = DEFINITIONAL_REPRESENTATION('',(#10080),#10084);
#10080 = LINE('',#10081,#10082);
#10081 = CARTESIAN_POINT('',(0.,0.));
#10082 = VECTOR('',#10083,1.);
#10083 = DIRECTION('',(1.,0.));
#10084 = ( GEOMETRIC_REPRESENTATION_CONTEXT(2) 
PARAMETRIC_REPRESENTATION_CONTEXT() REPRESENTATION_CONTEXT('2D SPACE',''
  ) );
#10085 = FACE_BOUND('',#10086,.F.);
#10086 = EDGE_LOOP('',(#10087,#10113,#10136,#10159));
#10087 = ORIENTED_EDGE('',*,*,#10088,.F.);
#10088 = EDGE_CURVE('',#10089,#10091,#10093,.T.);
#10089 = VERTEX_POINT('',#10090);
#10090 = CARTESIAN_POINT('',(-24.6,-17.1,-83.44962552342));
#10091 = VERTEX_POINT('',#10092);
#10092 = CARTESIAN_POINT('',(-29.4,-17.1,-81.88186612431));
#10093 = SURFACE_CURVE('',#10094,(#10099,#10106),.PCURVE_S1.);
#10094 = CIRCLE('',#10095,87.);
#10095 = AXIS2_PLACEMENT_3D('',#10096,#10097,#10098);
#10096 = CARTESIAN_POINT('',(0.,-17.1,0.));
#10097 = DIRECTION('',(0.,1.,0.));
#10098 = DIRECTION('',(0.,-0.,1.));
#10099 = PCURVE('',#93,#10100);
#10100 = DEFINITIONAL_REPRESENTATION('',(#10101),#10105);
#10101 = CIRCLE('',#10102,87.);
#10102 = AXIS2_PLACEMENT_2D('',#10103,#10104);
#10103 = CARTESIAN_POINT('',(0.,0.));
#10104 = DIRECTION('',(1.,0.));
#10105 = ( GEOMETRIC_REPRESENTATION_CONTEXT(2) 
PARAMETRIC_REPRESENTATION_CONTEXT() REPRESENTATION_CONTEXT('2D SPACE',''
  ) );
#10106 = PCURVE('',#3985,#10107);
#10107 = DEFINITIONAL_REPRESENTATION('',(#10108),#10112);
#10108 = LINE('',#10109,#10110);
#10109 = CARTESIAN_POINT('',(0.,1.E-01));
#10110 = VECTOR('',#10111,1.);
#10111 = DIRECTION('',(1.,0.));
#10112 = ( GEOMETRIC_REPRESENTATION_CONTEXT(2) 
PARAMETRIC_REPRESENTATION_CONTEXT() REPRESENTATION_CONTEXT('2D SPACE',''
  ) );
#10113 = ORIENTED_EDGE('',*,*,#10114,.T.);
#10114 = EDGE_CURVE('',#10089,#10115,#10117,.T.);
#10115 = VERTEX_POINT('',#10116);
#10116 = CARTESIAN_POINT('',(-24.6,-17.1,-0.6));
#10117 = SURFACE_CURVE('',#10118,(#10122,#10129),.PCURVE_S1.);
#10118 = LINE('',#10119,#10120);
#10119 = CARTESIAN_POINT('',(-24.6,-17.1,-90.));
#10120 = VECTOR('',#10121,1.);
#10121 = DIRECTION('',(0.,0.,1.));
#10122 = PCURVE('',#93,#10123);
#10123 = DEFINITIONAL_REPRESENTATION('',(#10124),#10128);
#10124 = LINE('',#10125,#10126);
#10125 = CARTESIAN_POINT('',(-90.,-24.6));
#10126 = VECTOR('',#10127,1.);
#10127 = DIRECTION('',(1.,0.));
#10128 = ( GEOMETRIC_REPRESENTATION_CONTEXT(2) 
PARAMETRIC_REPRESENTATION_CONTEXT() REPRESENTATION_CONTEXT('2D SPACE',''
  ) );
#10129 = PCURVE('',#4013,#10130);
#10130 = DEFINITIONAL_REPRESENTATION('',(#10131),#10135);
#10131 = LINE('',#10132,#10133);
#10132 = CARTESIAN_POINT('',(0.,0.));
#10133 = VECTOR('',#10134,1.);
#10134 = DIRECTION('',(1.,0.));
#10135 = ( GEOMETRIC_REPRESENTATION_CONTEXT(2) 
PARAMETRIC_REPRESENTATION_CONTEXT() REPRESENTATION_CONTEXT('2D SPACE',''
  ) );
#10136 = ORIENTED_EDGE('',*,*,#10137,.F.);
#10137 = EDGE_CURVE('',#10138,#10115,#10140,.T.);
#10138 = VERTEX_POINT('',#10139);
#10139 = CARTESIAN_POINT('',(-29.4,-17.1,-0.6));
#10140 = SURFACE_CURVE('',#10141,(#10145,#10152),.PCURVE_S1.);
#10141 = LINE('',#10142,#10143);
#10142 = CARTESIAN_POINT('',(-95.,-17.1,-0.6));
#10143 = VECTOR('',#10144,1.);
#10144 = DIRECTION('',(1.,0.,0.));
#10145 = PCURVE('',#93,#10146);
#10146 = DEFINITIONAL_REPRESENTATION('',(#10147),#10151);
#10147 = LINE('',#10148,#10149);
#10148 = CARTESIAN_POINT('',(-0.6,-95.));
#10149 = VECTOR('',#10150,1.);
#10150 = DIRECTION('',(0.,1.));
#10151 = ( GEOMETRIC_REPRESENTATION_CONTEXT(2) 
PARAMETRIC_REPRESENTATION_CONTEXT() REPRESENTATION_CONTEXT('2D SPACE',''
  ) );
#10152 = PCURVE('',#4041,#10153);
#10153 = DEFINITIONAL_REPRESENTATION('',(#10154),#10158);
#10154 = LINE('',#10155,#10156);
#10155 = CARTESIAN_POINT('',(0.,0.));
#10156 = VECTOR('',#10157,1.);
#10157 = DIRECTION('',(1.,0.));
#10158 = ( GEOMETRIC_REPRESENTATION_CONTEXT(2) 
PARAMETRIC_REPRESENTATION_CONTEXT() REPRESENTATION_CONTEXT('2D SPACE',''
  ) );
#10159 = ORIENTED_EDGE('',*,*,#10160,.F.);
#10160 = EDGE_CURVE('',#10091,#10138,#10161,.T.);
#10161 = SURFACE_CURVE('',#10162,(#10166,#10173),.PCURVE_S1.);
#10162 = LINE('',#10163,#10164);
#10163 = CARTESIAN_POINT('',(-29.4,-17.1,-90.));
#10164 = VECTOR('',#10165,1.);
#10165 = DIRECTION('',(0.,0.,1.));
#10166 = PCURVE('',#93,#10167);
#10167 = DEFINITIONAL_REPRESENTATION('',(#10168),#10172);
#10168 = LINE('',#10169,#10170);
#10169 = CARTESIAN_POINT('',(-90.,-29.4));
#10170 = VECTOR('',#10171,1.);
#10171 = DIRECTION('',(1.,0.));
#10172 = ( GEOMETRIC_REPRESENTATION_CONTEXT(2) 
PARAMETRIC_REPRESENTATION_CONTEXT() REPRESENTATION_CONTEXT('2D SPACE',''
  ) );
#10173 = PCURVE('',#4067,#10174);
#10174 = DEFINITIONAL_REPRESENTATION('',(#10175),#10179);
#10175 = LINE('',#10176,#10177);
#10176 = CARTESIAN_POINT('',(0.,0.));
#10177 = VECTOR('',#10178,1.);
#10178 = DIRECTION('',(1.,0.));
#10179 = ( GEOMETRIC_REPRESENTATION_CONTEXT(2) 
PARAMETRIC_REPRESENTATION_CONTEXT() REPRESENTATION_CONTEXT('2D SPACE',''
  ) );
#10180 = FACE_BOUND('',#10181,.F.);
#10181 = EDGE_LOOP('',(#10182,#10208,#10231,#10254));
#10182 = ORIENTED_EDGE('',*,*,#10183,.F.);
#10183 = EDGE_CURVE('',#10184,#10186,#10188,.T.);
#10184 = VERTEX_POINT('',#10185);
#10185 = CARTESIAN_POINT('',(-30.6,-17.1,-81.44102160459));
#10186 = VERTEX_POINT('',#10187);
#10187 = CARTESIAN_POINT('',(-35.4,-17.1,-79.47225931103));
#10188 = SURFACE_CURVE('',#10189,(#10194,#10201),.PCURVE_S1.);
#10189 = CIRCLE('',#10190,87.);
#10190 = AXIS2_PLACEMENT_3D('',#10191,#10192,#10193);
#10191 = CARTESIAN_POINT('',(0.,-17.1,0.));
#10192 = DIRECTION('',(0.,1.,0.));
#10193 = DIRECTION('',(0.,-0.,1.));
#10194 = PCURVE('',#93,#10195);
#10195 = DEFINITIONAL_REPRESENTATION('',(#10196),#10200);
#10196 = CIRCLE('',#10197,87.);
#10197 = AXIS2_PLACEMENT_2D('',#10198,#10199);
#10198 = CARTESIAN_POINT('',(0.,0.));
#10199 = DIRECTION('',(1.,0.));
#10200 = ( GEOMETRIC_REPRESENTATION_CONTEXT(2) 
PARAMETRIC_REPRESENTATION_CONTEXT() REPRESENTATION_CONTEXT('2D SPACE',''
  ) );
#10201 = PCURVE('',#4100,#10202);
#10202 = DEFINITIONAL_REPRESENTATION('',(#10203),#10207);
#10203 = LINE('',#10204,#10205);
#10204 = CARTESIAN_POINT('',(0.,1.E-01));
#10205 = VECTOR('',#10206,1.);
#10206 = DIRECTION('',(1.,0.));
#10207 = ( GEOMETRIC_REPRESENTATION_CONTEXT(2) 
PARAMETRIC_REPRESENTATION_CONTEXT() REPRESENTATION_CONTEXT('2D SPACE',''
  ) );
#10208 = ORIENTED_EDGE('',*,*,#10209,.T.);
#10209 = EDGE_CURVE('',#10184,#10210,#10212,.T.);
#10210 = VERTEX_POINT('',#10211);
#10211 = CARTESIAN_POINT('',(-30.6,-17.1,-0.6));
#10212 = SURFACE_CURVE('',#10213,(#10217,#10224),.PCURVE_S1.);
#10213 = LINE('',#10214,#10215);
#10214 = CARTESIAN_POINT('',(-30.6,-17.1,-90.));
#10215 = VECTOR('',#10216,1.);
#10216 = DIRECTION('',(0.,0.,1.));
#10217 = PCURVE('',#93,#10218);
#10218 = DEFINITIONAL_REPRESENTATION('',(#10219),#10223);
#10219 = LINE('',#10220,#10221);
#10220 = CARTESIAN_POINT('',(-90.,-30.6));
#10221 = VECTOR('',#10222,1.);
#10222 = DIRECTION('',(1.,0.));
#10223 = ( GEOMETRIC_REPRESENTATION_CONTEXT(2) 
PARAMETRIC_REPRESENTATION_CONTEXT() REPRESENTATION_CONTEXT('2D SPACE',''
  ) );
#10224 = PCURVE('',#4128,#10225);
#10225 = DEFINITIONAL_REPRESENTATION('',(#10226),#10230);
#10226 = LINE('',#10227,#10228);
#10227 = CARTESIAN_POINT('',(0.,0.));
#10228 = VECTOR('',#10229,1.);
#10229 = DIRECTION('',(1.,0.));
#10230 = ( GEOMETRIC_REPRESENTATION_CONTEXT(2) 
PARAMETRIC_REPRESENTATION_CONTEXT() REPRESENTATION_CONTEXT('2D SPACE',''
  ) );
#10231 = ORIENTED_EDGE('',*,*,#10232,.F.);
#10232 = EDGE_CURVE('',#10233,#10210,#10235,.T.);
#10233 = VERTEX_POINT('',#10234);
#10234 = CARTESIAN_POINT('',(-35.4,-17.1,-0.6));
#10235 = SURFACE_CURVE('',#10236,(#10240,#10247),.PCURVE_S1.);
#10236 = LINE('',#10237,#10238);
#10237 = CARTESIAN_POINT('',(-95.,-17.1,-0.6));
#10238 = VECTOR('',#10239,1.);
#10239 = DIRECTION('',(1.,0.,0.));
#10240 = PCURVE('',#93,#10241);
#10241 = DEFINITIONAL_REPRESENTATION('',(#10242),#10246);
#10242 = LINE('',#10243,#10244);
#10243 = CARTESIAN_POINT('',(-0.6,-95.));
#10244 = VECTOR('',#10245,1.);
#10245 = DIRECTION('',(0.,1.));
#10246 = ( GEOMETRIC_REPRESENTATION_CONTEXT(2) 
PARAMETRIC_REPRESENTATION_CONTEXT() REPRESENTATION_CONTEXT('2D SPACE',''
  ) );
#10247 = PCURVE('',#4156,#10248);
#10248 = DEFINITIONAL_REPRESENTATION('',(#10249),#10253);
#10249 = LINE('',#10250,#10251);
#10250 = CARTESIAN_POINT('',(0.,0.));
#10251 = VECTOR('',#10252,1.);
#10252 = DIRECTION('',(1.,0.));
#10253 = ( GEOMETRIC_REPRESENTATION_CONTEXT(2) 
PARAMETRIC_REPRESENTATION_CONTEXT() REPRESENTATION_CONTEXT('2D SPACE',''
  ) );
#10254 = ORIENTED_EDGE('',*,*,#10255,.F.);
#10255 = EDGE_CURVE('',#10186,#10233,#10256,.T.);
#10256 = SURFACE_CURVE('',#10257,(#10261,#10268),.PCURVE_S1.);
#10257 = LINE('',#10258,#10259);
#10258 = CARTESIAN_POINT('',(-35.4,-17.1,-90.));
#10259 = VECTOR('',#10260,1.);
#10260 = DIRECTION('',(0.,0.,1.));
#10261 = PCURVE('',#93,#10262);
#10262 = DEFINITIONAL_REPRESENTATION('',(#10263),#10267);
#10263 = LINE('',#10264,#10265);
#10264 = CARTESIAN_POINT('',(-90.,-35.4));
#10265 = VECTOR('',#10266,1.);
#10266 = DIRECTION('',(1.,0.));
#10267 = ( GEOMETRIC_REPRESENTATION_CONTEXT(2) 
PARAMETRIC_REPRESENTATION_CONTEXT() REPRESENTATION_CONTEXT('2D SPACE',''
  ) );
#10268 = PCURVE('',#4182,#10269);
#10269 = DEFINITIONAL_REPRESENTATION('',(#10270),#10274);
#10270 = LINE('',#10271,#10272);
#10271 = CARTESIAN_POINT('',(0.,0.));
#10272 = VECTOR('',#10273,1.);
#10273 = DIRECTION('',(1.,0.));
#10274 = ( GEOMETRIC_REPRESENTATION_CONTEXT(2) 
PARAMETRIC_REPRESENTATION_CONTEXT() REPRESENTATION_CONTEXT('2D SPACE',''
  ) );
#10275 = FACE_BOUND('',#10276,.F.);
#10276 = EDGE_LOOP('',(#10277,#10303,#10326,#10349));
#10277 = ORIENTED_EDGE('',*,*,#10278,.F.);
#10278 = EDGE_CURVE('',#10279,#10281,#10283,.T.);
#10279 = VERTEX_POINT('',#10280);
#10280 = CARTESIAN_POINT('',(-36.6,-17.1,-78.92680153154));
#10281 = VERTEX_POINT('',#10282);
#10282 = CARTESIAN_POINT('',(-41.4,-17.1,-76.51823312126));
#10283 = SURFACE_CURVE('',#10284,(#10289,#10296),.PCURVE_S1.);
#10284 = CIRCLE('',#10285,87.);
#10285 = AXIS2_PLACEMENT_3D('',#10286,#10287,#10288);
#10286 = CARTESIAN_POINT('',(0.,-17.1,0.));
#10287 = DIRECTION('',(0.,1.,0.));
#10288 = DIRECTION('',(0.,-0.,1.));
#10289 = PCURVE('',#93,#10290);
#10290 = DEFINITIONAL_REPRESENTATION('',(#10291),#10295);
#10291 = CIRCLE('',#10292,87.);
#10292 = AXIS2_PLACEMENT_2D('',#10293,#10294);
#10293 = CARTESIAN_POINT('',(0.,0.));
#10294 = DIRECTION('',(1.,0.));
#10295 = ( GEOMETRIC_REPRESENTATION_CONTEXT(2) 
PARAMETRIC_REPRESENTATION_CONTEXT() REPRESENTATION_CONTEXT('2D SPACE',''
  ) );
#10296 = PCURVE('',#4215,#10297);
#10297 = DEFINITIONAL_REPRESENTATION('',(#10298),#10302);
#10298 = LINE('',#10299,#10300);
#10299 = CARTESIAN_POINT('',(0.,1.E-01));
#10300 = VECTOR('',#10301,1.);
#10301 = DIRECTION('',(1.,0.));
#10302 = ( GEOMETRIC_REPRESENTATION_CONTEXT(2) 
PARAMETRIC_REPRESENTATION_CONTEXT() REPRESENTATION_CONTEXT('2D SPACE',''
  ) );
#10303 = ORIENTED_EDGE('',*,*,#10304,.T.);
#10304 = EDGE_CURVE('',#10279,#10305,#10307,.T.);
#10305 = VERTEX_POINT('',#10306);
#10306 = CARTESIAN_POINT('',(-36.6,-17.1,-0.6));
#10307 = SURFACE_CURVE('',#10308,(#10312,#10319),.PCURVE_S1.);
#10308 = LINE('',#10309,#10310);
#10309 = CARTESIAN_POINT('',(-36.6,-17.1,-90.));
#10310 = VECTOR('',#10311,1.);
#10311 = DIRECTION('',(0.,0.,1.));
#10312 = PCURVE('',#93,#10313);
#10313 = DEFINITIONAL_REPRESENTATION('',(#10314),#10318);
#10314 = LINE('',#10315,#10316);
#10315 = CARTESIAN_POINT('',(-90.,-36.6));
#10316 = VECTOR('',#10317,1.);
#10317 = DIRECTION('',(1.,0.));
#10318 = ( GEOMETRIC_REPRESENTATION_CONTEXT(2) 
PARAMETRIC_REPRESENTATION_CONTEXT() REPRESENTATION_CONTEXT('2D SPACE',''
  ) );
#10319 = PCURVE('',#4243,#10320);
#10320 = DEFINITIONAL_REPRESENTATION('',(#10321),#10325);
#10321 = LINE('',#10322,#10323);
#10322 = CARTESIAN_POINT('',(0.,0.));
#10323 = VECTOR('',#10324,1.);
#10324 = DIRECTION('',(1.,0.));
#10325 = ( GEOMETRIC_REPRESENTATION_CONTEXT(2) 
PARAMETRIC_REPRESENTATION_CONTEXT() REPRESENTATION_CONTEXT('2D SPACE',''
  ) );
#10326 = ORIENTED_EDGE('',*,*,#10327,.F.);
#10327 = EDGE_CURVE('',#10328,#10305,#10330,.T.);
#10328 = VERTEX_POINT('',#10329);
#10329 = CARTESIAN_POINT('',(-41.4,-17.1,-0.6));
#10330 = SURFACE_CURVE('',#10331,(#10335,#10342),.PCURVE_S1.);
#10331 = LINE('',#10332,#10333);
#10332 = CARTESIAN_POINT('',(-95.,-17.1,-0.6));
#10333 = VECTOR('',#10334,1.);
#10334 = DIRECTION('',(1.,0.,0.));
#10335 = PCURVE('',#93,#10336);
#10336 = DEFINITIONAL_REPRESENTATION('',(#10337),#10341);
#10337 = LINE('',#10338,#10339);
#10338 = CARTESIAN_POINT('',(-0.6,-95.));
#10339 = VECTOR('',#10340,1.);
#10340 = DIRECTION('',(0.,1.));
#10341 = ( GEOMETRIC_REPRESENTATION_CONTEXT(2) 
PARAMETRIC_REPRESENTATION_CONTEXT() REPRESENTATION_CONTEXT('2D SPACE',''
  ) );
#10342 = PCURVE('',#4271,#10343);
#10343 = DEFINITIONAL_REPRESENTATION('',(#10344),#10348);
#10344 = LINE('',#10345,#10346);
#10345 = CARTESIAN_POINT('',(0.,0.));
#10346 = VECTOR('',#10347,1.);
#10347 = DIRECTION('',(1.,0.));
#10348 = ( GEOMETRIC_REPRESENTATION_CONTEXT(2) 
PARAMETRIC_REPRESENTATION_CONTEXT() REPRESENTATION_CONTEXT('2D SPACE',''
  ) );
#10349 = ORIENTED_EDGE('',*,*,#10350,.F.);
#10350 = EDGE_CURVE('',#10281,#10328,#10351,.T.);
#10351 = SURFACE_CURVE('',#10352,(#10356,#10363),.PCURVE_S1.);
#10352 = LINE('',#10353,#10354);
#10353 = CARTESIAN_POINT('',(-41.4,-17.1,-90.));
#10354 = VECTOR('',#10355,1.);
#10355 = DIRECTION('',(0.,0.,1.));
#10356 = PCURVE('',#93,#10357);
#10357 = DEFINITIONAL_REPRESENTATION('',(#10358),#10362);
#10358 = LINE('',#10359,#10360);
#10359 = CARTESIAN_POINT('',(-90.,-41.4));
#10360 = VECTOR('',#10361,1.);
#10361 = DIRECTION('',(1.,0.));
#10362 = ( GEOMETRIC_REPRESENTATION_CONTEXT(2) 
PARAMETRIC_REPRESENTATION_CONTEXT() REPRESENTATION_CONTEXT('2D SPACE',''
  ) );
#10363 = PCURVE('',#4297,#10364);
#10364 = DEFINITIONAL_REPRESENTATION('',(#10365),#10369);
#10365 = LINE('',#10366,#10367);
#10366 = CARTESIAN_POINT('',(0.,0.));
#10367 = VECTOR('',#10368,1.);
#10368 = DIRECTION('',(1.,0.));
#10369 = ( GEOMETRIC_REPRESENTATION_CONTEXT(2) 
PARAMETRIC_REPRESENTATION_CONTEXT() REPRESENTATION_CONTEXT('2D SPACE',''
  ) );
#10370 = FACE_BOUND('',#10371,.F.);
#10371 = EDGE_LOOP('',(#10372,#10398,#10421,#10444));
#10372 = ORIENTED_EDGE('',*,*,#10373,.F.);
#10373 = EDGE_CURVE('',#10374,#10376,#10378,.T.);
#10374 = VERTEX_POINT('',#10375);
#10375 = CARTESIAN_POINT('',(-42.6,-17.1,-75.85670702053));
#10376 = VERTEX_POINT('',#10377);
#10377 = CARTESIAN_POINT('',(-47.4,-17.1,-72.95368393713));
#10378 = SURFACE_CURVE('',#10379,(#10384,#10391),.PCURVE_S1.);
#10379 = CIRCLE('',#10380,87.);
#10380 = AXIS2_PLACEMENT_3D('',#10381,#10382,#10383);
#10381 = CARTESIAN_POINT('',(0.,-17.1,0.));
#10382 = DIRECTION('',(0.,1.,0.));
#10383 = DIRECTION('',(0.,-0.,1.));
#10384 = PCURVE('',#93,#10385);
#10385 = DEFINITIONAL_REPRESENTATION('',(#10386),#10390);
#10386 = CIRCLE('',#10387,87.);
#10387 = AXIS2_PLACEMENT_2D('',#10388,#10389);
#10388 = CARTESIAN_POINT('',(0.,0.));
#10389 = DIRECTION('',(1.,0.));
#10390 = ( GEOMETRIC_REPRESENTATION_CONTEXT(2) 
PARAMETRIC_REPRESENTATION_CONTEXT() REPRESENTATION_CONTEXT('2D SPACE',''
  ) );
#10391 = PCURVE('',#4330,#10392);
#10392 = DEFINITIONAL_REPRESENTATION('',(#10393),#10397);
#10393 = LINE('',#10394,#10395);
#10394 = CARTESIAN_POINT('',(0.,1.E-01));
#10395 = VECTOR('',#10396,1.);
#10396 = DIRECTION('',(1.,0.));
#10397 = ( GEOMETRIC_REPRESENTATION_CONTEXT(2) 
PARAMETRIC_REPRESENTATION_CONTEXT() REPRESENTATION_CONTEXT('2D SPACE',''
  ) );
#10398 = ORIENTED_EDGE('',*,*,#10399,.T.);
#10399 = EDGE_CURVE('',#10374,#10400,#10402,.T.);
#10400 = VERTEX_POINT('',#10401);
#10401 = CARTESIAN_POINT('',(-42.6,-17.1,-0.6));
#10402 = SURFACE_CURVE('',#10403,(#10407,#10414),.PCURVE_S1.);
#10403 = LINE('',#10404,#10405);
#10404 = CARTESIAN_POINT('',(-42.6,-17.1,-90.));
#10405 = VECTOR('',#10406,1.);
#10406 = DIRECTION('',(0.,0.,1.));
#10407 = PCURVE('',#93,#10408);
#10408 = DEFINITIONAL_REPRESENTATION('',(#10409),#10413);
#10409 = LINE('',#10410,#10411);
#10410 = CARTESIAN_POINT('',(-90.,-42.6));
#10411 = VECTOR('',#10412,1.);
#10412 = DIRECTION('',(1.,0.));
#10413 = ( GEOMETRIC_REPRESENTATION_CONTEXT(2) 
PARAMETRIC_REPRESENTATION_CONTEXT() REPRESENTATION_CONTEXT('2D SPACE',''
  ) );
#10414 = PCURVE('',#4358,#10415);
#10415 = DEFINITIONAL_REPRESENTATION('',(#10416),#10420);
#10416 = LINE('',#10417,#10418);
#10417 = CARTESIAN_POINT('',(0.,0.));
#10418 = VECTOR('',#10419,1.);
#10419 = DIRECTION('',(1.,0.));
#10420 = ( GEOMETRIC_REPRESENTATION_CONTEXT(2) 
PARAMETRIC_REPRESENTATION_CONTEXT() REPRESENTATION_CONTEXT('2D SPACE',''
  ) );
#10421 = ORIENTED_EDGE('',*,*,#10422,.F.);
#10422 = EDGE_CURVE('',#10423,#10400,#10425,.T.);
#10423 = VERTEX_POINT('',#10424);
#10424 = CARTESIAN_POINT('',(-47.4,-17.1,-0.6));
#10425 = SURFACE_CURVE('',#10426,(#10430,#10437),.PCURVE_S1.);
#10426 = LINE('',#10427,#10428);
#10427 = CARTESIAN_POINT('',(-95.,-17.1,-0.6));
#10428 = VECTOR('',#10429,1.);
#10429 = DIRECTION('',(1.,0.,0.));
#10430 = PCURVE('',#93,#10431);
#10431 = DEFINITIONAL_REPRESENTATION('',(#10432),#10436);
#10432 = LINE('',#10433,#10434);
#10433 = CARTESIAN_POINT('',(-0.6,-95.));
#10434 = VECTOR('',#10435,1.);
#10435 = DIRECTION('',(0.,1.));
#10436 = ( GEOMETRIC_REPRESENTATION_CONTEXT(2) 
PARAMETRIC_REPRESENTATION_CONTEXT() REPRESENTATION_CONTEXT('2D SPACE',''
  ) );
#10437 = PCURVE('',#4386,#10438);
#10438 = DEFINITIONAL_REPRESENTATION('',(#10439),#10443);
#10439 = LINE('',#10440,#10441);
#10440 = CARTESIAN_POINT('',(0.,0.));
#10441 = VECTOR('',#10442,1.);
#10442 = DIRECTION('',(1.,0.));
#10443 = ( GEOMETRIC_REPRESENTATION_CONTEXT(2) 
PARAMETRIC_REPRESENTATION_CONTEXT() REPRESENTATION_CONTEXT('2D SPACE',''
  ) );
#10444 = ORIENTED_EDGE('',*,*,#10445,.F.);
#10445 = EDGE_CURVE('',#10376,#10423,#10446,.T.);
#10446 = SURFACE_CURVE('',#10447,(#10451,#10458),.PCURVE_S1.);
#10447 = LINE('',#10448,#10449);
#10448 = CARTESIAN_POINT('',(-47.4,-17.1,-90.));
#10449 = VECTOR('',#10450,1.);
#10450 = DIRECTION('',(0.,0.,1.));
#10451 = PCURVE('',#93,#10452);
#10452 = DEFINITIONAL_REPRESENTATION('',(#10453),#10457);
#10453 = LINE('',#10454,#10455);
#10454 = CARTESIAN_POINT('',(-90.,-47.4));
#10455 = VECTOR('',#10456,1.);
#10456 = DIRECTION('',(1.,0.));
#10457 = ( GEOMETRIC_REPRESENTATION_CONTEXT(2) 
PARAMETRIC_REPRESENTATION_CONTEXT() REPRESENTATION_CONTEXT('2D SPACE',''
  ) );
#10458 = PCURVE('',#4412,#10459);
#10459 = DEFINITIONAL_REPRESENTATION('',(#10460),#10464);
#10460 = LINE('',#10461,#10462);
#10461 = CARTESIAN_POINT('',(0.,0.));
#10462 = VECTOR('',#10463,1.);
#10463 = DIRECTION('',(1.,0.));
#10464 = ( GEOMETRIC_REPRESENTATION_CONTEXT(2) 
PARAMETRIC_REPRESENTATION_CONTEXT() REPRESENTATION_CONTEXT('2D SPACE',''
  ) );
#10465 = FACE_BOUND('',#10466,.F.);
#10466 = EDGE_LOOP('',(#10467,#10493,#10516,#10539));
#10467 = ORIENTED_EDGE('',*,*,#10468,.F.);
#10468 = EDGE_CURVE('',#10469,#10471,#10473,.T.);
#10469 = VERTEX_POINT('',#10470);
#10470 = CARTESIAN_POINT('',(-48.6,-17.1,-72.15982261619));
#10471 = VERTEX_POINT('',#10472);
#10472 = CARTESIAN_POINT('',(-53.4,-17.1,-68.68362250202));
#10473 = SURFACE_CURVE('',#10474,(#10479,#10486),.PCURVE_S1.);
#10474 = CIRCLE('',#10475,87.);
#10475 = AXIS2_PLACEMENT_3D('',#10476,#10477,#10478);
#10476 = CARTESIAN_POINT('',(0.,-17.1,0.));
#10477 = DIRECTION('',(0.,1.,0.));
#10478 = DIRECTION('',(0.,-0.,1.));
#10479 = PCURVE('',#93,#10480);
#10480 = DEFINITIONAL_REPRESENTATION('',(#10481),#10485);
#10481 = CIRCLE('',#10482,87.);
#10482 = AXIS2_PLACEMENT_2D('',#10483,#10484);
#10483 = CARTESIAN_POINT('',(0.,0.));
#10484 = DIRECTION('',(1.,0.));
#10485 = ( GEOMETRIC_REPRESENTATION_CONTEXT(2) 
PARAMETRIC_REPRESENTATION_CONTEXT() REPRESENTATION_CONTEXT('2D SPACE',''
  ) );
#10486 = PCURVE('',#4445,#10487);
#10487 = DEFINITIONAL_REPRESENTATION('',(#10488),#10492);
#10488 = LINE('',#10489,#10490);
#10489 = CARTESIAN_POINT('',(0.,1.E-01));
#10490 = VECTOR('',#10491,1.);
#10491 = DIRECTION('',(1.,0.));
#10492 = ( GEOMETRIC_REPRESENTATION_CONTEXT(2) 
PARAMETRIC_REPRESENTATION_CONTEXT() REPRESENTATION_CONTEXT('2D SPACE',''
  ) );
#10493 = ORIENTED_EDGE('',*,*,#10494,.T.);
#10494 = EDGE_CURVE('',#10469,#10495,#10497,.T.);
#10495 = VERTEX_POINT('',#10496);
#10496 = CARTESIAN_POINT('',(-48.6,-17.1,-0.6));
#10497 = SURFACE_CURVE('',#10498,(#10502,#10509),.PCURVE_S1.);
#10498 = LINE('',#10499,#10500);
#10499 = CARTESIAN_POINT('',(-48.6,-17.1,-90.));
#10500 = VECTOR('',#10501,1.);
#10501 = DIRECTION('',(0.,0.,1.));
#10502 = PCURVE('',#93,#10503);
#10503 = DEFINITIONAL_REPRESENTATION('',(#10504),#10508);
#10504 = LINE('',#10505,#10506);
#10505 = CARTESIAN_POINT('',(-90.,-48.6));
#10506 = VECTOR('',#10507,1.);
#10507 = DIRECTION('',(1.,0.));
#10508 = ( GEOMETRIC_REPRESENTATION_CONTEXT(2) 
PARAMETRIC_REPRESENTATION_CONTEXT() REPRESENTATION_CONTEXT('2D SPACE',''
  ) );
#10509 = PCURVE('',#4473,#10510);
#10510 = DEFINITIONAL_REPRESENTATION('',(#10511),#10515);
#10511 = LINE('',#10512,#10513);
#10512 = CARTESIAN_POINT('',(0.,0.));
#10513 = VECTOR('',#10514,1.);
#10514 = DIRECTION('',(1.,0.));
#10515 = ( GEOMETRIC_REPRESENTATION_CONTEXT(2) 
PARAMETRIC_REPRESENTATION_CONTEXT() REPRESENTATION_CONTEXT('2D SPACE',''
  ) );
#10516 = ORIENTED_EDGE('',*,*,#10517,.F.);
#10517 = EDGE_CURVE('',#10518,#10495,#10520,.T.);
#10518 = VERTEX_POINT('',#10519);
#10519 = CARTESIAN_POINT('',(-53.4,-17.1,-0.6));
#10520 = SURFACE_CURVE('',#10521,(#10525,#10532),.PCURVE_S1.);
#10521 = LINE('',#10522,#10523);
#10522 = CARTESIAN_POINT('',(-95.,-17.1,-0.6));
#10523 = VECTOR('',#10524,1.);
#10524 = DIRECTION('',(1.,0.,0.));
#10525 = PCURVE('',#93,#10526);
#10526 = DEFINITIONAL_REPRESENTATION('',(#10527),#10531);
#10527 = LINE('',#10528,#10529);
#10528 = CARTESIAN_POINT('',(-0.6,-95.));
#10529 = VECTOR('',#10530,1.);
#10530 = DIRECTION('',(0.,1.));
#10531 = ( GEOMETRIC_REPRESENTATION_CONTEXT(2) 
PARAMETRIC_REPRESENTATION_CONTEXT() REPRESENTATION_CONTEXT('2D SPACE',''
  ) );
#10532 = PCURVE('',#4501,#10533);
#10533 = DEFINITIONAL_REPRESENTATION('',(#10534),#10538);
#10534 = LINE('',#10535,#10536);
#10535 = CARTESIAN_POINT('',(0.,0.));
#10536 = VECTOR('',#10537,1.);
#10537 = DIRECTION('',(1.,0.));
#10538 = ( GEOMETRIC_REPRESENTATION_CONTEXT(2) 
PARAMETRIC_REPRESENTATION_CONTEXT() REPRESENTATION_CONTEXT('2D SPACE',''
  ) );
#10539 = ORIENTED_EDGE('',*,*,#10540,.F.);
#10540 = EDGE_CURVE('',#10471,#10518,#10541,.T.);
#10541 = SURFACE_CURVE('',#10542,(#10546,#10553),.PCURVE_S1.);
#10542 = LINE('',#10543,#10544);
#10543 = CARTESIAN_POINT('',(-53.4,-17.1,-90.));
#10544 = VECTOR('',#10545,1.);
#10545 = DIRECTION('',(0.,0.,1.));
#10546 = PCURVE('',#93,#10547);
#10547 = DEFINITIONAL_REPRESENTATION('',(#10548),#10552);
#10548 = LINE('',#10549,#10550);
#10549 = CARTESIAN_POINT('',(-90.,-53.4));
#10550 = VECTOR('',#10551,1.);
#10551 = DIRECTION('',(1.,0.));
#10552 = ( GEOMETRIC_REPRESENTATION_CONTEXT(2) 
PARAMETRIC_REPRESENTATION_CONTEXT() REPRESENTATION_CONTEXT('2D SPACE',''
  ) );
#10553 = PCURVE('',#4527,#10554);
#10554 = DEFINITIONAL_REPRESENTATION('',(#10555),#10559);
#10555 = LINE('',#10556,#10557);
#10556 = CARTESIAN_POINT('',(0.,0.));
#10557 = VECTOR('',#10558,1.);
#10558 = DIRECTION('',(1.,0.));
#10559 = ( GEOMETRIC_REPRESENTATION_CONTEXT(2) 
PARAMETRIC_REPRESENTATION_CONTEXT() REPRESENTATION_CONTEXT('2D SPACE',''
  ) );
#10560 = FACE_BOUND('',#10561,.F.);
#10561 = EDGE_LOOP('',(#10562,#10588,#10611,#10634));
#10562 = ORIENTED_EDGE('',*,*,#10563,.F.);
#10563 = EDGE_CURVE('',#10564,#10566,#10568,.T.);
#10564 = VERTEX_POINT('',#10565);
#10565 = CARTESIAN_POINT('',(-54.6,-17.1,-67.73359580001));
#10566 = VERTEX_POINT('',#10567);
#10567 = CARTESIAN_POINT('',(-59.4,-17.1,-63.56602866311));
#10568 = SURFACE_CURVE('',#10569,(#10574,#10581),.PCURVE_S1.);
#10569 = CIRCLE('',#10570,87.);
#10570 = AXIS2_PLACEMENT_3D('',#10571,#10572,#10573);
#10571 = CARTESIAN_POINT('',(0.,-17.1,0.));
#10572 = DIRECTION('',(0.,1.,0.));
#10573 = DIRECTION('',(0.,-0.,1.));
#10574 = PCURVE('',#93,#10575);
#10575 = DEFINITIONAL_REPRESENTATION('',(#10576),#10580);
#10576 = CIRCLE('',#10577,87.);
#10577 = AXIS2_PLACEMENT_2D('',#10578,#10579);
#10578 = CARTESIAN_POINT('',(0.,0.));
#10579 = DIRECTION('',(1.,0.));
#10580 = ( GEOMETRIC_REPRESENTATION_CONTEXT(2) 
PARAMETRIC_REPRESENTATION_CONTEXT() REPRESENTATION_CONTEXT('2D SPACE',''
  ) );
#10581 = PCURVE('',#4560,#10582);
#10582 = DEFINITIONAL_REPRESENTATION('',(#10583),#10587);
#10583 = LINE('',#10584,#10585);
#10584 = CARTESIAN_POINT('',(0.,1.E-01));
#10585 = VECTOR('',#10586,1.);
#10586 = DIRECTION('',(1.,0.));
#10587 = ( GEOMETRIC_REPRESENTATION_CONTEXT(2) 
PARAMETRIC_REPRESENTATION_CONTEXT() REPRESENTATION_CONTEXT('2D SPACE',''
  ) );
#10588 = ORIENTED_EDGE('',*,*,#10589,.T.);
#10589 = EDGE_CURVE('',#10564,#10590,#10592,.T.);
#10590 = VERTEX_POINT('',#10591);
#10591 = CARTESIAN_POINT('',(-54.6,-17.1,-0.6));
#10592 = SURFACE_CURVE('',#10593,(#10597,#10604),.PCURVE_S1.);
#10593 = LINE('',#10594,#10595);
#10594 = CARTESIAN_POINT('',(-54.6,-17.1,-90.));
#10595 = VECTOR('',#10596,1.);
#10596 = DIRECTION('',(0.,0.,1.));
#10597 = PCURVE('',#93,#10598);
#10598 = DEFINITIONAL_REPRESENTATION('',(#10599),#10603);
#10599 = LINE('',#10600,#10601);
#10600 = CARTESIAN_POINT('',(-90.,-54.6));
#10601 = VECTOR('',#10602,1.);
#10602 = DIRECTION('',(1.,0.));
#10603 = ( GEOMETRIC_REPRESENTATION_CONTEXT(2) 
PARAMETRIC_REPRESENTATION_CONTEXT() REPRESENTATION_CONTEXT('2D SPACE',''
  ) );
#10604 = PCURVE('',#4588,#10605);
#10605 = DEFINITIONAL_REPRESENTATION('',(#10606),#10610);
#10606 = LINE('',#10607,#10608);
#10607 = CARTESIAN_POINT('',(0.,0.));
#10608 = VECTOR('',#10609,1.);
#10609 = DIRECTION('',(1.,0.));
#10610 = ( GEOMETRIC_REPRESENTATION_CONTEXT(2) 
PARAMETRIC_REPRESENTATION_CONTEXT() REPRESENTATION_CONTEXT('2D SPACE',''
  ) );
#10611 = ORIENTED_EDGE('',*,*,#10612,.F.);
#10612 = EDGE_CURVE('',#10613,#10590,#10615,.T.);
#10613 = VERTEX_POINT('',#10614);
#10614 = CARTESIAN_POINT('',(-59.4,-17.1,-0.6));
#10615 = SURFACE_CURVE('',#10616,(#10620,#10627),.PCURVE_S1.);
#10616 = LINE('',#10617,#10618);
#10617 = CARTESIAN_POINT('',(-95.,-17.1,-0.6));
#10618 = VECTOR('',#10619,1.);
#10619 = DIRECTION('',(1.,0.,0.));
#10620 = PCURVE('',#93,#10621);
#10621 = DEFINITIONAL_REPRESENTATION('',(#10622),#10626);
#10622 = LINE('',#10623,#10624);
#10623 = CARTESIAN_POINT('',(-0.6,-95.));
#10624 = VECTOR('',#10625,1.);
#10625 = DIRECTION('',(0.,1.));
#10626 = ( GEOMETRIC_REPRESENTATION_CONTEXT(2) 
PARAMETRIC_REPRESENTATION_CONTEXT() REPRESENTATION_CONTEXT('2D SPACE',''
  ) );
#10627 = PCURVE('',#4616,#10628);
#10628 = DEFINITIONAL_REPRESENTATION('',(#10629),#10633);
#10629 = LINE('',#10630,#10631);
#10630 = CARTESIAN_POINT('',(0.,0.));
#10631 = VECTOR('',#10632,1.);
#10632 = DIRECTION('',(1.,0.));
#10633 = ( GEOMETRIC_REPRESENTATION_CONTEXT(2) 
PARAMETRIC_REPRESENTATION_CONTEXT() REPRESENTATION_CONTEXT('2D SPACE',''
  ) );
#10634 = ORIENTED_EDGE('',*,*,#10635,.F.);
#10635 = EDGE_CURVE('',#10566,#10613,#10636,.T.);
#10636 = SURFACE_CURVE('',#10637,(#10641,#10648),.PCURVE_S1.);
#10637 = LINE('',#10638,#10639);
#10638 = CARTESIAN_POINT('',(-59.4,-17.1,-90.));
#10639 = VECTOR('',#10640,1.);
#10640 = DIRECTION('',(0.,0.,1.));
#10641 = PCURVE('',#93,#10642);
#10642 = DEFINITIONAL_REPRESENTATION('',(#10643),#10647);
#10643 = LINE('',#10644,#10645);
#10644 = CARTESIAN_POINT('',(-90.,-59.4));
#10645 = VECTOR('',#10646,1.);
#10646 = DIRECTION('',(1.,0.));
#10647 = ( GEOMETRIC_REPRESENTATION_CONTEXT(2) 
PARAMETRIC_REPRESENTATION_CONTEXT() REPRESENTATION_CONTEXT('2D SPACE',''
  ) );
#10648 = PCURVE('',#4642,#10649);
#10649 = DEFINITIONAL_REPRESENTATION('',(#10650),#10654);
#10650 = LINE('',#10651,#10652);
#10651 = CARTESIAN_POINT('',(0.,0.));
#10652 = VECTOR('',#10653,1.);
#10653 = DIRECTION('',(1.,0.));
#10654 = ( GEOMETRIC_REPRESENTATION_CONTEXT(2) 
PARAMETRIC_REPRESENTATION_CONTEXT() REPRESENTATION_CONTEXT('2D SPACE',''
  ) );
#10655 = FACE_BOUND('',#10656,.F.);
#10656 = EDGE_LOOP('',(#10657,#10683,#10706,#10729));
#10657 = ORIENTED_EDGE('',*,*,#10658,.F.);
#10658 = EDGE_CURVE('',#10659,#10661,#10663,.T.);
#10659 = VERTEX_POINT('',#10660);
#10660 = CARTESIAN_POINT('',(-60.6,-17.1,-62.42307265747));
#10661 = VERTEX_POINT('',#10662);
#10662 = CARTESIAN_POINT('',(-65.4,-17.1,-57.37455882183));
#10663 = SURFACE_CURVE('',#10664,(#10669,#10676),.PCURVE_S1.);
#10664 = CIRCLE('',#10665,87.);
#10665 = AXIS2_PLACEMENT_3D('',#10666,#10667,#10668);
#10666 = CARTESIAN_POINT('',(0.,-17.1,0.));
#10667 = DIRECTION('',(0.,1.,0.));
#10668 = DIRECTION('',(0.,-0.,1.));
#10669 = PCURVE('',#93,#10670);
#10670 = DEFINITIONAL_REPRESENTATION('',(#10671),#10675);
#10671 = CIRCLE('',#10672,87.);
#10672 = AXIS2_PLACEMENT_2D('',#10673,#10674);
#10673 = CARTESIAN_POINT('',(0.,0.));
#10674 = DIRECTION('',(1.,0.));
#10675 = ( GEOMETRIC_REPRESENTATION_CONTEXT(2) 
PARAMETRIC_REPRESENTATION_CONTEXT() REPRESENTATION_CONTEXT('2D SPACE',''
  ) );
#10676 = PCURVE('',#4675,#10677);
#10677 = DEFINITIONAL_REPRESENTATION('',(#10678),#10682);
#10678 = LINE('',#10679,#10680);
#10679 = CARTESIAN_POINT('',(0.,1.E-01));
#10680 = VECTOR('',#10681,1.);
#10681 = DIRECTION('',(1.,0.));
#10682 = ( GEOMETRIC_REPRESENTATION_CONTEXT(2) 
PARAMETRIC_REPRESENTATION_CONTEXT() REPRESENTATION_CONTEXT('2D SPACE',''
  ) );
#10683 = ORIENTED_EDGE('',*,*,#10684,.T.);
#10684 = EDGE_CURVE('',#10659,#10685,#10687,.T.);
#10685 = VERTEX_POINT('',#10686);
#10686 = CARTESIAN_POINT('',(-60.6,-17.1,-0.6));
#10687 = SURFACE_CURVE('',#10688,(#10692,#10699),.PCURVE_S1.);
#10688 = LINE('',#10689,#10690);
#10689 = CARTESIAN_POINT('',(-60.6,-17.1,-90.));
#10690 = VECTOR('',#10691,1.);
#10691 = DIRECTION('',(0.,0.,1.));
#10692 = PCURVE('',#93,#10693);
#10693 = DEFINITIONAL_REPRESENTATION('',(#10694),#10698);
#10694 = LINE('',#10695,#10696);
#10695 = CARTESIAN_POINT('',(-90.,-60.6));
#10696 = VECTOR('',#10697,1.);
#10697 = DIRECTION('',(1.,0.));
#10698 = ( GEOMETRIC_REPRESENTATION_CONTEXT(2) 
PARAMETRIC_REPRESENTATION_CONTEXT() REPRESENTATION_CONTEXT('2D SPACE',''
  ) );
#10699 = PCURVE('',#4703,#10700);
#10700 = DEFINITIONAL_REPRESENTATION('',(#10701),#10705);
#10701 = LINE('',#10702,#10703);
#10702 = CARTESIAN_POINT('',(0.,0.));
#10703 = VECTOR('',#10704,1.);
#10704 = DIRECTION('',(1.,0.));
#10705 = ( GEOMETRIC_REPRESENTATION_CONTEXT(2) 
PARAMETRIC_REPRESENTATION_CONTEXT() REPRESENTATION_CONTEXT('2D SPACE',''
  ) );
#10706 = ORIENTED_EDGE('',*,*,#10707,.F.);
#10707 = EDGE_CURVE('',#10708,#10685,#10710,.T.);
#10708 = VERTEX_POINT('',#10709);
#10709 = CARTESIAN_POINT('',(-65.4,-17.1,-0.6));
#10710 = SURFACE_CURVE('',#10711,(#10715,#10722),.PCURVE_S1.);
#10711 = LINE('',#10712,#10713);
#10712 = CARTESIAN_POINT('',(-95.,-17.1,-0.6));
#10713 = VECTOR('',#10714,1.);
#10714 = DIRECTION('',(1.,0.,0.));
#10715 = PCURVE('',#93,#10716);
#10716 = DEFINITIONAL_REPRESENTATION('',(#10717),#10721);
#10717 = LINE('',#10718,#10719);
#10718 = CARTESIAN_POINT('',(-0.6,-95.));
#10719 = VECTOR('',#10720,1.);
#10720 = DIRECTION('',(0.,1.));
#10721 = ( GEOMETRIC_REPRESENTATION_CONTEXT(2) 
PARAMETRIC_REPRESENTATION_CONTEXT() REPRESENTATION_CONTEXT('2D SPACE',''
  ) );
#10722 = PCURVE('',#4731,#10723);
#10723 = DEFINITIONAL_REPRESENTATION('',(#10724),#10728);
#10724 = LINE('',#10725,#10726);
#10725 = CARTESIAN_POINT('',(0.,0.));
#10726 = VECTOR('',#10727,1.);
#10727 = DIRECTION('',(1.,0.));
#10728 = ( GEOMETRIC_REPRESENTATION_CONTEXT(2) 
PARAMETRIC_REPRESENTATION_CONTEXT() REPRESENTATION_CONTEXT('2D SPACE',''
  ) );
#10729 = ORIENTED_EDGE('',*,*,#10730,.F.);
#10730 = EDGE_CURVE('',#10661,#10708,#10731,.T.);
#10731 = SURFACE_CURVE('',#10732,(#10736,#10743),.PCURVE_S1.);
#10732 = LINE('',#10733,#10734);
#10733 = CARTESIAN_POINT('',(-65.4,-17.1,-90.));
#10734 = VECTOR('',#10735,1.);
#10735 = DIRECTION('',(0.,0.,1.));
#10736 = PCURVE('',#93,#10737);
#10737 = DEFINITIONAL_REPRESENTATION('',(#10738),#10742);
#10738 = LINE('',#10739,#10740);
#10739 = CARTESIAN_POINT('',(-90.,-65.4));
#10740 = VECTOR('',#10741,1.);
#10741 = DIRECTION('',(1.,0.));
#10742 = ( GEOMETRIC_REPRESENTATION_CONTEXT(2) 
PARAMETRIC_REPRESENTATION_CONTEXT() REPRESENTATION_CONTEXT('2D SPACE',''
  ) );
#10743 = PCURVE('',#4757,#10744);
#10744 = DEFINITIONAL_REPRESENTATION('',(#10745),#10749);
#10745 = LINE('',#10746,#10747);
#10746 = CARTESIAN_POINT('',(0.,0.));
#10747 = VECTOR('',#10748,1.);
#10748 = DIRECTION('',(1.,0.));
#10749 = ( GEOMETRIC_REPRESENTATION_CONTEXT(2) 
PARAMETRIC_REPRESENTATION_CONTEXT() REPRESENTATION_CONTEXT('2D SPACE',''
  ) );
#10750 = FACE_BOUND('',#10751,.F.);
#10751 = EDGE_LOOP('',(#10752,#10778,#10801,#10824));
#10752 = ORIENTED_EDGE('',*,*,#10753,.F.);
#10753 = EDGE_CURVE('',#10754,#10756,#10758,.T.);
#10754 = VERTEX_POINT('',#10755);
#10755 = CARTESIAN_POINT('',(-66.59999999999,-17.1,-55.97713819051));
#10756 = VERTEX_POINT('',#10757);
#10757 = CARTESIAN_POINT('',(-71.4,-17.1,-49.70955642529));
#10758 = SURFACE_CURVE('',#10759,(#10764,#10771),.PCURVE_S1.);
#10759 = CIRCLE('',#10760,87.);
#10760 = AXIS2_PLACEMENT_3D('',#10761,#10762,#10763);
#10761 = CARTESIAN_POINT('',(0.,-17.1,0.));
#10762 = DIRECTION('',(0.,1.,0.));
#10763 = DIRECTION('',(0.,-0.,1.));
#10764 = PCURVE('',#93,#10765);
#10765 = DEFINITIONAL_REPRESENTATION('',(#10766),#10770);
#10766 = CIRCLE('',#10767,87.);
#10767 = AXIS2_PLACEMENT_2D('',#10768,#10769);
#10768 = CARTESIAN_POINT('',(0.,0.));
#10769 = DIRECTION('',(1.,0.));
#10770 = ( GEOMETRIC_REPRESENTATION_CONTEXT(2) 
PARAMETRIC_REPRESENTATION_CONTEXT() REPRESENTATION_CONTEXT('2D SPACE',''
  ) );
#10771 = PCURVE('',#4790,#10772);
#10772 = DEFINITIONAL_REPRESENTATION('',(#10773),#10777);
#10773 = LINE('',#10774,#10775);
#10774 = CARTESIAN_POINT('',(0.,1.E-01));
#10775 = VECTOR('',#10776,1.);
#10776 = DIRECTION('',(1.,0.));
#10777 = ( GEOMETRIC_REPRESENTATION_CONTEXT(2) 
PARAMETRIC_REPRESENTATION_CONTEXT() REPRESENTATION_CONTEXT('2D SPACE',''
  ) );
#10778 = ORIENTED_EDGE('',*,*,#10779,.T.);
#10779 = EDGE_CURVE('',#10754,#10780,#10782,.T.);
#10780 = VERTEX_POINT('',#10781);
#10781 = CARTESIAN_POINT('',(-66.6,-17.1,-0.6));
#10782 = SURFACE_CURVE('',#10783,(#10787,#10794),.PCURVE_S1.);
#10783 = LINE('',#10784,#10785);
#10784 = CARTESIAN_POINT('',(-66.6,-17.1,-90.));
#10785 = VECTOR('',#10786,1.);
#10786 = DIRECTION('',(0.,0.,1.));
#10787 = PCURVE('',#93,#10788);
#10788 = DEFINITIONAL_REPRESENTATION('',(#10789),#10793);
#10789 = LINE('',#10790,#10791);
#10790 = CARTESIAN_POINT('',(-90.,-66.6));
#10791 = VECTOR('',#10792,1.);
#10792 = DIRECTION('',(1.,0.));
#10793 = ( GEOMETRIC_REPRESENTATION_CONTEXT(2) 
PARAMETRIC_REPRESENTATION_CONTEXT() REPRESENTATION_CONTEXT('2D SPACE',''
  ) );
#10794 = PCURVE('',#4818,#10795);
#10795 = DEFINITIONAL_REPRESENTATION('',(#10796),#10800);
#10796 = LINE('',#10797,#10798);
#10797 = CARTESIAN_POINT('',(0.,0.));
#10798 = VECTOR('',#10799,1.);
#10799 = DIRECTION('',(1.,0.));
#10800 = ( GEOMETRIC_REPRESENTATION_CONTEXT(2) 
PARAMETRIC_REPRESENTATION_CONTEXT() REPRESENTATION_CONTEXT('2D SPACE',''
  ) );
#10801 = ORIENTED_EDGE('',*,*,#10802,.F.);
#10802 = EDGE_CURVE('',#10803,#10780,#10805,.T.);
#10803 = VERTEX_POINT('',#10804);
#10804 = CARTESIAN_POINT('',(-71.4,-17.1,-0.6));
#10805 = SURFACE_CURVE('',#10806,(#10810,#10817),.PCURVE_S1.);
#10806 = LINE('',#10807,#10808);
#10807 = CARTESIAN_POINT('',(-95.,-17.1,-0.6));
#10808 = VECTOR('',#10809,1.);
#10809 = DIRECTION('',(1.,0.,0.));
#10810 = PCURVE('',#93,#10811);
#10811 = DEFINITIONAL_REPRESENTATION('',(#10812),#10816);
#10812 = LINE('',#10813,#10814);
#10813 = CARTESIAN_POINT('',(-0.6,-95.));
#10814 = VECTOR('',#10815,1.);
#10815 = DIRECTION('',(0.,1.));
#10816 = ( GEOMETRIC_REPRESENTATION_CONTEXT(2) 
PARAMETRIC_REPRESENTATION_CONTEXT() REPRESENTATION_CONTEXT('2D SPACE',''
  ) );
#10817 = PCURVE('',#4846,#10818);
#10818 = DEFINITIONAL_REPRESENTATION('',(#10819),#10823);
#10819 = LINE('',#10820,#10821);
#10820 = CARTESIAN_POINT('',(0.,0.));
#10821 = VECTOR('',#10822,1.);
#10822 = DIRECTION('',(1.,0.));
#10823 = ( GEOMETRIC_REPRESENTATION_CONTEXT(2) 
PARAMETRIC_REPRESENTATION_CONTEXT() REPRESENTATION_CONTEXT('2D SPACE',''
  ) );
#10824 = ORIENTED_EDGE('',*,*,#10825,.F.);
#10825 = EDGE_CURVE('',#10756,#10803,#10826,.T.);
#10826 = SURFACE_CURVE('',#10827,(#10831,#10838),.PCURVE_S1.);
#10827 = LINE('',#10828,#10829);
#10828 = CARTESIAN_POINT('',(-71.4,-17.1,-90.));
#10829 = VECTOR('',#10830,1.);
#10830 = DIRECTION('',(0.,0.,1.));
#10831 = PCURVE('',#93,#10832);
#10832 = DEFINITIONAL_REPRESENTATION('',(#10833),#10837);
#10833 = LINE('',#10834,#10835);
#10834 = CARTESIAN_POINT('',(-90.,-71.4));
#10835 = VECTOR('',#10836,1.);
#10836 = DIRECTION('',(1.,0.));
#10837 = ( GEOMETRIC_REPRESENTATION_CONTEXT(2) 
PARAMETRIC_REPRESENTATION_CONTEXT() REPRESENTATION_CONTEXT('2D SPACE',''
  ) );
#10838 = PCURVE('',#4872,#10839);
#10839 = DEFINITIONAL_REPRESENTATION('',(#10840),#10844);
#10840 = LINE('',#10841,#10842);
#10841 = CARTESIAN_POINT('',(0.,0.));
#10842 = VECTOR('',#10843,1.);
#10843 = DIRECTION('',(1.,0.));
#10844 = ( GEOMETRIC_REPRESENTATION_CONTEXT(2) 
PARAMETRIC_REPRESENTATION_CONTEXT() REPRESENTATION_CONTEXT('2D SPACE',''
  ) );
#10845 = FACE_BOUND('',#10846,.F.);
#10846 = EDGE_LOOP('',(#10847,#10873,#10896,#10919));
#10847 = ORIENTED_EDGE('',*,*,#10848,.F.);
#10848 = EDGE_CURVE('',#10849,#10851,#10853,.T.);
#10849 = VERTEX_POINT('',#10850);
#10850 = CARTESIAN_POINT('',(-72.6,-17.1,-47.93996245304));
#10851 = VERTEX_POINT('',#10852);
#10852 = CARTESIAN_POINT('',(-77.4,-17.1,-39.72706885739));
#10853 = SURFACE_CURVE('',#10854,(#10859,#10866),.PCURVE_S1.);
#10854 = CIRCLE('',#10855,87.);
#10855 = AXIS2_PLACEMENT_3D('',#10856,#10857,#10858);
#10856 = CARTESIAN_POINT('',(0.,-17.1,0.));
#10857 = DIRECTION('',(0.,1.,0.));
#10858 = DIRECTION('',(0.,-0.,1.));
#10859 = PCURVE('',#93,#10860);
#10860 = DEFINITIONAL_REPRESENTATION('',(#10861),#10865);
#10861 = CIRCLE('',#10862,87.);
#10862 = AXIS2_PLACEMENT_2D('',#10863,#10864);
#10863 = CARTESIAN_POINT('',(0.,0.));
#10864 = DIRECTION('',(1.,0.));
#10865 = ( GEOMETRIC_REPRESENTATION_CONTEXT(2) 
PARAMETRIC_REPRESENTATION_CONTEXT() REPRESENTATION_CONTEXT('2D SPACE',''
  ) );
#10866 = PCURVE('',#4905,#10867);
#10867 = DEFINITIONAL_REPRESENTATION('',(#10868),#10872);
#10868 = LINE('',#10869,#10870);
#10869 = CARTESIAN_POINT('',(0.,1.E-01));
#10870 = VECTOR('',#10871,1.);
#10871 = DIRECTION('',(1.,0.));
#10872 = ( GEOMETRIC_REPRESENTATION_CONTEXT(2) 
PARAMETRIC_REPRESENTATION_CONTEXT() REPRESENTATION_CONTEXT('2D SPACE',''
  ) );
#10873 = ORIENTED_EDGE('',*,*,#10874,.T.);
#10874 = EDGE_CURVE('',#10849,#10875,#10877,.T.);
#10875 = VERTEX_POINT('',#10876);
#10876 = CARTESIAN_POINT('',(-72.6,-17.1,-0.6));
#10877 = SURFACE_CURVE('',#10878,(#10882,#10889),.PCURVE_S1.);
#10878 = LINE('',#10879,#10880);
#10879 = CARTESIAN_POINT('',(-72.6,-17.1,-90.));
#10880 = VECTOR('',#10881,1.);
#10881 = DIRECTION('',(0.,0.,1.));
#10882 = PCURVE('',#93,#10883);
#10883 = DEFINITIONAL_REPRESENTATION('',(#10884),#10888);
#10884 = LINE('',#10885,#10886);
#10885 = CARTESIAN_POINT('',(-90.,-72.6));
#10886 = VECTOR('',#10887,1.);
#10887 = DIRECTION('',(1.,0.));
#10888 = ( GEOMETRIC_REPRESENTATION_CONTEXT(2) 
PARAMETRIC_REPRESENTATION_CONTEXT() REPRESENTATION_CONTEXT('2D SPACE',''
  ) );
#10889 = PCURVE('',#4933,#10890);
#10890 = DEFINITIONAL_REPRESENTATION('',(#10891),#10895);
#10891 = LINE('',#10892,#10893);
#10892 = CARTESIAN_POINT('',(0.,0.));
#10893 = VECTOR('',#10894,1.);
#10894 = DIRECTION('',(1.,0.));
#10895 = ( GEOMETRIC_REPRESENTATION_CONTEXT(2) 
PARAMETRIC_REPRESENTATION_CONTEXT() REPRESENTATION_CONTEXT('2D SPACE',''
  ) );
#10896 = ORIENTED_EDGE('',*,*,#10897,.F.);
#10897 = EDGE_CURVE('',#10898,#10875,#10900,.T.);
#10898 = VERTEX_POINT('',#10899);
#10899 = CARTESIAN_POINT('',(-77.4,-17.1,-0.6));
#10900 = SURFACE_CURVE('',#10901,(#10905,#10912),.PCURVE_S1.);
#10901 = LINE('',#10902,#10903);
#10902 = CARTESIAN_POINT('',(-95.,-17.1,-0.6));
#10903 = VECTOR('',#10904,1.);
#10904 = DIRECTION('',(1.,0.,0.));
#10905 = PCURVE('',#93,#10906);
#10906 = DEFINITIONAL_REPRESENTATION('',(#10907),#10911);
#10907 = LINE('',#10908,#10909);
#10908 = CARTESIAN_POINT('',(-0.6,-95.));
#10909 = VECTOR('',#10910,1.);
#10910 = DIRECTION('',(0.,1.));
#10911 = ( GEOMETRIC_REPRESENTATION_CONTEXT(2) 
PARAMETRIC_REPRESENTATION_CONTEXT() REPRESENTATION_CONTEXT('2D SPACE',''
  ) );
#10912 = PCURVE('',#4961,#10913);
#10913 = DEFINITIONAL_REPRESENTATION('',(#10914),#10918);
#10914 = LINE('',#10915,#10916);
#10915 = CARTESIAN_POINT('',(0.,0.));
#10916 = VECTOR('',#10917,1.);
#10917 = DIRECTION('',(1.,0.));
#10918 = ( GEOMETRIC_REPRESENTATION_CONTEXT(2) 
PARAMETRIC_REPRESENTATION_CONTEXT() REPRESENTATION_CONTEXT('2D SPACE',''
  ) );
#10919 = ORIENTED_EDGE('',*,*,#10920,.F.);
#10920 = EDGE_CURVE('',#10851,#10898,#10921,.T.);
#10921 = SURFACE_CURVE('',#10922,(#10926,#10933),.PCURVE_S1.);
#10922 = LINE('',#10923,#10924);
#10923 = CARTESIAN_POINT('',(-77.4,-17.1,-90.));
#10924 = VECTOR('',#10925,1.);
#10925 = DIRECTION('',(0.,0.,1.));
#10926 = PCURVE('',#93,#10927);
#10927 = DEFINITIONAL_REPRESENTATION('',(#10928),#10932);
#10928 = LINE('',#10929,#10930);
#10929 = CARTESIAN_POINT('',(-90.,-77.4));
#10930 = VECTOR('',#10931,1.);
#10931 = DIRECTION('',(1.,0.));
#10932 = ( GEOMETRIC_REPRESENTATION_CONTEXT(2) 
PARAMETRIC_REPRESENTATION_CONTEXT() REPRESENTATION_CONTEXT('2D SPACE',''
  ) );
#10933 = PCURVE('',#4987,#10934);
#10934 = DEFINITIONAL_REPRESENTATION('',(#10935),#10939);
#10935 = LINE('',#10936,#10937);
#10936 = CARTESIAN_POINT('',(0.,0.));
#10937 = VECTOR('',#10938,1.);
#10938 = DIRECTION('',(1.,0.));
#10939 = ( GEOMETRIC_REPRESENTATION_CONTEXT(2) 
PARAMETRIC_REPRESENTATION_CONTEXT() REPRESENTATION_CONTEXT('2D SPACE',''
  ) );
#10940 = FACE_BOUND('',#10941,.F.);
#10941 = EDGE_LOOP('',(#10942,#10968,#10991,#11014));
#10942 = ORIENTED_EDGE('',*,*,#10943,.F.);
#10943 = EDGE_CURVE('',#10944,#10946,#10948,.T.);
#10944 = VERTEX_POINT('',#10945);
#10945 = CARTESIAN_POINT('',(-78.59999999999,-17.1,-37.29664864301));
#10946 = VERTEX_POINT('',#10947);
#10947 = CARTESIAN_POINT('',(-83.4,-17.1,-24.76772092866));
#10948 = SURFACE_CURVE('',#10949,(#10954,#10961),.PCURVE_S1.);
#10949 = CIRCLE('',#10950,87.);
#10950 = AXIS2_PLACEMENT_3D('',#10951,#10952,#10953);
#10951 = CARTESIAN_POINT('',(0.,-17.1,0.));
#10952 = DIRECTION('',(0.,1.,0.));
#10953 = DIRECTION('',(0.,-0.,1.));
#10954 = PCURVE('',#93,#10955);
#10955 = DEFINITIONAL_REPRESENTATION('',(#10956),#10960);
#10956 = CIRCLE('',#10957,87.);
#10957 = AXIS2_PLACEMENT_2D('',#10958,#10959);
#10958 = CARTESIAN_POINT('',(0.,0.));
#10959 = DIRECTION('',(1.,0.));
#10960 = ( GEOMETRIC_REPRESENTATION_CONTEXT(2) 
PARAMETRIC_REPRESENTATION_CONTEXT() REPRESENTATION_CONTEXT('2D SPACE',''
  ) );
#10961 = PCURVE('',#5020,#10962);
#10962 = DEFINITIONAL_REPRESENTATION('',(#10963),#10967);
#10963 = LINE('',#10964,#10965);
#10964 = CARTESIAN_POINT('',(0.,1.E-01));
#10965 = VECTOR('',#10966,1.);
#10966 = DIRECTION('',(1.,0.));
#10967 = ( GEOMETRIC_REPRESENTATION_CONTEXT(2) 
PARAMETRIC_REPRESENTATION_CONTEXT() REPRESENTATION_CONTEXT('2D SPACE',''
  ) );
#10968 = ORIENTED_EDGE('',*,*,#10969,.T.);
#10969 = EDGE_CURVE('',#10944,#10970,#10972,.T.);
#10970 = VERTEX_POINT('',#10971);
#10971 = CARTESIAN_POINT('',(-78.6,-17.1,-0.6));
#10972 = SURFACE_CURVE('',#10973,(#10977,#10984),.PCURVE_S1.);
#10973 = LINE('',#10974,#10975);
#10974 = CARTESIAN_POINT('',(-78.6,-17.1,-90.));
#10975 = VECTOR('',#10976,1.);
#10976 = DIRECTION('',(0.,0.,1.));
#10977 = PCURVE('',#93,#10978);
#10978 = DEFINITIONAL_REPRESENTATION('',(#10979),#10983);
#10979 = LINE('',#10980,#10981);
#10980 = CARTESIAN_POINT('',(-90.,-78.6));
#10981 = VECTOR('',#10982,1.);
#10982 = DIRECTION('',(1.,0.));
#10983 = ( GEOMETRIC_REPRESENTATION_CONTEXT(2) 
PARAMETRIC_REPRESENTATION_CONTEXT() REPRESENTATION_CONTEXT('2D SPACE',''
  ) );
#10984 = PCURVE('',#5048,#10985);
#10985 = DEFINITIONAL_REPRESENTATION('',(#10986),#10990);
#10986 = LINE('',#10987,#10988);
#10987 = CARTESIAN_POINT('',(0.,0.));
#10988 = VECTOR('',#10989,1.);
#10989 = DIRECTION('',(1.,0.));
#10990 = ( GEOMETRIC_REPRESENTATION_CONTEXT(2) 
PARAMETRIC_REPRESENTATION_CONTEXT() REPRESENTATION_CONTEXT('2D SPACE',''
  ) );
#10991 = ORIENTED_EDGE('',*,*,#10992,.F.);
#10992 = EDGE_CURVE('',#10993,#10970,#10995,.T.);
#10993 = VERTEX_POINT('',#10994);
#10994 = CARTESIAN_POINT('',(-83.4,-17.1,-0.6));
#10995 = SURFACE_CURVE('',#10996,(#11000,#11007),.PCURVE_S1.);
#10996 = LINE('',#10997,#10998);
#10997 = CARTESIAN_POINT('',(-95.,-17.1,-0.6));
#10998 = VECTOR('',#10999,1.);
#10999 = DIRECTION('',(1.,0.,0.));
#11000 = PCURVE('',#93,#11001);
#11001 = DEFINITIONAL_REPRESENTATION('',(#11002),#11006);
#11002 = LINE('',#11003,#11004);
#11003 = CARTESIAN_POINT('',(-0.6,-95.));
#11004 = VECTOR('',#11005,1.);
#11005 = DIRECTION('',(0.,1.));
#11006 = ( GEOMETRIC_REPRESENTATION_CONTEXT(2) 
PARAMETRIC_REPRESENTATION_CONTEXT() REPRESENTATION_CONTEXT('2D SPACE',''
  ) );
#11007 = PCURVE('',#5076,#11008);
#11008 = DEFINITIONAL_REPRESENTATION('',(#11009),#11013);
#11009 = LINE('',#11010,#11011);
#11010 = CARTESIAN_POINT('',(0.,0.));
#11011 = VECTOR('',#11012,1.);
#11012 = DIRECTION('',(1.,0.));
#11013 = ( GEOMETRIC_REPRESENTATION_CONTEXT(2) 
PARAMETRIC_REPRESENTATION_CONTEXT() REPRESENTATION_CONTEXT('2D SPACE',''
  ) );
#11014 = ORIENTED_EDGE('',*,*,#11015,.F.);
#11015 = EDGE_CURVE('',#10946,#10993,#11016,.T.);
#11016 = SURFACE_CURVE('',#11017,(#11021,#11028),.PCURVE_S1.);
#11017 = LINE('',#11018,#11019);
#11018 = CARTESIAN_POINT('',(-83.4,-17.1,-90.));
#11019 = VECTOR('',#11020,1.);
#11020 = DIRECTION('',(0.,0.,1.));
#11021 = PCURVE('',#93,#11022);
#11022 = DEFINITIONAL_REPRESENTATION('',(#11023),#11027);
#11023 = LINE('',#11024,#11025);
#11024 = CARTESIAN_POINT('',(-90.,-83.4));
#11025 = VECTOR('',#11026,1.);
#11026 = DIRECTION('',(1.,0.));
#11027 = ( GEOMETRIC_REPRESENTATION_CONTEXT(2) 
PARAMETRIC_REPRESENTATION_CONTEXT() REPRESENTATION_CONTEXT('2D SPACE',''
  ) );
#11028 = PCURVE('',#5102,#11029);
#11029 = DEFINITIONAL_REPRESENTATION('',(#11030),#11034);
#11030 = LINE('',#11031,#11032);
#11031 = CARTESIAN_POINT('',(0.,0.));
#11032 = VECTOR('',#11033,1.);
#11033 = DIRECTION('',(1.,0.));
#11034 = ( GEOMETRIC_REPRESENTATION_CONTEXT(2) 
PARAMETRIC_REPRESENTATION_CONTEXT() REPRESENTATION_CONTEXT('2D SPACE',''
  ) );
#11035 = FACE_BOUND('',#11036,.F.);
#11036 = EDGE_LOOP('',(#11037,#11063,#11086));
#11037 = ORIENTED_EDGE('',*,*,#11038,.F.);
#11038 = EDGE_CURVE('',#11039,#11041,#11043,.T.);
#11039 = VERTEX_POINT('',#11040);
#11040 = CARTESIAN_POINT('',(-84.6,-17.1,-20.29384143033));
#11041 = VERTEX_POINT('',#11042);
#11042 = CARTESIAN_POINT('',(-86.99793100988,-17.1,-0.599999999999));
#11043 = SURFACE_CURVE('',#11044,(#11049,#11056),.PCURVE_S1.);
#11044 = CIRCLE('',#11045,87.);
#11045 = AXIS2_PLACEMENT_3D('',#11046,#11047,#11048);
#11046 = CARTESIAN_POINT('',(0.,-17.1,0.));
#11047 = DIRECTION('',(0.,1.,0.));
#11048 = DIRECTION('',(0.,-0.,1.));
#11049 = PCURVE('',#93,#11050);
#11050 = DEFINITIONAL_REPRESENTATION('',(#11051),#11055);
#11051 = CIRCLE('',#11052,87.);
#11052 = AXIS2_PLACEMENT_2D('',#11053,#11054);
#11053 = CARTESIAN_POINT('',(0.,0.));
#11054 = DIRECTION('',(1.,0.));
#11055 = ( GEOMETRIC_REPRESENTATION_CONTEXT(2) 
PARAMETRIC_REPRESENTATION_CONTEXT() REPRESENTATION_CONTEXT('2D SPACE',''
  ) );
#11056 = PCURVE('',#5135,#11057);
#11057 = DEFINITIONAL_REPRESENTATION('',(#11058),#11062);
#11058 = LINE('',#11059,#11060);
#11059 = CARTESIAN_POINT('',(0.,1.E-01));
#11060 = VECTOR('',#11061,1.);
#11061 = DIRECTION('',(1.,0.));
#11062 = ( GEOMETRIC_REPRESENTATION_CONTEXT(2) 
PARAMETRIC_REPRESENTATION_CONTEXT() REPRESENTATION_CONTEXT('2D SPACE',''
  ) );
#11063 = ORIENTED_EDGE('',*,*,#11064,.T.);
#11064 = EDGE_CURVE('',#11039,#11065,#11067,.T.);
#11065 = VERTEX_POINT('',#11066);
#11066 = CARTESIAN_POINT('',(-84.6,-17.1,-0.6));
#11067 = SURFACE_CURVE('',#11068,(#11072,#11079),.PCURVE_S1.);
#11068 = LINE('',#11069,#11070);
#11069 = CARTESIAN_POINT('',(-84.6,-17.1,-90.));
#11070 = VECTOR('',#11071,1.);
#11071 = DIRECTION('',(0.,0.,1.));
#11072 = PCURVE('',#93,#11073);
#11073 = DEFINITIONAL_REPRESENTATION('',(#11074),#11078);
#11074 = LINE('',#11075,#11076);
#11075 = CARTESIAN_POINT('',(-90.,-84.6));
#11076 = VECTOR('',#11077,1.);
#11077 = DIRECTION('',(1.,0.));
#11078 = ( GEOMETRIC_REPRESENTATION_CONTEXT(2) 
PARAMETRIC_REPRESENTATION_CONTEXT() REPRESENTATION_CONTEXT('2D SPACE',''
  ) );
#11079 = PCURVE('',#5163,#11080);
#11080 = DEFINITIONAL_REPRESENTATION('',(#11081),#11085);
#11081 = LINE('',#11082,#11083);
#11082 = CARTESIAN_POINT('',(0.,0.));
#11083 = VECTOR('',#11084,1.);
#11084 = DIRECTION('',(1.,0.));
#11085 = ( GEOMETRIC_REPRESENTATION_CONTEXT(2) 
PARAMETRIC_REPRESENTATION_CONTEXT() REPRESENTATION_CONTEXT('2D SPACE',''
  ) );
#11086 = ORIENTED_EDGE('',*,*,#11087,.F.);
#11087 = EDGE_CURVE('',#11041,#11065,#11088,.T.);
#11088 = SURFACE_CURVE('',#11089,(#11093,#11100),.PCURVE_S1.);
#11089 = LINE('',#11090,#11091);
#11090 = CARTESIAN_POINT('',(-95.,-17.1,-0.6));
#11091 = VECTOR('',#11092,1.);
#11092 = DIRECTION('',(1.,0.,0.));
#11093 = PCURVE('',#93,#11094);
#11094 = DEFINITIONAL_REPRESENTATION('',(#11095),#11099);
#11095 = LINE('',#11096,#11097);
#11096 = CARTESIAN_POINT('',(-0.6,-95.));
#11097 = VECTOR('',#11098,1.);
#11098 = DIRECTION('',(0.,1.));
#11099 = ( GEOMETRIC_REPRESENTATION_CONTEXT(2) 
PARAMETRIC_REPRESENTATION_CONTEXT() REPRESENTATION_CONTEXT('2D SPACE',''
  ) );
#11100 = PCURVE('',#5189,#11101);
#11101 = DEFINITIONAL_REPRESENTATION('',(#11102),#11106);
#11102 = LINE('',#11103,#11104);
#11103 = CARTESIAN_POINT('',(0.,0.));
#11104 = VECTOR('',#11105,1.);
#11105 = DIRECTION('',(1.,0.));
#11106 = ( GEOMETRIC_REPRESENTATION_CONTEXT(2) 
PARAMETRIC_REPRESENTATION_CONTEXT() REPRESENTATION_CONTEXT('2D SPACE',''
  ) );
#11107 = FACE_BOUND('',#11108,.F.);
#11108 = EDGE_LOOP('',(#11109,#11135,#11158));
#11109 = ORIENTED_EDGE('',*,*,#11110,.F.);
#11110 = EDGE_CURVE('',#11111,#11113,#11115,.T.);
#11111 = VERTEX_POINT('',#11112);
#11112 = CARTESIAN_POINT('',(-86.99793100988,-17.1,0.600000000001));
#11113 = VERTEX_POINT('',#11114);
#11114 = CARTESIAN_POINT('',(-84.6,-17.1,20.293841430344));
#11115 = SURFACE_CURVE('',#11116,(#11121,#11128),.PCURVE_S1.);
#11116 = CIRCLE('',#11117,87.);
#11117 = AXIS2_PLACEMENT_3D('',#11118,#11119,#11120);
#11118 = CARTESIAN_POINT('',(0.,-17.1,0.));
#11119 = DIRECTION('',(0.,1.,0.));
#11120 = DIRECTION('',(0.,-0.,1.));
#11121 = PCURVE('',#93,#11122);
#11122 = DEFINITIONAL_REPRESENTATION('',(#11123),#11127);
#11123 = CIRCLE('',#11124,87.);
#11124 = AXIS2_PLACEMENT_2D('',#11125,#11126);
#11125 = CARTESIAN_POINT('',(0.,0.));
#11126 = DIRECTION('',(1.,0.));
#11127 = ( GEOMETRIC_REPRESENTATION_CONTEXT(2) 
PARAMETRIC_REPRESENTATION_CONTEXT() REPRESENTATION_CONTEXT('2D SPACE',''
  ) );
#11128 = PCURVE('',#5222,#11129);
#11129 = DEFINITIONAL_REPRESENTATION('',(#11130),#11134);
#11130 = LINE('',#11131,#11132);
#11131 = CARTESIAN_POINT('',(0.,1.E-01));
#11132 = VECTOR('',#11133,1.);
#11133 = DIRECTION('',(1.,0.));
#11134 = ( GEOMETRIC_REPRESENTATION_CONTEXT(2) 
PARAMETRIC_REPRESENTATION_CONTEXT() REPRESENTATION_CONTEXT('2D SPACE',''
  ) );
#11135 = ORIENTED_EDGE('',*,*,#11136,.T.);
#11136 = EDGE_CURVE('',#11111,#11137,#11139,.T.);
#11137 = VERTEX_POINT('',#11138);
#11138 = CARTESIAN_POINT('',(-84.6,-17.1,0.6));
#11139 = SURFACE_CURVE('',#11140,(#11144,#11151),.PCURVE_S1.);
#11140 = LINE('',#11141,#11142);
#11141 = CARTESIAN_POINT('',(-95.,-17.1,0.6));
#11142 = VECTOR('',#11143,1.);
#11143 = DIRECTION('',(1.,0.,0.));
#11144 = PCURVE('',#93,#11145);
#11145 = DEFINITIONAL_REPRESENTATION('',(#11146),#11150);
#11146 = LINE('',#11147,#11148);
#11147 = CARTESIAN_POINT('',(0.6,-95.));
#11148 = VECTOR('',#11149,1.);
#11149 = DIRECTION('',(0.,1.));
#11150 = ( GEOMETRIC_REPRESENTATION_CONTEXT(2) 
PARAMETRIC_REPRESENTATION_CONTEXT() REPRESENTATION_CONTEXT('2D SPACE',''
  ) );
#11151 = PCURVE('',#5250,#11152);
#11152 = DEFINITIONAL_REPRESENTATION('',(#11153),#11157);
#11153 = LINE('',#11154,#11155);
#11154 = CARTESIAN_POINT('',(0.,0.));
#11155 = VECTOR('',#11156,1.);
#11156 = DIRECTION('',(1.,0.));
#11157 = ( GEOMETRIC_REPRESENTATION_CONTEXT(2) 
PARAMETRIC_REPRESENTATION_CONTEXT() REPRESENTATION_CONTEXT('2D SPACE',''
  ) );
#11158 = ORIENTED_EDGE('',*,*,#11159,.T.);
#11159 = EDGE_CURVE('',#11137,#11113,#11160,.T.);
#11160 = SURFACE_CURVE('',#11161,(#11165,#11172),.PCURVE_S1.);
#11161 = LINE('',#11162,#11163);
#11162 = CARTESIAN_POINT('',(-84.6,-17.1,-90.));
#11163 = VECTOR('',#11164,1.);
#11164 = DIRECTION('',(0.,0.,1.));
#11165 = PCURVE('',#93,#11166);
#11166 = DEFINITIONAL_REPRESENTATION('',(#11167),#11171);
#11167 = LINE('',#11168,#11169);
#11168 = CARTESIAN_POINT('',(-90.,-84.6));
#11169 = VECTOR('',#11170,1.);
#11170 = DIRECTION('',(1.,0.));
#11171 = ( GEOMETRIC_REPRESENTATION_CONTEXT(2) 
PARAMETRIC_REPRESENTATION_CONTEXT() REPRESENTATION_CONTEXT('2D SPACE',''
  ) );
#11172 = PCURVE('',#5276,#11173);
#11173 = DEFINITIONAL_REPRESENTATION('',(#11174),#11178);
#11174 = LINE('',#11175,#11176);
#11175 = CARTESIAN_POINT('',(0.,0.));
#11176 = VECTOR('',#11177,1.);
#11177 = DIRECTION('',(1.,0.));
#11178 = ( GEOMETRIC_REPRESENTATION_CONTEXT(2) 
PARAMETRIC_REPRESENTATION_CONTEXT() REPRESENTATION_CONTEXT('2D SPACE',''
  ) );
#11179 = FACE_BOUND('',#11180,.F.);
#11180 = EDGE_LOOP('',(#11181,#11207,#11230,#11253));
#11181 = ORIENTED_EDGE('',*,*,#11182,.F.);
#11182 = EDGE_CURVE('',#11183,#11185,#11187,.T.);
#11183 = VERTEX_POINT('',#11184);
#11184 = CARTESIAN_POINT('',(-83.39999999999,-17.1,24.767720928665));
#11185 = VERTEX_POINT('',#11186);
#11186 = CARTESIAN_POINT('',(-78.6,-17.1,37.296648643008));
#11187 = SURFACE_CURVE('',#11188,(#11193,#11200),.PCURVE_S1.);
#11188 = CIRCLE('',#11189,87.);
#11189 = AXIS2_PLACEMENT_3D('',#11190,#11191,#11192);
#11190 = CARTESIAN_POINT('',(0.,-17.1,0.));
#11191 = DIRECTION('',(0.,1.,0.));
#11192 = DIRECTION('',(0.,-0.,1.));
#11193 = PCURVE('',#93,#11194);
#11194 = DEFINITIONAL_REPRESENTATION('',(#11195),#11199);
#11195 = CIRCLE('',#11196,87.);
#11196 = AXIS2_PLACEMENT_2D('',#11197,#11198);
#11197 = CARTESIAN_POINT('',(0.,0.));
#11198 = DIRECTION('',(1.,0.));
#11199 = ( GEOMETRIC_REPRESENTATION_CONTEXT(2) 
PARAMETRIC_REPRESENTATION_CONTEXT() REPRESENTATION_CONTEXT('2D SPACE',''
  ) );
#11200 = PCURVE('',#5309,#11201);
#11201 = DEFINITIONAL_REPRESENTATION('',(#11202),#11206);
#11202 = LINE('',#11203,#11204);
#11203 = CARTESIAN_POINT('',(0.,1.E-01));
#11204 = VECTOR('',#11205,1.);
#11205 = DIRECTION('',(1.,0.));
#11206 = ( GEOMETRIC_REPRESENTATION_CONTEXT(2) 
PARAMETRIC_REPRESENTATION_CONTEXT() REPRESENTATION_CONTEXT('2D SPACE',''
  ) );
#11207 = ORIENTED_EDGE('',*,*,#11208,.F.);
#11208 = EDGE_CURVE('',#11209,#11183,#11211,.T.);
#11209 = VERTEX_POINT('',#11210);
#11210 = CARTESIAN_POINT('',(-83.4,-17.1,0.6));
#11211 = SURFACE_CURVE('',#11212,(#11216,#11223),.PCURVE_S1.);
#11212 = LINE('',#11213,#11214);
#11213 = CARTESIAN_POINT('',(-83.4,-17.1,-90.));
#11214 = VECTOR('',#11215,1.);
#11215 = DIRECTION('',(0.,0.,1.));
#11216 = PCURVE('',#93,#11217);
#11217 = DEFINITIONAL_REPRESENTATION('',(#11218),#11222);
#11218 = LINE('',#11219,#11220);
#11219 = CARTESIAN_POINT('',(-90.,-83.4));
#11220 = VECTOR('',#11221,1.);
#11221 = DIRECTION('',(1.,0.));
#11222 = ( GEOMETRIC_REPRESENTATION_CONTEXT(2) 
PARAMETRIC_REPRESENTATION_CONTEXT() REPRESENTATION_CONTEXT('2D SPACE',''
  ) );
#11223 = PCURVE('',#5337,#11224);
#11224 = DEFINITIONAL_REPRESENTATION('',(#11225),#11229);
#11225 = LINE('',#11226,#11227);
#11226 = CARTESIAN_POINT('',(0.,0.));
#11227 = VECTOR('',#11228,1.);
#11228 = DIRECTION('',(1.,0.));
#11229 = ( GEOMETRIC_REPRESENTATION_CONTEXT(2) 
PARAMETRIC_REPRESENTATION_CONTEXT() REPRESENTATION_CONTEXT('2D SPACE',''
  ) );
#11230 = ORIENTED_EDGE('',*,*,#11231,.T.);
#11231 = EDGE_CURVE('',#11209,#11232,#11234,.T.);
#11232 = VERTEX_POINT('',#11233);
#11233 = CARTESIAN_POINT('',(-78.6,-17.1,0.6));
#11234 = SURFACE_CURVE('',#11235,(#11239,#11246),.PCURVE_S1.);
#11235 = LINE('',#11236,#11237);
#11236 = CARTESIAN_POINT('',(-95.,-17.1,0.6));
#11237 = VECTOR('',#11238,1.);
#11238 = DIRECTION('',(1.,0.,0.));
#11239 = PCURVE('',#93,#11240);
#11240 = DEFINITIONAL_REPRESENTATION('',(#11241),#11245);
#11241 = LINE('',#11242,#11243);
#11242 = CARTESIAN_POINT('',(0.6,-95.));
#11243 = VECTOR('',#11244,1.);
#11244 = DIRECTION('',(0.,1.));
#11245 = ( GEOMETRIC_REPRESENTATION_CONTEXT(2) 
PARAMETRIC_REPRESENTATION_CONTEXT() REPRESENTATION_CONTEXT('2D SPACE',''
  ) );
#11246 = PCURVE('',#5365,#11247);
#11247 = DEFINITIONAL_REPRESENTATION('',(#11248),#11252);
#11248 = LINE('',#11249,#11250);
#11249 = CARTESIAN_POINT('',(0.,0.));
#11250 = VECTOR('',#11251,1.);
#11251 = DIRECTION('',(1.,0.));
#11252 = ( GEOMETRIC_REPRESENTATION_CONTEXT(2) 
PARAMETRIC_REPRESENTATION_CONTEXT() REPRESENTATION_CONTEXT('2D SPACE',''
  ) );
#11253 = ORIENTED_EDGE('',*,*,#11254,.T.);
#11254 = EDGE_CURVE('',#11232,#11185,#11255,.T.);
#11255 = SURFACE_CURVE('',#11256,(#11260,#11267),.PCURVE_S1.);
#11256 = LINE('',#11257,#11258);
#11257 = CARTESIAN_POINT('',(-78.6,-17.1,-90.));
#11258 = VECTOR('',#11259,1.);
#11259 = DIRECTION('',(0.,0.,1.));
#11260 = PCURVE('',#93,#11261);
#11261 = DEFINITIONAL_REPRESENTATION('',(#11262),#11266);
#11262 = LINE('',#11263,#11264);
#11263 = CARTESIAN_POINT('',(-90.,-78.6));
#11264 = VECTOR('',#11265,1.);
#11265 = DIRECTION('',(1.,0.));
#11266 = ( GEOMETRIC_REPRESENTATION_CONTEXT(2) 
PARAMETRIC_REPRESENTATION_CONTEXT() REPRESENTATION_CONTEXT('2D SPACE',''
  ) );
#11267 = PCURVE('',#5391,#11268);
#11268 = DEFINITIONAL_REPRESENTATION('',(#11269),#11273);
#11269 = LINE('',#11270,#11271);
#11270 = CARTESIAN_POINT('',(0.,0.));
#11271 = VECTOR('',#11272,1.);
#11272 = DIRECTION('',(1.,0.));
#11273 = ( GEOMETRIC_REPRESENTATION_CONTEXT(2) 
PARAMETRIC_REPRESENTATION_CONTEXT() REPRESENTATION_CONTEXT('2D SPACE',''
  ) );
#11274 = FACE_BOUND('',#11275,.F.);
#11275 = EDGE_LOOP('',(#11276,#11302,#11325,#11348));
#11276 = ORIENTED_EDGE('',*,*,#11277,.F.);
#11277 = EDGE_CURVE('',#11278,#11280,#11282,.T.);
#11278 = VERTEX_POINT('',#11279);
#11279 = CARTESIAN_POINT('',(-77.4,-17.1,39.72706885739));
#11280 = VERTEX_POINT('',#11281);
#11281 = CARTESIAN_POINT('',(-72.6,-17.1,47.939962453047));
#11282 = SURFACE_CURVE('',#11283,(#11288,#11295),.PCURVE_S1.);
#11283 = CIRCLE('',#11284,87.);
#11284 = AXIS2_PLACEMENT_3D('',#11285,#11286,#11287);
#11285 = CARTESIAN_POINT('',(0.,-17.1,0.));
#11286 = DIRECTION('',(0.,1.,0.));
#11287 = DIRECTION('',(0.,-0.,1.));
#11288 = PCURVE('',#93,#11289);
#11289 = DEFINITIONAL_REPRESENTATION('',(#11290),#11294);
#11290 = CIRCLE('',#11291,87.);
#11291 = AXIS2_PLACEMENT_2D('',#11292,#11293);
#11292 = CARTESIAN_POINT('',(0.,0.));
#11293 = DIRECTION('',(1.,0.));
#11294 = ( GEOMETRIC_REPRESENTATION_CONTEXT(2) 
PARAMETRIC_REPRESENTATION_CONTEXT() REPRESENTATION_CONTEXT('2D SPACE',''
  ) );
#11295 = PCURVE('',#5424,#11296);
#11296 = DEFINITIONAL_REPRESENTATION('',(#11297),#11301);
#11297 = LINE('',#11298,#11299);
#11298 = CARTESIAN_POINT('',(0.,1.E-01));
#11299 = VECTOR('',#11300,1.);
#11300 = DIRECTION('',(1.,0.));
#11301 = ( GEOMETRIC_REPRESENTATION_CONTEXT(2) 
PARAMETRIC_REPRESENTATION_CONTEXT() REPRESENTATION_CONTEXT('2D SPACE',''
  ) );
#11302 = ORIENTED_EDGE('',*,*,#11303,.F.);
#11303 = EDGE_CURVE('',#11304,#11278,#11306,.T.);
#11304 = VERTEX_POINT('',#11305);
#11305 = CARTESIAN_POINT('',(-77.4,-17.1,0.6));
#11306 = SURFACE_CURVE('',#11307,(#11311,#11318),.PCURVE_S1.);
#11307 = LINE('',#11308,#11309);
#11308 = CARTESIAN_POINT('',(-77.4,-17.1,-90.));
#11309 = VECTOR('',#11310,1.);
#11310 = DIRECTION('',(0.,0.,1.));
#11311 = PCURVE('',#93,#11312);
#11312 = DEFINITIONAL_REPRESENTATION('',(#11313),#11317);
#11313 = LINE('',#11314,#11315);
#11314 = CARTESIAN_POINT('',(-90.,-77.4));
#11315 = VECTOR('',#11316,1.);
#11316 = DIRECTION('',(1.,0.));
#11317 = ( GEOMETRIC_REPRESENTATION_CONTEXT(2) 
PARAMETRIC_REPRESENTATION_CONTEXT() REPRESENTATION_CONTEXT('2D SPACE',''
  ) );
#11318 = PCURVE('',#5452,#11319);
#11319 = DEFINITIONAL_REPRESENTATION('',(#11320),#11324);
#11320 = LINE('',#11321,#11322);
#11321 = CARTESIAN_POINT('',(0.,0.));
#11322 = VECTOR('',#11323,1.);
#11323 = DIRECTION('',(1.,0.));
#11324 = ( GEOMETRIC_REPRESENTATION_CONTEXT(2) 
PARAMETRIC_REPRESENTATION_CONTEXT() REPRESENTATION_CONTEXT('2D SPACE',''
  ) );
#11325 = ORIENTED_EDGE('',*,*,#11326,.T.);
#11326 = EDGE_CURVE('',#11304,#11327,#11329,.T.);
#11327 = VERTEX_POINT('',#11328);
#11328 = CARTESIAN_POINT('',(-72.6,-17.1,0.6));
#11329 = SURFACE_CURVE('',#11330,(#11334,#11341),.PCURVE_S1.);
#11330 = LINE('',#11331,#11332);
#11331 = CARTESIAN_POINT('',(-95.,-17.1,0.6));
#11332 = VECTOR('',#11333,1.);
#11333 = DIRECTION('',(1.,0.,0.));
#11334 = PCURVE('',#93,#11335);
#11335 = DEFINITIONAL_REPRESENTATION('',(#11336),#11340);
#11336 = LINE('',#11337,#11338);
#11337 = CARTESIAN_POINT('',(0.6,-95.));
#11338 = VECTOR('',#11339,1.);
#11339 = DIRECTION('',(0.,1.));
#11340 = ( GEOMETRIC_REPRESENTATION_CONTEXT(2) 
PARAMETRIC_REPRESENTATION_CONTEXT() REPRESENTATION_CONTEXT('2D SPACE',''
  ) );
#11341 = PCURVE('',#5480,#11342);
#11342 = DEFINITIONAL_REPRESENTATION('',(#11343),#11347);
#11343 = LINE('',#11344,#11345);
#11344 = CARTESIAN_POINT('',(0.,0.));
#11345 = VECTOR('',#11346,1.);
#11346 = DIRECTION('',(1.,0.));
#11347 = ( GEOMETRIC_REPRESENTATION_CONTEXT(2) 
PARAMETRIC_REPRESENTATION_CONTEXT() REPRESENTATION_CONTEXT('2D SPACE',''
  ) );
#11348 = ORIENTED_EDGE('',*,*,#11349,.T.);
#11349 = EDGE_CURVE('',#11327,#11280,#11350,.T.);
#11350 = SURFACE_CURVE('',#11351,(#11355,#11362),.PCURVE_S1.);
#11351 = LINE('',#11352,#11353);
#11352 = CARTESIAN_POINT('',(-72.6,-17.1,-90.));
#11353 = VECTOR('',#11354,1.);
#11354 = DIRECTION('',(0.,0.,1.));
#11355 = PCURVE('',#93,#11356);
#11356 = DEFINITIONAL_REPRESENTATION('',(#11357),#11361);
#11357 = LINE('',#11358,#11359);
#11358 = CARTESIAN_POINT('',(-90.,-72.6));
#11359 = VECTOR('',#11360,1.);
#11360 = DIRECTION('',(1.,0.));
#11361 = ( GEOMETRIC_REPRESENTATION_CONTEXT(2) 
PARAMETRIC_REPRESENTATION_CONTEXT() REPRESENTATION_CONTEXT('2D SPACE',''
  ) );
#11362 = PCURVE('',#5506,#11363);
#11363 = DEFINITIONAL_REPRESENTATION('',(#11364),#11368);
#11364 = LINE('',#11365,#11366);
#11365 = CARTESIAN_POINT('',(0.,0.));
#11366 = VECTOR('',#11367,1.);
#11367 = DIRECTION('',(1.,0.));
#11368 = ( GEOMETRIC_REPRESENTATION_CONTEXT(2) 
PARAMETRIC_REPRESENTATION_CONTEXT() REPRESENTATION_CONTEXT('2D SPACE',''
  ) );
#11369 = FACE_BOUND('',#11370,.F.);
#11370 = EDGE_LOOP('',(#11371,#11397,#11420,#11443));
#11371 = ORIENTED_EDGE('',*,*,#11372,.F.);
#11372 = EDGE_CURVE('',#11373,#11375,#11377,.T.);
#11373 = VERTEX_POINT('',#11374);
#11374 = CARTESIAN_POINT('',(-71.39999999999,-17.1,49.709556425301));
#11375 = VERTEX_POINT('',#11376);
#11376 = CARTESIAN_POINT('',(-66.6,-17.1,55.977138190516));
#11377 = SURFACE_CURVE('',#11378,(#11383,#11390),.PCURVE_S1.);
#11378 = CIRCLE('',#11379,87.);
#11379 = AXIS2_PLACEMENT_3D('',#11380,#11381,#11382);
#11380 = CARTESIAN_POINT('',(0.,-17.1,0.));
#11381 = DIRECTION('',(0.,1.,0.));
#11382 = DIRECTION('',(0.,-0.,1.));
#11383 = PCURVE('',#93,#11384);
#11384 = DEFINITIONAL_REPRESENTATION('',(#11385),#11389);
#11385 = CIRCLE('',#11386,87.);
#11386 = AXIS2_PLACEMENT_2D('',#11387,#11388);
#11387 = CARTESIAN_POINT('',(0.,0.));
#11388 = DIRECTION('',(1.,0.));
#11389 = ( GEOMETRIC_REPRESENTATION_CONTEXT(2) 
PARAMETRIC_REPRESENTATION_CONTEXT() REPRESENTATION_CONTEXT('2D SPACE',''
  ) );
#11390 = PCURVE('',#5539,#11391);
#11391 = DEFINITIONAL_REPRESENTATION('',(#11392),#11396);
#11392 = LINE('',#11393,#11394);
#11393 = CARTESIAN_POINT('',(0.,1.E-01));
#11394 = VECTOR('',#11395,1.);
#11395 = DIRECTION('',(1.,0.));
#11396 = ( GEOMETRIC_REPRESENTATION_CONTEXT(2) 
PARAMETRIC_REPRESENTATION_CONTEXT() REPRESENTATION_CONTEXT('2D SPACE',''
  ) );
#11397 = ORIENTED_EDGE('',*,*,#11398,.F.);
#11398 = EDGE_CURVE('',#11399,#11373,#11401,.T.);
#11399 = VERTEX_POINT('',#11400);
#11400 = CARTESIAN_POINT('',(-71.4,-17.1,0.6));
#11401 = SURFACE_CURVE('',#11402,(#11406,#11413),.PCURVE_S1.);
#11402 = LINE('',#11403,#11404);
#11403 = CARTESIAN_POINT('',(-71.4,-17.1,-90.));
#11404 = VECTOR('',#11405,1.);
#11405 = DIRECTION('',(0.,0.,1.));
#11406 = PCURVE('',#93,#11407);
#11407 = DEFINITIONAL_REPRESENTATION('',(#11408),#11412);
#11408 = LINE('',#11409,#11410);
#11409 = CARTESIAN_POINT('',(-90.,-71.4));
#11410 = VECTOR('',#11411,1.);
#11411 = DIRECTION('',(1.,0.));
#11412 = ( GEOMETRIC_REPRESENTATION_CONTEXT(2) 
PARAMETRIC_REPRESENTATION_CONTEXT() REPRESENTATION_CONTEXT('2D SPACE',''
  ) );
#11413 = PCURVE('',#5567,#11414);
#11414 = DEFINITIONAL_REPRESENTATION('',(#11415),#11419);
#11415 = LINE('',#11416,#11417);
#11416 = CARTESIAN_POINT('',(0.,0.));
#11417 = VECTOR('',#11418,1.);
#11418 = DIRECTION('',(1.,0.));
#11419 = ( GEOMETRIC_REPRESENTATION_CONTEXT(2) 
PARAMETRIC_REPRESENTATION_CONTEXT() REPRESENTATION_CONTEXT('2D SPACE',''
  ) );
#11420 = ORIENTED_EDGE('',*,*,#11421,.T.);
#11421 = EDGE_CURVE('',#11399,#11422,#11424,.T.);
#11422 = VERTEX_POINT('',#11423);
#11423 = CARTESIAN_POINT('',(-66.6,-17.1,0.6));
#11424 = SURFACE_CURVE('',#11425,(#11429,#11436),.PCURVE_S1.);
#11425 = LINE('',#11426,#11427);
#11426 = CARTESIAN_POINT('',(-95.,-17.1,0.6));
#11427 = VECTOR('',#11428,1.);
#11428 = DIRECTION('',(1.,0.,0.));
#11429 = PCURVE('',#93,#11430);
#11430 = DEFINITIONAL_REPRESENTATION('',(#11431),#11435);
#11431 = LINE('',#11432,#11433);
#11432 = CARTESIAN_POINT('',(0.6,-95.));
#11433 = VECTOR('',#11434,1.);
#11434 = DIRECTION('',(0.,1.));
#11435 = ( GEOMETRIC_REPRESENTATION_CONTEXT(2) 
PARAMETRIC_REPRESENTATION_CONTEXT() REPRESENTATION_CONTEXT('2D SPACE',''
  ) );
#11436 = PCURVE('',#5595,#11437);
#11437 = DEFINITIONAL_REPRESENTATION('',(#11438),#11442);
#11438 = LINE('',#11439,#11440);
#11439 = CARTESIAN_POINT('',(0.,0.));
#11440 = VECTOR('',#11441,1.);
#11441 = DIRECTION('',(1.,0.));
#11442 = ( GEOMETRIC_REPRESENTATION_CONTEXT(2) 
PARAMETRIC_REPRESENTATION_CONTEXT() REPRESENTATION_CONTEXT('2D SPACE',''
  ) );
#11443 = ORIENTED_EDGE('',*,*,#11444,.T.);
#11444 = EDGE_CURVE('',#11422,#11375,#11445,.T.);
#11445 = SURFACE_CURVE('',#11446,(#11450,#11457),.PCURVE_S1.);
#11446 = LINE('',#11447,#11448);
#11447 = CARTESIAN_POINT('',(-66.6,-17.1,-90.));
#11448 = VECTOR('',#11449,1.);
#11449 = DIRECTION('',(0.,0.,1.));
#11450 = PCURVE('',#93,#11451);
#11451 = DEFINITIONAL_REPRESENTATION('',(#11452),#11456);
#11452 = LINE('',#11453,#11454);
#11453 = CARTESIAN_POINT('',(-90.,-66.6));
#11454 = VECTOR('',#11455,1.);
#11455 = DIRECTION('',(1.,0.));
#11456 = ( GEOMETRIC_REPRESENTATION_CONTEXT(2) 
PARAMETRIC_REPRESENTATION_CONTEXT() REPRESENTATION_CONTEXT('2D SPACE',''
  ) );
#11457 = PCURVE('',#5621,#11458);
#11458 = DEFINITIONAL_REPRESENTATION('',(#11459),#11463);
#11459 = LINE('',#11460,#11461);
#11460 = CARTESIAN_POINT('',(0.,0.));
#11461 = VECTOR('',#11462,1.);
#11462 = DIRECTION('',(1.,0.));
#11463 = ( GEOMETRIC_REPRESENTATION_CONTEXT(2) 
PARAMETRIC_REPRESENTATION_CONTEXT() REPRESENTATION_CONTEXT('2D SPACE',''
  ) );
#11464 = FACE_BOUND('',#11465,.F.);
#11465 = EDGE_LOOP('',(#11466,#11492,#11515,#11538));
#11466 = ORIENTED_EDGE('',*,*,#11467,.F.);
#11467 = EDGE_CURVE('',#11468,#11470,#11472,.T.);
#11468 = VERTEX_POINT('',#11469);
#11469 = CARTESIAN_POINT('',(-65.4,-17.1,57.374558821829));
#11470 = VERTEX_POINT('',#11471);
#11471 = CARTESIAN_POINT('',(-60.6,-17.1,62.423072657468));
#11472 = SURFACE_CURVE('',#11473,(#11478,#11485),.PCURVE_S1.);
#11473 = CIRCLE('',#11474,87.);
#11474 = AXIS2_PLACEMENT_3D('',#11475,#11476,#11477);
#11475 = CARTESIAN_POINT('',(0.,-17.1,0.));
#11476 = DIRECTION('',(0.,1.,0.));
#11477 = DIRECTION('',(0.,-0.,1.));
#11478 = PCURVE('',#93,#11479);
#11479 = DEFINITIONAL_REPRESENTATION('',(#11480),#11484);
#11480 = CIRCLE('',#11481,87.);
#11481 = AXIS2_PLACEMENT_2D('',#11482,#11483);
#11482 = CARTESIAN_POINT('',(0.,0.));
#11483 = DIRECTION('',(1.,0.));
#11484 = ( GEOMETRIC_REPRESENTATION_CONTEXT(2) 
PARAMETRIC_REPRESENTATION_CONTEXT() REPRESENTATION_CONTEXT('2D SPACE',''
  ) );
#11485 = PCURVE('',#5654,#11486);
#11486 = DEFINITIONAL_REPRESENTATION('',(#11487),#11491);
#11487 = LINE('',#11488,#11489);
#11488 = CARTESIAN_POINT('',(0.,1.E-01));
#11489 = VECTOR('',#11490,1.);
#11490 = DIRECTION('',(1.,0.));
#11491 = ( GEOMETRIC_REPRESENTATION_CONTEXT(2) 
PARAMETRIC_REPRESENTATION_CONTEXT() REPRESENTATION_CONTEXT('2D SPACE',''
  ) );
#11492 = ORIENTED_EDGE('',*,*,#11493,.F.);
#11493 = EDGE_CURVE('',#11494,#11468,#11496,.T.);
#11494 = VERTEX_POINT('',#11495);
#11495 = CARTESIAN_POINT('',(-65.4,-17.1,0.6));
#11496 = SURFACE_CURVE('',#11497,(#11501,#11508),.PCURVE_S1.);
#11497 = LINE('',#11498,#11499);
#11498 = CARTESIAN_POINT('',(-65.4,-17.1,-90.));
#11499 = VECTOR('',#11500,1.);
#11500 = DIRECTION('',(0.,0.,1.));
#11501 = PCURVE('',#93,#11502);
#11502 = DEFINITIONAL_REPRESENTATION('',(#11503),#11507);
#11503 = LINE('',#11504,#11505);
#11504 = CARTESIAN_POINT('',(-90.,-65.4));
#11505 = VECTOR('',#11506,1.);
#11506 = DIRECTION('',(1.,0.));
#11507 = ( GEOMETRIC_REPRESENTATION_CONTEXT(2) 
PARAMETRIC_REPRESENTATION_CONTEXT() REPRESENTATION_CONTEXT('2D SPACE',''
  ) );
#11508 = PCURVE('',#5682,#11509);
#11509 = DEFINITIONAL_REPRESENTATION('',(#11510),#11514);
#11510 = LINE('',#11511,#11512);
#11511 = CARTESIAN_POINT('',(0.,0.));
#11512 = VECTOR('',#11513,1.);
#11513 = DIRECTION('',(1.,0.));
#11514 = ( GEOMETRIC_REPRESENTATION_CONTEXT(2) 
PARAMETRIC_REPRESENTATION_CONTEXT() REPRESENTATION_CONTEXT('2D SPACE',''
  ) );
#11515 = ORIENTED_EDGE('',*,*,#11516,.T.);
#11516 = EDGE_CURVE('',#11494,#11517,#11519,.T.);
#11517 = VERTEX_POINT('',#11518);
#11518 = CARTESIAN_POINT('',(-60.6,-17.1,0.6));
#11519 = SURFACE_CURVE('',#11520,(#11524,#11531),.PCURVE_S1.);
#11520 = LINE('',#11521,#11522);
#11521 = CARTESIAN_POINT('',(-95.,-17.1,0.6));
#11522 = VECTOR('',#11523,1.);
#11523 = DIRECTION('',(1.,0.,0.));
#11524 = PCURVE('',#93,#11525);
#11525 = DEFINITIONAL_REPRESENTATION('',(#11526),#11530);
#11526 = LINE('',#11527,#11528);
#11527 = CARTESIAN_POINT('',(0.6,-95.));
#11528 = VECTOR('',#11529,1.);
#11529 = DIRECTION('',(0.,1.));
#11530 = ( GEOMETRIC_REPRESENTATION_CONTEXT(2) 
PARAMETRIC_REPRESENTATION_CONTEXT() REPRESENTATION_CONTEXT('2D SPACE',''
  ) );
#11531 = PCURVE('',#5710,#11532);
#11532 = DEFINITIONAL_REPRESENTATION('',(#11533),#11537);
#11533 = LINE('',#11534,#11535);
#11534 = CARTESIAN_POINT('',(0.,0.));
#11535 = VECTOR('',#11536,1.);
#11536 = DIRECTION('',(1.,0.));
#11537 = ( GEOMETRIC_REPRESENTATION_CONTEXT(2) 
PARAMETRIC_REPRESENTATION_CONTEXT() REPRESENTATION_CONTEXT('2D SPACE',''
  ) );
#11538 = ORIENTED_EDGE('',*,*,#11539,.T.);
#11539 = EDGE_CURVE('',#11517,#11470,#11540,.T.);
#11540 = SURFACE_CURVE('',#11541,(#11545,#11552),.PCURVE_S1.);
#11541 = LINE('',#11542,#11543);
#11542 = CARTESIAN_POINT('',(-60.6,-17.1,-90.));
#11543 = VECTOR('',#11544,1.);
#11544 = DIRECTION('',(0.,0.,1.));
#11545 = PCURVE('',#93,#11546);
#11546 = DEFINITIONAL_REPRESENTATION('',(#11547),#11551);
#11547 = LINE('',#11548,#11549);
#11548 = CARTESIAN_POINT('',(-90.,-60.6));
#11549 = VECTOR('',#11550,1.);
#11550 = DIRECTION('',(1.,0.));
#11551 = ( GEOMETRIC_REPRESENTATION_CONTEXT(2) 
PARAMETRIC_REPRESENTATION_CONTEXT() REPRESENTATION_CONTEXT('2D SPACE',''
  ) );
#11552 = PCURVE('',#5736,#11553);
#11553 = DEFINITIONAL_REPRESENTATION('',(#11554),#11558);
#11554 = LINE('',#11555,#11556);
#11555 = CARTESIAN_POINT('',(0.,0.));
#11556 = VECTOR('',#11557,1.);
#11557 = DIRECTION('',(1.,0.));
#11558 = ( GEOMETRIC_REPRESENTATION_CONTEXT(2) 
PARAMETRIC_REPRESENTATION_CONTEXT() REPRESENTATION_CONTEXT('2D SPACE',''
  ) );
#11559 = FACE_BOUND('',#11560,.F.);
#11560 = EDGE_LOOP('',(#11561,#11587,#11610,#11633));
#11561 = ORIENTED_EDGE('',*,*,#11562,.F.);
#11562 = EDGE_CURVE('',#11563,#11565,#11567,.T.);
#11563 = VERTEX_POINT('',#11564);
#11564 = CARTESIAN_POINT('',(-59.4,-17.1,63.566028663114));
#11565 = VERTEX_POINT('',#11566);
#11566 = CARTESIAN_POINT('',(-54.59999999999,-17.1,67.733595800018));
#11567 = SURFACE_CURVE('',#11568,(#11573,#11580),.PCURVE_S1.);
#11568 = CIRCLE('',#11569,87.);
#11569 = AXIS2_PLACEMENT_3D('',#11570,#11571,#11572);
#11570 = CARTESIAN_POINT('',(0.,-17.1,0.));
#11571 = DIRECTION('',(0.,1.,0.));
#11572 = DIRECTION('',(0.,-0.,1.));
#11573 = PCURVE('',#93,#11574);
#11574 = DEFINITIONAL_REPRESENTATION('',(#11575),#11579);
#11575 = CIRCLE('',#11576,87.);
#11576 = AXIS2_PLACEMENT_2D('',#11577,#11578);
#11577 = CARTESIAN_POINT('',(0.,0.));
#11578 = DIRECTION('',(1.,0.));
#11579 = ( GEOMETRIC_REPRESENTATION_CONTEXT(2) 
PARAMETRIC_REPRESENTATION_CONTEXT() REPRESENTATION_CONTEXT('2D SPACE',''
  ) );
#11580 = PCURVE('',#5769,#11581);
#11581 = DEFINITIONAL_REPRESENTATION('',(#11582),#11586);
#11582 = LINE('',#11583,#11584);
#11583 = CARTESIAN_POINT('',(0.,1.E-01));
#11584 = VECTOR('',#11585,1.);
#11585 = DIRECTION('',(1.,0.));
#11586 = ( GEOMETRIC_REPRESENTATION_CONTEXT(2) 
PARAMETRIC_REPRESENTATION_CONTEXT() REPRESENTATION_CONTEXT('2D SPACE',''
  ) );
#11587 = ORIENTED_EDGE('',*,*,#11588,.F.);
#11588 = EDGE_CURVE('',#11589,#11563,#11591,.T.);
#11589 = VERTEX_POINT('',#11590);
#11590 = CARTESIAN_POINT('',(-59.4,-17.1,0.6));
#11591 = SURFACE_CURVE('',#11592,(#11596,#11603),.PCURVE_S1.);
#11592 = LINE('',#11593,#11594);
#11593 = CARTESIAN_POINT('',(-59.4,-17.1,-90.));
#11594 = VECTOR('',#11595,1.);
#11595 = DIRECTION('',(0.,0.,1.));
#11596 = PCURVE('',#93,#11597);
#11597 = DEFINITIONAL_REPRESENTATION('',(#11598),#11602);
#11598 = LINE('',#11599,#11600);
#11599 = CARTESIAN_POINT('',(-90.,-59.4));
#11600 = VECTOR('',#11601,1.);
#11601 = DIRECTION('',(1.,0.));
#11602 = ( GEOMETRIC_REPRESENTATION_CONTEXT(2) 
PARAMETRIC_REPRESENTATION_CONTEXT() REPRESENTATION_CONTEXT('2D SPACE',''
  ) );
#11603 = PCURVE('',#5797,#11604);
#11604 = DEFINITIONAL_REPRESENTATION('',(#11605),#11609);
#11605 = LINE('',#11606,#11607);
#11606 = CARTESIAN_POINT('',(0.,0.));
#11607 = VECTOR('',#11608,1.);
#11608 = DIRECTION('',(1.,0.));
#11609 = ( GEOMETRIC_REPRESENTATION_CONTEXT(2) 
PARAMETRIC_REPRESENTATION_CONTEXT() REPRESENTATION_CONTEXT('2D SPACE',''
  ) );
#11610 = ORIENTED_EDGE('',*,*,#11611,.T.);
#11611 = EDGE_CURVE('',#11589,#11612,#11614,.T.);
#11612 = VERTEX_POINT('',#11613);
#11613 = CARTESIAN_POINT('',(-54.6,-17.1,0.6));
#11614 = SURFACE_CURVE('',#11615,(#11619,#11626),.PCURVE_S1.);
#11615 = LINE('',#11616,#11617);
#11616 = CARTESIAN_POINT('',(-95.,-17.1,0.6));
#11617 = VECTOR('',#11618,1.);
#11618 = DIRECTION('',(1.,0.,0.));
#11619 = PCURVE('',#93,#11620);
#11620 = DEFINITIONAL_REPRESENTATION('',(#11621),#11625);
#11621 = LINE('',#11622,#11623);
#11622 = CARTESIAN_POINT('',(0.6,-95.));
#11623 = VECTOR('',#11624,1.);
#11624 = DIRECTION('',(0.,1.));
#11625 = ( GEOMETRIC_REPRESENTATION_CONTEXT(2) 
PARAMETRIC_REPRESENTATION_CONTEXT() REPRESENTATION_CONTEXT('2D SPACE',''
  ) );
#11626 = PCURVE('',#5825,#11627);
#11627 = DEFINITIONAL_REPRESENTATION('',(#11628),#11632);
#11628 = LINE('',#11629,#11630);
#11629 = CARTESIAN_POINT('',(0.,0.));
#11630 = VECTOR('',#11631,1.);
#11631 = DIRECTION('',(1.,0.));
#11632 = ( GEOMETRIC_REPRESENTATION_CONTEXT(2) 
PARAMETRIC_REPRESENTATION_CONTEXT() REPRESENTATION_CONTEXT('2D SPACE',''
  ) );
#11633 = ORIENTED_EDGE('',*,*,#11634,.T.);
#11634 = EDGE_CURVE('',#11612,#11565,#11635,.T.);
#11635 = SURFACE_CURVE('',#11636,(#11640,#11647),.PCURVE_S1.);
#11636 = LINE('',#11637,#11638);
#11637 = CARTESIAN_POINT('',(-54.6,-17.1,-90.));
#11638 = VECTOR('',#11639,1.);
#11639 = DIRECTION('',(0.,0.,1.));
#11640 = PCURVE('',#93,#11641);
#11641 = DEFINITIONAL_REPRESENTATION('',(#11642),#11646);
#11642 = LINE('',#11643,#11644);
#11643 = CARTESIAN_POINT('',(-90.,-54.6));
#11644 = VECTOR('',#11645,1.);
#11645 = DIRECTION('',(1.,0.));
#11646 = ( GEOMETRIC_REPRESENTATION_CONTEXT(2) 
PARAMETRIC_REPRESENTATION_CONTEXT() REPRESENTATION_CONTEXT('2D SPACE',''
  ) );
#11647 = PCURVE('',#5851,#11648);
#11648 = DEFINITIONAL_REPRESENTATION('',(#11649),#11653);
#11649 = LINE('',#11650,#11651);
#11650 = CARTESIAN_POINT('',(0.,0.));
#11651 = VECTOR('',#11652,1.);
#11652 = DIRECTION('',(1.,0.));
#11653 = ( GEOMETRIC_REPRESENTATION_CONTEXT(2) 
PARAMETRIC_REPRESENTATION_CONTEXT() REPRESENTATION_CONTEXT('2D SPACE',''
  ) );
#11654 = FACE_BOUND('',#11655,.F.);
#11655 = EDGE_LOOP('',(#11656,#11682,#11705,#11728));
#11656 = ORIENTED_EDGE('',*,*,#11657,.F.);
#11657 = EDGE_CURVE('',#11658,#11660,#11662,.T.);
#11658 = VERTEX_POINT('',#11659);
#11659 = CARTESIAN_POINT('',(-53.4,-17.1,68.68362250202));
#11660 = VERTEX_POINT('',#11661);
#11661 = CARTESIAN_POINT('',(-48.6,-17.1,72.15982261619));
#11662 = SURFACE_CURVE('',#11663,(#11668,#11675),.PCURVE_S1.);
#11663 = CIRCLE('',#11664,87.);
#11664 = AXIS2_PLACEMENT_3D('',#11665,#11666,#11667);
#11665 = CARTESIAN_POINT('',(0.,-17.1,0.));
#11666 = DIRECTION('',(0.,1.,0.));
#11667 = DIRECTION('',(0.,-0.,1.));
#11668 = PCURVE('',#93,#11669);
#11669 = DEFINITIONAL_REPRESENTATION('',(#11670),#11674);
#11670 = CIRCLE('',#11671,87.);
#11671 = AXIS2_PLACEMENT_2D('',#11672,#11673);
#11672 = CARTESIAN_POINT('',(0.,0.));
#11673 = DIRECTION('',(1.,0.));
#11674 = ( GEOMETRIC_REPRESENTATION_CONTEXT(2) 
PARAMETRIC_REPRESENTATION_CONTEXT() REPRESENTATION_CONTEXT('2D SPACE',''
  ) );
#11675 = PCURVE('',#5884,#11676);
#11676 = DEFINITIONAL_REPRESENTATION('',(#11677),#11681);
#11677 = LINE('',#11678,#11679);
#11678 = CARTESIAN_POINT('',(0.,1.E-01));
#11679 = VECTOR('',#11680,1.);
#11680 = DIRECTION('',(1.,0.));
#11681 = ( GEOMETRIC_REPRESENTATION_CONTEXT(2) 
PARAMETRIC_REPRESENTATION_CONTEXT() REPRESENTATION_CONTEXT('2D SPACE',''
  ) );
#11682 = ORIENTED_EDGE('',*,*,#11683,.F.);
#11683 = EDGE_CURVE('',#11684,#11658,#11686,.T.);
#11684 = VERTEX_POINT('',#11685);
#11685 = CARTESIAN_POINT('',(-53.4,-17.1,0.6));
#11686 = SURFACE_CURVE('',#11687,(#11691,#11698),.PCURVE_S1.);
#11687 = LINE('',#11688,#11689);
#11688 = CARTESIAN_POINT('',(-53.4,-17.1,-90.));
#11689 = VECTOR('',#11690,1.);
#11690 = DIRECTION('',(0.,0.,1.));
#11691 = PCURVE('',#93,#11692);
#11692 = DEFINITIONAL_REPRESENTATION('',(#11693),#11697);
#11693 = LINE('',#11694,#11695);
#11694 = CARTESIAN_POINT('',(-90.,-53.4));
#11695 = VECTOR('',#11696,1.);
#11696 = DIRECTION('',(1.,0.));
#11697 = ( GEOMETRIC_REPRESENTATION_CONTEXT(2) 
PARAMETRIC_REPRESENTATION_CONTEXT() REPRESENTATION_CONTEXT('2D SPACE',''
  ) );
#11698 = PCURVE('',#5912,#11699);
#11699 = DEFINITIONAL_REPRESENTATION('',(#11700),#11704);
#11700 = LINE('',#11701,#11702);
#11701 = CARTESIAN_POINT('',(0.,0.));
#11702 = VECTOR('',#11703,1.);
#11703 = DIRECTION('',(1.,0.));
#11704 = ( GEOMETRIC_REPRESENTATION_CONTEXT(2) 
PARAMETRIC_REPRESENTATION_CONTEXT() REPRESENTATION_CONTEXT('2D SPACE',''
  ) );
#11705 = ORIENTED_EDGE('',*,*,#11706,.T.);
#11706 = EDGE_CURVE('',#11684,#11707,#11709,.T.);
#11707 = VERTEX_POINT('',#11708);
#11708 = CARTESIAN_POINT('',(-48.6,-17.1,0.6));
#11709 = SURFACE_CURVE('',#11710,(#11714,#11721),.PCURVE_S1.);
#11710 = LINE('',#11711,#11712);
#11711 = CARTESIAN_POINT('',(-95.,-17.1,0.6));
#11712 = VECTOR('',#11713,1.);
#11713 = DIRECTION('',(1.,0.,0.));
#11714 = PCURVE('',#93,#11715);
#11715 = DEFINITIONAL_REPRESENTATION('',(#11716),#11720);
#11716 = LINE('',#11717,#11718);
#11717 = CARTESIAN_POINT('',(0.6,-95.));
#11718 = VECTOR('',#11719,1.);
#11719 = DIRECTION('',(0.,1.));
#11720 = ( GEOMETRIC_REPRESENTATION_CONTEXT(2) 
PARAMETRIC_REPRESENTATION_CONTEXT() REPRESENTATION_CONTEXT('2D SPACE',''
  ) );
#11721 = PCURVE('',#5940,#11722);
#11722 = DEFINITIONAL_REPRESENTATION('',(#11723),#11727);
#11723 = LINE('',#11724,#11725);
#11724 = CARTESIAN_POINT('',(0.,0.));
#11725 = VECTOR('',#11726,1.);
#11726 = DIRECTION('',(1.,0.));
#11727 = ( GEOMETRIC_REPRESENTATION_CONTEXT(2) 
PARAMETRIC_REPRESENTATION_CONTEXT() REPRESENTATION_CONTEXT('2D SPACE',''
  ) );
#11728 = ORIENTED_EDGE('',*,*,#11729,.T.);
#11729 = EDGE_CURVE('',#11707,#11660,#11730,.T.);
#11730 = SURFACE_CURVE('',#11731,(#11735,#11742),.PCURVE_S1.);
#11731 = LINE('',#11732,#11733);
#11732 = CARTESIAN_POINT('',(-48.6,-17.1,-90.));
#11733 = VECTOR('',#11734,1.);
#11734 = DIRECTION('',(0.,0.,1.));
#11735 = PCURVE('',#93,#11736);
#11736 = DEFINITIONAL_REPRESENTATION('',(#11737),#11741);
#11737 = LINE('',#11738,#11739);
#11738 = CARTESIAN_POINT('',(-90.,-48.6));
#11739 = VECTOR('',#11740,1.);
#11740 = DIRECTION('',(1.,0.));
#11741 = ( GEOMETRIC_REPRESENTATION_CONTEXT(2) 
PARAMETRIC_REPRESENTATION_CONTEXT() REPRESENTATION_CONTEXT('2D SPACE',''
  ) );
#11742 = PCURVE('',#5966,#11743);
#11743 = DEFINITIONAL_REPRESENTATION('',(#11744),#11748);
#11744 = LINE('',#11745,#11746);
#11745 = CARTESIAN_POINT('',(0.,0.));
#11746 = VECTOR('',#11747,1.);
#11747 = DIRECTION('',(1.,0.));
#11748 = ( GEOMETRIC_REPRESENTATION_CONTEXT(2) 
PARAMETRIC_REPRESENTATION_CONTEXT() REPRESENTATION_CONTEXT('2D SPACE',''
  ) );
#11749 = FACE_BOUND('',#11750,.F.);
#11750 = EDGE_LOOP('',(#11751,#11777,#11800,#11823));
#11751 = ORIENTED_EDGE('',*,*,#11752,.F.);
#11752 = EDGE_CURVE('',#11753,#11755,#11757,.T.);
#11753 = VERTEX_POINT('',#11754);
#11754 = CARTESIAN_POINT('',(-47.4,-17.1,72.953683937138));
#11755 = VERTEX_POINT('',#11756);
#11756 = CARTESIAN_POINT('',(-42.6,-17.1,75.856707020539));
#11757 = SURFACE_CURVE('',#11758,(#11763,#11770),.PCURVE_S1.);
#11758 = CIRCLE('',#11759,87.);
#11759 = AXIS2_PLACEMENT_3D('',#11760,#11761,#11762);
#11760 = CARTESIAN_POINT('',(0.,-17.1,0.));
#11761 = DIRECTION('',(0.,1.,0.));
#11762 = DIRECTION('',(0.,-0.,1.));
#11763 = PCURVE('',#93,#11764);
#11764 = DEFINITIONAL_REPRESENTATION('',(#11765),#11769);
#11765 = CIRCLE('',#11766,87.);
#11766 = AXIS2_PLACEMENT_2D('',#11767,#11768);
#11767 = CARTESIAN_POINT('',(0.,0.));
#11768 = DIRECTION('',(1.,0.));
#11769 = ( GEOMETRIC_REPRESENTATION_CONTEXT(2) 
PARAMETRIC_REPRESENTATION_CONTEXT() REPRESENTATION_CONTEXT('2D SPACE',''
  ) );
#11770 = PCURVE('',#5999,#11771);
#11771 = DEFINITIONAL_REPRESENTATION('',(#11772),#11776);
#11772 = LINE('',#11773,#11774);
#11773 = CARTESIAN_POINT('',(0.,1.E-01));
#11774 = VECTOR('',#11775,1.);
#11775 = DIRECTION('',(1.,0.));
#11776 = ( GEOMETRIC_REPRESENTATION_CONTEXT(2) 
PARAMETRIC_REPRESENTATION_CONTEXT() REPRESENTATION_CONTEXT('2D SPACE',''
  ) );
#11777 = ORIENTED_EDGE('',*,*,#11778,.F.);
#11778 = EDGE_CURVE('',#11779,#11753,#11781,.T.);
#11779 = VERTEX_POINT('',#11780);
#11780 = CARTESIAN_POINT('',(-47.4,-17.1,0.6));
#11781 = SURFACE_CURVE('',#11782,(#11786,#11793),.PCURVE_S1.);
#11782 = LINE('',#11783,#11784);
#11783 = CARTESIAN_POINT('',(-47.4,-17.1,-90.));
#11784 = VECTOR('',#11785,1.);
#11785 = DIRECTION('',(0.,0.,1.));
#11786 = PCURVE('',#93,#11787);
#11787 = DEFINITIONAL_REPRESENTATION('',(#11788),#11792);
#11788 = LINE('',#11789,#11790);
#11789 = CARTESIAN_POINT('',(-90.,-47.4));
#11790 = VECTOR('',#11791,1.);
#11791 = DIRECTION('',(1.,0.));
#11792 = ( GEOMETRIC_REPRESENTATION_CONTEXT(2) 
PARAMETRIC_REPRESENTATION_CONTEXT() REPRESENTATION_CONTEXT('2D SPACE',''
  ) );
#11793 = PCURVE('',#6027,#11794);
#11794 = DEFINITIONAL_REPRESENTATION('',(#11795),#11799);
#11795 = LINE('',#11796,#11797);
#11796 = CARTESIAN_POINT('',(0.,0.));
#11797 = VECTOR('',#11798,1.);
#11798 = DIRECTION('',(1.,0.));
#11799 = ( GEOMETRIC_REPRESENTATION_CONTEXT(2) 
PARAMETRIC_REPRESENTATION_CONTEXT() REPRESENTATION_CONTEXT('2D SPACE',''
  ) );
#11800 = ORIENTED_EDGE('',*,*,#11801,.T.);
#11801 = EDGE_CURVE('',#11779,#11802,#11804,.T.);
#11802 = VERTEX_POINT('',#11803);
#11803 = CARTESIAN_POINT('',(-42.6,-17.1,0.6));
#11804 = SURFACE_CURVE('',#11805,(#11809,#11816),.PCURVE_S1.);
#11805 = LINE('',#11806,#11807);
#11806 = CARTESIAN_POINT('',(-95.,-17.1,0.6));
#11807 = VECTOR('',#11808,1.);
#11808 = DIRECTION('',(1.,0.,0.));
#11809 = PCURVE('',#93,#11810);
#11810 = DEFINITIONAL_REPRESENTATION('',(#11811),#11815);
#11811 = LINE('',#11812,#11813);
#11812 = CARTESIAN_POINT('',(0.6,-95.));
#11813 = VECTOR('',#11814,1.);
#11814 = DIRECTION('',(0.,1.));
#11815 = ( GEOMETRIC_REPRESENTATION_CONTEXT(2) 
PARAMETRIC_REPRESENTATION_CONTEXT() REPRESENTATION_CONTEXT('2D SPACE',''
  ) );
#11816 = PCURVE('',#6055,#11817);
#11817 = DEFINITIONAL_REPRESENTATION('',(#11818),#11822);
#11818 = LINE('',#11819,#11820);
#11819 = CARTESIAN_POINT('',(0.,0.));
#11820 = VECTOR('',#11821,1.);
#11821 = DIRECTION('',(1.,0.));
#11822 = ( GEOMETRIC_REPRESENTATION_CONTEXT(2) 
PARAMETRIC_REPRESENTATION_CONTEXT() REPRESENTATION_CONTEXT('2D SPACE',''
  ) );
#11823 = ORIENTED_EDGE('',*,*,#11824,.T.);
#11824 = EDGE_CURVE('',#11802,#11755,#11825,.T.);
#11825 = SURFACE_CURVE('',#11826,(#11830,#11837),.PCURVE_S1.);
#11826 = LINE('',#11827,#11828);
#11827 = CARTESIAN_POINT('',(-42.6,-17.1,-90.));
#11828 = VECTOR('',#11829,1.);
#11829 = DIRECTION('',(0.,0.,1.));
#11830 = PCURVE('',#93,#11831);
#11831 = DEFINITIONAL_REPRESENTATION('',(#11832),#11836);
#11832 = LINE('',#11833,#11834);
#11833 = CARTESIAN_POINT('',(-90.,-42.6));
#11834 = VECTOR('',#11835,1.);
#11835 = DIRECTION('',(1.,0.));
#11836 = ( GEOMETRIC_REPRESENTATION_CONTEXT(2) 
PARAMETRIC_REPRESENTATION_CONTEXT() REPRESENTATION_CONTEXT('2D SPACE',''
  ) );
#11837 = PCURVE('',#6081,#11838);
#11838 = DEFINITIONAL_REPRESENTATION('',(#11839),#11843);
#11839 = LINE('',#11840,#11841);
#11840 = CARTESIAN_POINT('',(0.,0.));
#11841 = VECTOR('',#11842,1.);
#11842 = DIRECTION('',(1.,0.));
#11843 = ( GEOMETRIC_REPRESENTATION_CONTEXT(2) 
PARAMETRIC_REPRESENTATION_CONTEXT() REPRESENTATION_CONTEXT('2D SPACE',''
  ) );
#11844 = FACE_BOUND('',#11845,.F.);
#11845 = EDGE_LOOP('',(#11846,#11872,#11895,#11918));
#11846 = ORIENTED_EDGE('',*,*,#11847,.F.);
#11847 = EDGE_CURVE('',#11848,#11850,#11852,.T.);
#11848 = VERTEX_POINT('',#11849);
#11849 = CARTESIAN_POINT('',(-41.39999999999,-17.1,76.518233121264));
#11850 = VERTEX_POINT('',#11851);
#11851 = CARTESIAN_POINT('',(-36.6,-17.1,78.926801531545));
#11852 = SURFACE_CURVE('',#11853,(#11858,#11865),.PCURVE_S1.);
#11853 = CIRCLE('',#11854,87.);
#11854 = AXIS2_PLACEMENT_3D('',#11855,#11856,#11857);
#11855 = CARTESIAN_POINT('',(0.,-17.1,0.));
#11856 = DIRECTION('',(0.,1.,0.));
#11857 = DIRECTION('',(0.,-0.,1.));
#11858 = PCURVE('',#93,#11859);
#11859 = DEFINITIONAL_REPRESENTATION('',(#11860),#11864);
#11860 = CIRCLE('',#11861,87.);
#11861 = AXIS2_PLACEMENT_2D('',#11862,#11863);
#11862 = CARTESIAN_POINT('',(0.,0.));
#11863 = DIRECTION('',(1.,0.));
#11864 = ( GEOMETRIC_REPRESENTATION_CONTEXT(2) 
PARAMETRIC_REPRESENTATION_CONTEXT() REPRESENTATION_CONTEXT('2D SPACE',''
  ) );
#11865 = PCURVE('',#6114,#11866);
#11866 = DEFINITIONAL_REPRESENTATION('',(#11867),#11871);
#11867 = LINE('',#11868,#11869);
#11868 = CARTESIAN_POINT('',(0.,1.E-01));
#11869 = VECTOR('',#11870,1.);
#11870 = DIRECTION('',(1.,0.));
#11871 = ( GEOMETRIC_REPRESENTATION_CONTEXT(2) 
PARAMETRIC_REPRESENTATION_CONTEXT() REPRESENTATION_CONTEXT('2D SPACE',''
  ) );
#11872 = ORIENTED_EDGE('',*,*,#11873,.F.);
#11873 = EDGE_CURVE('',#11874,#11848,#11876,.T.);
#11874 = VERTEX_POINT('',#11875);
#11875 = CARTESIAN_POINT('',(-41.4,-17.1,0.6));
#11876 = SURFACE_CURVE('',#11877,(#11881,#11888),.PCURVE_S1.);
#11877 = LINE('',#11878,#11879);
#11878 = CARTESIAN_POINT('',(-41.4,-17.1,-90.));
#11879 = VECTOR('',#11880,1.);
#11880 = DIRECTION('',(0.,0.,1.));
#11881 = PCURVE('',#93,#11882);
#11882 = DEFINITIONAL_REPRESENTATION('',(#11883),#11887);
#11883 = LINE('',#11884,#11885);
#11884 = CARTESIAN_POINT('',(-90.,-41.4));
#11885 = VECTOR('',#11886,1.);
#11886 = DIRECTION('',(1.,0.));
#11887 = ( GEOMETRIC_REPRESENTATION_CONTEXT(2) 
PARAMETRIC_REPRESENTATION_CONTEXT() REPRESENTATION_CONTEXT('2D SPACE',''
  ) );
#11888 = PCURVE('',#6142,#11889);
#11889 = DEFINITIONAL_REPRESENTATION('',(#11890),#11894);
#11890 = LINE('',#11891,#11892);
#11891 = CARTESIAN_POINT('',(0.,0.));
#11892 = VECTOR('',#11893,1.);
#11893 = DIRECTION('',(1.,0.));
#11894 = ( GEOMETRIC_REPRESENTATION_CONTEXT(2) 
PARAMETRIC_REPRESENTATION_CONTEXT() REPRESENTATION_CONTEXT('2D SPACE',''
  ) );
#11895 = ORIENTED_EDGE('',*,*,#11896,.T.);
#11896 = EDGE_CURVE('',#11874,#11897,#11899,.T.);
#11897 = VERTEX_POINT('',#11898);
#11898 = CARTESIAN_POINT('',(-36.6,-17.1,0.6));
#11899 = SURFACE_CURVE('',#11900,(#11904,#11911),.PCURVE_S1.);
#11900 = LINE('',#11901,#11902);
#11901 = CARTESIAN_POINT('',(-95.,-17.1,0.6));
#11902 = VECTOR('',#11903,1.);
#11903 = DIRECTION('',(1.,0.,0.));
#11904 = PCURVE('',#93,#11905);
#11905 = DEFINITIONAL_REPRESENTATION('',(#11906),#11910);
#11906 = LINE('',#11907,#11908);
#11907 = CARTESIAN_POINT('',(0.6,-95.));
#11908 = VECTOR('',#11909,1.);
#11909 = DIRECTION('',(0.,1.));
#11910 = ( GEOMETRIC_REPRESENTATION_CONTEXT(2) 
PARAMETRIC_REPRESENTATION_CONTEXT() REPRESENTATION_CONTEXT('2D SPACE',''
  ) );
#11911 = PCURVE('',#6170,#11912);
#11912 = DEFINITIONAL_REPRESENTATION('',(#11913),#11917);
#11913 = LINE('',#11914,#11915);
#11914 = CARTESIAN_POINT('',(0.,0.));
#11915 = VECTOR('',#11916,1.);
#11916 = DIRECTION('',(1.,0.));
#11917 = ( GEOMETRIC_REPRESENTATION_CONTEXT(2) 
PARAMETRIC_REPRESENTATION_CONTEXT() REPRESENTATION_CONTEXT('2D SPACE',''
  ) );
#11918 = ORIENTED_EDGE('',*,*,#11919,.T.);
#11919 = EDGE_CURVE('',#11897,#11850,#11920,.T.);
#11920 = SURFACE_CURVE('',#11921,(#11925,#11932),.PCURVE_S1.);
#11921 = LINE('',#11922,#11923);
#11922 = CARTESIAN_POINT('',(-36.6,-17.1,-90.));
#11923 = VECTOR('',#11924,1.);
#11924 = DIRECTION('',(0.,0.,1.));
#11925 = PCURVE('',#93,#11926);
#11926 = DEFINITIONAL_REPRESENTATION('',(#11927),#11931);
#11927 = LINE('',#11928,#11929);
#11928 = CARTESIAN_POINT('',(-90.,-36.6));
#11929 = VECTOR('',#11930,1.);
#11930 = DIRECTION('',(1.,0.));
#11931 = ( GEOMETRIC_REPRESENTATION_CONTEXT(2) 
PARAMETRIC_REPRESENTATION_CONTEXT() REPRESENTATION_CONTEXT('2D SPACE',''
  ) );
#11932 = PCURVE('',#6196,#11933);
#11933 = DEFINITIONAL_REPRESENTATION('',(#11934),#11938);
#11934 = LINE('',#11935,#11936);
#11935 = CARTESIAN_POINT('',(0.,0.));
#11936 = VECTOR('',#11937,1.);
#11937 = DIRECTION('',(1.,0.));
#11938 = ( GEOMETRIC_REPRESENTATION_CONTEXT(2) 
PARAMETRIC_REPRESENTATION_CONTEXT() REPRESENTATION_CONTEXT('2D SPACE',''
  ) );
#11939 = FACE_BOUND('',#11940,.F.);
#11940 = EDGE_LOOP('',(#11941,#11967,#11990,#12013));
#11941 = ORIENTED_EDGE('',*,*,#11942,.F.);
#11942 = EDGE_CURVE('',#11943,#11945,#11947,.T.);
#11943 = VERTEX_POINT('',#11944);
#11944 = CARTESIAN_POINT('',(-35.39999999999,-17.1,79.472259311033));
#11945 = VERTEX_POINT('',#11946);
#11946 = CARTESIAN_POINT('',(-30.6,-17.1,81.441021604594));
#11947 = SURFACE_CURVE('',#11948,(#11953,#11960),.PCURVE_S1.);
#11948 = CIRCLE('',#11949,87.);
#11949 = AXIS2_PLACEMENT_3D('',#11950,#11951,#11952);
#11950 = CARTESIAN_POINT('',(0.,-17.1,0.));
#11951 = DIRECTION('',(0.,1.,0.));
#11952 = DIRECTION('',(0.,-0.,1.));
#11953 = PCURVE('',#93,#11954);
#11954 = DEFINITIONAL_REPRESENTATION('',(#11955),#11959);
#11955 = CIRCLE('',#11956,87.);
#11956 = AXIS2_PLACEMENT_2D('',#11957,#11958);
#11957 = CARTESIAN_POINT('',(0.,0.));
#11958 = DIRECTION('',(1.,0.));
#11959 = ( GEOMETRIC_REPRESENTATION_CONTEXT(2) 
PARAMETRIC_REPRESENTATION_CONTEXT() REPRESENTATION_CONTEXT('2D SPACE',''
  ) );
#11960 = PCURVE('',#6229,#11961);
#11961 = DEFINITIONAL_REPRESENTATION('',(#11962),#11966);
#11962 = LINE('',#11963,#11964);
#11963 = CARTESIAN_POINT('',(0.,1.E-01));
#11964 = VECTOR('',#11965,1.);
#11965 = DIRECTION('',(1.,0.));
#11966 = ( GEOMETRIC_REPRESENTATION_CONTEXT(2) 
PARAMETRIC_REPRESENTATION_CONTEXT() REPRESENTATION_CONTEXT('2D SPACE',''
  ) );
#11967 = ORIENTED_EDGE('',*,*,#11968,.F.);
#11968 = EDGE_CURVE('',#11969,#11943,#11971,.T.);
#11969 = VERTEX_POINT('',#11970);
#11970 = CARTESIAN_POINT('',(-35.4,-17.1,0.6));
#11971 = SURFACE_CURVE('',#11972,(#11976,#11983),.PCURVE_S1.);
#11972 = LINE('',#11973,#11974);
#11973 = CARTESIAN_POINT('',(-35.4,-17.1,-90.));
#11974 = VECTOR('',#11975,1.);
#11975 = DIRECTION('',(0.,0.,1.));
#11976 = PCURVE('',#93,#11977);
#11977 = DEFINITIONAL_REPRESENTATION('',(#11978),#11982);
#11978 = LINE('',#11979,#11980);
#11979 = CARTESIAN_POINT('',(-90.,-35.4));
#11980 = VECTOR('',#11981,1.);
#11981 = DIRECTION('',(1.,0.));
#11982 = ( GEOMETRIC_REPRESENTATION_CONTEXT(2) 
PARAMETRIC_REPRESENTATION_CONTEXT() REPRESENTATION_CONTEXT('2D SPACE',''
  ) );
#11983 = PCURVE('',#6257,#11984);
#11984 = DEFINITIONAL_REPRESENTATION('',(#11985),#11989);
#11985 = LINE('',#11986,#11987);
#11986 = CARTESIAN_POINT('',(0.,0.));
#11987 = VECTOR('',#11988,1.);
#11988 = DIRECTION('',(1.,0.));
#11989 = ( GEOMETRIC_REPRESENTATION_CONTEXT(2) 
PARAMETRIC_REPRESENTATION_CONTEXT() REPRESENTATION_CONTEXT('2D SPACE',''
  ) );
#11990 = ORIENTED_EDGE('',*,*,#11991,.T.);
#11991 = EDGE_CURVE('',#11969,#11992,#11994,.T.);
#11992 = VERTEX_POINT('',#11993);
#11993 = CARTESIAN_POINT('',(-30.6,-17.1,0.6));
#11994 = SURFACE_CURVE('',#11995,(#11999,#12006),.PCURVE_S1.);
#11995 = LINE('',#11996,#11997);
#11996 = CARTESIAN_POINT('',(-95.,-17.1,0.6));
#11997 = VECTOR('',#11998,1.);
#11998 = DIRECTION('',(1.,0.,0.));
#11999 = PCURVE('',#93,#12000);
#12000 = DEFINITIONAL_REPRESENTATION('',(#12001),#12005);
#12001 = LINE('',#12002,#12003);
#12002 = CARTESIAN_POINT('',(0.6,-95.));
#12003 = VECTOR('',#12004,1.);
#12004 = DIRECTION('',(0.,1.));
#12005 = ( GEOMETRIC_REPRESENTATION_CONTEXT(2) 
PARAMETRIC_REPRESENTATION_CONTEXT() REPRESENTATION_CONTEXT('2D SPACE',''
  ) );
#12006 = PCURVE('',#6285,#12007);
#12007 = DEFINITIONAL_REPRESENTATION('',(#12008),#12012);
#12008 = LINE('',#12009,#12010);
#12009 = CARTESIAN_POINT('',(0.,0.));
#12010 = VECTOR('',#12011,1.);
#12011 = DIRECTION('',(1.,0.));
#12012 = ( GEOMETRIC_REPRESENTATION_CONTEXT(2) 
PARAMETRIC_REPRESENTATION_CONTEXT() REPRESENTATION_CONTEXT('2D SPACE',''
  ) );
#12013 = ORIENTED_EDGE('',*,*,#12014,.T.);
#12014 = EDGE_CURVE('',#11992,#11945,#12015,.T.);
#12015 = SURFACE_CURVE('',#12016,(#12020,#12027),.PCURVE_S1.);
#12016 = LINE('',#12017,#12018);
#12017 = CARTESIAN_POINT('',(-30.6,-17.1,-90.));
#12018 = VECTOR('',#12019,1.);
#12019 = DIRECTION('',(0.,0.,1.));
#12020 = PCURVE('',#93,#12021);
#12021 = DEFINITIONAL_REPRESENTATION('',(#12022),#12026);
#12022 = LINE('',#12023,#12024);
#12023 = CARTESIAN_POINT('',(-90.,-30.6));
#12024 = VECTOR('',#12025,1.);
#12025 = DIRECTION('',(1.,0.));
#12026 = ( GEOMETRIC_REPRESENTATION_CONTEXT(2) 
PARAMETRIC_REPRESENTATION_CONTEXT() REPRESENTATION_CONTEXT('2D SPACE',''
  ) );
#12027 = PCURVE('',#6311,#12028);
#12028 = DEFINITIONAL_REPRESENTATION('',(#12029),#12033);
#12029 = LINE('',#12030,#12031);
#12030 = CARTESIAN_POINT('',(0.,0.));
#12031 = VECTOR('',#12032,1.);
#12032 = DIRECTION('',(1.,0.));
#12033 = ( GEOMETRIC_REPRESENTATION_CONTEXT(2) 
PARAMETRIC_REPRESENTATION_CONTEXT() REPRESENTATION_CONTEXT('2D SPACE',''
  ) );
#12034 = FACE_BOUND('',#12035,.F.);
#12035 = EDGE_LOOP('',(#12036,#12062,#12085,#12108));
#12036 = ORIENTED_EDGE('',*,*,#12037,.F.);
#12037 = EDGE_CURVE('',#12038,#12040,#12042,.T.);
#12038 = VERTEX_POINT('',#12039);
#12039 = CARTESIAN_POINT('',(-29.4,-17.1,81.881866124314));
#12040 = VERTEX_POINT('',#12041);
#12041 = CARTESIAN_POINT('',(-24.59999999999,-17.1,83.449625523426));
#12042 = SURFACE_CURVE('',#12043,(#12048,#12055),.PCURVE_S1.);
#12043 = CIRCLE('',#12044,87.);
#12044 = AXIS2_PLACEMENT_3D('',#12045,#12046,#12047);
#12045 = CARTESIAN_POINT('',(0.,-17.1,0.));
#12046 = DIRECTION('',(0.,1.,0.));
#12047 = DIRECTION('',(0.,-0.,1.));
#12048 = PCURVE('',#93,#12049);
#12049 = DEFINITIONAL_REPRESENTATION('',(#12050),#12054);
#12050 = CIRCLE('',#12051,87.);
#12051 = AXIS2_PLACEMENT_2D('',#12052,#12053);
#12052 = CARTESIAN_POINT('',(0.,0.));
#12053 = DIRECTION('',(1.,0.));
#12054 = ( GEOMETRIC_REPRESENTATION_CONTEXT(2) 
PARAMETRIC_REPRESENTATION_CONTEXT() REPRESENTATION_CONTEXT('2D SPACE',''
  ) );
#12055 = PCURVE('',#6344,#12056);
#12056 = DEFINITIONAL_REPRESENTATION('',(#12057),#12061);
#12057 = LINE('',#12058,#12059);
#12058 = CARTESIAN_POINT('',(0.,1.E-01));
#12059 = VECTOR('',#12060,1.);
#12060 = DIRECTION('',(1.,0.));
#12061 = ( GEOMETRIC_REPRESENTATION_CONTEXT(2) 
PARAMETRIC_REPRESENTATION_CONTEXT() REPRESENTATION_CONTEXT('2D SPACE',''
  ) );
#12062 = ORIENTED_EDGE('',*,*,#12063,.F.);
#12063 = EDGE_CURVE('',#12064,#12038,#12066,.T.);
#12064 = VERTEX_POINT('',#12065);
#12065 = CARTESIAN_POINT('',(-29.4,-17.1,0.6));
#12066 = SURFACE_CURVE('',#12067,(#12071,#12078),.PCURVE_S1.);
#12067 = LINE('',#12068,#12069);
#12068 = CARTESIAN_POINT('',(-29.4,-17.1,-90.));
#12069 = VECTOR('',#12070,1.);
#12070 = DIRECTION('',(0.,0.,1.));
#12071 = PCURVE('',#93,#12072);
#12072 = DEFINITIONAL_REPRESENTATION('',(#12073),#12077);
#12073 = LINE('',#12074,#12075);
#12074 = CARTESIAN_POINT('',(-90.,-29.4));
#12075 = VECTOR('',#12076,1.);
#12076 = DIRECTION('',(1.,0.));
#12077 = ( GEOMETRIC_REPRESENTATION_CONTEXT(2) 
PARAMETRIC_REPRESENTATION_CONTEXT() REPRESENTATION_CONTEXT('2D SPACE',''
  ) );
#12078 = PCURVE('',#6372,#12079);
#12079 = DEFINITIONAL_REPRESENTATION('',(#12080),#12084);
#12080 = LINE('',#12081,#12082);
#12081 = CARTESIAN_POINT('',(0.,0.));
#12082 = VECTOR('',#12083,1.);
#12083 = DIRECTION('',(1.,0.));
#12084 = ( GEOMETRIC_REPRESENTATION_CONTEXT(2) 
PARAMETRIC_REPRESENTATION_CONTEXT() REPRESENTATION_CONTEXT('2D SPACE',''
  ) );
#12085 = ORIENTED_EDGE('',*,*,#12086,.T.);
#12086 = EDGE_CURVE('',#12064,#12087,#12089,.T.);
#12087 = VERTEX_POINT('',#12088);
#12088 = CARTESIAN_POINT('',(-24.6,-17.1,0.6));
#12089 = SURFACE_CURVE('',#12090,(#12094,#12101),.PCURVE_S1.);
#12090 = LINE('',#12091,#12092);
#12091 = CARTESIAN_POINT('',(-95.,-17.1,0.6));
#12092 = VECTOR('',#12093,1.);
#12093 = DIRECTION('',(1.,0.,0.));
#12094 = PCURVE('',#93,#12095);
#12095 = DEFINITIONAL_REPRESENTATION('',(#12096),#12100);
#12096 = LINE('',#12097,#12098);
#12097 = CARTESIAN_POINT('',(0.6,-95.));
#12098 = VECTOR('',#12099,1.);
#12099 = DIRECTION('',(0.,1.));
#12100 = ( GEOMETRIC_REPRESENTATION_CONTEXT(2) 
PARAMETRIC_REPRESENTATION_CONTEXT() REPRESENTATION_CONTEXT('2D SPACE',''
  ) );
#12101 = PCURVE('',#6400,#12102);
#12102 = DEFINITIONAL_REPRESENTATION('',(#12103),#12107);
#12103 = LINE('',#12104,#12105);
#12104 = CARTESIAN_POINT('',(0.,0.));
#12105 = VECTOR('',#12106,1.);
#12106 = DIRECTION('',(1.,0.));
#12107 = ( GEOMETRIC_REPRESENTATION_CONTEXT(2) 
PARAMETRIC_REPRESENTATION_CONTEXT() REPRESENTATION_CONTEXT('2D SPACE',''
  ) );
#12108 = ORIENTED_EDGE('',*,*,#12109,.T.);
#12109 = EDGE_CURVE('',#12087,#12040,#12110,.T.);
#12110 = SURFACE_CURVE('',#12111,(#12115,#12122),.PCURVE_S1.);
#12111 = LINE('',#12112,#12113);
#12112 = CARTESIAN_POINT('',(-24.6,-17.1,-90.));
#12113 = VECTOR('',#12114,1.);
#12114 = DIRECTION('',(0.,0.,1.));
#12115 = PCURVE('',#93,#12116);
#12116 = DEFINITIONAL_REPRESENTATION('',(#12117),#12121);
#12117 = LINE('',#12118,#12119);
#12118 = CARTESIAN_POINT('',(-90.,-24.6));
#12119 = VECTOR('',#12120,1.);
#12120 = DIRECTION('',(1.,0.));
#12121 = ( GEOMETRIC_REPRESENTATION_CONTEXT(2) 
PARAMETRIC_REPRESENTATION_CONTEXT() REPRESENTATION_CONTEXT('2D SPACE',''
  ) );
#12122 = PCURVE('',#6426,#12123);
#12123 = DEFINITIONAL_REPRESENTATION('',(#12124),#12128);
#12124 = LINE('',#12125,#12126);
#12125 = CARTESIAN_POINT('',(0.,0.));
#12126 = VECTOR('',#12127,1.);
#12127 = DIRECTION('',(1.,0.));
#12128 = ( GEOMETRIC_REPRESENTATION_CONTEXT(2) 
PARAMETRIC_REPRESENTATION_CONTEXT() REPRESENTATION_CONTEXT('2D SPACE',''
  ) );
#12129 = FACE_BOUND('',#12130,.F.);
#12130 = EDGE_LOOP('',(#12131,#12157,#12180,#12203));
#12131 = ORIENTED_EDGE('',*,*,#12132,.F.);
#12132 = EDGE_CURVE('',#12133,#12135,#12137,.T.);
#12133 = VERTEX_POINT('',#12134);
#12134 = CARTESIAN_POINT('',(-23.4,-17.1,83.794033200461));
#12135 = VERTEX_POINT('',#12136);
#12136 = CARTESIAN_POINT('',(-18.6,-17.1,84.988469806203));
#12137 = SURFACE_CURVE('',#12138,(#12143,#12150),.PCURVE_S1.);
#12138 = CIRCLE('',#12139,87.);
#12139 = AXIS2_PLACEMENT_3D('',#12140,#12141,#12142);
#12140 = CARTESIAN_POINT('',(0.,-17.1,0.));
#12141 = DIRECTION('',(0.,1.,0.));
#12142 = DIRECTION('',(0.,-0.,1.));
#12143 = PCURVE('',#93,#12144);
#12144 = DEFINITIONAL_REPRESENTATION('',(#12145),#12149);
#12145 = CIRCLE('',#12146,87.);
#12146 = AXIS2_PLACEMENT_2D('',#12147,#12148);
#12147 = CARTESIAN_POINT('',(0.,0.));
#12148 = DIRECTION('',(1.,0.));
#12149 = ( GEOMETRIC_REPRESENTATION_CONTEXT(2) 
PARAMETRIC_REPRESENTATION_CONTEXT() REPRESENTATION_CONTEXT('2D SPACE',''
  ) );
#12150 = PCURVE('',#6459,#12151);
#12151 = DEFINITIONAL_REPRESENTATION('',(#12152),#12156);
#12152 = LINE('',#12153,#12154);
#12153 = CARTESIAN_POINT('',(0.,1.E-01));
#12154 = VECTOR('',#12155,1.);
#12155 = DIRECTION('',(1.,0.));
#12156 = ( GEOMETRIC_REPRESENTATION_CONTEXT(2) 
PARAMETRIC_REPRESENTATION_CONTEXT() REPRESENTATION_CONTEXT('2D SPACE',''
  ) );
#12157 = ORIENTED_EDGE('',*,*,#12158,.F.);
#12158 = EDGE_CURVE('',#12159,#12133,#12161,.T.);
#12159 = VERTEX_POINT('',#12160);
#12160 = CARTESIAN_POINT('',(-23.4,-17.1,0.6));
#12161 = SURFACE_CURVE('',#12162,(#12166,#12173),.PCURVE_S1.);
#12162 = LINE('',#12163,#12164);
#12163 = CARTESIAN_POINT('',(-23.4,-17.1,-90.));
#12164 = VECTOR('',#12165,1.);
#12165 = DIRECTION('',(0.,0.,1.));
#12166 = PCURVE('',#93,#12167);
#12167 = DEFINITIONAL_REPRESENTATION('',(#12168),#12172);
#12168 = LINE('',#12169,#12170);
#12169 = CARTESIAN_POINT('',(-90.,-23.4));
#12170 = VECTOR('',#12171,1.);
#12171 = DIRECTION('',(1.,0.));
#12172 = ( GEOMETRIC_REPRESENTATION_CONTEXT(2) 
PARAMETRIC_REPRESENTATION_CONTEXT() REPRESENTATION_CONTEXT('2D SPACE',''
  ) );
#12173 = PCURVE('',#6487,#12174);
#12174 = DEFINITIONAL_REPRESENTATION('',(#12175),#12179);
#12175 = LINE('',#12176,#12177);
#12176 = CARTESIAN_POINT('',(0.,0.));
#12177 = VECTOR('',#12178,1.);
#12178 = DIRECTION('',(1.,0.));
#12179 = ( GEOMETRIC_REPRESENTATION_CONTEXT(2) 
PARAMETRIC_REPRESENTATION_CONTEXT() REPRESENTATION_CONTEXT('2D SPACE',''
  ) );
#12180 = ORIENTED_EDGE('',*,*,#12181,.T.);
#12181 = EDGE_CURVE('',#12159,#12182,#12184,.T.);
#12182 = VERTEX_POINT('',#12183);
#12183 = CARTESIAN_POINT('',(-18.6,-17.1,0.6));
#12184 = SURFACE_CURVE('',#12185,(#12189,#12196),.PCURVE_S1.);
#12185 = LINE('',#12186,#12187);
#12186 = CARTESIAN_POINT('',(-95.,-17.1,0.6));
#12187 = VECTOR('',#12188,1.);
#12188 = DIRECTION('',(1.,0.,0.));
#12189 = PCURVE('',#93,#12190);
#12190 = DEFINITIONAL_REPRESENTATION('',(#12191),#12195);
#12191 = LINE('',#12192,#12193);
#12192 = CARTESIAN_POINT('',(0.6,-95.));
#12193 = VECTOR('',#12194,1.);
#12194 = DIRECTION('',(0.,1.));
#12195 = ( GEOMETRIC_REPRESENTATION_CONTEXT(2) 
PARAMETRIC_REPRESENTATION_CONTEXT() REPRESENTATION_CONTEXT('2D SPACE',''
  ) );
#12196 = PCURVE('',#6515,#12197);
#12197 = DEFINITIONAL_REPRESENTATION('',(#12198),#12202);
#12198 = LINE('',#12199,#12200);
#12199 = CARTESIAN_POINT('',(0.,0.));
#12200 = VECTOR('',#12201,1.);
#12201 = DIRECTION('',(1.,0.));
#12202 = ( GEOMETRIC_REPRESENTATION_CONTEXT(2) 
PARAMETRIC_REPRESENTATION_CONTEXT() REPRESENTATION_CONTEXT('2D SPACE',''
  ) );
#12203 = ORIENTED_EDGE('',*,*,#12204,.T.);
#12204 = EDGE_CURVE('',#12182,#12135,#12205,.T.);
#12205 = SURFACE_CURVE('',#12206,(#12210,#12217),.PCURVE_S1.);
#12206 = LINE('',#12207,#12208);
#12207 = CARTESIAN_POINT('',(-18.6,-17.1,-90.));
#12208 = VECTOR('',#12209,1.);
#12209 = DIRECTION('',(0.,0.,1.));
#12210 = PCURVE('',#93,#12211);
#12211 = DEFINITIONAL_REPRESENTATION('',(#12212),#12216);
#12212 = LINE('',#12213,#12214);
#12213 = CARTESIAN_POINT('',(-90.,-18.6));
#12214 = VECTOR('',#12215,1.);
#12215 = DIRECTION('',(1.,0.));
#12216 = ( GEOMETRIC_REPRESENTATION_CONTEXT(2) 
PARAMETRIC_REPRESENTATION_CONTEXT() REPRESENTATION_CONTEXT('2D SPACE',''
  ) );
#12217 = PCURVE('',#6541,#12218);
#12218 = DEFINITIONAL_REPRESENTATION('',(#12219),#12223);
#12219 = LINE('',#12220,#12221);
#12220 = CARTESIAN_POINT('',(0.,0.));
#12221 = VECTOR('',#12222,1.);
#12222 = DIRECTION('',(1.,0.));
#12223 = ( GEOMETRIC_REPRESENTATION_CONTEXT(2) 
PARAMETRIC_REPRESENTATION_CONTEXT() REPRESENTATION_CONTEXT('2D SPACE',''
  ) );
#12224 = FACE_BOUND('',#12225,.F.);
#12225 = EDGE_LOOP('',(#12226,#12252,#12275,#12298));
#12226 = ORIENTED_EDGE('',*,*,#12227,.F.);
#12227 = EDGE_CURVE('',#12228,#12230,#12232,.T.);
#12228 = VERTEX_POINT('',#12229);
#12229 = CARTESIAN_POINT('',(-17.4,-17.1,85.242243048854));
#12230 = VERTEX_POINT('',#12231);
#12231 = CARTESIAN_POINT('',(-12.6,-17.1,86.082750885412));
#12232 = SURFACE_CURVE('',#12233,(#12238,#12245),.PCURVE_S1.);
#12233 = CIRCLE('',#12234,87.);
#12234 = AXIS2_PLACEMENT_3D('',#12235,#12236,#12237);
#12235 = CARTESIAN_POINT('',(0.,-17.1,0.));
#12236 = DIRECTION('',(0.,1.,0.));
#12237 = DIRECTION('',(0.,-0.,1.));
#12238 = PCURVE('',#93,#12239);
#12239 = DEFINITIONAL_REPRESENTATION('',(#12240),#12244);
#12240 = CIRCLE('',#12241,87.);
#12241 = AXIS2_PLACEMENT_2D('',#12242,#12243);
#12242 = CARTESIAN_POINT('',(0.,0.));
#12243 = DIRECTION('',(1.,0.));
#12244 = ( GEOMETRIC_REPRESENTATION_CONTEXT(2) 
PARAMETRIC_REPRESENTATION_CONTEXT() REPRESENTATION_CONTEXT('2D SPACE',''
  ) );
#12245 = PCURVE('',#6574,#12246);
#12246 = DEFINITIONAL_REPRESENTATION('',(#12247),#12251);
#12247 = LINE('',#12248,#12249);
#12248 = CARTESIAN_POINT('',(0.,1.E-01));
#12249 = VECTOR('',#12250,1.);
#12250 = DIRECTION('',(1.,0.));
#12251 = ( GEOMETRIC_REPRESENTATION_CONTEXT(2) 
PARAMETRIC_REPRESENTATION_CONTEXT() REPRESENTATION_CONTEXT('2D SPACE',''
  ) );
#12252 = ORIENTED_EDGE('',*,*,#12253,.F.);
#12253 = EDGE_CURVE('',#12254,#12228,#12256,.T.);
#12254 = VERTEX_POINT('',#12255);
#12255 = CARTESIAN_POINT('',(-17.4,-17.1,0.6));
#12256 = SURFACE_CURVE('',#12257,(#12261,#12268),.PCURVE_S1.);
#12257 = LINE('',#12258,#12259);
#12258 = CARTESIAN_POINT('',(-17.4,-17.1,-90.));
#12259 = VECTOR('',#12260,1.);
#12260 = DIRECTION('',(0.,0.,1.));
#12261 = PCURVE('',#93,#12262);
#12262 = DEFINITIONAL_REPRESENTATION('',(#12263),#12267);
#12263 = LINE('',#12264,#12265);
#12264 = CARTESIAN_POINT('',(-90.,-17.4));
#12265 = VECTOR('',#12266,1.);
#12266 = DIRECTION('',(1.,0.));
#12267 = ( GEOMETRIC_REPRESENTATION_CONTEXT(2) 
PARAMETRIC_REPRESENTATION_CONTEXT() REPRESENTATION_CONTEXT('2D SPACE',''
  ) );
#12268 = PCURVE('',#6602,#12269);
#12269 = DEFINITIONAL_REPRESENTATION('',(#12270),#12274);
#12270 = LINE('',#12271,#12272);
#12271 = CARTESIAN_POINT('',(0.,0.));
#12272 = VECTOR('',#12273,1.);
#12273 = DIRECTION('',(1.,0.));
#12274 = ( GEOMETRIC_REPRESENTATION_CONTEXT(2) 
PARAMETRIC_REPRESENTATION_CONTEXT() REPRESENTATION_CONTEXT('2D SPACE',''
  ) );
#12275 = ORIENTED_EDGE('',*,*,#12276,.T.);
#12276 = EDGE_CURVE('',#12254,#12277,#12279,.T.);
#12277 = VERTEX_POINT('',#12278);
#12278 = CARTESIAN_POINT('',(-12.6,-17.1,0.6));
#12279 = SURFACE_CURVE('',#12280,(#12284,#12291),.PCURVE_S1.);
#12280 = LINE('',#12281,#12282);
#12281 = CARTESIAN_POINT('',(-95.,-17.1,0.6));
#12282 = VECTOR('',#12283,1.);
#12283 = DIRECTION('',(1.,0.,0.));
#12284 = PCURVE('',#93,#12285);
#12285 = DEFINITIONAL_REPRESENTATION('',(#12286),#12290);
#12286 = LINE('',#12287,#12288);
#12287 = CARTESIAN_POINT('',(0.6,-95.));
#12288 = VECTOR('',#12289,1.);
#12289 = DIRECTION('',(0.,1.));
#12290 = ( GEOMETRIC_REPRESENTATION_CONTEXT(2) 
PARAMETRIC_REPRESENTATION_CONTEXT() REPRESENTATION_CONTEXT('2D SPACE',''
  ) );
#12291 = PCURVE('',#6630,#12292);
#12292 = DEFINITIONAL_REPRESENTATION('',(#12293),#12297);
#12293 = LINE('',#12294,#12295);
#12294 = CARTESIAN_POINT('',(0.,0.));
#12295 = VECTOR('',#12296,1.);
#12296 = DIRECTION('',(1.,0.));
#12297 = ( GEOMETRIC_REPRESENTATION_CONTEXT(2) 
PARAMETRIC_REPRESENTATION_CONTEXT() REPRESENTATION_CONTEXT('2D SPACE',''
  ) );
#12298 = ORIENTED_EDGE('',*,*,#12299,.T.);
#12299 = EDGE_CURVE('',#12277,#12230,#12300,.T.);
#12300 = SURFACE_CURVE('',#12301,(#12305,#12312),.PCURVE_S1.);
#12301 = LINE('',#12302,#12303);
#12302 = CARTESIAN_POINT('',(-12.6,-17.1,-90.));
#12303 = VECTOR('',#12304,1.);
#12304 = DIRECTION('',(0.,0.,1.));
#12305 = PCURVE('',#93,#12306);
#12306 = DEFINITIONAL_REPRESENTATION('',(#12307),#12311);
#12307 = LINE('',#12308,#12309);
#12308 = CARTESIAN_POINT('',(-90.,-12.6));
#12309 = VECTOR('',#12310,1.);
#12310 = DIRECTION('',(1.,0.));
#12311 = ( GEOMETRIC_REPRESENTATION_CONTEXT(2) 
PARAMETRIC_REPRESENTATION_CONTEXT() REPRESENTATION_CONTEXT('2D SPACE',''
  ) );
#12312 = PCURVE('',#6656,#12313);
#12313 = DEFINITIONAL_REPRESENTATION('',(#12314),#12318);
#12314 = LINE('',#12315,#12316);
#12315 = CARTESIAN_POINT('',(0.,0.));
#12316 = VECTOR('',#12317,1.);
#12317 = DIRECTION('',(1.,0.));
#12318 = ( GEOMETRIC_REPRESENTATION_CONTEXT(2) 
PARAMETRIC_REPRESENTATION_CONTEXT() REPRESENTATION_CONTEXT('2D SPACE',''
  ) );
#12319 = FACE_BOUND('',#12320,.F.);
#12320 = EDGE_LOOP('',(#12321,#12347,#12370,#12393));
#12321 = ORIENTED_EDGE('',*,*,#12322,.F.);
#12322 = EDGE_CURVE('',#12323,#12325,#12327,.T.);
#12323 = VERTEX_POINT('',#12324);
#12324 = CARTESIAN_POINT('',(-11.39999999999,-17.1,86.249869565119));
#12325 = VERTEX_POINT('',#12326);
#12326 = CARTESIAN_POINT('',(-6.6,-17.1,86.749293945254));
#12327 = SURFACE_CURVE('',#12328,(#12333,#12340),.PCURVE_S1.);
#12328 = CIRCLE('',#12329,87.);
#12329 = AXIS2_PLACEMENT_3D('',#12330,#12331,#12332);
#12330 = CARTESIAN_POINT('',(0.,-17.1,0.));
#12331 = DIRECTION('',(0.,1.,0.));
#12332 = DIRECTION('',(0.,-0.,1.));
#12333 = PCURVE('',#93,#12334);
#12334 = DEFINITIONAL_REPRESENTATION('',(#12335),#12339);
#12335 = CIRCLE('',#12336,87.);
#12336 = AXIS2_PLACEMENT_2D('',#12337,#12338);
#12337 = CARTESIAN_POINT('',(0.,0.));
#12338 = DIRECTION('',(1.,0.));
#12339 = ( GEOMETRIC_REPRESENTATION_CONTEXT(2) 
PARAMETRIC_REPRESENTATION_CONTEXT() REPRESENTATION_CONTEXT('2D SPACE',''
  ) );
#12340 = PCURVE('',#6689,#12341);
#12341 = DEFINITIONAL_REPRESENTATION('',(#12342),#12346);
#12342 = LINE('',#12343,#12344);
#12343 = CARTESIAN_POINT('',(0.,1.E-01));
#12344 = VECTOR('',#12345,1.);
#12345 = DIRECTION('',(1.,0.));
#12346 = ( GEOMETRIC_REPRESENTATION_CONTEXT(2) 
PARAMETRIC_REPRESENTATION_CONTEXT() REPRESENTATION_CONTEXT('2D SPACE',''
  ) );
#12347 = ORIENTED_EDGE('',*,*,#12348,.F.);
#12348 = EDGE_CURVE('',#12349,#12323,#12351,.T.);
#12349 = VERTEX_POINT('',#12350);
#12350 = CARTESIAN_POINT('',(-11.4,-17.1,0.6));
#12351 = SURFACE_CURVE('',#12352,(#12356,#12363),.PCURVE_S1.);
#12352 = LINE('',#12353,#12354);
#12353 = CARTESIAN_POINT('',(-11.4,-17.1,-90.));
#12354 = VECTOR('',#12355,1.);
#12355 = DIRECTION('',(0.,0.,1.));
#12356 = PCURVE('',#93,#12357);
#12357 = DEFINITIONAL_REPRESENTATION('',(#12358),#12362);
#12358 = LINE('',#12359,#12360);
#12359 = CARTESIAN_POINT('',(-90.,-11.4));
#12360 = VECTOR('',#12361,1.);
#12361 = DIRECTION('',(1.,0.));
#12362 = ( GEOMETRIC_REPRESENTATION_CONTEXT(2) 
PARAMETRIC_REPRESENTATION_CONTEXT() REPRESENTATION_CONTEXT('2D SPACE',''
  ) );
#12363 = PCURVE('',#6717,#12364);
#12364 = DEFINITIONAL_REPRESENTATION('',(#12365),#12369);
#12365 = LINE('',#12366,#12367);
#12366 = CARTESIAN_POINT('',(0.,0.));
#12367 = VECTOR('',#12368,1.);
#12368 = DIRECTION('',(1.,0.));
#12369 = ( GEOMETRIC_REPRESENTATION_CONTEXT(2) 
PARAMETRIC_REPRESENTATION_CONTEXT() REPRESENTATION_CONTEXT('2D SPACE',''
  ) );
#12370 = ORIENTED_EDGE('',*,*,#12371,.T.);
#12371 = EDGE_CURVE('',#12349,#12372,#12374,.T.);
#12372 = VERTEX_POINT('',#12373);
#12373 = CARTESIAN_POINT('',(-6.6,-17.1,0.6));
#12374 = SURFACE_CURVE('',#12375,(#12379,#12386),.PCURVE_S1.);
#12375 = LINE('',#12376,#12377);
#12376 = CARTESIAN_POINT('',(-95.,-17.1,0.6));
#12377 = VECTOR('',#12378,1.);
#12378 = DIRECTION('',(1.,0.,0.));
#12379 = PCURVE('',#93,#12380);
#12380 = DEFINITIONAL_REPRESENTATION('',(#12381),#12385);
#12381 = LINE('',#12382,#12383);
#12382 = CARTESIAN_POINT('',(0.6,-95.));
#12383 = VECTOR('',#12384,1.);
#12384 = DIRECTION('',(0.,1.));
#12385 = ( GEOMETRIC_REPRESENTATION_CONTEXT(2) 
PARAMETRIC_REPRESENTATION_CONTEXT() REPRESENTATION_CONTEXT('2D SPACE',''
  ) );
#12386 = PCURVE('',#6745,#12387);
#12387 = DEFINITIONAL_REPRESENTATION('',(#12388),#12392);
#12388 = LINE('',#12389,#12390);
#12389 = CARTESIAN_POINT('',(0.,0.));
#12390 = VECTOR('',#12391,1.);
#12391 = DIRECTION('',(1.,0.));
#12392 = ( GEOMETRIC_REPRESENTATION_CONTEXT(2) 
PARAMETRIC_REPRESENTATION_CONTEXT() REPRESENTATION_CONTEXT('2D SPACE',''
  ) );
#12393 = ORIENTED_EDGE('',*,*,#12394,.T.);
#12394 = EDGE_CURVE('',#12372,#12325,#12395,.T.);
#12395 = SURFACE_CURVE('',#12396,(#12400,#12407),.PCURVE_S1.);
#12396 = LINE('',#12397,#12398);
#12397 = CARTESIAN_POINT('',(-6.6,-17.1,-90.));
#12398 = VECTOR('',#12399,1.);
#12399 = DIRECTION('',(0.,0.,1.));
#12400 = PCURVE('',#93,#12401);
#12401 = DEFINITIONAL_REPRESENTATION('',(#12402),#12406);
#12402 = LINE('',#12403,#12404);
#12403 = CARTESIAN_POINT('',(-90.,-6.6));
#12404 = VECTOR('',#12405,1.);
#12405 = DIRECTION('',(1.,0.));
#12406 = ( GEOMETRIC_REPRESENTATION_CONTEXT(2) 
PARAMETRIC_REPRESENTATION_CONTEXT() REPRESENTATION_CONTEXT('2D SPACE',''
  ) );
#12407 = PCURVE('',#6771,#12408);
#12408 = DEFINITIONAL_REPRESENTATION('',(#12409),#12413);
#12409 = LINE('',#12410,#12411);
#12410 = CARTESIAN_POINT('',(0.,0.));
#12411 = VECTOR('',#12412,1.);
#12412 = DIRECTION('',(1.,0.));
#12413 = ( GEOMETRIC_REPRESENTATION_CONTEXT(2) 
PARAMETRIC_REPRESENTATION_CONTEXT() REPRESENTATION_CONTEXT('2D SPACE',''
  ) );
#12414 = FACE_BOUND('',#12415,.F.);
#12415 = EDGE_LOOP('',(#12416,#12442,#12465,#12488));
#12416 = ORIENTED_EDGE('',*,*,#12417,.F.);
#12417 = EDGE_CURVE('',#12418,#12420,#12422,.T.);
#12418 = VERTEX_POINT('',#12419);
#12419 = CARTESIAN_POINT('',(-5.400000000001,-17.1,86.832252072603));
#12420 = VERTEX_POINT('',#12421);
#12421 = CARTESIAN_POINT('',(-0.6,-17.1,86.997931009881));
#12422 = SURFACE_CURVE('',#12423,(#12428,#12435),.PCURVE_S1.);
#12423 = CIRCLE('',#12424,87.);
#12424 = AXIS2_PLACEMENT_3D('',#12425,#12426,#12427);
#12425 = CARTESIAN_POINT('',(0.,-17.1,0.));
#12426 = DIRECTION('',(0.,1.,0.));
#12427 = DIRECTION('',(0.,-0.,1.));
#12428 = PCURVE('',#93,#12429);
#12429 = DEFINITIONAL_REPRESENTATION('',(#12430),#12434);
#12430 = CIRCLE('',#12431,87.);
#12431 = AXIS2_PLACEMENT_2D('',#12432,#12433);
#12432 = CARTESIAN_POINT('',(0.,0.));
#12433 = DIRECTION('',(1.,0.));
#12434 = ( GEOMETRIC_REPRESENTATION_CONTEXT(2) 
PARAMETRIC_REPRESENTATION_CONTEXT() REPRESENTATION_CONTEXT('2D SPACE',''
  ) );
#12435 = PCURVE('',#6804,#12436);
#12436 = DEFINITIONAL_REPRESENTATION('',(#12437),#12441);
#12437 = LINE('',#12438,#12439);
#12438 = CARTESIAN_POINT('',(0.,1.E-01));
#12439 = VECTOR('',#12440,1.);
#12440 = DIRECTION('',(1.,0.));
#12441 = ( GEOMETRIC_REPRESENTATION_CONTEXT(2) 
PARAMETRIC_REPRESENTATION_CONTEXT() REPRESENTATION_CONTEXT('2D SPACE',''
  ) );
#12442 = ORIENTED_EDGE('',*,*,#12443,.F.);
#12443 = EDGE_CURVE('',#12444,#12418,#12446,.T.);
#12444 = VERTEX_POINT('',#12445);
#12445 = CARTESIAN_POINT('',(-5.4,-17.1,0.6));
#12446 = SURFACE_CURVE('',#12447,(#12451,#12458),.PCURVE_S1.);
#12447 = LINE('',#12448,#12449);
#12448 = CARTESIAN_POINT('',(-5.4,-17.1,-90.));
#12449 = VECTOR('',#12450,1.);
#12450 = DIRECTION('',(0.,0.,1.));
#12451 = PCURVE('',#93,#12452);
#12452 = DEFINITIONAL_REPRESENTATION('',(#12453),#12457);
#12453 = LINE('',#12454,#12455);
#12454 = CARTESIAN_POINT('',(-90.,-5.4));
#12455 = VECTOR('',#12456,1.);
#12456 = DIRECTION('',(1.,0.));
#12457 = ( GEOMETRIC_REPRESENTATION_CONTEXT(2) 
PARAMETRIC_REPRESENTATION_CONTEXT() REPRESENTATION_CONTEXT('2D SPACE',''
  ) );
#12458 = PCURVE('',#6832,#12459);
#12459 = DEFINITIONAL_REPRESENTATION('',(#12460),#12464);
#12460 = LINE('',#12461,#12462);
#12461 = CARTESIAN_POINT('',(0.,0.));
#12462 = VECTOR('',#12463,1.);
#12463 = DIRECTION('',(1.,0.));
#12464 = ( GEOMETRIC_REPRESENTATION_CONTEXT(2) 
PARAMETRIC_REPRESENTATION_CONTEXT() REPRESENTATION_CONTEXT('2D SPACE',''
  ) );
#12465 = ORIENTED_EDGE('',*,*,#12466,.T.);
#12466 = EDGE_CURVE('',#12444,#12467,#12469,.T.);
#12467 = VERTEX_POINT('',#12468);
#12468 = CARTESIAN_POINT('',(-0.6,-17.1,0.6));
#12469 = SURFACE_CURVE('',#12470,(#12474,#12481),.PCURVE_S1.);
#12470 = LINE('',#12471,#12472);
#12471 = CARTESIAN_POINT('',(-95.,-17.1,0.6));
#12472 = VECTOR('',#12473,1.);
#12473 = DIRECTION('',(1.,0.,0.));
#12474 = PCURVE('',#93,#12475);
#12475 = DEFINITIONAL_REPRESENTATION('',(#12476),#12480);
#12476 = LINE('',#12477,#12478);
#12477 = CARTESIAN_POINT('',(0.6,-95.));
#12478 = VECTOR('',#12479,1.);
#12479 = DIRECTION('',(0.,1.));
#12480 = ( GEOMETRIC_REPRESENTATION_CONTEXT(2) 
PARAMETRIC_REPRESENTATION_CONTEXT() REPRESENTATION_CONTEXT('2D SPACE',''
  ) );
#12481 = PCURVE('',#6860,#12482);
#12482 = DEFINITIONAL_REPRESENTATION('',(#12483),#12487);
#12483 = LINE('',#12484,#12485);
#12484 = CARTESIAN_POINT('',(0.,0.));
#12485 = VECTOR('',#12486,1.);
#12486 = DIRECTION('',(1.,0.));
#12487 = ( GEOMETRIC_REPRESENTATION_CONTEXT(2) 
PARAMETRIC_REPRESENTATION_CONTEXT() REPRESENTATION_CONTEXT('2D SPACE',''
  ) );
#12488 = ORIENTED_EDGE('',*,*,#12489,.T.);
#12489 = EDGE_CURVE('',#12467,#12420,#12490,.T.);
#12490 = SURFACE_CURVE('',#12491,(#12495,#12502),.PCURVE_S1.);
#12491 = LINE('',#12492,#12493);
#12492 = CARTESIAN_POINT('',(-0.6,-17.1,-90.));
#12493 = VECTOR('',#12494,1.);
#12494 = DIRECTION('',(0.,0.,1.));
#12495 = PCURVE('',#93,#12496);
#12496 = DEFINITIONAL_REPRESENTATION('',(#12497),#12501);
#12497 = LINE('',#12498,#12499);
#12498 = CARTESIAN_POINT('',(-90.,-0.6));
#12499 = VECTOR('',#12500,1.);
#12500 = DIRECTION('',(1.,0.));
#12501 = ( GEOMETRIC_REPRESENTATION_CONTEXT(2) 
PARAMETRIC_REPRESENTATION_CONTEXT() REPRESENTATION_CONTEXT('2D SPACE',''
  ) );
#12502 = PCURVE('',#6886,#12503);
#12503 = DEFINITIONAL_REPRESENTATION('',(#12504),#12508);
#12504 = LINE('',#12505,#12506);
#12505 = CARTESIAN_POINT('',(0.,0.));
#12506 = VECTOR('',#12507,1.);
#12507 = DIRECTION('',(1.,0.));
#12508 = ( GEOMETRIC_REPRESENTATION_CONTEXT(2) 
PARAMETRIC_REPRESENTATION_CONTEXT() REPRESENTATION_CONTEXT('2D SPACE',''
  ) );
#12509 = ADVANCED_FACE('',(#12510),#131,.F.);
#12510 = FACE_BOUND('',#12511,.F.);
#12511 = EDGE_LOOP('',(#12512,#12513,#12532,#12533));
#12512 = ORIENTED_EDGE('',*,*,#112,.F.);
#12513 = ORIENTED_EDGE('',*,*,#12514,.F.);
#12514 = EDGE_CURVE('',#6905,#113,#12515,.T.);
#12515 = SURFACE_CURVE('',#12516,(#12520,#12526),.PCURVE_S1.);
#12516 = LINE('',#12517,#12518);
#12517 = CARTESIAN_POINT('',(0.6,-17.2,86.997931009881));
#12518 = VECTOR('',#12519,1.);
#12519 = DIRECTION('',(0.,1.,0.));
#12520 = PCURVE('',#131,#12521);
#12521 = DEFINITIONAL_REPRESENTATION('',(#12522),#12525);
#12522 = B_SPLINE_CURVE_WITH_KNOTS('',1,(#12523,#12524),.UNSPECIFIED.,
  .F.,.F.,(2,2),(9.99994E-02,2.5000006),.PIECEWISE_BEZIER_KNOTS.);
#12523 = CARTESIAN_POINT('',(6.896606394763E-03,9.99994E-02));
#12524 = CARTESIAN_POINT('',(6.896606394763E-03,2.5000006));
#12525 = ( GEOMETRIC_REPRESENTATION_CONTEXT(2) 
PARAMETRIC_REPRESENTATION_CONTEXT() REPRESENTATION_CONTEXT('2D SPACE',''
  ) );
#12526 = PCURVE('',#159,#12527);
#12527 = DEFINITIONAL_REPRESENTATION('',(#12528),#12531);
#12528 = B_SPLINE_CURVE_WITH_KNOTS('',1,(#12529,#12530),.UNSPECIFIED.,
  .F.,.F.,(2,2),(9.99994E-02,2.5000006),.PIECEWISE_BEZIER_KNOTS.);
#12529 = CARTESIAN_POINT('',(176.99793100988,5.999999999062E-07));
#12530 = CARTESIAN_POINT('',(176.99793100988,-2.4000006));
#12531 = ( GEOMETRIC_REPRESENTATION_CONTEXT(2) 
PARAMETRIC_REPRESENTATION_CONTEXT() REPRESENTATION_CONTEXT('2D SPACE',''
  ) );
#12532 = ORIENTED_EDGE('',*,*,#6904,.T.);
#12533 = ORIENTED_EDGE('',*,*,#12534,.T.);
#12534 = EDGE_CURVE('',#6907,#115,#12535,.T.);
#12535 = SURFACE_CURVE('',#12536,(#12540,#12546),.PCURVE_S1.);
#12536 = LINE('',#12537,#12538);
#12537 = CARTESIAN_POINT('',(5.4,-17.2,86.832252072603));
#12538 = VECTOR('',#12539,1.);
#12539 = DIRECTION('',(0.,1.,0.));
#12540 = PCURVE('',#131,#12541);
#12541 = DEFINITIONAL_REPRESENTATION('',(#12542),#12545);
#12542 = B_SPLINE_CURVE_WITH_KNOTS('',1,(#12543,#12544),.UNSPECIFIED.,
  .F.,.F.,(2,2),(9.99994E-02,2.5000006),.PIECEWISE_BEZIER_KNOTS.);
#12543 = CARTESIAN_POINT('',(6.210888880162E-02,9.99994E-02));
#12544 = CARTESIAN_POINT('',(6.210888880162E-02,2.5000006));
#12545 = ( GEOMETRIC_REPRESENTATION_CONTEXT(2) 
PARAMETRIC_REPRESENTATION_CONTEXT() REPRESENTATION_CONTEXT('2D SPACE',''
  ) );
#12546 = PCURVE('',#213,#12547);
#12547 = DEFINITIONAL_REPRESENTATION('',(#12548),#12551);
#12548 = B_SPLINE_CURVE_WITH_KNOTS('',1,(#12549,#12550),.UNSPECIFIED.,
  .F.,.F.,(2,2),(9.99994E-02,2.5000006),.PIECEWISE_BEZIER_KNOTS.);
#12549 = CARTESIAN_POINT('',(176.8322520726,5.999999999062E-07));
#12550 = CARTESIAN_POINT('',(176.8322520726,-2.4000006));
#12551 = ( GEOMETRIC_REPRESENTATION_CONTEXT(2) 
PARAMETRIC_REPRESENTATION_CONTEXT() REPRESENTATION_CONTEXT('2D SPACE',''
  ) );
#12552 = ADVANCED_FACE('',(#12553),#246,.F.);
#12553 = FACE_BOUND('',#12554,.F.);
#12554 = EDGE_LOOP('',(#12555,#12556,#12575,#12576));
#12555 = ORIENTED_EDGE('',*,*,#227,.F.);
#12556 = ORIENTED_EDGE('',*,*,#12557,.F.);
#12557 = EDGE_CURVE('',#7000,#228,#12558,.T.);
#12558 = SURFACE_CURVE('',#12559,(#12563,#12569),.PCURVE_S1.);
#12559 = LINE('',#12560,#12561);
#12560 = CARTESIAN_POINT('',(6.6,-17.2,86.749293945254));
#12561 = VECTOR('',#12562,1.);
#12562 = DIRECTION('',(0.,1.,0.));
#12563 = PCURVE('',#246,#12564);
#12564 = DEFINITIONAL_REPRESENTATION('',(#12565),#12568);
#12565 = B_SPLINE_CURVE_WITH_KNOTS('',1,(#12566,#12567),.UNSPECIFIED.,
  .F.,.F.,(2,2),(9.99994E-02,2.5000006),.PIECEWISE_BEZIER_KNOTS.);
#12566 = CARTESIAN_POINT('',(7.593502310298E-02,9.99994E-02));
#12567 = CARTESIAN_POINT('',(7.593502310298E-02,2.5000006));
#12568 = ( GEOMETRIC_REPRESENTATION_CONTEXT(2) 
PARAMETRIC_REPRESENTATION_CONTEXT() REPRESENTATION_CONTEXT('2D SPACE',''
  ) );
#12569 = PCURVE('',#274,#12570);
#12570 = DEFINITIONAL_REPRESENTATION('',(#12571),#12574);
#12571 = B_SPLINE_CURVE_WITH_KNOTS('',1,(#12572,#12573),.UNSPECIFIED.,
  .F.,.F.,(2,2),(9.99994E-02,2.5000006),.PIECEWISE_BEZIER_KNOTS.);
#12572 = CARTESIAN_POINT('',(176.74929394525,5.999999999062E-07));
#12573 = CARTESIAN_POINT('',(176.74929394525,-2.4000006));
#12574 = ( GEOMETRIC_REPRESENTATION_CONTEXT(2) 
PARAMETRIC_REPRESENTATION_CONTEXT() REPRESENTATION_CONTEXT('2D SPACE',''
  ) );
#12575 = ORIENTED_EDGE('',*,*,#6999,.T.);
#12576 = ORIENTED_EDGE('',*,*,#12577,.T.);
#12577 = EDGE_CURVE('',#7002,#230,#12578,.T.);
#12578 = SURFACE_CURVE('',#12579,(#12583,#12589),.PCURVE_S1.);
#12579 = LINE('',#12580,#12581);
#12580 = CARTESIAN_POINT('',(11.4,-17.2,86.249869565119));
#12581 = VECTOR('',#12582,1.);
#12582 = DIRECTION('',(0.,1.,0.));
#12583 = PCURVE('',#246,#12584);
#12584 = DEFINITIONAL_REPRESENTATION('',(#12585),#12588);
#12585 = B_SPLINE_CURVE_WITH_KNOTS('',1,(#12586,#12587),.UNSPECIFIED.,
  .F.,.F.,(2,2),(9.99994E-02,2.5000006),.PIECEWISE_BEZIER_KNOTS.);
#12586 = CARTESIAN_POINT('',(0.131412387782,9.99994E-02));
#12587 = CARTESIAN_POINT('',(0.131412387782,2.5000006));
#12588 = ( GEOMETRIC_REPRESENTATION_CONTEXT(2) 
PARAMETRIC_REPRESENTATION_CONTEXT() REPRESENTATION_CONTEXT('2D SPACE',''
  ) );
#12589 = PCURVE('',#328,#12590);
#12590 = DEFINITIONAL_REPRESENTATION('',(#12591),#12594);
#12591 = B_SPLINE_CURVE_WITH_KNOTS('',1,(#12592,#12593),.UNSPECIFIED.,
  .F.,.F.,(2,2),(9.99994E-02,2.5000006),.PIECEWISE_BEZIER_KNOTS.);
#12592 = CARTESIAN_POINT('',(176.24986956511,5.999999999062E-07));
#12593 = CARTESIAN_POINT('',(176.24986956511,-2.4000006));
#12594 = ( GEOMETRIC_REPRESENTATION_CONTEXT(2) 
PARAMETRIC_REPRESENTATION_CONTEXT() REPRESENTATION_CONTEXT('2D SPACE',''
  ) );
#12595 = ADVANCED_FACE('',(#12596),#361,.F.);
#12596 = FACE_BOUND('',#12597,.F.);
#12597 = EDGE_LOOP('',(#12598,#12599,#12618,#12619));
#12598 = ORIENTED_EDGE('',*,*,#342,.F.);
#12599 = ORIENTED_EDGE('',*,*,#12600,.F.);
#12600 = EDGE_CURVE('',#7095,#343,#12601,.T.);
#12601 = SURFACE_CURVE('',#12602,(#12606,#12612),.PCURVE_S1.);
#12602 = LINE('',#12603,#12604);
#12603 = CARTESIAN_POINT('',(12.6,-17.2,86.082750885413));
#12604 = VECTOR('',#12605,1.);
#12605 = DIRECTION('',(0.,1.,0.));
#12606 = PCURVE('',#361,#12607);
#12607 = DEFINITIONAL_REPRESENTATION('',(#12608),#12611);
#12608 = B_SPLINE_CURVE_WITH_KNOTS('',1,(#12609,#12610),.UNSPECIFIED.,
  .F.,.F.,(2,2),(9.99994E-02,2.5000006),.PIECEWISE_BEZIER_KNOTS.);
#12609 = CARTESIAN_POINT('',(0.145338719344,9.99994E-02));
#12610 = CARTESIAN_POINT('',(0.145338719344,2.5000006));
#12611 = ( GEOMETRIC_REPRESENTATION_CONTEXT(2) 
PARAMETRIC_REPRESENTATION_CONTEXT() REPRESENTATION_CONTEXT('2D SPACE',''
  ) );
#12612 = PCURVE('',#389,#12613);
#12613 = DEFINITIONAL_REPRESENTATION('',(#12614),#12617);
#12614 = B_SPLINE_CURVE_WITH_KNOTS('',1,(#12615,#12616),.UNSPECIFIED.,
  .F.,.F.,(2,2),(9.99994E-02,2.5000006),.PIECEWISE_BEZIER_KNOTS.);
#12615 = CARTESIAN_POINT('',(176.08275088541,5.999999999062E-07));
#12616 = CARTESIAN_POINT('',(176.08275088541,-2.4000006));
#12617 = ( GEOMETRIC_REPRESENTATION_CONTEXT(2) 
PARAMETRIC_REPRESENTATION_CONTEXT() REPRESENTATION_CONTEXT('2D SPACE',''
  ) );
#12618 = ORIENTED_EDGE('',*,*,#7094,.T.);
#12619 = ORIENTED_EDGE('',*,*,#12620,.T.);
#12620 = EDGE_CURVE('',#7097,#345,#12621,.T.);
#12621 = SURFACE_CURVE('',#12622,(#12626,#12632),.PCURVE_S1.);
#12622 = LINE('',#12623,#12624);
#12623 = CARTESIAN_POINT('',(17.4,-17.2,85.242243048855));
#12624 = VECTOR('',#12625,1.);
#12625 = DIRECTION('',(0.,1.,0.));
#12626 = PCURVE('',#361,#12627);
#12627 = DEFINITIONAL_REPRESENTATION('',(#12628),#12631);
#12628 = B_SPLINE_CURVE_WITH_KNOTS('',1,(#12629,#12630),.UNSPECIFIED.,
  .F.,.F.,(2,2),(9.99994E-02,2.5000006),.PIECEWISE_BEZIER_KNOTS.);
#12629 = CARTESIAN_POINT('',(0.20135792079,9.99994E-02));
#12630 = CARTESIAN_POINT('',(0.20135792079,2.5000006));
#12631 = ( GEOMETRIC_REPRESENTATION_CONTEXT(2) 
PARAMETRIC_REPRESENTATION_CONTEXT() REPRESENTATION_CONTEXT('2D SPACE',''
  ) );
#12632 = PCURVE('',#443,#12633);
#12633 = DEFINITIONAL_REPRESENTATION('',(#12634),#12637);
#12634 = B_SPLINE_CURVE_WITH_KNOTS('',1,(#12635,#12636),.UNSPECIFIED.,
  .F.,.F.,(2,2),(9.99994E-02,2.5000006),.PIECEWISE_BEZIER_KNOTS.);
#12635 = CARTESIAN_POINT('',(175.24224304885,5.999999999062E-07));
#12636 = CARTESIAN_POINT('',(175.24224304885,-2.4000006));
#12637 = ( GEOMETRIC_REPRESENTATION_CONTEXT(2) 
PARAMETRIC_REPRESENTATION_CONTEXT() REPRESENTATION_CONTEXT('2D SPACE',''
  ) );
#12638 = ADVANCED_FACE('',(#12639),#476,.F.);
#12639 = FACE_BOUND('',#12640,.F.);
#12640 = EDGE_LOOP('',(#12641,#12642,#12661,#12662));
#12641 = ORIENTED_EDGE('',*,*,#457,.F.);
#12642 = ORIENTED_EDGE('',*,*,#12643,.F.);
#12643 = EDGE_CURVE('',#7190,#458,#12644,.T.);
#12644 = SURFACE_CURVE('',#12645,(#12649,#12655),.PCURVE_S1.);
#12645 = LINE('',#12646,#12647);
#12646 = CARTESIAN_POINT('',(18.6,-17.2,84.988469806204));
#12647 = VECTOR('',#12648,1.);
#12648 = DIRECTION('',(0.,1.,0.));
#12649 = PCURVE('',#476,#12650);
#12650 = DEFINITIONAL_REPRESENTATION('',(#12651),#12654);
#12651 = B_SPLINE_CURVE_WITH_KNOTS('',1,(#12652,#12653),.UNSPECIFIED.,
  .F.,.F.,(2,2),(9.99994E-02,2.5000006),.PIECEWISE_BEZIER_KNOTS.);
#12652 = CARTESIAN_POINT('',(0.21545620075,9.99994E-02));
#12653 = CARTESIAN_POINT('',(0.21545620075,2.5000006));
#12654 = ( GEOMETRIC_REPRESENTATION_CONTEXT(2) 
PARAMETRIC_REPRESENTATION_CONTEXT() REPRESENTATION_CONTEXT('2D SPACE',''
  ) );
#12655 = PCURVE('',#504,#12656);
#12656 = DEFINITIONAL_REPRESENTATION('',(#12657),#12660);
#12657 = B_SPLINE_CURVE_WITH_KNOTS('',1,(#12658,#12659),.UNSPECIFIED.,
  .F.,.F.,(2,2),(9.99994E-02,2.5000006),.PIECEWISE_BEZIER_KNOTS.);
#12658 = CARTESIAN_POINT('',(174.9884698062,5.999999999062E-07));
#12659 = CARTESIAN_POINT('',(174.9884698062,-2.4000006));
#12660 = ( GEOMETRIC_REPRESENTATION_CONTEXT(2) 
PARAMETRIC_REPRESENTATION_CONTEXT() REPRESENTATION_CONTEXT('2D SPACE',''
  ) );
#12661 = ORIENTED_EDGE('',*,*,#7189,.T.);
#12662 = ORIENTED_EDGE('',*,*,#12663,.T.);
#12663 = EDGE_CURVE('',#7192,#460,#12664,.T.);
#12664 = SURFACE_CURVE('',#12665,(#12669,#12675),.PCURVE_S1.);
#12665 = LINE('',#12666,#12667);
#12666 = CARTESIAN_POINT('',(23.4,-17.2,83.794033200461));
#12667 = VECTOR('',#12668,1.);
#12668 = DIRECTION('',(0.,1.,0.));
#12669 = PCURVE('',#476,#12670);
#12670 = DEFINITIONAL_REPRESENTATION('',(#12671),#12674);
#12671 = B_SPLINE_CURVE_WITH_KNOTS('',1,(#12672,#12673),.UNSPECIFIED.,
  .F.,.F.,(2,2),(9.99994E-02,2.5000006),.PIECEWISE_BEZIER_KNOTS.);
#12672 = CARTESIAN_POINT('',(0.27231880798,9.99994E-02));
#12673 = CARTESIAN_POINT('',(0.27231880798,2.5000006));
#12674 = ( GEOMETRIC_REPRESENTATION_CONTEXT(2) 
PARAMETRIC_REPRESENTATION_CONTEXT() REPRESENTATION_CONTEXT('2D SPACE',''
  ) );
#12675 = PCURVE('',#558,#12676);
#12676 = DEFINITIONAL_REPRESENTATION('',(#12677),#12680);
#12677 = B_SPLINE_CURVE_WITH_KNOTS('',1,(#12678,#12679),.UNSPECIFIED.,
  .F.,.F.,(2,2),(9.99994E-02,2.5000006),.PIECEWISE_BEZIER_KNOTS.);
#12678 = CARTESIAN_POINT('',(173.79403320046,5.999999999062E-07));
#12679 = CARTESIAN_POINT('',(173.79403320046,-2.4000006));
#12680 = ( GEOMETRIC_REPRESENTATION_CONTEXT(2) 
PARAMETRIC_REPRESENTATION_CONTEXT() REPRESENTATION_CONTEXT('2D SPACE',''
  ) );
#12681 = ADVANCED_FACE('',(#12682),#591,.F.);
#12682 = FACE_BOUND('',#12683,.F.);
#12683 = EDGE_LOOP('',(#12684,#12685,#12704,#12705));
#12684 = ORIENTED_EDGE('',*,*,#572,.F.);
#12685 = ORIENTED_EDGE('',*,*,#12686,.F.);
#12686 = EDGE_CURVE('',#7285,#573,#12687,.T.);
#12687 = SURFACE_CURVE('',#12688,(#12692,#12698),.PCURVE_S1.);
#12688 = LINE('',#12689,#12690);
#12689 = CARTESIAN_POINT('',(24.6,-17.2,83.449625523426));
#12690 = VECTOR('',#12691,1.);
#12691 = DIRECTION('',(0.,1.,0.));
#12692 = PCURVE('',#591,#12693);
#12693 = DEFINITIONAL_REPRESENTATION('',(#12694),#12697);
#12694 = B_SPLINE_CURVE_WITH_KNOTS('',1,(#12695,#12696),.UNSPECIFIED.,
  .F.,.F.,(2,2),(9.99994E-02,2.5000006),.PIECEWISE_BEZIER_KNOTS.);
#12695 = CARTESIAN_POINT('',(0.286668881598,9.99994E-02));
#12696 = CARTESIAN_POINT('',(0.286668881598,2.5000006));
#12697 = ( GEOMETRIC_REPRESENTATION_CONTEXT(2) 
PARAMETRIC_REPRESENTATION_CONTEXT() REPRESENTATION_CONTEXT('2D SPACE',''
  ) );
#12698 = PCURVE('',#619,#12699);
#12699 = DEFINITIONAL_REPRESENTATION('',(#12700),#12703);
#12700 = B_SPLINE_CURVE_WITH_KNOTS('',1,(#12701,#12702),.UNSPECIFIED.,
  .F.,.F.,(2,2),(9.99994E-02,2.5000006),.PIECEWISE_BEZIER_KNOTS.);
#12701 = CARTESIAN_POINT('',(173.44962552342,5.999999999062E-07));
#12702 = CARTESIAN_POINT('',(173.44962552342,-2.4000006));
#12703 = ( GEOMETRIC_REPRESENTATION_CONTEXT(2) 
PARAMETRIC_REPRESENTATION_CONTEXT() REPRESENTATION_CONTEXT('2D SPACE',''
  ) );
#12704 = ORIENTED_EDGE('',*,*,#7284,.T.);
#12705 = ORIENTED_EDGE('',*,*,#12706,.T.);
#12706 = EDGE_CURVE('',#7287,#575,#12707,.T.);
#12707 = SURFACE_CURVE('',#12708,(#12712,#12718),.PCURVE_S1.);
#12708 = LINE('',#12709,#12710);
#12709 = CARTESIAN_POINT('',(29.4,-17.2,81.881866124314));
#12710 = VECTOR('',#12711,1.);
#12711 = DIRECTION('',(0.,1.,0.));
#12712 = PCURVE('',#591,#12713);
#12713 = DEFINITIONAL_REPRESENTATION('',(#12714),#12717);
#12714 = B_SPLINE_CURVE_WITH_KNOTS('',1,(#12715,#12716),.UNSPECIFIED.,
  .F.,.F.,(2,2),(9.99994E-02,2.5000006),.PIECEWISE_BEZIER_KNOTS.);
#12715 = CARTESIAN_POINT('',(0.344717738577,9.99994E-02));
#12716 = CARTESIAN_POINT('',(0.344717738577,2.5000006));
#12717 = ( GEOMETRIC_REPRESENTATION_CONTEXT(2) 
PARAMETRIC_REPRESENTATION_CONTEXT() REPRESENTATION_CONTEXT('2D SPACE',''
  ) );
#12718 = PCURVE('',#673,#12719);
#12719 = DEFINITIONAL_REPRESENTATION('',(#12720),#12723);
#12720 = B_SPLINE_CURVE_WITH_KNOTS('',1,(#12721,#12722),.UNSPECIFIED.,
  .F.,.F.,(2,2),(9.99994E-02,2.5000006),.PIECEWISE_BEZIER_KNOTS.);
#12721 = CARTESIAN_POINT('',(171.88186612431,5.999999999062E-07));
#12722 = CARTESIAN_POINT('',(171.88186612431,-2.4000006));
#12723 = ( GEOMETRIC_REPRESENTATION_CONTEXT(2) 
PARAMETRIC_REPRESENTATION_CONTEXT() REPRESENTATION_CONTEXT('2D SPACE',''
  ) );
#12724 = ADVANCED_FACE('',(#12725),#706,.F.);
#12725 = FACE_BOUND('',#12726,.F.);
#12726 = EDGE_LOOP('',(#12727,#12728,#12747,#12748));
#12727 = ORIENTED_EDGE('',*,*,#687,.F.);
#12728 = ORIENTED_EDGE('',*,*,#12729,.F.);
#12729 = EDGE_CURVE('',#7380,#688,#12730,.T.);
#12730 = SURFACE_CURVE('',#12731,(#12735,#12741),.PCURVE_S1.);
#12731 = LINE('',#12732,#12733);
#12732 = CARTESIAN_POINT('',(30.6,-17.2,81.441021604594));
#12733 = VECTOR('',#12734,1.);
#12734 = DIRECTION('',(0.,1.,0.));
#12735 = PCURVE('',#706,#12736);
#12736 = DEFINITIONAL_REPRESENTATION('',(#12737),#12740);
#12737 = B_SPLINE_CURVE_WITH_KNOTS('',1,(#12738,#12739),.UNSPECIFIED.,
  .F.,.F.,(2,2),(9.99994E-02,2.5000006),.PIECEWISE_BEZIER_KNOTS.);
#12738 = CARTESIAN_POINT('',(0.359412291479,9.99994E-02));
#12739 = CARTESIAN_POINT('',(0.359412291479,2.5000006));
#12740 = ( GEOMETRIC_REPRESENTATION_CONTEXT(2) 
PARAMETRIC_REPRESENTATION_CONTEXT() REPRESENTATION_CONTEXT('2D SPACE',''
  ) );
#12741 = PCURVE('',#734,#12742);
#12742 = DEFINITIONAL_REPRESENTATION('',(#12743),#12746);
#12743 = B_SPLINE_CURVE_WITH_KNOTS('',1,(#12744,#12745),.UNSPECIFIED.,
  .F.,.F.,(2,2),(9.99994E-02,2.5000006),.PIECEWISE_BEZIER_KNOTS.);
#12744 = CARTESIAN_POINT('',(171.44102160459,5.999999999062E-07));
#12745 = CARTESIAN_POINT('',(171.44102160459,-2.4000006));
#12746 = ( GEOMETRIC_REPRESENTATION_CONTEXT(2) 
PARAMETRIC_REPRESENTATION_CONTEXT() REPRESENTATION_CONTEXT('2D SPACE',''
  ) );
#12747 = ORIENTED_EDGE('',*,*,#7379,.T.);
#12748 = ORIENTED_EDGE('',*,*,#12749,.T.);
#12749 = EDGE_CURVE('',#7382,#690,#12750,.T.);
#12750 = SURFACE_CURVE('',#12751,(#12755,#12761),.PCURVE_S1.);
#12751 = LINE('',#12752,#12753);
#12752 = CARTESIAN_POINT('',(35.4,-17.2,79.472259311033));
#12753 = VECTOR('',#12754,1.);
#12754 = DIRECTION('',(0.,1.,0.));
#12755 = PCURVE('',#706,#12756);
#12756 = DEFINITIONAL_REPRESENTATION('',(#12757),#12760);
#12757 = B_SPLINE_CURVE_WITH_KNOTS('',1,(#12758,#12759),.UNSPECIFIED.,
  .F.,.F.,(2,2),(9.99994E-02,2.5000006),.PIECEWISE_BEZIER_KNOTS.);
#12758 = CARTESIAN_POINT('',(0.419054069109,9.99994E-02));
#12759 = CARTESIAN_POINT('',(0.419054069109,2.5000006));
#12760 = ( GEOMETRIC_REPRESENTATION_CONTEXT(2) 
PARAMETRIC_REPRESENTATION_CONTEXT() REPRESENTATION_CONTEXT('2D SPACE',''
  ) );
#12761 = PCURVE('',#788,#12762);
#12762 = DEFINITIONAL_REPRESENTATION('',(#12763),#12766);
#12763 = B_SPLINE_CURVE_WITH_KNOTS('',1,(#12764,#12765),.UNSPECIFIED.,
  .F.,.F.,(2,2),(9.99994E-02,2.5000006),.PIECEWISE_BEZIER_KNOTS.);
#12764 = CARTESIAN_POINT('',(169.47225931103,5.999999999062E-07));
#12765 = CARTESIAN_POINT('',(169.47225931103,-2.4000006));
#12766 = ( GEOMETRIC_REPRESENTATION_CONTEXT(2) 
PARAMETRIC_REPRESENTATION_CONTEXT() REPRESENTATION_CONTEXT('2D SPACE',''
  ) );
#12767 = ADVANCED_FACE('',(#12768),#821,.F.);
#12768 = FACE_BOUND('',#12769,.F.);
#12769 = EDGE_LOOP('',(#12770,#12771,#12790,#12791));
#12770 = ORIENTED_EDGE('',*,*,#802,.F.);
#12771 = ORIENTED_EDGE('',*,*,#12772,.F.);
#12772 = EDGE_CURVE('',#7475,#803,#12773,.T.);
#12773 = SURFACE_CURVE('',#12774,(#12778,#12784),.PCURVE_S1.);
#12774 = LINE('',#12775,#12776);
#12775 = CARTESIAN_POINT('',(36.6,-17.2,78.926801531546));
#12776 = VECTOR('',#12777,1.);
#12777 = DIRECTION('',(0.,1.,0.));
#12778 = PCURVE('',#821,#12779);
#12779 = DEFINITIONAL_REPRESENTATION('',(#12780),#12783);
#12780 = B_SPLINE_CURVE_WITH_KNOTS('',1,(#12781,#12782),.UNSPECIFIED.,
  .F.,.F.,(2,2),(9.99994E-02,2.5000006),.PIECEWISE_BEZIER_KNOTS.);
#12781 = CARTESIAN_POINT('',(0.43420538424,9.99994E-02));
#12782 = CARTESIAN_POINT('',(0.43420538424,2.5000006));
#12783 = ( GEOMETRIC_REPRESENTATION_CONTEXT(2) 
PARAMETRIC_REPRESENTATION_CONTEXT() REPRESENTATION_CONTEXT('2D SPACE',''
  ) );
#12784 = PCURVE('',#849,#12785);
#12785 = DEFINITIONAL_REPRESENTATION('',(#12786),#12789);
#12786 = B_SPLINE_CURVE_WITH_KNOTS('',1,(#12787,#12788),.UNSPECIFIED.,
  .F.,.F.,(2,2),(9.99994E-02,2.5000006),.PIECEWISE_BEZIER_KNOTS.);
#12787 = CARTESIAN_POINT('',(168.92680153154,5.999999999062E-07));
#12788 = CARTESIAN_POINT('',(168.92680153154,-2.4000006));
#12789 = ( GEOMETRIC_REPRESENTATION_CONTEXT(2) 
PARAMETRIC_REPRESENTATION_CONTEXT() REPRESENTATION_CONTEXT('2D SPACE',''
  ) );
#12790 = ORIENTED_EDGE('',*,*,#7474,.T.);
#12791 = ORIENTED_EDGE('',*,*,#12792,.T.);
#12792 = EDGE_CURVE('',#7477,#805,#12793,.T.);
#12793 = SURFACE_CURVE('',#12794,(#12798,#12804),.PCURVE_S1.);
#12794 = LINE('',#12795,#12796);
#12795 = CARTESIAN_POINT('',(41.4,-17.2,76.518233121263));
#12796 = VECTOR('',#12797,1.);
#12797 = DIRECTION('',(0.,1.,0.));
#12798 = PCURVE('',#821,#12799);
#12799 = DEFINITIONAL_REPRESENTATION('',(#12800),#12803);
#12800 = B_SPLINE_CURVE_WITH_KNOTS('',1,(#12801,#12802),.UNSPECIFIED.,
  .F.,.F.,(2,2),(9.99994E-02,2.5000006),.PIECEWISE_BEZIER_KNOTS.);
#12801 = CARTESIAN_POINT('',(0.495943930661,9.99994E-02));
#12802 = CARTESIAN_POINT('',(0.495943930661,2.5000006));
#12803 = ( GEOMETRIC_REPRESENTATION_CONTEXT(2) 
PARAMETRIC_REPRESENTATION_CONTEXT() REPRESENTATION_CONTEXT('2D SPACE',''
  ) );
#12804 = PCURVE('',#903,#12805);
#12805 = DEFINITIONAL_REPRESENTATION('',(#12806),#12809);
#12806 = B_SPLINE_CURVE_WITH_KNOTS('',1,(#12807,#12808),.UNSPECIFIED.,
  .F.,.F.,(2,2),(9.99994E-02,2.5000006),.PIECEWISE_BEZIER_KNOTS.);
#12807 = CARTESIAN_POINT('',(166.51823312126,5.999999999062E-07));
#12808 = CARTESIAN_POINT('',(166.51823312126,-2.4000006));
#12809 = ( GEOMETRIC_REPRESENTATION_CONTEXT(2) 
PARAMETRIC_REPRESENTATION_CONTEXT() REPRESENTATION_CONTEXT('2D SPACE',''
  ) );
#12810 = ADVANCED_FACE('',(#12811),#936,.F.);
#12811 = FACE_BOUND('',#12812,.F.);
#12812 = EDGE_LOOP('',(#12813,#12814,#12833,#12834));
#12813 = ORIENTED_EDGE('',*,*,#917,.F.);
#12814 = ORIENTED_EDGE('',*,*,#12815,.F.);
#12815 = EDGE_CURVE('',#7570,#918,#12816,.T.);
#12816 = SURFACE_CURVE('',#12817,(#12821,#12827),.PCURVE_S1.);
#12817 = LINE('',#12818,#12819);
#12818 = CARTESIAN_POINT('',(42.6,-17.2,75.85670702054));
#12819 = VECTOR('',#12820,1.);
#12820 = DIRECTION('',(0.,1.,0.));
#12821 = PCURVE('',#936,#12822);
#12822 = DEFINITIONAL_REPRESENTATION('',(#12823),#12826);
#12823 = B_SPLINE_CURVE_WITH_KNOTS('',1,(#12824,#12825),.UNSPECIFIED.,
  .F.,.F.,(2,2),(9.99994E-02,2.5000006),.PIECEWISE_BEZIER_KNOTS.);
#12824 = CARTESIAN_POINT('',(0.511694226498,9.99994E-02));
#12825 = CARTESIAN_POINT('',(0.511694226498,2.5000006));
#12826 = ( GEOMETRIC_REPRESENTATION_CONTEXT(2) 
PARAMETRIC_REPRESENTATION_CONTEXT() REPRESENTATION_CONTEXT('2D SPACE',''
  ) );
#12827 = PCURVE('',#964,#12828);
#12828 = DEFINITIONAL_REPRESENTATION('',(#12829),#12832);
#12829 = B_SPLINE_CURVE_WITH_KNOTS('',1,(#12830,#12831),.UNSPECIFIED.,
  .F.,.F.,(2,2),(9.99994E-02,2.5000006),.PIECEWISE_BEZIER_KNOTS.);
#12830 = CARTESIAN_POINT('',(165.85670702054,5.999999999062E-07));
#12831 = CARTESIAN_POINT('',(165.85670702054,-2.4000006));
#12832 = ( GEOMETRIC_REPRESENTATION_CONTEXT(2) 
PARAMETRIC_REPRESENTATION_CONTEXT() REPRESENTATION_CONTEXT('2D SPACE',''
  ) );
#12833 = ORIENTED_EDGE('',*,*,#7569,.T.);
#12834 = ORIENTED_EDGE('',*,*,#12835,.T.);
#12835 = EDGE_CURVE('',#7572,#920,#12836,.T.);
#12836 = SURFACE_CURVE('',#12837,(#12841,#12847),.PCURVE_S1.);
#12837 = LINE('',#12838,#12839);
#12838 = CARTESIAN_POINT('',(47.4,-17.2,72.953683937139));
#12839 = VECTOR('',#12840,1.);
#12840 = DIRECTION('',(0.,1.,0.));
#12841 = PCURVE('',#936,#12842);
#12842 = DEFINITIONAL_REPRESENTATION('',(#12843),#12846);
#12843 = B_SPLINE_CURVE_WITH_KNOTS('',1,(#12844,#12845),.UNSPECIFIED.,
  .F.,.F.,(2,2),(9.99994E-02,2.5000006),.PIECEWISE_BEZIER_KNOTS.);
#12844 = CARTESIAN_POINT('',(0.576183491094,9.99994E-02));
#12845 = CARTESIAN_POINT('',(0.576183491094,2.5000006));
#12846 = ( GEOMETRIC_REPRESENTATION_CONTEXT(2) 
PARAMETRIC_REPRESENTATION_CONTEXT() REPRESENTATION_CONTEXT('2D SPACE',''
  ) );
#12847 = PCURVE('',#1018,#12848);
#12848 = DEFINITIONAL_REPRESENTATION('',(#12849),#12852);
#12849 = B_SPLINE_CURVE_WITH_KNOTS('',1,(#12850,#12851),.UNSPECIFIED.,
  .F.,.F.,(2,2),(9.99994E-02,2.5000006),.PIECEWISE_BEZIER_KNOTS.);
#12850 = CARTESIAN_POINT('',(162.95368393713,5.999999999062E-07));
#12851 = CARTESIAN_POINT('',(162.95368393713,-2.4000006));
#12852 = ( GEOMETRIC_REPRESENTATION_CONTEXT(2) 
PARAMETRIC_REPRESENTATION_CONTEXT() REPRESENTATION_CONTEXT('2D SPACE',''
  ) );
#12853 = ADVANCED_FACE('',(#12854),#1051,.F.);
#12854 = FACE_BOUND('',#12855,.F.);
#12855 = EDGE_LOOP('',(#12856,#12857,#12876,#12877));
#12856 = ORIENTED_EDGE('',*,*,#1032,.F.);
#12857 = ORIENTED_EDGE('',*,*,#12858,.F.);
#12858 = EDGE_CURVE('',#7665,#1033,#12859,.T.);
#12859 = SURFACE_CURVE('',#12860,(#12864,#12870),.PCURVE_S1.);
#12860 = LINE('',#12861,#12862);
#12861 = CARTESIAN_POINT('',(48.6,-17.2,72.15982261619));
#12862 = VECTOR('',#12863,1.);
#12863 = DIRECTION('',(0.,1.,0.));
#12864 = PCURVE('',#1051,#12865);
#12865 = DEFINITIONAL_REPRESENTATION('',(#12866),#12869);
#12866 = B_SPLINE_CURVE_WITH_KNOTS('',1,(#12867,#12868),.UNSPECIFIED.,
  .F.,.F.,(2,2),(9.99994E-02,2.5000006),.PIECEWISE_BEZIER_KNOTS.);
#12867 = CARTESIAN_POINT('',(0.59272189164,9.99994E-02));
#12868 = CARTESIAN_POINT('',(0.59272189164,2.5000006));
#12869 = ( GEOMETRIC_REPRESENTATION_CONTEXT(2) 
PARAMETRIC_REPRESENTATION_CONTEXT() REPRESENTATION_CONTEXT('2D SPACE',''
  ) );
#12870 = PCURVE('',#1079,#12871);
#12871 = DEFINITIONAL_REPRESENTATION('',(#12872),#12875);
#12872 = B_SPLINE_CURVE_WITH_KNOTS('',1,(#12873,#12874),.UNSPECIFIED.,
  .F.,.F.,(2,2),(9.99994E-02,2.5000006),.PIECEWISE_BEZIER_KNOTS.);
#12873 = CARTESIAN_POINT('',(162.15982261619,5.999999999062E-07));
#12874 = CARTESIAN_POINT('',(162.15982261619,-2.4000006));
#12875 = ( GEOMETRIC_REPRESENTATION_CONTEXT(2) 
PARAMETRIC_REPRESENTATION_CONTEXT() REPRESENTATION_CONTEXT('2D SPACE',''
  ) );
#12876 = ORIENTED_EDGE('',*,*,#7664,.T.);
#12877 = ORIENTED_EDGE('',*,*,#12878,.T.);
#12878 = EDGE_CURVE('',#7667,#1035,#12879,.T.);
#12879 = SURFACE_CURVE('',#12880,(#12884,#12890),.PCURVE_S1.);
#12880 = LINE('',#12881,#12882);
#12881 = CARTESIAN_POINT('',(53.4,-17.2,68.68362250202));
#12882 = VECTOR('',#12883,1.);
#12883 = DIRECTION('',(0.,1.,0.));
#12884 = PCURVE('',#1051,#12885);
#12885 = DEFINITIONAL_REPRESENTATION('',(#12886),#12889);
#12886 = B_SPLINE_CURVE_WITH_KNOTS('',1,(#12887,#12888),.UNSPECIFIED.,
  .F.,.F.,(2,2),(9.99994E-02,2.5000006),.PIECEWISE_BEZIER_KNOTS.);
#12887 = CARTESIAN_POINT('',(0.660856307592,9.99994E-02));
#12888 = CARTESIAN_POINT('',(0.660856307592,2.5000006));
#12889 = ( GEOMETRIC_REPRESENTATION_CONTEXT(2) 
PARAMETRIC_REPRESENTATION_CONTEXT() REPRESENTATION_CONTEXT('2D SPACE',''
  ) );
#12890 = PCURVE('',#1133,#12891);
#12891 = DEFINITIONAL_REPRESENTATION('',(#12892),#12895);
#12892 = B_SPLINE_CURVE_WITH_KNOTS('',1,(#12893,#12894),.UNSPECIFIED.,
  .F.,.F.,(2,2),(9.99994E-02,2.5000006),.PIECEWISE_BEZIER_KNOTS.);
#12893 = CARTESIAN_POINT('',(158.68362250202,5.999999999062E-07));
#12894 = CARTESIAN_POINT('',(158.68362250202,-2.4000006));
#12895 = ( GEOMETRIC_REPRESENTATION_CONTEXT(2) 
PARAMETRIC_REPRESENTATION_CONTEXT() REPRESENTATION_CONTEXT('2D SPACE',''
  ) );
#12896 = ADVANCED_FACE('',(#12897),#1166,.F.);
#12897 = FACE_BOUND('',#12898,.F.);
#12898 = EDGE_LOOP('',(#12899,#12900,#12919,#12920));
#12899 = ORIENTED_EDGE('',*,*,#1147,.F.);
#12900 = ORIENTED_EDGE('',*,*,#12901,.F.);
#12901 = EDGE_CURVE('',#7760,#1148,#12902,.T.);
#12902 = SURFACE_CURVE('',#12903,(#12907,#12913),.PCURVE_S1.);
#12903 = LINE('',#12904,#12905);
#12904 = CARTESIAN_POINT('',(54.6,-17.2,67.733595800016));
#12905 = VECTOR('',#12906,1.);
#12906 = DIRECTION('',(0.,1.,0.));
#12907 = PCURVE('',#1166,#12908);
#12908 = DEFINITIONAL_REPRESENTATION('',(#12909),#12912);
#12909 = B_SPLINE_CURVE_WITH_KNOTS('',1,(#12910,#12911),.UNSPECIFIED.,
  .F.,.F.,(2,2),(9.99994E-02,2.5000006),.PIECEWISE_BEZIER_KNOTS.);
#12910 = CARTESIAN_POINT('',(0.678448940908,9.99994E-02));
#12911 = CARTESIAN_POINT('',(0.678448940908,2.5000006));
#12912 = ( GEOMETRIC_REPRESENTATION_CONTEXT(2) 
PARAMETRIC_REPRESENTATION_CONTEXT() REPRESENTATION_CONTEXT('2D SPACE',''
  ) );
#12913 = PCURVE('',#1194,#12914);
#12914 = DEFINITIONAL_REPRESENTATION('',(#12915),#12918);
#12915 = B_SPLINE_CURVE_WITH_KNOTS('',1,(#12916,#12917),.UNSPECIFIED.,
  .F.,.F.,(2,2),(9.99994E-02,2.5000006),.PIECEWISE_BEZIER_KNOTS.);
#12916 = CARTESIAN_POINT('',(157.73359580001,5.999999999062E-07));
#12917 = CARTESIAN_POINT('',(157.73359580001,-2.4000006));
#12918 = ( GEOMETRIC_REPRESENTATION_CONTEXT(2) 
PARAMETRIC_REPRESENTATION_CONTEXT() REPRESENTATION_CONTEXT('2D SPACE',''
  ) );
#12919 = ORIENTED_EDGE('',*,*,#7759,.T.);
#12920 = ORIENTED_EDGE('',*,*,#12921,.T.);
#12921 = EDGE_CURVE('',#7762,#1150,#12922,.T.);
#12922 = SURFACE_CURVE('',#12923,(#12927,#12933),.PCURVE_S1.);
#12923 = LINE('',#12924,#12925);
#12924 = CARTESIAN_POINT('',(59.4,-17.2,63.566028663115));
#12925 = VECTOR('',#12926,1.);
#12926 = DIRECTION('',(0.,1.,0.));
#12927 = PCURVE('',#1166,#12928);
#12928 = DEFINITIONAL_REPRESENTATION('',(#12929),#12932);
#12929 = B_SPLINE_CURVE_WITH_KNOTS('',1,(#12930,#12931),.UNSPECIFIED.,
  .F.,.F.,(2,2),(9.99994E-02,2.5000006),.PIECEWISE_BEZIER_KNOTS.);
#12930 = CARTESIAN_POINT('',(0.751531608111,9.99994E-02));
#12931 = CARTESIAN_POINT('',(0.751531608111,2.5000006));
#12932 = ( GEOMETRIC_REPRESENTATION_CONTEXT(2) 
PARAMETRIC_REPRESENTATION_CONTEXT() REPRESENTATION_CONTEXT('2D SPACE',''
  ) );
#12933 = PCURVE('',#1248,#12934);
#12934 = DEFINITIONAL_REPRESENTATION('',(#12935),#12938);
#12935 = B_SPLINE_CURVE_WITH_KNOTS('',1,(#12936,#12937),.UNSPECIFIED.,
  .F.,.F.,(2,2),(9.99994E-02,2.5000006),.PIECEWISE_BEZIER_KNOTS.);
#12936 = CARTESIAN_POINT('',(153.56602866311,5.999999999062E-07));
#12937 = CARTESIAN_POINT('',(153.56602866311,-2.4000006));
#12938 = ( GEOMETRIC_REPRESENTATION_CONTEXT(2) 
PARAMETRIC_REPRESENTATION_CONTEXT() REPRESENTATION_CONTEXT('2D SPACE',''
  ) );
#12939 = ADVANCED_FACE('',(#12940),#1281,.F.);
#12940 = FACE_BOUND('',#12941,.F.);
#12941 = EDGE_LOOP('',(#12942,#12943,#12962,#12963));
#12942 = ORIENTED_EDGE('',*,*,#1262,.F.);
#12943 = ORIENTED_EDGE('',*,*,#12944,.F.);
#12944 = EDGE_CURVE('',#7855,#1263,#12945,.T.);
#12945 = SURFACE_CURVE('',#12946,(#12950,#12956),.PCURVE_S1.);
#12946 = LINE('',#12947,#12948);
#12947 = CARTESIAN_POINT('',(60.6,-17.2,62.423072657472));
#12948 = VECTOR('',#12949,1.);
#12949 = DIRECTION('',(0.,1.,0.));
#12950 = PCURVE('',#1281,#12951);
#12951 = DEFINITIONAL_REPRESENTATION('',(#12952),#12955);
#12952 = B_SPLINE_CURVE_WITH_KNOTS('',1,(#12953,#12954),.UNSPECIFIED.,
  .F.,.F.,(2,2),(9.99994E-02,2.5000006),.PIECEWISE_BEZIER_KNOTS.);
#12953 = CARTESIAN_POINT('',(0.770580298862,9.99994E-02));
#12954 = CARTESIAN_POINT('',(0.770580298862,2.5000006));
#12955 = ( GEOMETRIC_REPRESENTATION_CONTEXT(2) 
PARAMETRIC_REPRESENTATION_CONTEXT() REPRESENTATION_CONTEXT('2D SPACE',''
  ) );
#12956 = PCURVE('',#1309,#12957);
#12957 = DEFINITIONAL_REPRESENTATION('',(#12958),#12961);
#12958 = B_SPLINE_CURVE_WITH_KNOTS('',1,(#12959,#12960),.UNSPECIFIED.,
  .F.,.F.,(2,2),(9.99994E-02,2.5000006),.PIECEWISE_BEZIER_KNOTS.);
#12959 = CARTESIAN_POINT('',(152.42307265747,5.999999999062E-07));
#12960 = CARTESIAN_POINT('',(152.42307265747,-2.4000006));
#12961 = ( GEOMETRIC_REPRESENTATION_CONTEXT(2) 
PARAMETRIC_REPRESENTATION_CONTEXT() REPRESENTATION_CONTEXT('2D SPACE',''
  ) );
#12962 = ORIENTED_EDGE('',*,*,#7854,.T.);
#12963 = ORIENTED_EDGE('',*,*,#12964,.T.);
#12964 = EDGE_CURVE('',#7857,#1265,#12965,.T.);
#12965 = SURFACE_CURVE('',#12966,(#12970,#12976),.PCURVE_S1.);
#12966 = LINE('',#12967,#12968);
#12967 = CARTESIAN_POINT('',(65.4,-17.2,57.374558821833));
#12968 = VECTOR('',#12969,1.);
#12969 = DIRECTION('',(0.,1.,0.));
#12970 = PCURVE('',#1281,#12971);
#12971 = DEFINITIONAL_REPRESENTATION('',(#12972),#12975);
#12972 = B_SPLINE_CURVE_WITH_KNOTS('',1,(#12973,#12974),.UNSPECIFIED.,
  .F.,.F.,(2,2),(9.99994E-02,2.5000006),.PIECEWISE_BEZIER_KNOTS.);
#12973 = CARTESIAN_POINT('',(0.850672597114,9.99994E-02));
#12974 = CARTESIAN_POINT('',(0.850672597114,2.5000006));
#12975 = ( GEOMETRIC_REPRESENTATION_CONTEXT(2) 
PARAMETRIC_REPRESENTATION_CONTEXT() REPRESENTATION_CONTEXT('2D SPACE',''
  ) );
#12976 = PCURVE('',#1363,#12977);
#12977 = DEFINITIONAL_REPRESENTATION('',(#12978),#12981);
#12978 = B_SPLINE_CURVE_WITH_KNOTS('',1,(#12979,#12980),.UNSPECIFIED.,
  .F.,.F.,(2,2),(9.99994E-02,2.5000006),.PIECEWISE_BEZIER_KNOTS.);
#12979 = CARTESIAN_POINT('',(147.37455882183,5.999999999062E-07));
#12980 = CARTESIAN_POINT('',(147.37455882183,-2.4000006));
#12981 = ( GEOMETRIC_REPRESENTATION_CONTEXT(2) 
PARAMETRIC_REPRESENTATION_CONTEXT() REPRESENTATION_CONTEXT('2D SPACE',''
  ) );
#12982 = ADVANCED_FACE('',(#12983),#1396,.F.);
#12983 = FACE_BOUND('',#12984,.F.);
#12984 = EDGE_LOOP('',(#12985,#12986,#13005,#13006));
#12985 = ORIENTED_EDGE('',*,*,#1377,.F.);
#12986 = ORIENTED_EDGE('',*,*,#12987,.F.);
#12987 = EDGE_CURVE('',#7950,#1378,#12988,.T.);
#12988 = SURFACE_CURVE('',#12989,(#12993,#12999),.PCURVE_S1.);
#12989 = LINE('',#12990,#12991);
#12990 = CARTESIAN_POINT('',(66.6,-17.2,55.977138190515));
#12991 = VECTOR('',#12992,1.);
#12992 = DIRECTION('',(0.,1.,0.));
#12993 = PCURVE('',#1396,#12994);
#12994 = DEFINITIONAL_REPRESENTATION('',(#12995),#12998);
#12995 = B_SPLINE_CURVE_WITH_KNOTS('',1,(#12996,#12997),.UNSPECIFIED.,
  .F.,.F.,(2,2),(9.99994E-02,2.5000006),.PIECEWISE_BEZIER_KNOTS.);
#12996 = CARTESIAN_POINT('',(0.87184484605,9.99994E-02));
#12997 = CARTESIAN_POINT('',(0.87184484605,2.5000006));
#12998 = ( GEOMETRIC_REPRESENTATION_CONTEXT(2) 
PARAMETRIC_REPRESENTATION_CONTEXT() REPRESENTATION_CONTEXT('2D SPACE',''
  ) );
#12999 = PCURVE('',#1424,#13000);
#13000 = DEFINITIONAL_REPRESENTATION('',(#13001),#13004);
#13001 = B_SPLINE_CURVE_WITH_KNOTS('',1,(#13002,#13003),.UNSPECIFIED.,
  .F.,.F.,(2,2),(9.99994E-02,2.5000006),.PIECEWISE_BEZIER_KNOTS.);
#13002 = CARTESIAN_POINT('',(145.97713819051,5.999999999062E-07));
#13003 = CARTESIAN_POINT('',(145.97713819051,-2.4000006));
#13004 = ( GEOMETRIC_REPRESENTATION_CONTEXT(2) 
PARAMETRIC_REPRESENTATION_CONTEXT() REPRESENTATION_CONTEXT('2D SPACE',''
  ) );
#13005 = ORIENTED_EDGE('',*,*,#7949,.T.);
#13006 = ORIENTED_EDGE('',*,*,#13007,.T.);
#13007 = EDGE_CURVE('',#7952,#1380,#13008,.T.);
#13008 = SURFACE_CURVE('',#13009,(#13013,#13019),.PCURVE_S1.);
#13009 = LINE('',#13010,#13011);
#13010 = CARTESIAN_POINT('',(71.4,-17.2,49.709556425299));
#13011 = VECTOR('',#13012,1.);
#13012 = DIRECTION('',(0.,1.,0.));
#13013 = PCURVE('',#1396,#13014);
#13014 = DEFINITIONAL_REPRESENTATION('',(#13015),#13018);
#13015 = B_SPLINE_CURVE_WITH_KNOTS('',1,(#13016,#13017),.UNSPECIFIED.,
  .F.,.F.,(2,2),(9.99994E-02,2.5000006),.PIECEWISE_BEZIER_KNOTS.);
#13016 = CARTESIAN_POINT('',(0.962616985952,9.99994E-02));
#13017 = CARTESIAN_POINT('',(0.962616985952,2.5000006));
#13018 = ( GEOMETRIC_REPRESENTATION_CONTEXT(2) 
PARAMETRIC_REPRESENTATION_CONTEXT() REPRESENTATION_CONTEXT('2D SPACE',''
  ) );
#13019 = PCURVE('',#1478,#13020);
#13020 = DEFINITIONAL_REPRESENTATION('',(#13021),#13024);
#13021 = B_SPLINE_CURVE_WITH_KNOTS('',1,(#13022,#13023),.UNSPECIFIED.,
  .F.,.F.,(2,2),(9.99994E-02,2.5000006),.PIECEWISE_BEZIER_KNOTS.);
#13022 = CARTESIAN_POINT('',(139.70955642529,5.999999999062E-07));
#13023 = CARTESIAN_POINT('',(139.70955642529,-2.4000006));
#13024 = ( GEOMETRIC_REPRESENTATION_CONTEXT(2) 
PARAMETRIC_REPRESENTATION_CONTEXT() REPRESENTATION_CONTEXT('2D SPACE',''
  ) );
#13025 = ADVANCED_FACE('',(#13026),#1511,.F.);
#13026 = FACE_BOUND('',#13027,.F.);
#13027 = EDGE_LOOP('',(#13028,#13029,#13048,#13049));
#13028 = ORIENTED_EDGE('',*,*,#1492,.F.);
#13029 = ORIENTED_EDGE('',*,*,#13030,.F.);
#13030 = EDGE_CURVE('',#8045,#1493,#13031,.T.);
#13031 = SURFACE_CURVE('',#13032,(#13036,#13042),.PCURVE_S1.);
#13032 = LINE('',#13033,#13034);
#13033 = CARTESIAN_POINT('',(72.6,-17.2,47.939962453052));
#13034 = VECTOR('',#13035,1.);
#13035 = DIRECTION('',(0.,1.,0.));
#13036 = PCURVE('',#1511,#13037);
#13037 = DEFINITIONAL_REPRESENTATION('',(#13038),#13041);
#13038 = B_SPLINE_CURVE_WITH_KNOTS('',1,(#13039,#13040),.UNSPECIFIED.,
  .F.,.F.,(2,2),(9.99994E-02,2.5000006),.PIECEWISE_BEZIER_KNOTS.);
#13039 = CARTESIAN_POINT('',(0.987193442917,9.99994E-02));
#13040 = CARTESIAN_POINT('',(0.987193442917,2.5000006));
#13041 = ( GEOMETRIC_REPRESENTATION_CONTEXT(2) 
PARAMETRIC_REPRESENTATION_CONTEXT() REPRESENTATION_CONTEXT('2D SPACE',''
  ) );
#13042 = PCURVE('',#1539,#13043);
#13043 = DEFINITIONAL_REPRESENTATION('',(#13044),#13047);
#13044 = B_SPLINE_CURVE_WITH_KNOTS('',1,(#13045,#13046),.UNSPECIFIED.,
  .F.,.F.,(2,2),(9.99994E-02,2.5000006),.PIECEWISE_BEZIER_KNOTS.);
#13045 = CARTESIAN_POINT('',(137.93996245305,5.999999999062E-07));
#13046 = CARTESIAN_POINT('',(137.93996245305,-2.4000006));
#13047 = ( GEOMETRIC_REPRESENTATION_CONTEXT(2) 
PARAMETRIC_REPRESENTATION_CONTEXT() REPRESENTATION_CONTEXT('2D SPACE',''
  ) );
#13048 = ORIENTED_EDGE('',*,*,#8044,.T.);
#13049 = ORIENTED_EDGE('',*,*,#13050,.T.);
#13050 = EDGE_CURVE('',#8047,#1495,#13051,.T.);
#13051 = SURFACE_CURVE('',#13052,(#13056,#13062),.PCURVE_S1.);
#13052 = LINE('',#13053,#13054);
#13053 = CARTESIAN_POINT('',(77.4,-17.2,39.727068857392));
#13054 = VECTOR('',#13055,1.);
#13055 = DIRECTION('',(0.,1.,0.));
#13056 = PCURVE('',#1511,#13057);
#13057 = DEFINITIONAL_REPRESENTATION('',(#13058),#13061);
#13058 = B_SPLINE_CURVE_WITH_KNOTS('',1,(#13059,#13060),.UNSPECIFIED.,
  .F.,.F.,(2,2),(9.99994E-02,2.5000006),.PIECEWISE_BEZIER_KNOTS.);
#13059 = CARTESIAN_POINT('',(1.096589460503,9.99994E-02));
#13060 = CARTESIAN_POINT('',(1.096589460503,2.5000006));
#13061 = ( GEOMETRIC_REPRESENTATION_CONTEXT(2) 
PARAMETRIC_REPRESENTATION_CONTEXT() REPRESENTATION_CONTEXT('2D SPACE',''
  ) );
#13062 = PCURVE('',#1593,#13063);
#13063 = DEFINITIONAL_REPRESENTATION('',(#13064),#13067);
#13064 = B_SPLINE_CURVE_WITH_KNOTS('',1,(#13065,#13066),.UNSPECIFIED.,
  .F.,.F.,(2,2),(9.99994E-02,2.5000006),.PIECEWISE_BEZIER_KNOTS.);
#13065 = CARTESIAN_POINT('',(129.72706885739,5.999999999062E-07));
#13066 = CARTESIAN_POINT('',(129.72706885739,-2.4000006));
#13067 = ( GEOMETRIC_REPRESENTATION_CONTEXT(2) 
PARAMETRIC_REPRESENTATION_CONTEXT() REPRESENTATION_CONTEXT('2D SPACE',''
  ) );
#13068 = ADVANCED_FACE('',(#13069),#1626,.F.);
#13069 = FACE_BOUND('',#13070,.F.);
#13070 = EDGE_LOOP('',(#13071,#13072,#13091,#13092));
#13071 = ORIENTED_EDGE('',*,*,#1607,.F.);
#13072 = ORIENTED_EDGE('',*,*,#13073,.F.);
#13073 = EDGE_CURVE('',#8140,#1608,#13074,.T.);
#13074 = SURFACE_CURVE('',#13075,(#13079,#13085),.PCURVE_S1.);
#13075 = LINE('',#13076,#13077);
#13076 = CARTESIAN_POINT('',(78.6,-17.2,37.296648643008));
#13077 = VECTOR('',#13078,1.);
#13078 = DIRECTION('',(0.,1.,0.));
#13079 = PCURVE('',#1626,#13080);
#13080 = DEFINITIONAL_REPRESENTATION('',(#13081),#13084);
#13081 = B_SPLINE_CURVE_WITH_KNOTS('',1,(#13082,#13083),.UNSPECIFIED.,
  .F.,.F.,(2,2),(9.99994E-02,2.5000006),.PIECEWISE_BEZIER_KNOTS.);
#13082 = CARTESIAN_POINT('',(1.127746173352,9.99994E-02));
#13083 = CARTESIAN_POINT('',(1.127746173352,2.5000006));
#13084 = ( GEOMETRIC_REPRESENTATION_CONTEXT(2) 
PARAMETRIC_REPRESENTATION_CONTEXT() REPRESENTATION_CONTEXT('2D SPACE',''
  ) );
#13085 = PCURVE('',#1654,#13086);
#13086 = DEFINITIONAL_REPRESENTATION('',(#13087),#13090);
#13087 = B_SPLINE_CURVE_WITH_KNOTS('',1,(#13088,#13089),.UNSPECIFIED.,
  .F.,.F.,(2,2),(9.99994E-02,2.5000006),.PIECEWISE_BEZIER_KNOTS.);
#13088 = CARTESIAN_POINT('',(127.296648643,5.999999999062E-07));
#13089 = CARTESIAN_POINT('',(127.296648643,-2.4000006));
#13090 = ( GEOMETRIC_REPRESENTATION_CONTEXT(2) 
PARAMETRIC_REPRESENTATION_CONTEXT() REPRESENTATION_CONTEXT('2D SPACE',''
  ) );
#13091 = ORIENTED_EDGE('',*,*,#8139,.T.);
#13092 = ORIENTED_EDGE('',*,*,#13093,.T.);
#13093 = EDGE_CURVE('',#8142,#1610,#13094,.T.);
#13094 = SURFACE_CURVE('',#13095,(#13099,#13105),.PCURVE_S1.);
#13095 = LINE('',#13096,#13097);
#13096 = CARTESIAN_POINT('',(83.4,-17.2,24.76772092866));
#13097 = VECTOR('',#13098,1.);
#13098 = DIRECTION('',(0.,1.,0.));
#13099 = PCURVE('',#1626,#13100);
#13100 = DEFINITIONAL_REPRESENTATION('',(#13101),#13104);
#13101 = B_SPLINE_CURVE_WITH_KNOTS('',1,(#13102,#13103),.UNSPECIFIED.,
  .F.,.F.,(2,2),(9.99994E-02,2.5000006),.PIECEWISE_BEZIER_KNOTS.);
#13102 = CARTESIAN_POINT('',(1.282117001701,9.99994E-02));
#13103 = CARTESIAN_POINT('',(1.282117001701,2.5000006));
#13104 = ( GEOMETRIC_REPRESENTATION_CONTEXT(2) 
PARAMETRIC_REPRESENTATION_CONTEXT() REPRESENTATION_CONTEXT('2D SPACE',''
  ) );
#13105 = PCURVE('',#1708,#13106);
#13106 = DEFINITIONAL_REPRESENTATION('',(#13107),#13110);
#13107 = B_SPLINE_CURVE_WITH_KNOTS('',1,(#13108,#13109),.UNSPECIFIED.,
  .F.,.F.,(2,2),(9.99994E-02,2.5000006),.PIECEWISE_BEZIER_KNOTS.);
#13108 = CARTESIAN_POINT('',(114.76772092866,5.999999999062E-07));
#13109 = CARTESIAN_POINT('',(114.76772092866,-2.4000006));
#13110 = ( GEOMETRIC_REPRESENTATION_CONTEXT(2) 
PARAMETRIC_REPRESENTATION_CONTEXT() REPRESENTATION_CONTEXT('2D SPACE',''
  ) );
#13111 = ADVANCED_FACE('',(#13112),#1741,.F.);
#13112 = FACE_BOUND('',#13113,.F.);
#13113 = EDGE_LOOP('',(#13114,#13115,#13134,#13135));
#13114 = ORIENTED_EDGE('',*,*,#1722,.F.);
#13115 = ORIENTED_EDGE('',*,*,#13116,.F.);
#13116 = EDGE_CURVE('',#8235,#1723,#13117,.T.);
#13117 = SURFACE_CURVE('',#13118,(#13122,#13128),.PCURVE_S1.);
#13118 = LINE('',#13119,#13120);
#13119 = CARTESIAN_POINT('',(84.6,-17.2,20.293841430345));
#13120 = VECTOR('',#13121,1.);
#13121 = DIRECTION('',(0.,1.,0.));
#13122 = PCURVE('',#1741,#13123);
#13123 = DEFINITIONAL_REPRESENTATION('',(#13124),#13127);
#13124 = B_SPLINE_CURVE_WITH_KNOTS('',1,(#13125,#13126),.UNSPECIFIED.,
  .F.,.F.,(2,2),(9.99994E-02,2.5000006),.PIECEWISE_BEZIER_KNOTS.);
#13125 = CARTESIAN_POINT('',(1.335364887041,9.99994E-02));
#13126 = CARTESIAN_POINT('',(1.335364887041,2.5000006));
#13127 = ( GEOMETRIC_REPRESENTATION_CONTEXT(2) 
PARAMETRIC_REPRESENTATION_CONTEXT() REPRESENTATION_CONTEXT('2D SPACE',''
  ) );
#13128 = PCURVE('',#1769,#13129);
#13129 = DEFINITIONAL_REPRESENTATION('',(#13130),#13133);
#13130 = B_SPLINE_CURVE_WITH_KNOTS('',1,(#13131,#13132),.UNSPECIFIED.,
  .F.,.F.,(2,2),(9.99994E-02,2.5000006),.PIECEWISE_BEZIER_KNOTS.);
#13131 = CARTESIAN_POINT('',(110.29384143034,5.999999999062E-07));
#13132 = CARTESIAN_POINT('',(110.29384143034,-2.4000006));
#13133 = ( GEOMETRIC_REPRESENTATION_CONTEXT(2) 
PARAMETRIC_REPRESENTATION_CONTEXT() REPRESENTATION_CONTEXT('2D SPACE',''
  ) );
#13134 = ORIENTED_EDGE('',*,*,#8234,.T.);
#13135 = ORIENTED_EDGE('',*,*,#13136,.T.);
#13136 = EDGE_CURVE('',#8237,#1725,#13137,.T.);
#13137 = SURFACE_CURVE('',#13138,(#13142,#13148),.PCURVE_S1.);
#13138 = LINE('',#13139,#13140);
#13139 = CARTESIAN_POINT('',(86.997931009881,-17.2,0.6));
#13140 = VECTOR('',#13141,1.);
#13141 = DIRECTION('',(0.,1.,0.));
#13142 = PCURVE('',#1741,#13143);
#13143 = DEFINITIONAL_REPRESENTATION('',(#13144),#13147);
#13144 = B_SPLINE_CURVE_WITH_KNOTS('',1,(#13145,#13146),.UNSPECIFIED.,
  .F.,.F.,(2,2),(9.99994E-02,2.5000006),.PIECEWISE_BEZIER_KNOTS.);
#13145 = CARTESIAN_POINT('',(1.5638997204,9.99994E-02));
#13146 = CARTESIAN_POINT('',(1.5638997204,2.5000006));
#13147 = ( GEOMETRIC_REPRESENTATION_CONTEXT(2) 
PARAMETRIC_REPRESENTATION_CONTEXT() REPRESENTATION_CONTEXT('2D SPACE',''
  ) );
#13148 = PCURVE('',#1795,#13149);
#13149 = DEFINITIONAL_REPRESENTATION('',(#13150),#13153);
#13150 = B_SPLINE_CURVE_WITH_KNOTS('',1,(#13151,#13152),.UNSPECIFIED.,
  .F.,.F.,(2,2),(9.99994E-02,2.5000006),.PIECEWISE_BEZIER_KNOTS.);
#13151 = CARTESIAN_POINT('',(181.99793100988,-5.999999999062E-07));
#13152 = CARTESIAN_POINT('',(181.99793100988,2.4000006));
#13153 = ( GEOMETRIC_REPRESENTATION_CONTEXT(2) 
PARAMETRIC_REPRESENTATION_CONTEXT() REPRESENTATION_CONTEXT('2D SPACE',''
  ) );
#13154 = ADVANCED_FACE('',(#13155),#1828,.F.);
#13155 = FACE_BOUND('',#13156,.F.);
#13156 = EDGE_LOOP('',(#13157,#13158,#13177,#13178));
#13157 = ORIENTED_EDGE('',*,*,#1809,.F.);
#13158 = ORIENTED_EDGE('',*,*,#13159,.F.);
#13159 = EDGE_CURVE('',#8307,#1810,#13160,.T.);
#13160 = SURFACE_CURVE('',#13161,(#13165,#13171),.PCURVE_S1.);
#13161 = LINE('',#13162,#13163);
#13162 = CARTESIAN_POINT('',(86.997931009881,-17.2,-0.6));
#13163 = VECTOR('',#13164,1.);
#13164 = DIRECTION('',(0.,1.,0.));
#13165 = PCURVE('',#1828,#13166);
#13166 = DEFINITIONAL_REPRESENTATION('',(#13167),#13170);
#13167 = B_SPLINE_CURVE_WITH_KNOTS('',1,(#13168,#13169),.UNSPECIFIED.,
  .F.,.F.,(2,2),(9.99994E-02,2.5000006),.PIECEWISE_BEZIER_KNOTS.);
#13168 = CARTESIAN_POINT('',(1.57769293319,9.99994E-02));
#13169 = CARTESIAN_POINT('',(1.57769293319,2.5000006));
#13170 = ( GEOMETRIC_REPRESENTATION_CONTEXT(2) 
PARAMETRIC_REPRESENTATION_CONTEXT() REPRESENTATION_CONTEXT('2D SPACE',''
  ) );
#13171 = PCURVE('',#1856,#13172);
#13172 = DEFINITIONAL_REPRESENTATION('',(#13173),#13176);
#13173 = B_SPLINE_CURVE_WITH_KNOTS('',1,(#13174,#13175),.UNSPECIFIED.,
  .F.,.F.,(2,2),(9.99994E-02,2.5000006),.PIECEWISE_BEZIER_KNOTS.);
#13174 = CARTESIAN_POINT('',(181.99793100988,-5.999999999062E-07));
#13175 = CARTESIAN_POINT('',(181.99793100988,2.4000006));
#13176 = ( GEOMETRIC_REPRESENTATION_CONTEXT(2) 
PARAMETRIC_REPRESENTATION_CONTEXT() REPRESENTATION_CONTEXT('2D SPACE',''
  ) );
#13177 = ORIENTED_EDGE('',*,*,#8306,.T.);
#13178 = ORIENTED_EDGE('',*,*,#13179,.T.);
#13179 = EDGE_CURVE('',#8309,#1812,#13180,.T.);
#13180 = SURFACE_CURVE('',#13181,(#13185,#13191),.PCURVE_S1.);
#13181 = LINE('',#13182,#13183);
#13182 = CARTESIAN_POINT('',(84.6,-17.2,-20.29384143034));
#13183 = VECTOR('',#13184,1.);
#13184 = DIRECTION('',(0.,1.,0.));
#13185 = PCURVE('',#1828,#13186);
#13186 = DEFINITIONAL_REPRESENTATION('',(#13187),#13190);
#13187 = B_SPLINE_CURVE_WITH_KNOTS('',1,(#13188,#13189),.UNSPECIFIED.,
  .F.,.F.,(2,2),(9.99994E-02,2.5000006),.PIECEWISE_BEZIER_KNOTS.);
#13188 = CARTESIAN_POINT('',(1.806227766548,9.99994E-02));
#13189 = CARTESIAN_POINT('',(1.806227766548,2.5000006));
#13190 = ( GEOMETRIC_REPRESENTATION_CONTEXT(2) 
PARAMETRIC_REPRESENTATION_CONTEXT() REPRESENTATION_CONTEXT('2D SPACE',''
  ) );
#13191 = PCURVE('',#1882,#13192);
#13192 = DEFINITIONAL_REPRESENTATION('',(#13193),#13196);
#13193 = B_SPLINE_CURVE_WITH_KNOTS('',1,(#13194,#13195),.UNSPECIFIED.,
  .F.,.F.,(2,2),(9.99994E-02,2.5000006),.PIECEWISE_BEZIER_KNOTS.);
#13194 = CARTESIAN_POINT('',(69.706158569655,5.999999999062E-07));
#13195 = CARTESIAN_POINT('',(69.706158569655,-2.4000006));
#13196 = ( GEOMETRIC_REPRESENTATION_CONTEXT(2) 
PARAMETRIC_REPRESENTATION_CONTEXT() REPRESENTATION_CONTEXT('2D SPACE',''
  ) );
#13197 = ADVANCED_FACE('',(#13198),#1915,.F.);
#13198 = FACE_BOUND('',#13199,.F.);
#13199 = EDGE_LOOP('',(#13200,#13201,#13220,#13221));
#13200 = ORIENTED_EDGE('',*,*,#1896,.F.);
#13201 = ORIENTED_EDGE('',*,*,#13202,.F.);
#13202 = EDGE_CURVE('',#8379,#1897,#13203,.T.);
#13203 = SURFACE_CURVE('',#13204,(#13208,#13214),.PCURVE_S1.);
#13204 = LINE('',#13205,#13206);
#13205 = CARTESIAN_POINT('',(83.4,-17.2,-24.76772092866));
#13206 = VECTOR('',#13207,1.);
#13207 = DIRECTION('',(0.,1.,0.));
#13208 = PCURVE('',#1915,#13209);
#13209 = DEFINITIONAL_REPRESENTATION('',(#13210),#13213);
#13210 = B_SPLINE_CURVE_WITH_KNOTS('',1,(#13211,#13212),.UNSPECIFIED.,
  .F.,.F.,(2,2),(9.99994E-02,2.5000006),.PIECEWISE_BEZIER_KNOTS.);
#13211 = CARTESIAN_POINT('',(1.859475651889,9.99994E-02));
#13212 = CARTESIAN_POINT('',(1.859475651889,2.5000006));
#13213 = ( GEOMETRIC_REPRESENTATION_CONTEXT(2) 
PARAMETRIC_REPRESENTATION_CONTEXT() REPRESENTATION_CONTEXT('2D SPACE',''
  ) );
#13214 = PCURVE('',#1943,#13215);
#13215 = DEFINITIONAL_REPRESENTATION('',(#13216),#13219);
#13216 = B_SPLINE_CURVE_WITH_KNOTS('',1,(#13217,#13218),.UNSPECIFIED.,
  .F.,.F.,(2,2),(9.99994E-02,2.5000006),.PIECEWISE_BEZIER_KNOTS.);
#13217 = CARTESIAN_POINT('',(65.23227907134,5.999999999062E-07));
#13218 = CARTESIAN_POINT('',(65.23227907134,-2.4000006));
#13219 = ( GEOMETRIC_REPRESENTATION_CONTEXT(2) 
PARAMETRIC_REPRESENTATION_CONTEXT() REPRESENTATION_CONTEXT('2D SPACE',''
  ) );
#13220 = ORIENTED_EDGE('',*,*,#8378,.T.);
#13221 = ORIENTED_EDGE('',*,*,#13222,.T.);
#13222 = EDGE_CURVE('',#8381,#1899,#13223,.T.);
#13223 = SURFACE_CURVE('',#13224,(#13228,#13234),.PCURVE_S1.);
#13224 = LINE('',#13225,#13226);
#13225 = CARTESIAN_POINT('',(78.6,-17.2,-37.296648643));
#13226 = VECTOR('',#13227,1.);
#13227 = DIRECTION('',(0.,1.,0.));
#13228 = PCURVE('',#1915,#13229);
#13229 = DEFINITIONAL_REPRESENTATION('',(#13230),#13233);
#13230 = B_SPLINE_CURVE_WITH_KNOTS('',1,(#13231,#13232),.UNSPECIFIED.,
  .F.,.F.,(2,2),(9.99994E-02,2.5000006),.PIECEWISE_BEZIER_KNOTS.);
#13231 = CARTESIAN_POINT('',(2.013846480238,9.99994E-02));
#13232 = CARTESIAN_POINT('',(2.013846480238,2.5000006));
#13233 = ( GEOMETRIC_REPRESENTATION_CONTEXT(2) 
PARAMETRIC_REPRESENTATION_CONTEXT() REPRESENTATION_CONTEXT('2D SPACE',''
  ) );
#13234 = PCURVE('',#1997,#13235);
#13235 = DEFINITIONAL_REPRESENTATION('',(#13236),#13239);
#13236 = B_SPLINE_CURVE_WITH_KNOTS('',1,(#13237,#13238),.UNSPECIFIED.,
  .F.,.F.,(2,2),(9.99994E-02,2.5000006),.PIECEWISE_BEZIER_KNOTS.);
#13237 = CARTESIAN_POINT('',(52.703351356992,5.999999999062E-07));
#13238 = CARTESIAN_POINT('',(52.703351356992,-2.4000006));
#13239 = ( GEOMETRIC_REPRESENTATION_CONTEXT(2) 
PARAMETRIC_REPRESENTATION_CONTEXT() REPRESENTATION_CONTEXT('2D SPACE',''
  ) );
#13240 = ADVANCED_FACE('',(#13241),#2030,.F.);
#13241 = FACE_BOUND('',#13242,.F.);
#13242 = EDGE_LOOP('',(#13243,#13244,#13263,#13264));
#13243 = ORIENTED_EDGE('',*,*,#2011,.F.);
#13244 = ORIENTED_EDGE('',*,*,#13245,.F.);
#13245 = EDGE_CURVE('',#8474,#2012,#13246,.T.);
#13246 = SURFACE_CURVE('',#13247,(#13251,#13257),.PCURVE_S1.);
#13247 = LINE('',#13248,#13249);
#13248 = CARTESIAN_POINT('',(77.4,-17.2,-39.72706885739));
#13249 = VECTOR('',#13250,1.);
#13250 = DIRECTION('',(0.,1.,0.));
#13251 = PCURVE('',#2030,#13252);
#13252 = DEFINITIONAL_REPRESENTATION('',(#13253),#13256);
#13253 = B_SPLINE_CURVE_WITH_KNOTS('',1,(#13254,#13255),.UNSPECIFIED.,
  .F.,.F.,(2,2),(9.99994E-02,2.5000006),.PIECEWISE_BEZIER_KNOTS.);
#13254 = CARTESIAN_POINT('',(2.045003193087,9.99994E-02));
#13255 = CARTESIAN_POINT('',(2.045003193087,2.5000006));
#13256 = ( GEOMETRIC_REPRESENTATION_CONTEXT(2) 
PARAMETRIC_REPRESENTATION_CONTEXT() REPRESENTATION_CONTEXT('2D SPACE',''
  ) );
#13257 = PCURVE('',#2058,#13258);
#13258 = DEFINITIONAL_REPRESENTATION('',(#13259),#13262);
#13259 = B_SPLINE_CURVE_WITH_KNOTS('',1,(#13260,#13261),.UNSPECIFIED.,
  .F.,.F.,(2,2),(9.99994E-02,2.5000006),.PIECEWISE_BEZIER_KNOTS.);
#13260 = CARTESIAN_POINT('',(50.272931142608,5.999999999062E-07));
#13261 = CARTESIAN_POINT('',(50.272931142608,-2.4000006));
#13262 = ( GEOMETRIC_REPRESENTATION_CONTEXT(2) 
PARAMETRIC_REPRESENTATION_CONTEXT() REPRESENTATION_CONTEXT('2D SPACE',''
  ) );
#13263 = ORIENTED_EDGE('',*,*,#8473,.T.);
#13264 = ORIENTED_EDGE('',*,*,#13265,.T.);
#13265 = EDGE_CURVE('',#8476,#2014,#13266,.T.);
#13266 = SURFACE_CURVE('',#13267,(#13271,#13277),.PCURVE_S1.);
#13267 = LINE('',#13268,#13269);
#13268 = CARTESIAN_POINT('',(72.6,-17.2,-47.93996245305));
#13269 = VECTOR('',#13270,1.);
#13270 = DIRECTION('',(0.,1.,0.));
#13271 = PCURVE('',#2030,#13272);
#13272 = DEFINITIONAL_REPRESENTATION('',(#13273),#13276);
#13273 = B_SPLINE_CURVE_WITH_KNOTS('',1,(#13274,#13275),.UNSPECIFIED.,
  .F.,.F.,(2,2),(9.99994E-02,2.5000006),.PIECEWISE_BEZIER_KNOTS.);
#13274 = CARTESIAN_POINT('',(2.154399210673,9.99994E-02));
#13275 = CARTESIAN_POINT('',(2.154399210673,2.5000006));
#13276 = ( GEOMETRIC_REPRESENTATION_CONTEXT(2) 
PARAMETRIC_REPRESENTATION_CONTEXT() REPRESENTATION_CONTEXT('2D SPACE',''
  ) );
#13277 = PCURVE('',#2112,#13278);
#13278 = DEFINITIONAL_REPRESENTATION('',(#13279),#13282);
#13279 = B_SPLINE_CURVE_WITH_KNOTS('',1,(#13280,#13281),.UNSPECIFIED.,
  .F.,.F.,(2,2),(9.99994E-02,2.5000006),.PIECEWISE_BEZIER_KNOTS.);
#13280 = CARTESIAN_POINT('',(42.060037546948,5.999999999062E-07));
#13281 = CARTESIAN_POINT('',(42.060037546948,-2.4000006));
#13282 = ( GEOMETRIC_REPRESENTATION_CONTEXT(2) 
PARAMETRIC_REPRESENTATION_CONTEXT() REPRESENTATION_CONTEXT('2D SPACE',''
  ) );
#13283 = ADVANCED_FACE('',(#13284),#2145,.F.);
#13284 = FACE_BOUND('',#13285,.F.);
#13285 = EDGE_LOOP('',(#13286,#13287,#13306,#13307));
#13286 = ORIENTED_EDGE('',*,*,#2126,.F.);
#13287 = ORIENTED_EDGE('',*,*,#13288,.F.);
#13288 = EDGE_CURVE('',#8569,#2127,#13289,.T.);
#13289 = SURFACE_CURVE('',#13290,(#13294,#13300),.PCURVE_S1.);
#13290 = LINE('',#13291,#13292);
#13291 = CARTESIAN_POINT('',(71.4,-17.2,-49.70955642529));
#13292 = VECTOR('',#13293,1.);
#13293 = DIRECTION('',(0.,1.,0.));
#13294 = PCURVE('',#2145,#13295);
#13295 = DEFINITIONAL_REPRESENTATION('',(#13296),#13299);
#13296 = B_SPLINE_CURVE_WITH_KNOTS('',1,(#13297,#13298),.UNSPECIFIED.,
  .F.,.F.,(2,2),(9.99994E-02,2.5000006),.PIECEWISE_BEZIER_KNOTS.);
#13297 = CARTESIAN_POINT('',(2.178975667637,9.99994E-02));
#13298 = CARTESIAN_POINT('',(2.178975667637,2.5000006));
#13299 = ( GEOMETRIC_REPRESENTATION_CONTEXT(2) 
PARAMETRIC_REPRESENTATION_CONTEXT() REPRESENTATION_CONTEXT('2D SPACE',''
  ) );
#13300 = PCURVE('',#2173,#13301);
#13301 = DEFINITIONAL_REPRESENTATION('',(#13302),#13305);
#13302 = B_SPLINE_CURVE_WITH_KNOTS('',1,(#13303,#13304),.UNSPECIFIED.,
  .F.,.F.,(2,2),(9.99994E-02,2.5000006),.PIECEWISE_BEZIER_KNOTS.);
#13303 = CARTESIAN_POINT('',(40.290443574701,5.999999999062E-07));
#13304 = CARTESIAN_POINT('',(40.290443574701,-2.4000006));
#13305 = ( GEOMETRIC_REPRESENTATION_CONTEXT(2) 
PARAMETRIC_REPRESENTATION_CONTEXT() REPRESENTATION_CONTEXT('2D SPACE',''
  ) );
#13306 = ORIENTED_EDGE('',*,*,#8568,.T.);
#13307 = ORIENTED_EDGE('',*,*,#13308,.T.);
#13308 = EDGE_CURVE('',#8571,#2129,#13309,.T.);
#13309 = SURFACE_CURVE('',#13310,(#13314,#13320),.PCURVE_S1.);
#13310 = LINE('',#13311,#13312);
#13311 = CARTESIAN_POINT('',(66.6,-17.2,-55.97713819051));
#13312 = VECTOR('',#13313,1.);
#13313 = DIRECTION('',(0.,1.,0.));
#13314 = PCURVE('',#2145,#13315);
#13315 = DEFINITIONAL_REPRESENTATION('',(#13316),#13319);
#13316 = B_SPLINE_CURVE_WITH_KNOTS('',1,(#13317,#13318),.UNSPECIFIED.,
  .F.,.F.,(2,2),(9.99994E-02,2.5000006),.PIECEWISE_BEZIER_KNOTS.);
#13317 = CARTESIAN_POINT('',(2.26974780754,9.99994E-02));
#13318 = CARTESIAN_POINT('',(2.26974780754,2.5000006));
#13319 = ( GEOMETRIC_REPRESENTATION_CONTEXT(2) 
PARAMETRIC_REPRESENTATION_CONTEXT() REPRESENTATION_CONTEXT('2D SPACE',''
  ) );
#13320 = PCURVE('',#2227,#13321);
#13321 = DEFINITIONAL_REPRESENTATION('',(#13322),#13325);
#13322 = B_SPLINE_CURVE_WITH_KNOTS('',1,(#13323,#13324),.UNSPECIFIED.,
  .F.,.F.,(2,2),(9.99994E-02,2.5000006),.PIECEWISE_BEZIER_KNOTS.);
#13323 = CARTESIAN_POINT('',(34.022861809485,5.999999999062E-07));
#13324 = CARTESIAN_POINT('',(34.022861809485,-2.4000006));
#13325 = ( GEOMETRIC_REPRESENTATION_CONTEXT(2) 
PARAMETRIC_REPRESENTATION_CONTEXT() REPRESENTATION_CONTEXT('2D SPACE',''
  ) );
#13326 = ADVANCED_FACE('',(#13327),#2260,.F.);
#13327 = FACE_BOUND('',#13328,.F.);
#13328 = EDGE_LOOP('',(#13329,#13330,#13349,#13350));
#13329 = ORIENTED_EDGE('',*,*,#2241,.F.);
#13330 = ORIENTED_EDGE('',*,*,#13331,.F.);
#13331 = EDGE_CURVE('',#8664,#2242,#13332,.T.);
#13332 = SURFACE_CURVE('',#13333,(#13337,#13343),.PCURVE_S1.);
#13333 = LINE('',#13334,#13335);
#13334 = CARTESIAN_POINT('',(65.4,-17.2,-57.37455882183));
#13335 = VECTOR('',#13336,1.);
#13336 = DIRECTION('',(0.,1.,0.));
#13337 = PCURVE('',#2260,#13338);
#13338 = DEFINITIONAL_REPRESENTATION('',(#13339),#13342);
#13339 = B_SPLINE_CURVE_WITH_KNOTS('',1,(#13340,#13341),.UNSPECIFIED.,
  .F.,.F.,(2,2),(9.99994E-02,2.5000006),.PIECEWISE_BEZIER_KNOTS.);
#13340 = CARTESIAN_POINT('',(2.290920056476,9.99994E-02));
#13341 = CARTESIAN_POINT('',(2.290920056476,2.5000006));
#13342 = ( GEOMETRIC_REPRESENTATION_CONTEXT(2) 
PARAMETRIC_REPRESENTATION_CONTEXT() REPRESENTATION_CONTEXT('2D SPACE',''
  ) );
#13343 = PCURVE('',#2288,#13344);
#13344 = DEFINITIONAL_REPRESENTATION('',(#13345),#13348);
#13345 = B_SPLINE_CURVE_WITH_KNOTS('',1,(#13346,#13347),.UNSPECIFIED.,
  .F.,.F.,(2,2),(9.99994E-02,2.5000006),.PIECEWISE_BEZIER_KNOTS.);
#13346 = CARTESIAN_POINT('',(32.625441178167,5.999999999062E-07));
#13347 = CARTESIAN_POINT('',(32.625441178167,-2.4000006));
#13348 = ( GEOMETRIC_REPRESENTATION_CONTEXT(2) 
PARAMETRIC_REPRESENTATION_CONTEXT() REPRESENTATION_CONTEXT('2D SPACE',''
  ) );
#13349 = ORIENTED_EDGE('',*,*,#8663,.T.);
#13350 = ORIENTED_EDGE('',*,*,#13351,.T.);
#13351 = EDGE_CURVE('',#8666,#2244,#13352,.T.);
#13352 = SURFACE_CURVE('',#13353,(#13357,#13363),.PCURVE_S1.);
#13353 = LINE('',#13354,#13355);
#13354 = CARTESIAN_POINT('',(60.6,-17.2,-62.42307265747));
#13355 = VECTOR('',#13356,1.);
#13356 = DIRECTION('',(0.,1.,0.));
#13357 = PCURVE('',#2260,#13358);
#13358 = DEFINITIONAL_REPRESENTATION('',(#13359),#13362);
#13359 = B_SPLINE_CURVE_WITH_KNOTS('',1,(#13360,#13361),.UNSPECIFIED.,
  .F.,.F.,(2,2),(9.99994E-02,2.5000006),.PIECEWISE_BEZIER_KNOTS.);
#13360 = CARTESIAN_POINT('',(2.371012354728,9.99994E-02));
#13361 = CARTESIAN_POINT('',(2.371012354728,2.5000006));
#13362 = ( GEOMETRIC_REPRESENTATION_CONTEXT(2) 
PARAMETRIC_REPRESENTATION_CONTEXT() REPRESENTATION_CONTEXT('2D SPACE',''
  ) );
#13363 = PCURVE('',#2342,#13364);
#13364 = DEFINITIONAL_REPRESENTATION('',(#13365),#13368);
#13365 = B_SPLINE_CURVE_WITH_KNOTS('',1,(#13366,#13367),.UNSPECIFIED.,
  .F.,.F.,(2,2),(9.99994E-02,2.5000006),.PIECEWISE_BEZIER_KNOTS.);
#13366 = CARTESIAN_POINT('',(27.576927342528,5.999999999062E-07));
#13367 = CARTESIAN_POINT('',(27.576927342528,-2.4000006));
#13368 = ( GEOMETRIC_REPRESENTATION_CONTEXT(2) 
PARAMETRIC_REPRESENTATION_CONTEXT() REPRESENTATION_CONTEXT('2D SPACE',''
  ) );
#13369 = ADVANCED_FACE('',(#13370),#2375,.F.);
#13370 = FACE_BOUND('',#13371,.F.);
#13371 = EDGE_LOOP('',(#13372,#13373,#13392,#13393));
#13372 = ORIENTED_EDGE('',*,*,#2356,.F.);
#13373 = ORIENTED_EDGE('',*,*,#13374,.F.);
#13374 = EDGE_CURVE('',#8759,#2357,#13375,.T.);
#13375 = SURFACE_CURVE('',#13376,(#13380,#13386),.PCURVE_S1.);
#13376 = LINE('',#13377,#13378);
#13377 = CARTESIAN_POINT('',(59.4,-17.2,-63.56602866311));
#13378 = VECTOR('',#13379,1.);
#13379 = DIRECTION('',(0.,1.,0.));
#13380 = PCURVE('',#2375,#13381);
#13381 = DEFINITIONAL_REPRESENTATION('',(#13382),#13385);
#13382 = B_SPLINE_CURVE_WITH_KNOTS('',1,(#13383,#13384),.UNSPECIFIED.,
  .F.,.F.,(2,2),(9.99994E-02,2.5000006),.PIECEWISE_BEZIER_KNOTS.);
#13383 = CARTESIAN_POINT('',(2.390061045479,9.99994E-02));
#13384 = CARTESIAN_POINT('',(2.390061045479,2.5000006));
#13385 = ( GEOMETRIC_REPRESENTATION_CONTEXT(2) 
PARAMETRIC_REPRESENTATION_CONTEXT() REPRESENTATION_CONTEXT('2D SPACE',''
  ) );
#13386 = PCURVE('',#2403,#13387);
#13387 = DEFINITIONAL_REPRESENTATION('',(#13388),#13391);
#13388 = B_SPLINE_CURVE_WITH_KNOTS('',1,(#13389,#13390),.UNSPECIFIED.,
  .F.,.F.,(2,2),(9.99994E-02,2.5000006),.PIECEWISE_BEZIER_KNOTS.);
#13389 = CARTESIAN_POINT('',(26.433971336885,5.999999999062E-07));
#13390 = CARTESIAN_POINT('',(26.433971336885,-2.4000006));
#13391 = ( GEOMETRIC_REPRESENTATION_CONTEXT(2) 
PARAMETRIC_REPRESENTATION_CONTEXT() REPRESENTATION_CONTEXT('2D SPACE',''
  ) );
#13392 = ORIENTED_EDGE('',*,*,#8758,.T.);
#13393 = ORIENTED_EDGE('',*,*,#13394,.T.);
#13394 = EDGE_CURVE('',#8761,#2359,#13395,.T.);
#13395 = SURFACE_CURVE('',#13396,(#13400,#13406),.PCURVE_S1.);
#13396 = LINE('',#13397,#13398);
#13397 = CARTESIAN_POINT('',(54.6,-17.2,-67.73359580001));
#13398 = VECTOR('',#13399,1.);
#13399 = DIRECTION('',(0.,1.,0.));
#13400 = PCURVE('',#2375,#13401);
#13401 = DEFINITIONAL_REPRESENTATION('',(#13402),#13405);
#13402 = B_SPLINE_CURVE_WITH_KNOTS('',1,(#13403,#13404),.UNSPECIFIED.,
  .F.,.F.,(2,2),(9.99994E-02,2.5000006),.PIECEWISE_BEZIER_KNOTS.);
#13403 = CARTESIAN_POINT('',(2.463143712682,9.99994E-02));
#13404 = CARTESIAN_POINT('',(2.463143712682,2.5000006));
#13405 = ( GEOMETRIC_REPRESENTATION_CONTEXT(2) 
PARAMETRIC_REPRESENTATION_CONTEXT() REPRESENTATION_CONTEXT('2D SPACE',''
  ) );
#13406 = PCURVE('',#2457,#13407);
#13407 = DEFINITIONAL_REPRESENTATION('',(#13408),#13411);
#13408 = B_SPLINE_CURVE_WITH_KNOTS('',1,(#13409,#13410),.UNSPECIFIED.,
  .F.,.F.,(2,2),(9.99994E-02,2.5000006),.PIECEWISE_BEZIER_KNOTS.);
#13409 = CARTESIAN_POINT('',(22.266404199984,5.999999999062E-07));
#13410 = CARTESIAN_POINT('',(22.266404199984,-2.4000006));
#13411 = ( GEOMETRIC_REPRESENTATION_CONTEXT(2) 
PARAMETRIC_REPRESENTATION_CONTEXT() REPRESENTATION_CONTEXT('2D SPACE',''
  ) );
#13412 = ADVANCED_FACE('',(#13413),#2490,.F.);
#13413 = FACE_BOUND('',#13414,.F.);
#13414 = EDGE_LOOP('',(#13415,#13416,#13435,#13436));
#13415 = ORIENTED_EDGE('',*,*,#2471,.F.);
#13416 = ORIENTED_EDGE('',*,*,#13417,.F.);
#13417 = EDGE_CURVE('',#8854,#2472,#13418,.T.);
#13418 = SURFACE_CURVE('',#13419,(#13423,#13429),.PCURVE_S1.);
#13419 = LINE('',#13420,#13421);
#13420 = CARTESIAN_POINT('',(53.4,-17.2,-68.68362250202));
#13421 = VECTOR('',#13422,1.);
#13422 = DIRECTION('',(0.,1.,0.));
#13423 = PCURVE('',#2490,#13424);
#13424 = DEFINITIONAL_REPRESENTATION('',(#13425),#13428);
#13425 = B_SPLINE_CURVE_WITH_KNOTS('',1,(#13426,#13427),.UNSPECIFIED.,
  .F.,.F.,(2,2),(9.99994E-02,2.5000006),.PIECEWISE_BEZIER_KNOTS.);
#13426 = CARTESIAN_POINT('',(2.480736345998,9.99994E-02));
#13427 = CARTESIAN_POINT('',(2.480736345998,2.5000006));
#13428 = ( GEOMETRIC_REPRESENTATION_CONTEXT(2) 
PARAMETRIC_REPRESENTATION_CONTEXT() REPRESENTATION_CONTEXT('2D SPACE',''
  ) );
#13429 = PCURVE('',#2518,#13430);
#13430 = DEFINITIONAL_REPRESENTATION('',(#13431),#13434);
#13431 = B_SPLINE_CURVE_WITH_KNOTS('',1,(#13432,#13433),.UNSPECIFIED.,
  .F.,.F.,(2,2),(9.99994E-02,2.5000006),.PIECEWISE_BEZIER_KNOTS.);
#13432 = CARTESIAN_POINT('',(21.31637749798,5.999999999062E-07));
#13433 = CARTESIAN_POINT('',(21.31637749798,-2.4000006));
#13434 = ( GEOMETRIC_REPRESENTATION_CONTEXT(2) 
PARAMETRIC_REPRESENTATION_CONTEXT() REPRESENTATION_CONTEXT('2D SPACE',''
  ) );
#13435 = ORIENTED_EDGE('',*,*,#8853,.T.);
#13436 = ORIENTED_EDGE('',*,*,#13437,.T.);
#13437 = EDGE_CURVE('',#8856,#2474,#13438,.T.);
#13438 = SURFACE_CURVE('',#13439,(#13443,#13449),.PCURVE_S1.);
#13439 = LINE('',#13440,#13441);
#13440 = CARTESIAN_POINT('',(48.6,-17.2,-72.15982261619));
#13441 = VECTOR('',#13442,1.);
#13442 = DIRECTION('',(0.,1.,0.));
#13443 = PCURVE('',#2490,#13444);
#13444 = DEFINITIONAL_REPRESENTATION('',(#13445),#13448);
#13445 = B_SPLINE_CURVE_WITH_KNOTS('',1,(#13446,#13447),.UNSPECIFIED.,
  .F.,.F.,(2,2),(9.99994E-02,2.5000006),.PIECEWISE_BEZIER_KNOTS.);
#13446 = CARTESIAN_POINT('',(2.548870761949,9.99994E-02));
#13447 = CARTESIAN_POINT('',(2.548870761949,2.5000006));
#13448 = ( GEOMETRIC_REPRESENTATION_CONTEXT(2) 
PARAMETRIC_REPRESENTATION_CONTEXT() REPRESENTATION_CONTEXT('2D SPACE',''
  ) );
#13449 = PCURVE('',#2572,#13450);
#13450 = DEFINITIONAL_REPRESENTATION('',(#13451),#13454);
#13451 = B_SPLINE_CURVE_WITH_KNOTS('',1,(#13452,#13453),.UNSPECIFIED.,
  .F.,.F.,(2,2),(9.99994E-02,2.5000006),.PIECEWISE_BEZIER_KNOTS.);
#13452 = CARTESIAN_POINT('',(17.84017738381,5.999999999062E-07));
#13453 = CARTESIAN_POINT('',(17.84017738381,-2.4000006));
#13454 = ( GEOMETRIC_REPRESENTATION_CONTEXT(2) 
PARAMETRIC_REPRESENTATION_CONTEXT() REPRESENTATION_CONTEXT('2D SPACE',''
  ) );
#13455 = ADVANCED_FACE('',(#13456),#2605,.F.);
#13456 = FACE_BOUND('',#13457,.F.);
#13457 = EDGE_LOOP('',(#13458,#13459,#13478,#13479));
#13458 = ORIENTED_EDGE('',*,*,#2586,.F.);
#13459 = ORIENTED_EDGE('',*,*,#13460,.F.);
#13460 = EDGE_CURVE('',#8949,#2587,#13461,.T.);
#13461 = SURFACE_CURVE('',#13462,(#13466,#13472),.PCURVE_S1.);
#13462 = LINE('',#13463,#13464);
#13463 = CARTESIAN_POINT('',(47.4,-17.2,-72.95368393713));
#13464 = VECTOR('',#13465,1.);
#13465 = DIRECTION('',(0.,1.,0.));
#13466 = PCURVE('',#2605,#13467);
#13467 = DEFINITIONAL_REPRESENTATION('',(#13468),#13471);
#13468 = B_SPLINE_CURVE_WITH_KNOTS('',1,(#13469,#13470),.UNSPECIFIED.,
  .F.,.F.,(2,2),(9.99994E-02,2.5000006),.PIECEWISE_BEZIER_KNOTS.);
#13469 = CARTESIAN_POINT('',(2.565409162495,9.99994E-02));
#13470 = CARTESIAN_POINT('',(2.565409162495,2.5000006));
#13471 = ( GEOMETRIC_REPRESENTATION_CONTEXT(2) 
PARAMETRIC_REPRESENTATION_CONTEXT() REPRESENTATION_CONTEXT('2D SPACE',''
  ) );
#13472 = PCURVE('',#2633,#13473);
#13473 = DEFINITIONAL_REPRESENTATION('',(#13474),#13477);
#13474 = B_SPLINE_CURVE_WITH_KNOTS('',1,(#13475,#13476),.UNSPECIFIED.,
  .F.,.F.,(2,2),(9.99994E-02,2.5000006),.PIECEWISE_BEZIER_KNOTS.);
#13475 = CARTESIAN_POINT('',(17.046316062861,5.999999999062E-07));
#13476 = CARTESIAN_POINT('',(17.046316062861,-2.4000006));
#13477 = ( GEOMETRIC_REPRESENTATION_CONTEXT(2) 
PARAMETRIC_REPRESENTATION_CONTEXT() REPRESENTATION_CONTEXT('2D SPACE',''
  ) );
#13478 = ORIENTED_EDGE('',*,*,#8948,.T.);
#13479 = ORIENTED_EDGE('',*,*,#13480,.T.);
#13480 = EDGE_CURVE('',#8951,#2589,#13481,.T.);
#13481 = SURFACE_CURVE('',#13482,(#13486,#13492),.PCURVE_S1.);
#13482 = LINE('',#13483,#13484);
#13483 = CARTESIAN_POINT('',(42.6,-17.2,-75.85670702054));
#13484 = VECTOR('',#13485,1.);
#13485 = DIRECTION('',(0.,1.,0.));
#13486 = PCURVE('',#2605,#13487);
#13487 = DEFINITIONAL_REPRESENTATION('',(#13488),#13491);
#13488 = B_SPLINE_CURVE_WITH_KNOTS('',1,(#13489,#13490),.UNSPECIFIED.,
  .F.,.F.,(2,2),(9.99994E-02,2.5000006),.PIECEWISE_BEZIER_KNOTS.);
#13489 = CARTESIAN_POINT('',(2.629898427092,9.99994E-02));
#13490 = CARTESIAN_POINT('',(2.629898427092,2.5000006));
#13491 = ( GEOMETRIC_REPRESENTATION_CONTEXT(2) 
PARAMETRIC_REPRESENTATION_CONTEXT() REPRESENTATION_CONTEXT('2D SPACE',''
  ) );
#13492 = PCURVE('',#2687,#13493);
#13493 = DEFINITIONAL_REPRESENTATION('',(#13494),#13497);
#13494 = B_SPLINE_CURVE_WITH_KNOTS('',1,(#13495,#13496),.UNSPECIFIED.,
  .F.,.F.,(2,2),(9.99994E-02,2.5000006),.PIECEWISE_BEZIER_KNOTS.);
#13495 = CARTESIAN_POINT('',(14.14329297946,5.999999999062E-07));
#13496 = CARTESIAN_POINT('',(14.14329297946,-2.4000006));
#13497 = ( GEOMETRIC_REPRESENTATION_CONTEXT(2) 
PARAMETRIC_REPRESENTATION_CONTEXT() REPRESENTATION_CONTEXT('2D SPACE',''
  ) );
#13498 = ADVANCED_FACE('',(#13499),#2720,.F.);
#13499 = FACE_BOUND('',#13500,.F.);
#13500 = EDGE_LOOP('',(#13501,#13502,#13521,#13522));
#13501 = ORIENTED_EDGE('',*,*,#2701,.F.);
#13502 = ORIENTED_EDGE('',*,*,#13503,.F.);
#13503 = EDGE_CURVE('',#9044,#2702,#13504,.T.);
#13504 = SURFACE_CURVE('',#13505,(#13509,#13515),.PCURVE_S1.);
#13505 = LINE('',#13506,#13507);
#13506 = CARTESIAN_POINT('',(41.4,-17.2,-76.51823312126));
#13507 = VECTOR('',#13508,1.);
#13508 = DIRECTION('',(0.,1.,0.));
#13509 = PCURVE('',#2720,#13510);
#13510 = DEFINITIONAL_REPRESENTATION('',(#13511),#13514);
#13511 = B_SPLINE_CURVE_WITH_KNOTS('',1,(#13512,#13513),.UNSPECIFIED.,
  .F.,.F.,(2,2),(9.99994E-02,2.5000006),.PIECEWISE_BEZIER_KNOTS.);
#13512 = CARTESIAN_POINT('',(2.645648722929,9.99994E-02));
#13513 = CARTESIAN_POINT('',(2.645648722929,2.5000006));
#13514 = ( GEOMETRIC_REPRESENTATION_CONTEXT(2) 
PARAMETRIC_REPRESENTATION_CONTEXT() REPRESENTATION_CONTEXT('2D SPACE',''
  ) );
#13515 = PCURVE('',#2748,#13516);
#13516 = DEFINITIONAL_REPRESENTATION('',(#13517),#13520);
#13517 = B_SPLINE_CURVE_WITH_KNOTS('',1,(#13518,#13519),.UNSPECIFIED.,
  .F.,.F.,(2,2),(9.99994E-02,2.5000006),.PIECEWISE_BEZIER_KNOTS.);
#13518 = CARTESIAN_POINT('',(13.481766878737,5.999999999062E-07));
#13519 = CARTESIAN_POINT('',(13.481766878737,-2.4000006));
#13520 = ( GEOMETRIC_REPRESENTATION_CONTEXT(2) 
PARAMETRIC_REPRESENTATION_CONTEXT() REPRESENTATION_CONTEXT('2D SPACE',''
  ) );
#13521 = ORIENTED_EDGE('',*,*,#9043,.T.);
#13522 = ORIENTED_EDGE('',*,*,#13523,.T.);
#13523 = EDGE_CURVE('',#9046,#2704,#13524,.T.);
#13524 = SURFACE_CURVE('',#13525,(#13529,#13535),.PCURVE_S1.);
#13525 = LINE('',#13526,#13527);
#13526 = CARTESIAN_POINT('',(36.6,-17.2,-78.92680153154));
#13527 = VECTOR('',#13528,1.);
#13528 = DIRECTION('',(0.,1.,0.));
#13529 = PCURVE('',#2720,#13530);
#13530 = DEFINITIONAL_REPRESENTATION('',(#13531),#13534);
#13531 = B_SPLINE_CURVE_WITH_KNOTS('',1,(#13532,#13533),.UNSPECIFIED.,
  .F.,.F.,(2,2),(9.99994E-02,2.5000006),.PIECEWISE_BEZIER_KNOTS.);
#13532 = CARTESIAN_POINT('',(2.70738726935,9.99994E-02));
#13533 = CARTESIAN_POINT('',(2.70738726935,2.5000006));
#13534 = ( GEOMETRIC_REPRESENTATION_CONTEXT(2) 
PARAMETRIC_REPRESENTATION_CONTEXT() REPRESENTATION_CONTEXT('2D SPACE',''
  ) );
#13535 = PCURVE('',#2802,#13536);
#13536 = DEFINITIONAL_REPRESENTATION('',(#13537),#13540);
#13537 = B_SPLINE_CURVE_WITH_KNOTS('',1,(#13538,#13539),.UNSPECIFIED.,
  .F.,.F.,(2,2),(9.99994E-02,2.5000006),.PIECEWISE_BEZIER_KNOTS.);
#13538 = CARTESIAN_POINT('',(11.073198468454,5.999999999062E-07));
#13539 = CARTESIAN_POINT('',(11.073198468454,-2.4000006));
#13540 = ( GEOMETRIC_REPRESENTATION_CONTEXT(2) 
PARAMETRIC_REPRESENTATION_CONTEXT() REPRESENTATION_CONTEXT('2D SPACE',''
  ) );
#13541 = ADVANCED_FACE('',(#13542),#2835,.F.);
#13542 = FACE_BOUND('',#13543,.F.);
#13543 = EDGE_LOOP('',(#13544,#13545,#13564,#13565));
#13544 = ORIENTED_EDGE('',*,*,#2816,.F.);
#13545 = ORIENTED_EDGE('',*,*,#13546,.F.);
#13546 = EDGE_CURVE('',#9139,#2817,#13547,.T.);
#13547 = SURFACE_CURVE('',#13548,(#13552,#13558),.PCURVE_S1.);
#13548 = LINE('',#13549,#13550);
#13549 = CARTESIAN_POINT('',(35.4,-17.2,-79.47225931103));
#13550 = VECTOR('',#13551,1.);
#13551 = DIRECTION('',(0.,1.,0.));
#13552 = PCURVE('',#2835,#13553);
#13553 = DEFINITIONAL_REPRESENTATION('',(#13554),#13557);
#13554 = B_SPLINE_CURVE_WITH_KNOTS('',1,(#13555,#13556),.UNSPECIFIED.,
  .F.,.F.,(2,2),(9.99994E-02,2.5000006),.PIECEWISE_BEZIER_KNOTS.);
#13555 = CARTESIAN_POINT('',(2.722538584481,9.99994E-02));
#13556 = CARTESIAN_POINT('',(2.722538584481,2.5000006));
#13557 = ( GEOMETRIC_REPRESENTATION_CONTEXT(2) 
PARAMETRIC_REPRESENTATION_CONTEXT() REPRESENTATION_CONTEXT('2D SPACE',''
  ) );
#13558 = PCURVE('',#2863,#13559);
#13559 = DEFINITIONAL_REPRESENTATION('',(#13560),#13563);
#13560 = B_SPLINE_CURVE_WITH_KNOTS('',1,(#13561,#13562),.UNSPECIFIED.,
  .F.,.F.,(2,2),(9.99994E-02,2.5000006),.PIECEWISE_BEZIER_KNOTS.);
#13561 = CARTESIAN_POINT('',(10.527740688967,5.999999999062E-07));
#13562 = CARTESIAN_POINT('',(10.527740688967,-2.4000006));
#13563 = ( GEOMETRIC_REPRESENTATION_CONTEXT(2) 
PARAMETRIC_REPRESENTATION_CONTEXT() REPRESENTATION_CONTEXT('2D SPACE',''
  ) );
#13564 = ORIENTED_EDGE('',*,*,#9138,.T.);
#13565 = ORIENTED_EDGE('',*,*,#13566,.T.);
#13566 = EDGE_CURVE('',#9141,#2819,#13567,.T.);
#13567 = SURFACE_CURVE('',#13568,(#13572,#13578),.PCURVE_S1.);
#13568 = LINE('',#13569,#13570);
#13569 = CARTESIAN_POINT('',(30.6,-17.2,-81.44102160459));
#13570 = VECTOR('',#13571,1.);
#13571 = DIRECTION('',(0.,1.,0.));
#13572 = PCURVE('',#2835,#13573);
#13573 = DEFINITIONAL_REPRESENTATION('',(#13574),#13577);
#13574 = B_SPLINE_CURVE_WITH_KNOTS('',1,(#13575,#13576),.UNSPECIFIED.,
  .F.,.F.,(2,2),(9.99994E-02,2.5000006),.PIECEWISE_BEZIER_KNOTS.);
#13575 = CARTESIAN_POINT('',(2.78218036211,9.99994E-02));
#13576 = CARTESIAN_POINT('',(2.78218036211,2.5000006));
#13577 = ( GEOMETRIC_REPRESENTATION_CONTEXT(2) 
PARAMETRIC_REPRESENTATION_CONTEXT() REPRESENTATION_CONTEXT('2D SPACE',''
  ) );
#13578 = PCURVE('',#2917,#13579);
#13579 = DEFINITIONAL_REPRESENTATION('',(#13580),#13583);
#13580 = B_SPLINE_CURVE_WITH_KNOTS('',1,(#13581,#13582),.UNSPECIFIED.,
  .F.,.F.,(2,2),(9.99994E-02,2.5000006),.PIECEWISE_BEZIER_KNOTS.);
#13581 = CARTESIAN_POINT('',(8.558978395406,5.999999999062E-07));
#13582 = CARTESIAN_POINT('',(8.558978395406,-2.4000006));
#13583 = ( GEOMETRIC_REPRESENTATION_CONTEXT(2) 
PARAMETRIC_REPRESENTATION_CONTEXT() REPRESENTATION_CONTEXT('2D SPACE',''
  ) );
#13584 = ADVANCED_FACE('',(#13585),#2950,.F.);
#13585 = FACE_BOUND('',#13586,.F.);
#13586 = EDGE_LOOP('',(#13587,#13588,#13607,#13608));
#13587 = ORIENTED_EDGE('',*,*,#2931,.F.);
#13588 = ORIENTED_EDGE('',*,*,#13589,.F.);
#13589 = EDGE_CURVE('',#9234,#2932,#13590,.T.);
#13590 = SURFACE_CURVE('',#13591,(#13595,#13601),.PCURVE_S1.);
#13591 = LINE('',#13592,#13593);
#13592 = CARTESIAN_POINT('',(29.4,-17.2,-81.88186612431));
#13593 = VECTOR('',#13594,1.);
#13594 = DIRECTION('',(0.,1.,0.));
#13595 = PCURVE('',#2950,#13596);
#13596 = DEFINITIONAL_REPRESENTATION('',(#13597),#13600);
#13597 = B_SPLINE_CURVE_WITH_KNOTS('',1,(#13598,#13599),.UNSPECIFIED.,
  .F.,.F.,(2,2),(9.99994E-02,2.5000006),.PIECEWISE_BEZIER_KNOTS.);
#13598 = CARTESIAN_POINT('',(2.796874915013,9.99994E-02));
#13599 = CARTESIAN_POINT('',(2.796874915013,2.5000006));
#13600 = ( GEOMETRIC_REPRESENTATION_CONTEXT(2) 
PARAMETRIC_REPRESENTATION_CONTEXT() REPRESENTATION_CONTEXT('2D SPACE',''
  ) );
#13601 = PCURVE('',#2978,#13602);
#13602 = DEFINITIONAL_REPRESENTATION('',(#13603),#13606);
#13603 = B_SPLINE_CURVE_WITH_KNOTS('',1,(#13604,#13605),.UNSPECIFIED.,
  .F.,.F.,(2,2),(9.99994E-02,2.5000006),.PIECEWISE_BEZIER_KNOTS.);
#13604 = CARTESIAN_POINT('',(8.118133875686,5.999999999062E-07));
#13605 = CARTESIAN_POINT('',(8.118133875686,-2.4000006));
#13606 = ( GEOMETRIC_REPRESENTATION_CONTEXT(2) 
PARAMETRIC_REPRESENTATION_CONTEXT() REPRESENTATION_CONTEXT('2D SPACE',''
  ) );
#13607 = ORIENTED_EDGE('',*,*,#9233,.T.);
#13608 = ORIENTED_EDGE('',*,*,#13609,.T.);
#13609 = EDGE_CURVE('',#9236,#2934,#13610,.T.);
#13610 = SURFACE_CURVE('',#13611,(#13615,#13621),.PCURVE_S1.);
#13611 = LINE('',#13612,#13613);
#13612 = CARTESIAN_POINT('',(24.6,-17.2,-83.44962552342));
#13613 = VECTOR('',#13614,1.);
#13614 = DIRECTION('',(0.,1.,0.));
#13615 = PCURVE('',#2950,#13616);
#13616 = DEFINITIONAL_REPRESENTATION('',(#13617),#13620);
#13617 = B_SPLINE_CURVE_WITH_KNOTS('',1,(#13618,#13619),.UNSPECIFIED.,
  .F.,.F.,(2,2),(9.99994E-02,2.5000006),.PIECEWISE_BEZIER_KNOTS.);
#13618 = CARTESIAN_POINT('',(2.854923771991,9.99994E-02));
#13619 = CARTESIAN_POINT('',(2.854923771991,2.5000006));
#13620 = ( GEOMETRIC_REPRESENTATION_CONTEXT(2) 
PARAMETRIC_REPRESENTATION_CONTEXT() REPRESENTATION_CONTEXT('2D SPACE',''
  ) );
#13621 = PCURVE('',#3032,#13622);
#13622 = DEFINITIONAL_REPRESENTATION('',(#13623),#13626);
#13623 = B_SPLINE_CURVE_WITH_KNOTS('',1,(#13624,#13625),.UNSPECIFIED.,
  .F.,.F.,(2,2),(9.99994E-02,2.5000006),.PIECEWISE_BEZIER_KNOTS.);
#13624 = CARTESIAN_POINT('',(6.550374476574,5.999999999062E-07));
#13625 = CARTESIAN_POINT('',(6.550374476574,-2.4000006));
#13626 = ( GEOMETRIC_REPRESENTATION_CONTEXT(2) 
PARAMETRIC_REPRESENTATION_CONTEXT() REPRESENTATION_CONTEXT('2D SPACE',''
  ) );
#13627 = ADVANCED_FACE('',(#13628),#3065,.F.);
#13628 = FACE_BOUND('',#13629,.F.);
#13629 = EDGE_LOOP('',(#13630,#13631,#13650,#13651));
#13630 = ORIENTED_EDGE('',*,*,#3046,.F.);
#13631 = ORIENTED_EDGE('',*,*,#13632,.F.);
#13632 = EDGE_CURVE('',#9329,#3047,#13633,.T.);
#13633 = SURFACE_CURVE('',#13634,(#13638,#13644),.PCURVE_S1.);
#13634 = LINE('',#13635,#13636);
#13635 = CARTESIAN_POINT('',(23.4,-17.2,-83.79403320046));
#13636 = VECTOR('',#13637,1.);
#13637 = DIRECTION('',(0.,1.,0.));
#13638 = PCURVE('',#3065,#13639);
#13639 = DEFINITIONAL_REPRESENTATION('',(#13640),#13643);
#13640 = B_SPLINE_CURVE_WITH_KNOTS('',1,(#13641,#13642),.UNSPECIFIED.,
  .F.,.F.,(2,2),(9.99994E-02,2.5000006),.PIECEWISE_BEZIER_KNOTS.);
#13641 = CARTESIAN_POINT('',(2.86927384561,9.99994E-02));
#13642 = CARTESIAN_POINT('',(2.86927384561,2.5000006));
#13643 = ( GEOMETRIC_REPRESENTATION_CONTEXT(2) 
PARAMETRIC_REPRESENTATION_CONTEXT() REPRESENTATION_CONTEXT('2D SPACE',''
  ) );
#13644 = PCURVE('',#3093,#13645);
#13645 = DEFINITIONAL_REPRESENTATION('',(#13646),#13649);
#13646 = B_SPLINE_CURVE_WITH_KNOTS('',1,(#13647,#13648),.UNSPECIFIED.,
  .F.,.F.,(2,2),(9.99994E-02,2.5000006),.PIECEWISE_BEZIER_KNOTS.);
#13647 = CARTESIAN_POINT('',(6.205966799539,5.999999999062E-07));
#13648 = CARTESIAN_POINT('',(6.205966799539,-2.4000006));
#13649 = ( GEOMETRIC_REPRESENTATION_CONTEXT(2) 
PARAMETRIC_REPRESENTATION_CONTEXT() REPRESENTATION_CONTEXT('2D SPACE',''
  ) );
#13650 = ORIENTED_EDGE('',*,*,#9328,.T.);
#13651 = ORIENTED_EDGE('',*,*,#13652,.T.);
#13652 = EDGE_CURVE('',#9331,#3049,#13653,.T.);
#13653 = SURFACE_CURVE('',#13654,(#13658,#13664),.PCURVE_S1.);
#13654 = LINE('',#13655,#13656);
#13655 = CARTESIAN_POINT('',(18.6,-17.2,-84.9884698062));
#13656 = VECTOR('',#13657,1.);
#13657 = DIRECTION('',(0.,1.,0.));
#13658 = PCURVE('',#3065,#13659);
#13659 = DEFINITIONAL_REPRESENTATION('',(#13660),#13663);
#13660 = B_SPLINE_CURVE_WITH_KNOTS('',1,(#13661,#13662),.UNSPECIFIED.,
  .F.,.F.,(2,2),(9.99994E-02,2.5000006),.PIECEWISE_BEZIER_KNOTS.);
#13661 = CARTESIAN_POINT('',(2.92613645284,9.99994E-02));
#13662 = CARTESIAN_POINT('',(2.92613645284,2.5000006));
#13663 = ( GEOMETRIC_REPRESENTATION_CONTEXT(2) 
PARAMETRIC_REPRESENTATION_CONTEXT() REPRESENTATION_CONTEXT('2D SPACE',''
  ) );
#13664 = PCURVE('',#3147,#13665);
#13665 = DEFINITIONAL_REPRESENTATION('',(#13666),#13669);
#13666 = B_SPLINE_CURVE_WITH_KNOTS('',1,(#13667,#13668),.UNSPECIFIED.,
  .F.,.F.,(2,2),(9.99994E-02,2.5000006),.PIECEWISE_BEZIER_KNOTS.);
#13667 = CARTESIAN_POINT('',(5.011530193796,5.999999999062E-07));
#13668 = CARTESIAN_POINT('',(5.011530193796,-2.4000006));
#13669 = ( GEOMETRIC_REPRESENTATION_CONTEXT(2) 
PARAMETRIC_REPRESENTATION_CONTEXT() REPRESENTATION_CONTEXT('2D SPACE',''
  ) );
#13670 = ADVANCED_FACE('',(#13671),#3180,.F.);
#13671 = FACE_BOUND('',#13672,.F.);
#13672 = EDGE_LOOP('',(#13673,#13674,#13693,#13694));
#13673 = ORIENTED_EDGE('',*,*,#3161,.F.);
#13674 = ORIENTED_EDGE('',*,*,#13675,.F.);
#13675 = EDGE_CURVE('',#9424,#3162,#13676,.T.);
#13676 = SURFACE_CURVE('',#13677,(#13681,#13687),.PCURVE_S1.);
#13677 = LINE('',#13678,#13679);
#13678 = CARTESIAN_POINT('',(17.4,-17.2,-85.24224304885));
#13679 = VECTOR('',#13680,1.);
#13680 = DIRECTION('',(0.,1.,0.));
#13681 = PCURVE('',#3180,#13682);
#13682 = DEFINITIONAL_REPRESENTATION('',(#13683),#13686);
#13683 = B_SPLINE_CURVE_WITH_KNOTS('',1,(#13684,#13685),.UNSPECIFIED.,
  .F.,.F.,(2,2),(9.99994E-02,2.5000006),.PIECEWISE_BEZIER_KNOTS.);
#13684 = CARTESIAN_POINT('',(2.940234732799,9.99994E-02));
#13685 = CARTESIAN_POINT('',(2.940234732799,2.5000006));
#13686 = ( GEOMETRIC_REPRESENTATION_CONTEXT(2) 
PARAMETRIC_REPRESENTATION_CONTEXT() REPRESENTATION_CONTEXT('2D SPACE',''
  ) );
#13687 = PCURVE('',#3208,#13688);
#13688 = DEFINITIONAL_REPRESENTATION('',(#13689),#13692);
#13689 = B_SPLINE_CURVE_WITH_KNOTS('',1,(#13690,#13691),.UNSPECIFIED.,
  .F.,.F.,(2,2),(9.99994E-02,2.5000006),.PIECEWISE_BEZIER_KNOTS.);
#13690 = CARTESIAN_POINT('',(4.757756951145,5.999999999062E-07));
#13691 = CARTESIAN_POINT('',(4.757756951145,-2.4000006));
#13692 = ( GEOMETRIC_REPRESENTATION_CONTEXT(2) 
PARAMETRIC_REPRESENTATION_CONTEXT() REPRESENTATION_CONTEXT('2D SPACE',''
  ) );
#13693 = ORIENTED_EDGE('',*,*,#9423,.T.);
#13694 = ORIENTED_EDGE('',*,*,#13695,.T.);
#13695 = EDGE_CURVE('',#9426,#3164,#13696,.T.);
#13696 = SURFACE_CURVE('',#13697,(#13701,#13707),.PCURVE_S1.);
#13697 = LINE('',#13698,#13699);
#13698 = CARTESIAN_POINT('',(12.6,-17.2,-86.08275088541));
#13699 = VECTOR('',#13700,1.);
#13700 = DIRECTION('',(0.,1.,0.));
#13701 = PCURVE('',#3180,#13702);
#13702 = DEFINITIONAL_REPRESENTATION('',(#13703),#13706);
#13703 = B_SPLINE_CURVE_WITH_KNOTS('',1,(#13704,#13705),.UNSPECIFIED.,
  .F.,.F.,(2,2),(9.99994E-02,2.5000006),.PIECEWISE_BEZIER_KNOTS.);
#13704 = CARTESIAN_POINT('',(2.996253934245,9.99994E-02));
#13705 = CARTESIAN_POINT('',(2.996253934245,2.5000006));
#13706 = ( GEOMETRIC_REPRESENTATION_CONTEXT(2) 
PARAMETRIC_REPRESENTATION_CONTEXT() REPRESENTATION_CONTEXT('2D SPACE',''
  ) );
#13707 = PCURVE('',#3262,#13708);
#13708 = DEFINITIONAL_REPRESENTATION('',(#13709),#13712);
#13709 = B_SPLINE_CURVE_WITH_KNOTS('',1,(#13710,#13711),.UNSPECIFIED.,
  .F.,.F.,(2,2),(9.99994E-02,2.5000006),.PIECEWISE_BEZIER_KNOTS.);
#13710 = CARTESIAN_POINT('',(3.917249114587,5.999999999062E-07));
#13711 = CARTESIAN_POINT('',(3.917249114587,-2.4000006));
#13712 = ( GEOMETRIC_REPRESENTATION_CONTEXT(2) 
PARAMETRIC_REPRESENTATION_CONTEXT() REPRESENTATION_CONTEXT('2D SPACE',''
  ) );
#13713 = ADVANCED_FACE('',(#13714),#3295,.F.);
#13714 = FACE_BOUND('',#13715,.F.);
#13715 = EDGE_LOOP('',(#13716,#13717,#13736,#13737));
#13716 = ORIENTED_EDGE('',*,*,#3276,.F.);
#13717 = ORIENTED_EDGE('',*,*,#13718,.F.);
#13718 = EDGE_CURVE('',#9519,#3277,#13719,.T.);
#13719 = SURFACE_CURVE('',#13720,(#13724,#13730),.PCURVE_S1.);
#13720 = LINE('',#13721,#13722);
#13721 = CARTESIAN_POINT('',(11.4,-17.2,-86.24986956511));
#13722 = VECTOR('',#13723,1.);
#13723 = DIRECTION('',(0.,1.,0.));
#13724 = PCURVE('',#3295,#13725);
#13725 = DEFINITIONAL_REPRESENTATION('',(#13726),#13729);
#13726 = B_SPLINE_CURVE_WITH_KNOTS('',1,(#13727,#13728),.UNSPECIFIED.,
  .F.,.F.,(2,2),(9.99994E-02,2.5000006),.PIECEWISE_BEZIER_KNOTS.);
#13727 = CARTESIAN_POINT('',(3.010180265807,9.99994E-02));
#13728 = CARTESIAN_POINT('',(3.010180265807,2.5000006));
#13729 = ( GEOMETRIC_REPRESENTATION_CONTEXT(2) 
PARAMETRIC_REPRESENTATION_CONTEXT() REPRESENTATION_CONTEXT('2D SPACE',''
  ) );
#13730 = PCURVE('',#3323,#13731);
#13731 = DEFINITIONAL_REPRESENTATION('',(#13732),#13735);
#13732 = B_SPLINE_CURVE_WITH_KNOTS('',1,(#13733,#13734),.UNSPECIFIED.,
  .F.,.F.,(2,2),(9.99994E-02,2.5000006),.PIECEWISE_BEZIER_KNOTS.);
#13733 = CARTESIAN_POINT('',(3.750130434881,5.999999999062E-07));
#13734 = CARTESIAN_POINT('',(3.750130434881,-2.4000006));
#13735 = ( GEOMETRIC_REPRESENTATION_CONTEXT(2) 
PARAMETRIC_REPRESENTATION_CONTEXT() REPRESENTATION_CONTEXT('2D SPACE',''
  ) );
#13736 = ORIENTED_EDGE('',*,*,#9518,.T.);
#13737 = ORIENTED_EDGE('',*,*,#13738,.T.);
#13738 = EDGE_CURVE('',#9521,#3279,#13739,.T.);
#13739 = SURFACE_CURVE('',#13740,(#13744,#13750),.PCURVE_S1.);
#13740 = LINE('',#13741,#13742);
#13741 = CARTESIAN_POINT('',(6.6,-17.2,-86.74929394525));
#13742 = VECTOR('',#13743,1.);
#13743 = DIRECTION('',(0.,1.,0.));
#13744 = PCURVE('',#3295,#13745);
#13745 = DEFINITIONAL_REPRESENTATION('',(#13746),#13749);
#13746 = B_SPLINE_CURVE_WITH_KNOTS('',1,(#13747,#13748),.UNSPECIFIED.,
  .F.,.F.,(2,2),(9.99994E-02,2.5000006),.PIECEWISE_BEZIER_KNOTS.);
#13747 = CARTESIAN_POINT('',(3.065657630487,9.99994E-02));
#13748 = CARTESIAN_POINT('',(3.065657630487,2.5000006));
#13749 = ( GEOMETRIC_REPRESENTATION_CONTEXT(2) 
PARAMETRIC_REPRESENTATION_CONTEXT() REPRESENTATION_CONTEXT('2D SPACE',''
  ) );
#13750 = PCURVE('',#3377,#13751);
#13751 = DEFINITIONAL_REPRESENTATION('',(#13752),#13755);
#13752 = B_SPLINE_CURVE_WITH_KNOTS('',1,(#13753,#13754),.UNSPECIFIED.,
  .F.,.F.,(2,2),(9.99994E-02,2.5000006),.PIECEWISE_BEZIER_KNOTS.);
#13753 = CARTESIAN_POINT('',(3.250706054746,5.999999999062E-07));
#13754 = CARTESIAN_POINT('',(3.250706054746,-2.4000006));
#13755 = ( GEOMETRIC_REPRESENTATION_CONTEXT(2) 
PARAMETRIC_REPRESENTATION_CONTEXT() REPRESENTATION_CONTEXT('2D SPACE',''
  ) );
#13756 = ADVANCED_FACE('',(#13757),#3410,.F.);
#13757 = FACE_BOUND('',#13758,.F.);
#13758 = EDGE_LOOP('',(#13759,#13760,#13779,#13780));
#13759 = ORIENTED_EDGE('',*,*,#3391,.F.);
#13760 = ORIENTED_EDGE('',*,*,#13761,.F.);
#13761 = EDGE_CURVE('',#9614,#3392,#13762,.T.);
#13762 = SURFACE_CURVE('',#13763,(#13767,#13773),.PCURVE_S1.);
#13763 = LINE('',#13764,#13765);
#13764 = CARTESIAN_POINT('',(5.4,-17.2,-86.8322520726));
#13765 = VECTOR('',#13766,1.);
#13766 = DIRECTION('',(0.,1.,0.));
#13767 = PCURVE('',#3410,#13768);
#13768 = DEFINITIONAL_REPRESENTATION('',(#13769),#13772);
#13769 = B_SPLINE_CURVE_WITH_KNOTS('',1,(#13770,#13771),.UNSPECIFIED.,
  .F.,.F.,(2,2),(9.99994E-02,2.5000006),.PIECEWISE_BEZIER_KNOTS.);
#13770 = CARTESIAN_POINT('',(3.079483764788,9.99994E-02));
#13771 = CARTESIAN_POINT('',(3.079483764788,2.5000006));
#13772 = ( GEOMETRIC_REPRESENTATION_CONTEXT(2) 
PARAMETRIC_REPRESENTATION_CONTEXT() REPRESENTATION_CONTEXT('2D SPACE',''
  ) );
#13773 = PCURVE('',#3438,#13774);
#13774 = DEFINITIONAL_REPRESENTATION('',(#13775),#13778);
#13775 = B_SPLINE_CURVE_WITH_KNOTS('',1,(#13776,#13777),.UNSPECIFIED.,
  .F.,.F.,(2,2),(9.99994E-02,2.5000006),.PIECEWISE_BEZIER_KNOTS.);
#13776 = CARTESIAN_POINT('',(3.167747927397,5.999999999062E-07));
#13777 = CARTESIAN_POINT('',(3.167747927397,-2.4000006));
#13778 = ( GEOMETRIC_REPRESENTATION_CONTEXT(2) 
PARAMETRIC_REPRESENTATION_CONTEXT() REPRESENTATION_CONTEXT('2D SPACE',''
  ) );
#13779 = ORIENTED_EDGE('',*,*,#9613,.T.);
#13780 = ORIENTED_EDGE('',*,*,#13781,.T.);
#13781 = EDGE_CURVE('',#9616,#3394,#13782,.T.);
#13782 = SURFACE_CURVE('',#13783,(#13787,#13793),.PCURVE_S1.);
#13783 = LINE('',#13784,#13785);
#13784 = CARTESIAN_POINT('',(0.6,-17.2,-86.99793100988));
#13785 = VECTOR('',#13786,1.);
#13786 = DIRECTION('',(0.,1.,0.));
#13787 = PCURVE('',#3410,#13788);
#13788 = DEFINITIONAL_REPRESENTATION('',(#13789),#13792);
#13789 = B_SPLINE_CURVE_WITH_KNOTS('',1,(#13790,#13791),.UNSPECIFIED.,
  .F.,.F.,(2,2),(9.99994E-02,2.5000006),.PIECEWISE_BEZIER_KNOTS.);
#13790 = CARTESIAN_POINT('',(3.134696047195,9.99994E-02));
#13791 = CARTESIAN_POINT('',(3.134696047195,2.5000006));
#13792 = ( GEOMETRIC_REPRESENTATION_CONTEXT(2) 
PARAMETRIC_REPRESENTATION_CONTEXT() REPRESENTATION_CONTEXT('2D SPACE',''
  ) );
#13793 = PCURVE('',#3492,#13794);
#13794 = DEFINITIONAL_REPRESENTATION('',(#13795),#13798);
#13795 = B_SPLINE_CURVE_WITH_KNOTS('',1,(#13796,#13797),.UNSPECIFIED.,
  .F.,.F.,(2,2),(9.99994E-02,2.5000006),.PIECEWISE_BEZIER_KNOTS.);
#13796 = CARTESIAN_POINT('',(3.002068990119,5.999999999062E-07));
#13797 = CARTESIAN_POINT('',(3.002068990119,-2.4000006));
#13798 = ( GEOMETRIC_REPRESENTATION_CONTEXT(2) 
PARAMETRIC_REPRESENTATION_CONTEXT() REPRESENTATION_CONTEXT('2D SPACE',''
  ) );
#13799 = ADVANCED_FACE('',(#13800),#3525,.F.);
#13800 = FACE_BOUND('',#13801,.F.);
#13801 = EDGE_LOOP('',(#13802,#13821,#13822,#13841));
#13802 = ORIENTED_EDGE('',*,*,#13803,.T.);
#13803 = EDGE_CURVE('',#9711,#3509,#13804,.T.);
#13804 = SURFACE_CURVE('',#13805,(#13809,#13815),.PCURVE_S1.);
#13805 = LINE('',#13806,#13807);
#13806 = CARTESIAN_POINT('',(-5.4,-17.2,-86.8322520726));
#13807 = VECTOR('',#13808,1.);
#13808 = DIRECTION('',(0.,1.,0.));
#13809 = PCURVE('',#3525,#13810);
#13810 = DEFINITIONAL_REPRESENTATION('',(#13811),#13814);
#13811 = B_SPLINE_CURVE_WITH_KNOTS('',1,(#13812,#13813),.UNSPECIFIED.,
  .F.,.F.,(2,2),(9.99994E-02,2.5000006),.PIECEWISE_BEZIER_KNOTS.);
#13812 = CARTESIAN_POINT('',(3.203701542391,9.99994E-02));
#13813 = CARTESIAN_POINT('',(3.203701542391,2.5000006));
#13814 = ( GEOMETRIC_REPRESENTATION_CONTEXT(2) 
PARAMETRIC_REPRESENTATION_CONTEXT() REPRESENTATION_CONTEXT('2D SPACE',''
  ) );
#13815 = PCURVE('',#3607,#13816);
#13816 = DEFINITIONAL_REPRESENTATION('',(#13817),#13820);
#13817 = B_SPLINE_CURVE_WITH_KNOTS('',1,(#13818,#13819),.UNSPECIFIED.,
  .F.,.F.,(2,2),(9.99994E-02,2.5000006),.PIECEWISE_BEZIER_KNOTS.);
#13818 = CARTESIAN_POINT('',(3.167747927397,5.999999999062E-07));
#13819 = CARTESIAN_POINT('',(3.167747927397,-2.4000006));
#13820 = ( GEOMETRIC_REPRESENTATION_CONTEXT(2) 
PARAMETRIC_REPRESENTATION_CONTEXT() REPRESENTATION_CONTEXT('2D SPACE',''
  ) );
#13821 = ORIENTED_EDGE('',*,*,#3506,.F.);
#13822 = ORIENTED_EDGE('',*,*,#13823,.F.);
#13823 = EDGE_CURVE('',#9709,#3507,#13824,.T.);
#13824 = SURFACE_CURVE('',#13825,(#13829,#13835),.PCURVE_S1.);
#13825 = LINE('',#13826,#13827);
#13826 = CARTESIAN_POINT('',(-0.6,-17.2,-86.99793100988));
#13827 = VECTOR('',#13828,1.);
#13828 = DIRECTION('',(0.,1.,0.));
#13829 = PCURVE('',#3525,#13830);
#13830 = DEFINITIONAL_REPRESENTATION('',(#13831),#13834);
#13831 = B_SPLINE_CURVE_WITH_KNOTS('',1,(#13832,#13833),.UNSPECIFIED.,
  .F.,.F.,(2,2),(9.99994E-02,2.5000006),.PIECEWISE_BEZIER_KNOTS.);
#13832 = CARTESIAN_POINT('',(3.148489259985,9.99994E-02));
#13833 = CARTESIAN_POINT('',(3.148489259985,2.5000006));
#13834 = ( GEOMETRIC_REPRESENTATION_CONTEXT(2) 
PARAMETRIC_REPRESENTATION_CONTEXT() REPRESENTATION_CONTEXT('2D SPACE',''
  ) );
#13835 = PCURVE('',#3553,#13836);
#13836 = DEFINITIONAL_REPRESENTATION('',(#13837),#13840);
#13837 = B_SPLINE_CURVE_WITH_KNOTS('',1,(#13838,#13839),.UNSPECIFIED.,
  .F.,.F.,(2,2),(9.99994E-02,2.5000006),.PIECEWISE_BEZIER_KNOTS.);
#13838 = CARTESIAN_POINT('',(3.002068990119,5.999999999062E-07));
#13839 = CARTESIAN_POINT('',(3.002068990119,-2.4000006));
#13840 = ( GEOMETRIC_REPRESENTATION_CONTEXT(2) 
PARAMETRIC_REPRESENTATION_CONTEXT() REPRESENTATION_CONTEXT('2D SPACE',''
  ) );
#13841 = ORIENTED_EDGE('',*,*,#9708,.T.);
#13842 = ADVANCED_FACE('',(#13843),#3640,.F.);
#13843 = FACE_BOUND('',#13844,.F.);
#13844 = EDGE_LOOP('',(#13845,#13864,#13865,#13884));
#13845 = ORIENTED_EDGE('',*,*,#13846,.T.);
#13846 = EDGE_CURVE('',#9806,#3624,#13847,.T.);
#13847 = SURFACE_CURVE('',#13848,(#13852,#13858),.PCURVE_S1.);
#13848 = LINE('',#13849,#13850);
#13849 = CARTESIAN_POINT('',(-11.4,-17.2,-86.24986956511));
#13850 = VECTOR('',#13851,1.);
#13851 = DIRECTION('',(0.,1.,0.));
#13852 = PCURVE('',#3640,#13853);
#13853 = DEFINITIONAL_REPRESENTATION('',(#13854),#13857);
#13854 = B_SPLINE_CURVE_WITH_KNOTS('',1,(#13855,#13856),.UNSPECIFIED.,
  .F.,.F.,(2,2),(9.99994E-02,2.5000006),.PIECEWISE_BEZIER_KNOTS.);
#13855 = CARTESIAN_POINT('',(3.273005041372,9.99994E-02));
#13856 = CARTESIAN_POINT('',(3.273005041372,2.5000006));
#13857 = ( GEOMETRIC_REPRESENTATION_CONTEXT(2) 
PARAMETRIC_REPRESENTATION_CONTEXT() REPRESENTATION_CONTEXT('2D SPACE',''
  ) );
#13858 = PCURVE('',#3722,#13859);
#13859 = DEFINITIONAL_REPRESENTATION('',(#13860),#13863);
#13860 = B_SPLINE_CURVE_WITH_KNOTS('',1,(#13861,#13862),.UNSPECIFIED.,
  .F.,.F.,(2,2),(9.99994E-02,2.5000006),.PIECEWISE_BEZIER_KNOTS.);
#13861 = CARTESIAN_POINT('',(3.750130434881,5.999999999062E-07));
#13862 = CARTESIAN_POINT('',(3.750130434881,-2.4000006));
#13863 = ( GEOMETRIC_REPRESENTATION_CONTEXT(2) 
PARAMETRIC_REPRESENTATION_CONTEXT() REPRESENTATION_CONTEXT('2D SPACE',''
  ) );
#13864 = ORIENTED_EDGE('',*,*,#3621,.F.);
#13865 = ORIENTED_EDGE('',*,*,#13866,.F.);
#13866 = EDGE_CURVE('',#9804,#3622,#13867,.T.);
#13867 = SURFACE_CURVE('',#13868,(#13872,#13878),.PCURVE_S1.);
#13868 = LINE('',#13869,#13870);
#13869 = CARTESIAN_POINT('',(-6.6,-17.2,-86.74929394525));
#13870 = VECTOR('',#13871,1.);
#13871 = DIRECTION('',(0.,1.,0.));
#13872 = PCURVE('',#3640,#13873);
#13873 = DEFINITIONAL_REPRESENTATION('',(#13874),#13877);
#13874 = B_SPLINE_CURVE_WITH_KNOTS('',1,(#13875,#13876),.UNSPECIFIED.,
  .F.,.F.,(2,2),(9.99994E-02,2.5000006),.PIECEWISE_BEZIER_KNOTS.);
#13875 = CARTESIAN_POINT('',(3.217527676693,9.99994E-02));
#13876 = CARTESIAN_POINT('',(3.217527676693,2.5000006));
#13877 = ( GEOMETRIC_REPRESENTATION_CONTEXT(2) 
PARAMETRIC_REPRESENTATION_CONTEXT() REPRESENTATION_CONTEXT('2D SPACE',''
  ) );
#13878 = PCURVE('',#3668,#13879);
#13879 = DEFINITIONAL_REPRESENTATION('',(#13880),#13883);
#13880 = B_SPLINE_CURVE_WITH_KNOTS('',1,(#13881,#13882),.UNSPECIFIED.,
  .F.,.F.,(2,2),(9.99994E-02,2.5000006),.PIECEWISE_BEZIER_KNOTS.);
#13881 = CARTESIAN_POINT('',(3.250706054746,5.999999999062E-07));
#13882 = CARTESIAN_POINT('',(3.250706054746,-2.4000006));
#13883 = ( GEOMETRIC_REPRESENTATION_CONTEXT(2) 
PARAMETRIC_REPRESENTATION_CONTEXT() REPRESENTATION_CONTEXT('2D SPACE',''
  ) );
#13884 = ORIENTED_EDGE('',*,*,#9803,.T.);
#13885 = ADVANCED_FACE('',(#13886),#3755,.F.);
#13886 = FACE_BOUND('',#13887,.F.);
#13887 = EDGE_LOOP('',(#13888,#13907,#13908,#13927));
#13888 = ORIENTED_EDGE('',*,*,#13889,.T.);
#13889 = EDGE_CURVE('',#9901,#3739,#13890,.T.);
#13890 = SURFACE_CURVE('',#13891,(#13895,#13901),.PCURVE_S1.);
#13891 = LINE('',#13892,#13893);
#13892 = CARTESIAN_POINT('',(-17.4,-17.2,-85.24224304885));
#13893 = VECTOR('',#13894,1.);
#13894 = DIRECTION('',(0.,1.,0.));
#13895 = PCURVE('',#3755,#13896);
#13896 = DEFINITIONAL_REPRESENTATION('',(#13897),#13900);
#13897 = B_SPLINE_CURVE_WITH_KNOTS('',1,(#13898,#13899),.UNSPECIFIED.,
  .F.,.F.,(2,2),(9.99994E-02,2.5000006),.PIECEWISE_BEZIER_KNOTS.);
#13898 = CARTESIAN_POINT('',(3.34295057438,9.99994E-02));
#13899 = CARTESIAN_POINT('',(3.34295057438,2.5000006));
#13900 = ( GEOMETRIC_REPRESENTATION_CONTEXT(2) 
PARAMETRIC_REPRESENTATION_CONTEXT() REPRESENTATION_CONTEXT('2D SPACE',''
  ) );
#13901 = PCURVE('',#3837,#13902);
#13902 = DEFINITIONAL_REPRESENTATION('',(#13903),#13906);
#13903 = B_SPLINE_CURVE_WITH_KNOTS('',1,(#13904,#13905),.UNSPECIFIED.,
  .F.,.F.,(2,2),(9.99994E-02,2.5000006),.PIECEWISE_BEZIER_KNOTS.);
#13904 = CARTESIAN_POINT('',(4.757756951145,5.999999999062E-07));
#13905 = CARTESIAN_POINT('',(4.757756951145,-2.4000006));
#13906 = ( GEOMETRIC_REPRESENTATION_CONTEXT(2) 
PARAMETRIC_REPRESENTATION_CONTEXT() REPRESENTATION_CONTEXT('2D SPACE',''
  ) );
#13907 = ORIENTED_EDGE('',*,*,#3736,.F.);
#13908 = ORIENTED_EDGE('',*,*,#13909,.F.);
#13909 = EDGE_CURVE('',#9899,#3737,#13910,.T.);
#13910 = SURFACE_CURVE('',#13911,(#13915,#13921),.PCURVE_S1.);
#13911 = LINE('',#13912,#13913);
#13912 = CARTESIAN_POINT('',(-12.6,-17.2,-86.08275088541));
#13913 = VECTOR('',#13914,1.);
#13914 = DIRECTION('',(0.,1.,0.));
#13915 = PCURVE('',#3755,#13916);
#13916 = DEFINITIONAL_REPRESENTATION('',(#13917),#13920);
#13917 = B_SPLINE_CURVE_WITH_KNOTS('',1,(#13918,#13919),.UNSPECIFIED.,
  .F.,.F.,(2,2),(9.99994E-02,2.5000006),.PIECEWISE_BEZIER_KNOTS.);
#13918 = CARTESIAN_POINT('',(3.286931372934,9.99994E-02));
#13919 = CARTESIAN_POINT('',(3.286931372934,2.5000006));
#13920 = ( GEOMETRIC_REPRESENTATION_CONTEXT(2) 
PARAMETRIC_REPRESENTATION_CONTEXT() REPRESENTATION_CONTEXT('2D SPACE',''
  ) );
#13921 = PCURVE('',#3783,#13922);
#13922 = DEFINITIONAL_REPRESENTATION('',(#13923),#13926);
#13923 = B_SPLINE_CURVE_WITH_KNOTS('',1,(#13924,#13925),.UNSPECIFIED.,
  .F.,.F.,(2,2),(9.99994E-02,2.5000006),.PIECEWISE_BEZIER_KNOTS.);
#13924 = CARTESIAN_POINT('',(3.917249114587,5.999999999062E-07));
#13925 = CARTESIAN_POINT('',(3.917249114587,-2.4000006));
#13926 = ( GEOMETRIC_REPRESENTATION_CONTEXT(2) 
PARAMETRIC_REPRESENTATION_CONTEXT() REPRESENTATION_CONTEXT('2D SPACE',''
  ) );
#13927 = ORIENTED_EDGE('',*,*,#9898,.T.);
#13928 = ADVANCED_FACE('',(#13929),#3870,.F.);
#13929 = FACE_BOUND('',#13930,.F.);
#13930 = EDGE_LOOP('',(#13931,#13950,#13951,#13970));
#13931 = ORIENTED_EDGE('',*,*,#13932,.T.);
#13932 = EDGE_CURVE('',#9996,#3854,#13933,.T.);
#13933 = SURFACE_CURVE('',#13934,(#13938,#13944),.PCURVE_S1.);
#13934 = LINE('',#13935,#13936);
#13935 = CARTESIAN_POINT('',(-23.4,-17.2,-83.79403320046));
#13936 = VECTOR('',#13937,1.);
#13937 = DIRECTION('',(0.,1.,0.));
#13938 = PCURVE('',#3870,#13939);
#13939 = DEFINITIONAL_REPRESENTATION('',(#13940),#13943);
#13940 = B_SPLINE_CURVE_WITH_KNOTS('',1,(#13941,#13942),.UNSPECIFIED.,
  .F.,.F.,(2,2),(9.99994E-02,2.5000006),.PIECEWISE_BEZIER_KNOTS.);
#13941 = CARTESIAN_POINT('',(3.41391146157,9.99994E-02));
#13942 = CARTESIAN_POINT('',(3.41391146157,2.5000006));
#13943 = ( GEOMETRIC_REPRESENTATION_CONTEXT(2) 
PARAMETRIC_REPRESENTATION_CONTEXT() REPRESENTATION_CONTEXT('2D SPACE',''
  ) );
#13944 = PCURVE('',#3952,#13945);
#13945 = DEFINITIONAL_REPRESENTATION('',(#13946),#13949);
#13946 = B_SPLINE_CURVE_WITH_KNOTS('',1,(#13947,#13948),.UNSPECIFIED.,
  .F.,.F.,(2,2),(9.99994E-02,2.5000006),.PIECEWISE_BEZIER_KNOTS.);
#13947 = CARTESIAN_POINT('',(6.205966799539,5.999999999062E-07));
#13948 = CARTESIAN_POINT('',(6.205966799539,-2.4000006));
#13949 = ( GEOMETRIC_REPRESENTATION_CONTEXT(2) 
PARAMETRIC_REPRESENTATION_CONTEXT() REPRESENTATION_CONTEXT('2D SPACE',''
  ) );
#13950 = ORIENTED_EDGE('',*,*,#3851,.F.);
#13951 = ORIENTED_EDGE('',*,*,#13952,.F.);
#13952 = EDGE_CURVE('',#9994,#3852,#13953,.T.);
#13953 = SURFACE_CURVE('',#13954,(#13958,#13964),.PCURVE_S1.);
#13954 = LINE('',#13955,#13956);
#13955 = CARTESIAN_POINT('',(-18.6,-17.2,-84.9884698062));
#13956 = VECTOR('',#13957,1.);
#13957 = DIRECTION('',(0.,1.,0.));
#13958 = PCURVE('',#3870,#13959);
#13959 = DEFINITIONAL_REPRESENTATION('',(#13960),#13963);
#13960 = B_SPLINE_CURVE_WITH_KNOTS('',1,(#13961,#13962),.UNSPECIFIED.,
  .F.,.F.,(2,2),(9.99994E-02,2.5000006),.PIECEWISE_BEZIER_KNOTS.);
#13961 = CARTESIAN_POINT('',(3.35704885434,9.99994E-02));
#13962 = CARTESIAN_POINT('',(3.35704885434,2.5000006));
#13963 = ( GEOMETRIC_REPRESENTATION_CONTEXT(2) 
PARAMETRIC_REPRESENTATION_CONTEXT() REPRESENTATION_CONTEXT('2D SPACE',''
  ) );
#13964 = PCURVE('',#3898,#13965);
#13965 = DEFINITIONAL_REPRESENTATION('',(#13966),#13969);
#13966 = B_SPLINE_CURVE_WITH_KNOTS('',1,(#13967,#13968),.UNSPECIFIED.,
  .F.,.F.,(2,2),(9.99994E-02,2.5000006),.PIECEWISE_BEZIER_KNOTS.);
#13967 = CARTESIAN_POINT('',(5.011530193796,5.999999999062E-07));
#13968 = CARTESIAN_POINT('',(5.011530193796,-2.4000006));
#13969 = ( GEOMETRIC_REPRESENTATION_CONTEXT(2) 
PARAMETRIC_REPRESENTATION_CONTEXT() REPRESENTATION_CONTEXT('2D SPACE',''
  ) );
#13970 = ORIENTED_EDGE('',*,*,#9993,.T.);
#13971 = ADVANCED_FACE('',(#13972),#3985,.F.);
#13972 = FACE_BOUND('',#13973,.F.);
#13973 = EDGE_LOOP('',(#13974,#13993,#13994,#14013));
#13974 = ORIENTED_EDGE('',*,*,#13975,.T.);
#13975 = EDGE_CURVE('',#10091,#3969,#13976,.T.);
#13976 = SURFACE_CURVE('',#13977,(#13981,#13987),.PCURVE_S1.);
#13977 = LINE('',#13978,#13979);
#13978 = CARTESIAN_POINT('',(-29.4,-17.2,-81.88186612431));
#13979 = VECTOR('',#13980,1.);
#13980 = DIRECTION('',(0.,1.,0.));
#13981 = PCURVE('',#3985,#13982);
#13982 = DEFINITIONAL_REPRESENTATION('',(#13983),#13986);
#13983 = B_SPLINE_CURVE_WITH_KNOTS('',1,(#13984,#13985),.UNSPECIFIED.,
  .F.,.F.,(2,2),(9.99994E-02,2.5000006),.PIECEWISE_BEZIER_KNOTS.);
#13984 = CARTESIAN_POINT('',(3.486310392167,9.99994E-02));
#13985 = CARTESIAN_POINT('',(3.486310392167,2.5000006));
#13986 = ( GEOMETRIC_REPRESENTATION_CONTEXT(2) 
PARAMETRIC_REPRESENTATION_CONTEXT() REPRESENTATION_CONTEXT('2D SPACE',''
  ) );
#13987 = PCURVE('',#4067,#13988);
#13988 = DEFINITIONAL_REPRESENTATION('',(#13989),#13992);
#13989 = B_SPLINE_CURVE_WITH_KNOTS('',1,(#13990,#13991),.UNSPECIFIED.,
  .F.,.F.,(2,2),(9.99994E-02,2.5000006),.PIECEWISE_BEZIER_KNOTS.);
#13990 = CARTESIAN_POINT('',(8.118133875686,5.999999999062E-07));
#13991 = CARTESIAN_POINT('',(8.118133875686,-2.4000006));
#13992 = ( GEOMETRIC_REPRESENTATION_CONTEXT(2) 
PARAMETRIC_REPRESENTATION_CONTEXT() REPRESENTATION_CONTEXT('2D SPACE',''
  ) );
#13993 = ORIENTED_EDGE('',*,*,#3966,.F.);
#13994 = ORIENTED_EDGE('',*,*,#13995,.F.);
#13995 = EDGE_CURVE('',#10089,#3967,#13996,.T.);
#13996 = SURFACE_CURVE('',#13997,(#14001,#14007),.PCURVE_S1.);
#13997 = LINE('',#13998,#13999);
#13998 = CARTESIAN_POINT('',(-24.6,-17.2,-83.44962552342));
#13999 = VECTOR('',#14000,1.);
#14000 = DIRECTION('',(0.,1.,0.));
#14001 = PCURVE('',#3985,#14002);
#14002 = DEFINITIONAL_REPRESENTATION('',(#14003),#14006);
#14003 = B_SPLINE_CURVE_WITH_KNOTS('',1,(#14004,#14005),.UNSPECIFIED.,
  .F.,.F.,(2,2),(9.99994E-02,2.5000006),.PIECEWISE_BEZIER_KNOTS.);
#14004 = CARTESIAN_POINT('',(3.428261535188,9.99994E-02));
#14005 = CARTESIAN_POINT('',(3.428261535188,2.5000006));
#14006 = ( GEOMETRIC_REPRESENTATION_CONTEXT(2) 
PARAMETRIC_REPRESENTATION_CONTEXT() REPRESENTATION_CONTEXT('2D SPACE',''
  ) );
#14007 = PCURVE('',#4013,#14008);
#14008 = DEFINITIONAL_REPRESENTATION('',(#14009),#14012);
#14009 = B_SPLINE_CURVE_WITH_KNOTS('',1,(#14010,#14011),.UNSPECIFIED.,
  .F.,.F.,(2,2),(9.99994E-02,2.5000006),.PIECEWISE_BEZIER_KNOTS.);
#14010 = CARTESIAN_POINT('',(6.550374476574,5.999999999062E-07));
#14011 = CARTESIAN_POINT('',(6.550374476574,-2.4000006));
#14012 = ( GEOMETRIC_REPRESENTATION_CONTEXT(2) 
PARAMETRIC_REPRESENTATION_CONTEXT() REPRESENTATION_CONTEXT('2D SPACE',''
  ) );
#14013 = ORIENTED_EDGE('',*,*,#10088,.T.);
#14014 = ADVANCED_FACE('',(#14015),#4100,.F.);
#14015 = FACE_BOUND('',#14016,.F.);
#14016 = EDGE_LOOP('',(#14017,#14036,#14037,#14056));
#14017 = ORIENTED_EDGE('',*,*,#14018,.T.);
#14018 = EDGE_CURVE('',#10186,#4084,#14019,.T.);
#14019 = SURFACE_CURVE('',#14020,(#14024,#14030),.PCURVE_S1.);
#14020 = LINE('',#14021,#14022);
#14021 = CARTESIAN_POINT('',(-35.4,-17.2,-79.47225931103));
#14022 = VECTOR('',#14023,1.);
#14023 = DIRECTION('',(0.,1.,0.));
#14024 = PCURVE('',#4100,#14025);
#14025 = DEFINITIONAL_REPRESENTATION('',(#14026),#14029);
#14026 = B_SPLINE_CURVE_WITH_KNOTS('',1,(#14027,#14028),.UNSPECIFIED.,
  .F.,.F.,(2,2),(9.99994E-02,2.5000006),.PIECEWISE_BEZIER_KNOTS.);
#14027 = CARTESIAN_POINT('',(3.560646722698,9.99994E-02));
#14028 = CARTESIAN_POINT('',(3.560646722698,2.5000006));
#14029 = ( GEOMETRIC_REPRESENTATION_CONTEXT(2) 
PARAMETRIC_REPRESENTATION_CONTEXT() REPRESENTATION_CONTEXT('2D SPACE',''
  ) );
#14030 = PCURVE('',#4182,#14031);
#14031 = DEFINITIONAL_REPRESENTATION('',(#14032),#14035);
#14032 = B_SPLINE_CURVE_WITH_KNOTS('',1,(#14033,#14034),.UNSPECIFIED.,
  .F.,.F.,(2,2),(9.99994E-02,2.5000006),.PIECEWISE_BEZIER_KNOTS.);
#14033 = CARTESIAN_POINT('',(10.527740688967,5.999999999062E-07));
#14034 = CARTESIAN_POINT('',(10.527740688967,-2.4000006));
#14035 = ( GEOMETRIC_REPRESENTATION_CONTEXT(2) 
PARAMETRIC_REPRESENTATION_CONTEXT() REPRESENTATION_CONTEXT('2D SPACE',''
  ) );
#14036 = ORIENTED_EDGE('',*,*,#4081,.F.);
#14037 = ORIENTED_EDGE('',*,*,#14038,.F.);
#14038 = EDGE_CURVE('',#10184,#4082,#14039,.T.);
#14039 = SURFACE_CURVE('',#14040,(#14044,#14050),.PCURVE_S1.);
#14040 = LINE('',#14041,#14042);
#14041 = CARTESIAN_POINT('',(-30.6,-17.2,-81.44102160459));
#14042 = VECTOR('',#14043,1.);
#14043 = DIRECTION('',(0.,1.,0.));
#14044 = PCURVE('',#4100,#14045);
#14045 = DEFINITIONAL_REPRESENTATION('',(#14046),#14049);
#14046 = B_SPLINE_CURVE_WITH_KNOTS('',1,(#14047,#14048),.UNSPECIFIED.,
  .F.,.F.,(2,2),(9.99994E-02,2.5000006),.PIECEWISE_BEZIER_KNOTS.);
#14047 = CARTESIAN_POINT('',(3.501004945069,9.99994E-02));
#14048 = CARTESIAN_POINT('',(3.501004945069,2.5000006));
#14049 = ( GEOMETRIC_REPRESENTATION_CONTEXT(2) 
PARAMETRIC_REPRESENTATION_CONTEXT() REPRESENTATION_CONTEXT('2D SPACE',''
  ) );
#14050 = PCURVE('',#4128,#14051);
#14051 = DEFINITIONAL_REPRESENTATION('',(#14052),#14055);
#14052 = B_SPLINE_CURVE_WITH_KNOTS('',1,(#14053,#14054),.UNSPECIFIED.,
  .F.,.F.,(2,2),(9.99994E-02,2.5000006),.PIECEWISE_BEZIER_KNOTS.);
#14053 = CARTESIAN_POINT('',(8.558978395406,5.999999999062E-07));
#14054 = CARTESIAN_POINT('',(8.558978395406,-2.4000006));
#14055 = ( GEOMETRIC_REPRESENTATION_CONTEXT(2) 
PARAMETRIC_REPRESENTATION_CONTEXT() REPRESENTATION_CONTEXT('2D SPACE',''
  ) );
#14056 = ORIENTED_EDGE('',*,*,#10183,.T.);
#14057 = ADVANCED_FACE('',(#14058),#4215,.F.);
#14058 = FACE_BOUND('',#14059,.F.);
#14059 = EDGE_LOOP('',(#14060,#14079,#14080,#14099));
#14060 = ORIENTED_EDGE('',*,*,#14061,.T.);
#14061 = EDGE_CURVE('',#10281,#4199,#14062,.T.);
#14062 = SURFACE_CURVE('',#14063,(#14067,#14073),.PCURVE_S1.);
#14063 = LINE('',#14064,#14065);
#14064 = CARTESIAN_POINT('',(-41.4,-17.2,-76.51823312126));
#14065 = VECTOR('',#14066,1.);
#14066 = DIRECTION('',(0.,1.,0.));
#14067 = PCURVE('',#4215,#14068);
#14068 = DEFINITIONAL_REPRESENTATION('',(#14069),#14072);
#14069 = B_SPLINE_CURVE_WITH_KNOTS('',1,(#14070,#14071),.UNSPECIFIED.,
  .F.,.F.,(2,2),(9.99994E-02,2.5000006),.PIECEWISE_BEZIER_KNOTS.);
#14070 = CARTESIAN_POINT('',(3.637536584251,9.99994E-02));
#14071 = CARTESIAN_POINT('',(3.637536584251,2.5000006));
#14072 = ( GEOMETRIC_REPRESENTATION_CONTEXT(2) 
PARAMETRIC_REPRESENTATION_CONTEXT() REPRESENTATION_CONTEXT('2D SPACE',''
  ) );
#14073 = PCURVE('',#4297,#14074);
#14074 = DEFINITIONAL_REPRESENTATION('',(#14075),#14078);
#14075 = B_SPLINE_CURVE_WITH_KNOTS('',1,(#14076,#14077),.UNSPECIFIED.,
  .F.,.F.,(2,2),(9.99994E-02,2.5000006),.PIECEWISE_BEZIER_KNOTS.);
#14076 = CARTESIAN_POINT('',(13.481766878737,5.999999999062E-07));
#14077 = CARTESIAN_POINT('',(13.481766878737,-2.4000006));
#14078 = ( GEOMETRIC_REPRESENTATION_CONTEXT(2) 
PARAMETRIC_REPRESENTATION_CONTEXT() REPRESENTATION_CONTEXT('2D SPACE',''
  ) );
#14079 = ORIENTED_EDGE('',*,*,#4196,.F.);
#14080 = ORIENTED_EDGE('',*,*,#14081,.F.);
#14081 = EDGE_CURVE('',#10279,#4197,#14082,.T.);
#14082 = SURFACE_CURVE('',#14083,(#14087,#14093),.PCURVE_S1.);
#14083 = LINE('',#14084,#14085);
#14084 = CARTESIAN_POINT('',(-36.6,-17.2,-78.92680153154));
#14085 = VECTOR('',#14086,1.);
#14086 = DIRECTION('',(0.,1.,0.));
#14087 = PCURVE('',#4215,#14088);
#14088 = DEFINITIONAL_REPRESENTATION('',(#14089),#14092);
#14089 = B_SPLINE_CURVE_WITH_KNOTS('',1,(#14090,#14091),.UNSPECIFIED.,
  .F.,.F.,(2,2),(9.99994E-02,2.5000006),.PIECEWISE_BEZIER_KNOTS.);
#14090 = CARTESIAN_POINT('',(3.57579803783,9.99994E-02));
#14091 = CARTESIAN_POINT('',(3.57579803783,2.5000006));
#14092 = ( GEOMETRIC_REPRESENTATION_CONTEXT(2) 
PARAMETRIC_REPRESENTATION_CONTEXT() REPRESENTATION_CONTEXT('2D SPACE',''
  ) );
#14093 = PCURVE('',#4243,#14094);
#14094 = DEFINITIONAL_REPRESENTATION('',(#14095),#14098);
#14095 = B_SPLINE_CURVE_WITH_KNOTS('',1,(#14096,#14097),.UNSPECIFIED.,
  .F.,.F.,(2,2),(9.99994E-02,2.5000006),.PIECEWISE_BEZIER_KNOTS.);
#14096 = CARTESIAN_POINT('',(11.073198468454,5.999999999062E-07));
#14097 = CARTESIAN_POINT('',(11.073198468454,-2.4000006));
#14098 = ( GEOMETRIC_REPRESENTATION_CONTEXT(2) 
PARAMETRIC_REPRESENTATION_CONTEXT() REPRESENTATION_CONTEXT('2D SPACE',''
  ) );
#14099 = ORIENTED_EDGE('',*,*,#10278,.T.);
#14100 = ADVANCED_FACE('',(#14101),#4330,.F.);
#14101 = FACE_BOUND('',#14102,.F.);
#14102 = EDGE_LOOP('',(#14103,#14122,#14123,#14142));
#14103 = ORIENTED_EDGE('',*,*,#14104,.T.);
#14104 = EDGE_CURVE('',#10376,#4314,#14105,.T.);
#14105 = SURFACE_CURVE('',#14106,(#14110,#14116),.PCURVE_S1.);
#14106 = LINE('',#14107,#14108);
#14107 = CARTESIAN_POINT('',(-47.4,-17.2,-72.95368393713));
#14108 = VECTOR('',#14109,1.);
#14109 = DIRECTION('',(0.,1.,0.));
#14110 = PCURVE('',#4330,#14111);
#14111 = DEFINITIONAL_REPRESENTATION('',(#14112),#14115);
#14112 = B_SPLINE_CURVE_WITH_KNOTS('',1,(#14113,#14114),.UNSPECIFIED.,
  .F.,.F.,(2,2),(9.99994E-02,2.5000006),.PIECEWISE_BEZIER_KNOTS.);
#14113 = CARTESIAN_POINT('',(3.717776144684,9.99994E-02));
#14114 = CARTESIAN_POINT('',(3.717776144684,2.5000006));
#14115 = ( GEOMETRIC_REPRESENTATION_CONTEXT(2) 
PARAMETRIC_REPRESENTATION_CONTEXT() REPRESENTATION_CONTEXT('2D SPACE',''
  ) );
#14116 = PCURVE('',#4412,#14117);
#14117 = DEFINITIONAL_REPRESENTATION('',(#14118),#14121);
#14118 = B_SPLINE_CURVE_WITH_KNOTS('',1,(#14119,#14120),.UNSPECIFIED.,
  .F.,.F.,(2,2),(9.99994E-02,2.5000006),.PIECEWISE_BEZIER_KNOTS.);
#14119 = CARTESIAN_POINT('',(17.046316062861,5.999999999062E-07));
#14120 = CARTESIAN_POINT('',(17.046316062861,-2.4000006));
#14121 = ( GEOMETRIC_REPRESENTATION_CONTEXT(2) 
PARAMETRIC_REPRESENTATION_CONTEXT() REPRESENTATION_CONTEXT('2D SPACE',''
  ) );
#14122 = ORIENTED_EDGE('',*,*,#4311,.F.);
#14123 = ORIENTED_EDGE('',*,*,#14124,.F.);
#14124 = EDGE_CURVE('',#10374,#4312,#14125,.T.);
#14125 = SURFACE_CURVE('',#14126,(#14130,#14136),.PCURVE_S1.);
#14126 = LINE('',#14127,#14128);
#14127 = CARTESIAN_POINT('',(-42.6,-17.2,-75.85670702054));
#14128 = VECTOR('',#14129,1.);
#14129 = DIRECTION('',(0.,1.,0.));
#14130 = PCURVE('',#4330,#14131);
#14131 = DEFINITIONAL_REPRESENTATION('',(#14132),#14135);
#14132 = B_SPLINE_CURVE_WITH_KNOTS('',1,(#14133,#14134),.UNSPECIFIED.,
  .F.,.F.,(2,2),(9.99994E-02,2.5000006),.PIECEWISE_BEZIER_KNOTS.);
#14133 = CARTESIAN_POINT('',(3.653286880088,9.99994E-02));
#14134 = CARTESIAN_POINT('',(3.653286880088,2.5000006));
#14135 = ( GEOMETRIC_REPRESENTATION_CONTEXT(2) 
PARAMETRIC_REPRESENTATION_CONTEXT() REPRESENTATION_CONTEXT('2D SPACE',''
  ) );
#14136 = PCURVE('',#4358,#14137);
#14137 = DEFINITIONAL_REPRESENTATION('',(#14138),#14141);
#14138 = B_SPLINE_CURVE_WITH_KNOTS('',1,(#14139,#14140),.UNSPECIFIED.,
  .F.,.F.,(2,2),(9.99994E-02,2.5000006),.PIECEWISE_BEZIER_KNOTS.);
#14139 = CARTESIAN_POINT('',(14.14329297946,5.999999999062E-07));
#14140 = CARTESIAN_POINT('',(14.14329297946,-2.4000006));
#14141 = ( GEOMETRIC_REPRESENTATION_CONTEXT(2) 
PARAMETRIC_REPRESENTATION_CONTEXT() REPRESENTATION_CONTEXT('2D SPACE',''
  ) );
#14142 = ORIENTED_EDGE('',*,*,#10373,.T.);
#14143 = ADVANCED_FACE('',(#14144),#4445,.F.);
#14144 = FACE_BOUND('',#14145,.F.);
#14145 = EDGE_LOOP('',(#14146,#14165,#14166,#14185));
#14146 = ORIENTED_EDGE('',*,*,#14147,.T.);
#14147 = EDGE_CURVE('',#10471,#4429,#14148,.T.);
#14148 = SURFACE_CURVE('',#14149,(#14153,#14159),.PCURVE_S1.);
#14149 = LINE('',#14150,#14151);
#14150 = CARTESIAN_POINT('',(-53.4,-17.2,-68.68362250202));
#14151 = VECTOR('',#14152,1.);
#14152 = DIRECTION('',(0.,1.,0.));
#14153 = PCURVE('',#4445,#14154);
#14154 = DEFINITIONAL_REPRESENTATION('',(#14155),#14158);
#14155 = B_SPLINE_CURVE_WITH_KNOTS('',1,(#14156,#14157),.UNSPECIFIED.,
  .F.,.F.,(2,2),(9.99994E-02,2.5000006),.PIECEWISE_BEZIER_KNOTS.);
#14156 = CARTESIAN_POINT('',(3.802448961182,9.99994E-02));
#14157 = CARTESIAN_POINT('',(3.802448961182,2.5000006));
#14158 = ( GEOMETRIC_REPRESENTATION_CONTEXT(2) 
PARAMETRIC_REPRESENTATION_CONTEXT() REPRESENTATION_CONTEXT('2D SPACE',''
  ) );
#14159 = PCURVE('',#4527,#14160);
#14160 = DEFINITIONAL_REPRESENTATION('',(#14161),#14164);
#14161 = B_SPLINE_CURVE_WITH_KNOTS('',1,(#14162,#14163),.UNSPECIFIED.,
  .F.,.F.,(2,2),(9.99994E-02,2.5000006),.PIECEWISE_BEZIER_KNOTS.);
#14162 = CARTESIAN_POINT('',(21.31637749798,5.999999999062E-07));
#14163 = CARTESIAN_POINT('',(21.31637749798,-2.4000006));
#14164 = ( GEOMETRIC_REPRESENTATION_CONTEXT(2) 
PARAMETRIC_REPRESENTATION_CONTEXT() REPRESENTATION_CONTEXT('2D SPACE',''
  ) );
#14165 = ORIENTED_EDGE('',*,*,#4426,.F.);
#14166 = ORIENTED_EDGE('',*,*,#14167,.F.);
#14167 = EDGE_CURVE('',#10469,#4427,#14168,.T.);
#14168 = SURFACE_CURVE('',#14169,(#14173,#14179),.PCURVE_S1.);
#14169 = LINE('',#14170,#14171);
#14170 = CARTESIAN_POINT('',(-48.6,-17.2,-72.15982261619));
#14171 = VECTOR('',#14172,1.);
#14172 = DIRECTION('',(0.,1.,0.));
#14173 = PCURVE('',#4445,#14174);
#14174 = DEFINITIONAL_REPRESENTATION('',(#14175),#14178);
#14175 = B_SPLINE_CURVE_WITH_KNOTS('',1,(#14176,#14177),.UNSPECIFIED.,
  .F.,.F.,(2,2),(9.99994E-02,2.5000006),.PIECEWISE_BEZIER_KNOTS.);
#14176 = CARTESIAN_POINT('',(3.73431454523,9.99994E-02));
#14177 = CARTESIAN_POINT('',(3.73431454523,2.5000006));
#14178 = ( GEOMETRIC_REPRESENTATION_CONTEXT(2) 
PARAMETRIC_REPRESENTATION_CONTEXT() REPRESENTATION_CONTEXT('2D SPACE',''
  ) );
#14179 = PCURVE('',#4473,#14180);
#14180 = DEFINITIONAL_REPRESENTATION('',(#14181),#14184);
#14181 = B_SPLINE_CURVE_WITH_KNOTS('',1,(#14182,#14183),.UNSPECIFIED.,
  .F.,.F.,(2,2),(9.99994E-02,2.5000006),.PIECEWISE_BEZIER_KNOTS.);
#14182 = CARTESIAN_POINT('',(17.84017738381,5.999999999062E-07));
#14183 = CARTESIAN_POINT('',(17.84017738381,-2.4000006));
#14184 = ( GEOMETRIC_REPRESENTATION_CONTEXT(2) 
PARAMETRIC_REPRESENTATION_CONTEXT() REPRESENTATION_CONTEXT('2D SPACE',''
  ) );
#14185 = ORIENTED_EDGE('',*,*,#10468,.T.);
#14186 = ADVANCED_FACE('',(#14187),#4560,.F.);
#14187 = FACE_BOUND('',#14188,.F.);
#14188 = EDGE_LOOP('',(#14189,#14208,#14209,#14228));
#14189 = ORIENTED_EDGE('',*,*,#14190,.T.);
#14190 = EDGE_CURVE('',#10566,#4544,#14191,.T.);
#14191 = SURFACE_CURVE('',#14192,(#14196,#14202),.PCURVE_S1.);
#14192 = LINE('',#14193,#14194);
#14193 = CARTESIAN_POINT('',(-59.4,-17.2,-63.56602866311));
#14194 = VECTOR('',#14195,1.);
#14195 = DIRECTION('',(0.,1.,0.));
#14196 = PCURVE('',#4560,#14197);
#14197 = DEFINITIONAL_REPRESENTATION('',(#14198),#14201);
#14198 = B_SPLINE_CURVE_WITH_KNOTS('',1,(#14199,#14200),.UNSPECIFIED.,
  .F.,.F.,(2,2),(9.99994E-02,2.5000006),.PIECEWISE_BEZIER_KNOTS.);
#14199 = CARTESIAN_POINT('',(3.893124261701,9.99994E-02));
#14200 = CARTESIAN_POINT('',(3.893124261701,2.5000006));
#14201 = ( GEOMETRIC_REPRESENTATION_CONTEXT(2) 
PARAMETRIC_REPRESENTATION_CONTEXT() REPRESENTATION_CONTEXT('2D SPACE',''
  ) );
#14202 = PCURVE('',#4642,#14203);
#14203 = DEFINITIONAL_REPRESENTATION('',(#14204),#14207);
#14204 = B_SPLINE_CURVE_WITH_KNOTS('',1,(#14205,#14206),.UNSPECIFIED.,
  .F.,.F.,(2,2),(9.99994E-02,2.5000006),.PIECEWISE_BEZIER_KNOTS.);
#14205 = CARTESIAN_POINT('',(26.433971336885,5.999999999062E-07));
#14206 = CARTESIAN_POINT('',(26.433971336885,-2.4000006));
#14207 = ( GEOMETRIC_REPRESENTATION_CONTEXT(2) 
PARAMETRIC_REPRESENTATION_CONTEXT() REPRESENTATION_CONTEXT('2D SPACE',''
  ) );
#14208 = ORIENTED_EDGE('',*,*,#4541,.F.);
#14209 = ORIENTED_EDGE('',*,*,#14210,.F.);
#14210 = EDGE_CURVE('',#10564,#4542,#14211,.T.);
#14211 = SURFACE_CURVE('',#14212,(#14216,#14222),.PCURVE_S1.);
#14212 = LINE('',#14213,#14214);
#14213 = CARTESIAN_POINT('',(-54.6,-17.2,-67.73359580001));
#14214 = VECTOR('',#14215,1.);
#14215 = DIRECTION('',(0.,1.,0.));
#14216 = PCURVE('',#4560,#14217);
#14217 = DEFINITIONAL_REPRESENTATION('',(#14218),#14221);
#14218 = B_SPLINE_CURVE_WITH_KNOTS('',1,(#14219,#14220),.UNSPECIFIED.,
  .F.,.F.,(2,2),(9.99994E-02,2.5000006),.PIECEWISE_BEZIER_KNOTS.);
#14219 = CARTESIAN_POINT('',(3.820041594497,9.99994E-02));
#14220 = CARTESIAN_POINT('',(3.820041594497,2.5000006));
#14221 = ( GEOMETRIC_REPRESENTATION_CONTEXT(2) 
PARAMETRIC_REPRESENTATION_CONTEXT() REPRESENTATION_CONTEXT('2D SPACE',''
  ) );
#14222 = PCURVE('',#4588,#14223);
#14223 = DEFINITIONAL_REPRESENTATION('',(#14224),#14227);
#14224 = B_SPLINE_CURVE_WITH_KNOTS('',1,(#14225,#14226),.UNSPECIFIED.,
  .F.,.F.,(2,2),(9.99994E-02,2.5000006),.PIECEWISE_BEZIER_KNOTS.);
#14225 = CARTESIAN_POINT('',(22.266404199984,5.999999999062E-07));
#14226 = CARTESIAN_POINT('',(22.266404199984,-2.4000006));
#14227 = ( GEOMETRIC_REPRESENTATION_CONTEXT(2) 
PARAMETRIC_REPRESENTATION_CONTEXT() REPRESENTATION_CONTEXT('2D SPACE',''
  ) );
#14228 = ORIENTED_EDGE('',*,*,#10563,.T.);
#14229 = ADVANCED_FACE('',(#14230),#4675,.F.);
#14230 = FACE_BOUND('',#14231,.F.);
#14231 = EDGE_LOOP('',(#14232,#14251,#14252,#14271));
#14232 = ORIENTED_EDGE('',*,*,#14233,.T.);
#14233 = EDGE_CURVE('',#10661,#4659,#14234,.T.);
#14234 = SURFACE_CURVE('',#14235,(#14239,#14245),.PCURVE_S1.);
#14235 = LINE('',#14236,#14237);
#14236 = CARTESIAN_POINT('',(-65.4,-17.2,-57.37455882183));
#14237 = VECTOR('',#14238,1.);
#14238 = DIRECTION('',(0.,1.,0.));
#14239 = PCURVE('',#4675,#14240);
#14240 = DEFINITIONAL_REPRESENTATION('',(#14241),#14244);
#14241 = B_SPLINE_CURVE_WITH_KNOTS('',1,(#14242,#14243),.UNSPECIFIED.,
  .F.,.F.,(2,2),(9.99994E-02,2.5000006),.PIECEWISE_BEZIER_KNOTS.);
#14242 = CARTESIAN_POINT('',(3.992265250703,9.99994E-02));
#14243 = CARTESIAN_POINT('',(3.992265250703,2.5000006));
#14244 = ( GEOMETRIC_REPRESENTATION_CONTEXT(2) 
PARAMETRIC_REPRESENTATION_CONTEXT() REPRESENTATION_CONTEXT('2D SPACE',''
  ) );
#14245 = PCURVE('',#4757,#14246);
#14246 = DEFINITIONAL_REPRESENTATION('',(#14247),#14250);
#14247 = B_SPLINE_CURVE_WITH_KNOTS('',1,(#14248,#14249),.UNSPECIFIED.,
  .F.,.F.,(2,2),(9.99994E-02,2.5000006),.PIECEWISE_BEZIER_KNOTS.);
#14248 = CARTESIAN_POINT('',(32.625441178167,5.999999999062E-07));
#14249 = CARTESIAN_POINT('',(32.625441178167,-2.4000006));
#14250 = ( GEOMETRIC_REPRESENTATION_CONTEXT(2) 
PARAMETRIC_REPRESENTATION_CONTEXT() REPRESENTATION_CONTEXT('2D SPACE',''
  ) );
#14251 = ORIENTED_EDGE('',*,*,#4656,.F.);
#14252 = ORIENTED_EDGE('',*,*,#14253,.F.);
#14253 = EDGE_CURVE('',#10659,#4657,#14254,.T.);
#14254 = SURFACE_CURVE('',#14255,(#14259,#14265),.PCURVE_S1.);
#14255 = LINE('',#14256,#14257);
#14256 = CARTESIAN_POINT('',(-60.6,-17.2,-62.42307265747));
#14257 = VECTOR('',#14258,1.);
#14258 = DIRECTION('',(0.,1.,0.));
#14259 = PCURVE('',#4675,#14260);
#14260 = DEFINITIONAL_REPRESENTATION('',(#14261),#14264);
#14261 = B_SPLINE_CURVE_WITH_KNOTS('',1,(#14262,#14263),.UNSPECIFIED.,
  .F.,.F.,(2,2),(9.99994E-02,2.5000006),.PIECEWISE_BEZIER_KNOTS.);
#14262 = CARTESIAN_POINT('',(3.912172952452,9.99994E-02));
#14263 = CARTESIAN_POINT('',(3.912172952452,2.5000006));
#14264 = ( GEOMETRIC_REPRESENTATION_CONTEXT(2) 
PARAMETRIC_REPRESENTATION_CONTEXT() REPRESENTATION_CONTEXT('2D SPACE',''
  ) );
#14265 = PCURVE('',#4703,#14266);
#14266 = DEFINITIONAL_REPRESENTATION('',(#14267),#14270);
#14267 = B_SPLINE_CURVE_WITH_KNOTS('',1,(#14268,#14269),.UNSPECIFIED.,
  .F.,.F.,(2,2),(9.99994E-02,2.5000006),.PIECEWISE_BEZIER_KNOTS.);
#14268 = CARTESIAN_POINT('',(27.576927342528,5.999999999062E-07));
#14269 = CARTESIAN_POINT('',(27.576927342528,-2.4000006));
#14270 = ( GEOMETRIC_REPRESENTATION_CONTEXT(2) 
PARAMETRIC_REPRESENTATION_CONTEXT() REPRESENTATION_CONTEXT('2D SPACE',''
  ) );
#14271 = ORIENTED_EDGE('',*,*,#10658,.T.);
#14272 = ADVANCED_FACE('',(#14273),#4790,.F.);
#14273 = FACE_BOUND('',#14274,.F.);
#14274 = EDGE_LOOP('',(#14275,#14294,#14295,#14314));
#14275 = ORIENTED_EDGE('',*,*,#14276,.T.);
#14276 = EDGE_CURVE('',#10756,#4774,#14277,.T.);
#14277 = SURFACE_CURVE('',#14278,(#14282,#14288),.PCURVE_S1.);
#14278 = LINE('',#14279,#14280);
#14279 = CARTESIAN_POINT('',(-71.4,-17.2,-49.70955642529));
#14280 = VECTOR('',#14281,1.);
#14281 = DIRECTION('',(0.,1.,0.));
#14282 = PCURVE('',#4790,#14283);
#14283 = DEFINITIONAL_REPRESENTATION('',(#14284),#14287);
#14284 = B_SPLINE_CURVE_WITH_KNOTS('',1,(#14285,#14286),.UNSPECIFIED.,
  .F.,.F.,(2,2),(9.99994E-02,2.5000006),.PIECEWISE_BEZIER_KNOTS.);
#14285 = CARTESIAN_POINT('',(4.104209639542,9.99994E-02));
#14286 = CARTESIAN_POINT('',(4.104209639542,2.5000006));
#14287 = ( GEOMETRIC_REPRESENTATION_CONTEXT(2) 
PARAMETRIC_REPRESENTATION_CONTEXT() REPRESENTATION_CONTEXT('2D SPACE',''
  ) );
#14288 = PCURVE('',#4872,#14289);
#14289 = DEFINITIONAL_REPRESENTATION('',(#14290),#14293);
#14290 = B_SPLINE_CURVE_WITH_KNOTS('',1,(#14291,#14292),.UNSPECIFIED.,
  .F.,.F.,(2,2),(9.99994E-02,2.5000006),.PIECEWISE_BEZIER_KNOTS.);
#14291 = CARTESIAN_POINT('',(40.290443574701,5.999999999062E-07));
#14292 = CARTESIAN_POINT('',(40.290443574701,-2.4000006));
#14293 = ( GEOMETRIC_REPRESENTATION_CONTEXT(2) 
PARAMETRIC_REPRESENTATION_CONTEXT() REPRESENTATION_CONTEXT('2D SPACE',''
  ) );
#14294 = ORIENTED_EDGE('',*,*,#4771,.F.);
#14295 = ORIENTED_EDGE('',*,*,#14296,.F.);
#14296 = EDGE_CURVE('',#10754,#4772,#14297,.T.);
#14297 = SURFACE_CURVE('',#14298,(#14302,#14308),.PCURVE_S1.);
#14298 = LINE('',#14299,#14300);
#14299 = CARTESIAN_POINT('',(-66.6,-17.2,-55.97713819051));
#14300 = VECTOR('',#14301,1.);
#14301 = DIRECTION('',(0.,1.,0.));
#14302 = PCURVE('',#4790,#14303);
#14303 = DEFINITIONAL_REPRESENTATION('',(#14304),#14307);
#14304 = B_SPLINE_CURVE_WITH_KNOTS('',1,(#14305,#14306),.UNSPECIFIED.,
  .F.,.F.,(2,2),(9.99994E-02,2.5000006),.PIECEWISE_BEZIER_KNOTS.);
#14305 = CARTESIAN_POINT('',(4.01343749964,9.99994E-02));
#14306 = CARTESIAN_POINT('',(4.01343749964,2.5000006));
#14307 = ( GEOMETRIC_REPRESENTATION_CONTEXT(2) 
PARAMETRIC_REPRESENTATION_CONTEXT() REPRESENTATION_CONTEXT('2D SPACE',''
  ) );
#14308 = PCURVE('',#4818,#14309);
#14309 = DEFINITIONAL_REPRESENTATION('',(#14310),#14313);
#14310 = B_SPLINE_CURVE_WITH_KNOTS('',1,(#14311,#14312),.UNSPECIFIED.,
  .F.,.F.,(2,2),(9.99994E-02,2.5000006),.PIECEWISE_BEZIER_KNOTS.);
#14311 = CARTESIAN_POINT('',(34.022861809485,5.999999999062E-07));
#14312 = CARTESIAN_POINT('',(34.022861809485,-2.4000006));
#14313 = ( GEOMETRIC_REPRESENTATION_CONTEXT(2) 
PARAMETRIC_REPRESENTATION_CONTEXT() REPRESENTATION_CONTEXT('2D SPACE',''
  ) );
#14314 = ORIENTED_EDGE('',*,*,#10753,.T.);
#14315 = ADVANCED_FACE('',(#14316),#4905,.F.);
#14316 = FACE_BOUND('',#14317,.F.);
#14317 = EDGE_LOOP('',(#14318,#14337,#14338,#14357));
#14318 = ORIENTED_EDGE('',*,*,#14319,.T.);
#14319 = EDGE_CURVE('',#10851,#4889,#14320,.T.);
#14320 = SURFACE_CURVE('',#14321,(#14325,#14331),.PCURVE_S1.);
#14321 = LINE('',#14322,#14323);
#14322 = CARTESIAN_POINT('',(-77.4,-17.2,-39.72706885739));
#14323 = VECTOR('',#14324,1.);
#14324 = DIRECTION('',(0.,1.,0.));
#14325 = PCURVE('',#4905,#14326);
#14326 = DEFINITIONAL_REPRESENTATION('',(#14327),#14330);
#14327 = B_SPLINE_CURVE_WITH_KNOTS('',1,(#14328,#14329),.UNSPECIFIED.,
  .F.,.F.,(2,2),(9.99994E-02,2.5000006),.PIECEWISE_BEZIER_KNOTS.);
#14328 = CARTESIAN_POINT('',(4.238182114093,9.99994E-02));
#14329 = CARTESIAN_POINT('',(4.238182114093,2.5000006));
#14330 = ( GEOMETRIC_REPRESENTATION_CONTEXT(2) 
PARAMETRIC_REPRESENTATION_CONTEXT() REPRESENTATION_CONTEXT('2D SPACE',''
  ) );
#14331 = PCURVE('',#4987,#14332);
#14332 = DEFINITIONAL_REPRESENTATION('',(#14333),#14336);
#14333 = B_SPLINE_CURVE_WITH_KNOTS('',1,(#14334,#14335),.UNSPECIFIED.,
  .F.,.F.,(2,2),(9.99994E-02,2.5000006),.PIECEWISE_BEZIER_KNOTS.);
#14334 = CARTESIAN_POINT('',(50.272931142608,5.999999999062E-07));
#14335 = CARTESIAN_POINT('',(50.272931142608,-2.4000006));
#14336 = ( GEOMETRIC_REPRESENTATION_CONTEXT(2) 
PARAMETRIC_REPRESENTATION_CONTEXT() REPRESENTATION_CONTEXT('2D SPACE',''
  ) );
#14337 = ORIENTED_EDGE('',*,*,#4886,.F.);
#14338 = ORIENTED_EDGE('',*,*,#14339,.F.);
#14339 = EDGE_CURVE('',#10849,#4887,#14340,.T.);
#14340 = SURFACE_CURVE('',#14341,(#14345,#14351),.PCURVE_S1.);
#14341 = LINE('',#14342,#14343);
#14342 = CARTESIAN_POINT('',(-72.6,-17.2,-47.93996245305));
#14343 = VECTOR('',#14344,1.);
#14344 = DIRECTION('',(0.,1.,0.));
#14345 = PCURVE('',#4905,#14346);
#14346 = DEFINITIONAL_REPRESENTATION('',(#14347),#14350);
#14347 = B_SPLINE_CURVE_WITH_KNOTS('',1,(#14348,#14349),.UNSPECIFIED.,
  .F.,.F.,(2,2),(9.99994E-02,2.5000006),.PIECEWISE_BEZIER_KNOTS.);
#14348 = CARTESIAN_POINT('',(4.128786096507,9.99994E-02));
#14349 = CARTESIAN_POINT('',(4.128786096507,2.5000006));
#14350 = ( GEOMETRIC_REPRESENTATION_CONTEXT(2) 
PARAMETRIC_REPRESENTATION_CONTEXT() REPRESENTATION_CONTEXT('2D SPACE',''
  ) );
#14351 = PCURVE('',#4933,#14352);
#14352 = DEFINITIONAL_REPRESENTATION('',(#14353),#14356);
#14353 = B_SPLINE_CURVE_WITH_KNOTS('',1,(#14354,#14355),.UNSPECIFIED.,
  .F.,.F.,(2,2),(9.99994E-02,2.5000006),.PIECEWISE_BEZIER_KNOTS.);
#14354 = CARTESIAN_POINT('',(42.060037546948,5.999999999062E-07));
#14355 = CARTESIAN_POINT('',(42.060037546948,-2.4000006));
#14356 = ( GEOMETRIC_REPRESENTATION_CONTEXT(2) 
PARAMETRIC_REPRESENTATION_CONTEXT() REPRESENTATION_CONTEXT('2D SPACE',''
  ) );
#14357 = ORIENTED_EDGE('',*,*,#10848,.T.);
#14358 = ADVANCED_FACE('',(#14359),#5020,.F.);
#14359 = FACE_BOUND('',#14360,.F.);
#14360 = EDGE_LOOP('',(#14361,#14380,#14381,#14400));
#14361 = ORIENTED_EDGE('',*,*,#14362,.T.);
#14362 = EDGE_CURVE('',#10946,#5004,#14363,.T.);
#14363 = SURFACE_CURVE('',#14364,(#14368,#14374),.PCURVE_S1.);
#14364 = LINE('',#14365,#14366);
#14365 = CARTESIAN_POINT('',(-83.4,-17.2,-24.76772092866));
#14366 = VECTOR('',#14367,1.);
#14367 = DIRECTION('',(0.,1.,0.));
#14368 = PCURVE('',#5020,#14369);
#14369 = DEFINITIONAL_REPRESENTATION('',(#14370),#14373);
#14370 = B_SPLINE_CURVE_WITH_KNOTS('',1,(#14371,#14372),.UNSPECIFIED.,
  .F.,.F.,(2,2),(9.99994E-02,2.5000006),.PIECEWISE_BEZIER_KNOTS.);
#14371 = CARTESIAN_POINT('',(4.423709655291,9.99994E-02));
#14372 = CARTESIAN_POINT('',(4.423709655291,2.5000006));
#14373 = ( GEOMETRIC_REPRESENTATION_CONTEXT(2) 
PARAMETRIC_REPRESENTATION_CONTEXT() REPRESENTATION_CONTEXT('2D SPACE',''
  ) );
#14374 = PCURVE('',#5102,#14375);
#14375 = DEFINITIONAL_REPRESENTATION('',(#14376),#14379);
#14376 = B_SPLINE_CURVE_WITH_KNOTS('',1,(#14377,#14378),.UNSPECIFIED.,
  .F.,.F.,(2,2),(9.99994E-02,2.5000006),.PIECEWISE_BEZIER_KNOTS.);
#14377 = CARTESIAN_POINT('',(65.23227907134,5.999999999062E-07));
#14378 = CARTESIAN_POINT('',(65.23227907134,-2.4000006));
#14379 = ( GEOMETRIC_REPRESENTATION_CONTEXT(2) 
PARAMETRIC_REPRESENTATION_CONTEXT() REPRESENTATION_CONTEXT('2D SPACE',''
  ) );
#14380 = ORIENTED_EDGE('',*,*,#5001,.F.);
#14381 = ORIENTED_EDGE('',*,*,#14382,.F.);
#14382 = EDGE_CURVE('',#10944,#5002,#14383,.T.);
#14383 = SURFACE_CURVE('',#14384,(#14388,#14394),.PCURVE_S1.);
#14384 = LINE('',#14385,#14386);
#14385 = CARTESIAN_POINT('',(-78.6,-17.2,-37.296648643));
#14386 = VECTOR('',#14387,1.);
#14387 = DIRECTION('',(0.,1.,0.));
#14388 = PCURVE('',#5020,#14389);
#14389 = DEFINITIONAL_REPRESENTATION('',(#14390),#14393);
#14390 = B_SPLINE_CURVE_WITH_KNOTS('',1,(#14391,#14392),.UNSPECIFIED.,
  .F.,.F.,(2,2),(9.99994E-02,2.5000006),.PIECEWISE_BEZIER_KNOTS.);
#14391 = CARTESIAN_POINT('',(4.269338826941,9.99994E-02));
#14392 = CARTESIAN_POINT('',(4.269338826941,2.5000006));
#14393 = ( GEOMETRIC_REPRESENTATION_CONTEXT(2) 
PARAMETRIC_REPRESENTATION_CONTEXT() REPRESENTATION_CONTEXT('2D SPACE',''
  ) );
#14394 = PCURVE('',#5048,#14395);
#14395 = DEFINITIONAL_REPRESENTATION('',(#14396),#14399);
#14396 = B_SPLINE_CURVE_WITH_KNOTS('',1,(#14397,#14398),.UNSPECIFIED.,
  .F.,.F.,(2,2),(9.99994E-02,2.5000006),.PIECEWISE_BEZIER_KNOTS.);
#14397 = CARTESIAN_POINT('',(52.703351356992,5.999999999062E-07));
#14398 = CARTESIAN_POINT('',(52.703351356992,-2.4000006));
#14399 = ( GEOMETRIC_REPRESENTATION_CONTEXT(2) 
PARAMETRIC_REPRESENTATION_CONTEXT() REPRESENTATION_CONTEXT('2D SPACE',''
  ) );
#14400 = ORIENTED_EDGE('',*,*,#10943,.T.);
#14401 = ADVANCED_FACE('',(#14402),#5135,.F.);
#14402 = FACE_BOUND('',#14403,.F.);
#14403 = EDGE_LOOP('',(#14404,#14423,#14424,#14443));
#14404 = ORIENTED_EDGE('',*,*,#14405,.T.);
#14405 = EDGE_CURVE('',#11041,#5119,#14406,.T.);
#14406 = SURFACE_CURVE('',#14407,(#14411,#14417),.PCURVE_S1.);
#14407 = LINE('',#14408,#14409);
#14408 = CARTESIAN_POINT('',(-86.99793100988,-17.2,-0.6));
#14409 = VECTOR('',#14410,1.);
#14410 = DIRECTION('',(0.,1.,0.));
#14411 = PCURVE('',#5135,#14412);
#14412 = DEFINITIONAL_REPRESENTATION('',(#14413),#14416);
#14413 = B_SPLINE_CURVE_WITH_KNOTS('',1,(#14414,#14415),.UNSPECIFIED.,
  .F.,.F.,(2,2),(9.99994E-02,2.5000006),.PIECEWISE_BEZIER_KNOTS.);
#14414 = CARTESIAN_POINT('',(4.70549237399,9.99994E-02));
#14415 = CARTESIAN_POINT('',(4.70549237399,2.5000006));
#14416 = ( GEOMETRIC_REPRESENTATION_CONTEXT(2) 
PARAMETRIC_REPRESENTATION_CONTEXT() REPRESENTATION_CONTEXT('2D SPACE',''
  ) );
#14417 = PCURVE('',#5189,#14418);
#14418 = DEFINITIONAL_REPRESENTATION('',(#14419),#14422);
#14419 = B_SPLINE_CURVE_WITH_KNOTS('',1,(#14420,#14421),.UNSPECIFIED.,
  .F.,.F.,(2,2),(9.99994E-02,2.5000006),.PIECEWISE_BEZIER_KNOTS.);
#14420 = CARTESIAN_POINT('',(8.002068990119,-5.999999999062E-07));
#14421 = CARTESIAN_POINT('',(8.002068990119,2.4000006));
#14422 = ( GEOMETRIC_REPRESENTATION_CONTEXT(2) 
PARAMETRIC_REPRESENTATION_CONTEXT() REPRESENTATION_CONTEXT('2D SPACE',''
  ) );
#14423 = ORIENTED_EDGE('',*,*,#5116,.F.);
#14424 = ORIENTED_EDGE('',*,*,#14425,.F.);
#14425 = EDGE_CURVE('',#11039,#5117,#14426,.T.);
#14426 = SURFACE_CURVE('',#14427,(#14431,#14437),.PCURVE_S1.);
#14427 = LINE('',#14428,#14429);
#14428 = CARTESIAN_POINT('',(-84.6,-17.2,-20.29384143034));
#14429 = VECTOR('',#14430,1.);
#14430 = DIRECTION('',(0.,1.,0.));
#14431 = PCURVE('',#5135,#14432);
#14432 = DEFINITIONAL_REPRESENTATION('',(#14433),#14436);
#14433 = B_SPLINE_CURVE_WITH_KNOTS('',1,(#14434,#14435),.UNSPECIFIED.,
  .F.,.F.,(2,2),(9.99994E-02,2.5000006),.PIECEWISE_BEZIER_KNOTS.);
#14434 = CARTESIAN_POINT('',(4.476957540631,9.99994E-02));
#14435 = CARTESIAN_POINT('',(4.476957540631,2.5000006));
#14436 = ( GEOMETRIC_REPRESENTATION_CONTEXT(2) 
PARAMETRIC_REPRESENTATION_CONTEXT() REPRESENTATION_CONTEXT('2D SPACE',''
  ) );
#14437 = PCURVE('',#5163,#14438);
#14438 = DEFINITIONAL_REPRESENTATION('',(#14439),#14442);
#14439 = B_SPLINE_CURVE_WITH_KNOTS('',1,(#14440,#14441),.UNSPECIFIED.,
  .F.,.F.,(2,2),(9.99994E-02,2.5000006),.PIECEWISE_BEZIER_KNOTS.);
#14440 = CARTESIAN_POINT('',(69.706158569655,5.999999999062E-07));
#14441 = CARTESIAN_POINT('',(69.706158569655,-2.4000006));
#14442 = ( GEOMETRIC_REPRESENTATION_CONTEXT(2) 
PARAMETRIC_REPRESENTATION_CONTEXT() REPRESENTATION_CONTEXT('2D SPACE',''
  ) );
#14443 = ORIENTED_EDGE('',*,*,#11038,.T.);
#14444 = ADVANCED_FACE('',(#14445),#5222,.F.);
#14445 = FACE_BOUND('',#14446,.F.);
#14446 = EDGE_LOOP('',(#14447,#14466,#14467,#14486));
#14447 = ORIENTED_EDGE('',*,*,#14448,.T.);
#14448 = EDGE_CURVE('',#11113,#5206,#14449,.T.);
#14449 = SURFACE_CURVE('',#14450,(#14454,#14460),.PCURVE_S1.);
#14450 = LINE('',#14451,#14452);
#14451 = CARTESIAN_POINT('',(-84.6,-17.2,20.293841430345));
#14452 = VECTOR('',#14453,1.);
#14453 = DIRECTION('',(0.,1.,0.));
#14454 = PCURVE('',#5222,#14455);
#14455 = DEFINITIONAL_REPRESENTATION('',(#14456),#14459);
#14456 = B_SPLINE_CURVE_WITH_KNOTS('',1,(#14457,#14458),.UNSPECIFIED.,
  .F.,.F.,(2,2),(9.99994E-02,2.5000006),.PIECEWISE_BEZIER_KNOTS.);
#14457 = CARTESIAN_POINT('',(4.947820420138,9.99994E-02));
#14458 = CARTESIAN_POINT('',(4.947820420138,2.5000006));
#14459 = ( GEOMETRIC_REPRESENTATION_CONTEXT(2) 
PARAMETRIC_REPRESENTATION_CONTEXT() REPRESENTATION_CONTEXT('2D SPACE',''
  ) );
#14460 = PCURVE('',#5276,#14461);
#14461 = DEFINITIONAL_REPRESENTATION('',(#14462),#14465);
#14462 = B_SPLINE_CURVE_WITH_KNOTS('',1,(#14463,#14464),.UNSPECIFIED.,
  .F.,.F.,(2,2),(9.99994E-02,2.5000006),.PIECEWISE_BEZIER_KNOTS.);
#14463 = CARTESIAN_POINT('',(110.29384143034,5.999999999062E-07));
#14464 = CARTESIAN_POINT('',(110.29384143034,-2.4000006));
#14465 = ( GEOMETRIC_REPRESENTATION_CONTEXT(2) 
PARAMETRIC_REPRESENTATION_CONTEXT() REPRESENTATION_CONTEXT('2D SPACE',''
  ) );
#14466 = ORIENTED_EDGE('',*,*,#5203,.F.);
#14467 = ORIENTED_EDGE('',*,*,#14468,.F.);
#14468 = EDGE_CURVE('',#11111,#5204,#14469,.T.);
#14469 = SURFACE_CURVE('',#14470,(#14474,#14480),.PCURVE_S1.);
#14470 = LINE('',#14471,#14472);
#14471 = CARTESIAN_POINT('',(-86.99793100988,-17.2,0.6));
#14472 = VECTOR('',#14473,1.);
#14473 = DIRECTION('',(0.,1.,0.));
#14474 = PCURVE('',#5222,#14475);
#14475 = DEFINITIONAL_REPRESENTATION('',(#14476),#14479);
#14476 = B_SPLINE_CURVE_WITH_KNOTS('',1,(#14477,#14478),.UNSPECIFIED.,
  .F.,.F.,(2,2),(9.99994E-02,2.5000006),.PIECEWISE_BEZIER_KNOTS.);
#14477 = CARTESIAN_POINT('',(4.719285586779,9.99994E-02));
#14478 = CARTESIAN_POINT('',(4.719285586779,2.5000006));
#14479 = ( GEOMETRIC_REPRESENTATION_CONTEXT(2) 
PARAMETRIC_REPRESENTATION_CONTEXT() REPRESENTATION_CONTEXT('2D SPACE',''
  ) );
#14480 = PCURVE('',#5250,#14481);
#14481 = DEFINITIONAL_REPRESENTATION('',(#14482),#14485);
#14482 = B_SPLINE_CURVE_WITH_KNOTS('',1,(#14483,#14484),.UNSPECIFIED.,
  .F.,.F.,(2,2),(9.99994E-02,2.5000006),.PIECEWISE_BEZIER_KNOTS.);
#14483 = CARTESIAN_POINT('',(8.002068990119,-5.999999999062E-07));
#14484 = CARTESIAN_POINT('',(8.002068990119,2.4000006));
#14485 = ( GEOMETRIC_REPRESENTATION_CONTEXT(2) 
PARAMETRIC_REPRESENTATION_CONTEXT() REPRESENTATION_CONTEXT('2D SPACE',''
  ) );
#14486 = ORIENTED_EDGE('',*,*,#11110,.T.);
#14487 = ADVANCED_FACE('',(#14488),#5309,.F.);
#14488 = FACE_BOUND('',#14489,.F.);
#14489 = EDGE_LOOP('',(#14490,#14509,#14510,#14529));
#14490 = ORIENTED_EDGE('',*,*,#14491,.T.);
#14491 = EDGE_CURVE('',#11185,#5293,#14492,.T.);
#14492 = SURFACE_CURVE('',#14493,(#14497,#14503),.PCURVE_S1.);
#14493 = LINE('',#14494,#14495);
#14494 = CARTESIAN_POINT('',(-78.6,-17.2,37.296648643008));
#14495 = VECTOR('',#14496,1.);
#14496 = DIRECTION('',(0.,1.,0.));
#14497 = PCURVE('',#5309,#14498);
#14498 = DEFINITIONAL_REPRESENTATION('',(#14499),#14502);
#14499 = B_SPLINE_CURVE_WITH_KNOTS('',1,(#14500,#14501),.UNSPECIFIED.,
  .F.,.F.,(2,2),(9.99994E-02,2.5000006),.PIECEWISE_BEZIER_KNOTS.);
#14500 = CARTESIAN_POINT('',(5.155439133828,9.99994E-02));
#14501 = CARTESIAN_POINT('',(5.155439133828,2.5000006));
#14502 = ( GEOMETRIC_REPRESENTATION_CONTEXT(2) 
PARAMETRIC_REPRESENTATION_CONTEXT() REPRESENTATION_CONTEXT('2D SPACE',''
  ) );
#14503 = PCURVE('',#5391,#14504);
#14504 = DEFINITIONAL_REPRESENTATION('',(#14505),#14508);
#14505 = B_SPLINE_CURVE_WITH_KNOTS('',1,(#14506,#14507),.UNSPECIFIED.,
  .F.,.F.,(2,2),(9.99994E-02,2.5000006),.PIECEWISE_BEZIER_KNOTS.);
#14506 = CARTESIAN_POINT('',(127.296648643,5.999999999062E-07));
#14507 = CARTESIAN_POINT('',(127.296648643,-2.4000006));
#14508 = ( GEOMETRIC_REPRESENTATION_CONTEXT(2) 
PARAMETRIC_REPRESENTATION_CONTEXT() REPRESENTATION_CONTEXT('2D SPACE',''
  ) );
#14509 = ORIENTED_EDGE('',*,*,#5290,.F.);
#14510 = ORIENTED_EDGE('',*,*,#14511,.F.);
#14511 = EDGE_CURVE('',#11183,#5291,#14512,.T.);
#14512 = SURFACE_CURVE('',#14513,(#14517,#14523),.PCURVE_S1.);
#14513 = LINE('',#14514,#14515);
#14514 = CARTESIAN_POINT('',(-83.4,-17.2,24.76772092866));
#14515 = VECTOR('',#14516,1.);
#14516 = DIRECTION('',(0.,1.,0.));
#14517 = PCURVE('',#5309,#14518);
#14518 = DEFINITIONAL_REPRESENTATION('',(#14519),#14522);
#14519 = B_SPLINE_CURVE_WITH_KNOTS('',1,(#14520,#14521),.UNSPECIFIED.,
  .F.,.F.,(2,2),(9.99994E-02,2.5000006),.PIECEWISE_BEZIER_KNOTS.);
#14520 = CARTESIAN_POINT('',(5.001068305478,9.99994E-02));
#14521 = CARTESIAN_POINT('',(5.001068305478,2.5000006));
#14522 = ( GEOMETRIC_REPRESENTATION_CONTEXT(2) 
PARAMETRIC_REPRESENTATION_CONTEXT() REPRESENTATION_CONTEXT('2D SPACE',''
  ) );
#14523 = PCURVE('',#5337,#14524);
#14524 = DEFINITIONAL_REPRESENTATION('',(#14525),#14528);
#14525 = B_SPLINE_CURVE_WITH_KNOTS('',1,(#14526,#14527),.UNSPECIFIED.,
  .F.,.F.,(2,2),(9.99994E-02,2.5000006),.PIECEWISE_BEZIER_KNOTS.);
#14526 = CARTESIAN_POINT('',(114.76772092866,5.999999999062E-07));
#14527 = CARTESIAN_POINT('',(114.76772092866,-2.4000006));
#14528 = ( GEOMETRIC_REPRESENTATION_CONTEXT(2) 
PARAMETRIC_REPRESENTATION_CONTEXT() REPRESENTATION_CONTEXT('2D SPACE',''
  ) );
#14529 = ORIENTED_EDGE('',*,*,#11182,.T.);
#14530 = ADVANCED_FACE('',(#14531),#5424,.F.);
#14531 = FACE_BOUND('',#14532,.F.);
#14532 = EDGE_LOOP('',(#14533,#14552,#14553,#14572));
#14533 = ORIENTED_EDGE('',*,*,#14534,.T.);
#14534 = EDGE_CURVE('',#11280,#5408,#14535,.T.);
#14535 = SURFACE_CURVE('',#14536,(#14540,#14546),.PCURVE_S1.);
#14536 = LINE('',#14537,#14538);
#14537 = CARTESIAN_POINT('',(-72.6,-17.2,47.939962453052));
#14538 = VECTOR('',#14539,1.);
#14539 = DIRECTION('',(0.,1.,0.));
#14540 = PCURVE('',#5424,#14541);
#14541 = DEFINITIONAL_REPRESENTATION('',(#14542),#14545);
#14542 = B_SPLINE_CURVE_WITH_KNOTS('',1,(#14543,#14544),.UNSPECIFIED.,
  .F.,.F.,(2,2),(9.99994E-02,2.5000006),.PIECEWISE_BEZIER_KNOTS.);
#14543 = CARTESIAN_POINT('',(5.295991864262,9.99994E-02));
#14544 = CARTESIAN_POINT('',(5.295991864262,2.5000006));
#14545 = ( GEOMETRIC_REPRESENTATION_CONTEXT(2) 
PARAMETRIC_REPRESENTATION_CONTEXT() REPRESENTATION_CONTEXT('2D SPACE',''
  ) );
#14546 = PCURVE('',#5506,#14547);
#14547 = DEFINITIONAL_REPRESENTATION('',(#14548),#14551);
#14548 = B_SPLINE_CURVE_WITH_KNOTS('',1,(#14549,#14550),.UNSPECIFIED.,
  .F.,.F.,(2,2),(9.99994E-02,2.5000006),.PIECEWISE_BEZIER_KNOTS.);
#14549 = CARTESIAN_POINT('',(137.93996245305,5.999999999062E-07));
#14550 = CARTESIAN_POINT('',(137.93996245305,-2.4000006));
#14551 = ( GEOMETRIC_REPRESENTATION_CONTEXT(2) 
PARAMETRIC_REPRESENTATION_CONTEXT() REPRESENTATION_CONTEXT('2D SPACE',''
  ) );
#14552 = ORIENTED_EDGE('',*,*,#5405,.F.);
#14553 = ORIENTED_EDGE('',*,*,#14554,.F.);
#14554 = EDGE_CURVE('',#11278,#5406,#14555,.T.);
#14555 = SURFACE_CURVE('',#14556,(#14560,#14566),.PCURVE_S1.);
#14556 = LINE('',#14557,#14558);
#14557 = CARTESIAN_POINT('',(-77.4,-17.2,39.727068857392));
#14558 = VECTOR('',#14559,1.);
#14559 = DIRECTION('',(0.,1.,0.));
#14560 = PCURVE('',#5424,#14561);
#14561 = DEFINITIONAL_REPRESENTATION('',(#14562),#14565);
#14562 = B_SPLINE_CURVE_WITH_KNOTS('',1,(#14563,#14564),.UNSPECIFIED.,
  .F.,.F.,(2,2),(9.99994E-02,2.5000006),.PIECEWISE_BEZIER_KNOTS.);
#14563 = CARTESIAN_POINT('',(5.186595846677,9.99994E-02));
#14564 = CARTESIAN_POINT('',(5.186595846677,2.5000006));
#14565 = ( GEOMETRIC_REPRESENTATION_CONTEXT(2) 
PARAMETRIC_REPRESENTATION_CONTEXT() REPRESENTATION_CONTEXT('2D SPACE',''
  ) );
#14566 = PCURVE('',#5452,#14567);
#14567 = DEFINITIONAL_REPRESENTATION('',(#14568),#14571);
#14568 = B_SPLINE_CURVE_WITH_KNOTS('',1,(#14569,#14570),.UNSPECIFIED.,
  .F.,.F.,(2,2),(9.99994E-02,2.5000006),.PIECEWISE_BEZIER_KNOTS.);
#14569 = CARTESIAN_POINT('',(129.72706885739,5.999999999062E-07));
#14570 = CARTESIAN_POINT('',(129.72706885739,-2.4000006));
#14571 = ( GEOMETRIC_REPRESENTATION_CONTEXT(2) 
PARAMETRIC_REPRESENTATION_CONTEXT() REPRESENTATION_CONTEXT('2D SPACE',''
  ) );
#14572 = ORIENTED_EDGE('',*,*,#11277,.T.);
#14573 = ADVANCED_FACE('',(#14574),#5539,.F.);
#14574 = FACE_BOUND('',#14575,.F.);
#14575 = EDGE_LOOP('',(#14576,#14595,#14596,#14615));
#14576 = ORIENTED_EDGE('',*,*,#14577,.T.);
#14577 = EDGE_CURVE('',#11375,#5523,#14578,.T.);
#14578 = SURFACE_CURVE('',#14579,(#14583,#14589),.PCURVE_S1.);
#14579 = LINE('',#14580,#14581);
#14580 = CARTESIAN_POINT('',(-66.6,-17.2,55.977138190515));
#14581 = VECTOR('',#14582,1.);
#14582 = DIRECTION('',(0.,1.,0.));
#14583 = PCURVE('',#5539,#14584);
#14584 = DEFINITIONAL_REPRESENTATION('',(#14585),#14588);
#14585 = B_SPLINE_CURVE_WITH_KNOTS('',1,(#14586,#14587),.UNSPECIFIED.,
  .F.,.F.,(2,2),(9.99994E-02,2.5000006),.PIECEWISE_BEZIER_KNOTS.);
#14586 = CARTESIAN_POINT('',(5.41134046113,9.99994E-02));
#14587 = CARTESIAN_POINT('',(5.41134046113,2.5000006));
#14588 = ( GEOMETRIC_REPRESENTATION_CONTEXT(2) 
PARAMETRIC_REPRESENTATION_CONTEXT() REPRESENTATION_CONTEXT('2D SPACE',''
  ) );
#14589 = PCURVE('',#5621,#14590);
#14590 = DEFINITIONAL_REPRESENTATION('',(#14591),#14594);
#14591 = B_SPLINE_CURVE_WITH_KNOTS('',1,(#14592,#14593),.UNSPECIFIED.,
  .F.,.F.,(2,2),(9.99994E-02,2.5000006),.PIECEWISE_BEZIER_KNOTS.);
#14592 = CARTESIAN_POINT('',(145.97713819051,5.999999999062E-07));
#14593 = CARTESIAN_POINT('',(145.97713819051,-2.4000006));
#14594 = ( GEOMETRIC_REPRESENTATION_CONTEXT(2) 
PARAMETRIC_REPRESENTATION_CONTEXT() REPRESENTATION_CONTEXT('2D SPACE',''
  ) );
#14595 = ORIENTED_EDGE('',*,*,#5520,.F.);
#14596 = ORIENTED_EDGE('',*,*,#14597,.F.);
#14597 = EDGE_CURVE('',#11373,#5521,#14598,.T.);
#14598 = SURFACE_CURVE('',#14599,(#14603,#14609),.PCURVE_S1.);
#14599 = LINE('',#14600,#14601);
#14600 = CARTESIAN_POINT('',(-71.4,-17.2,49.709556425299));
#14601 = VECTOR('',#14602,1.);
#14602 = DIRECTION('',(0.,1.,0.));
#14603 = PCURVE('',#5539,#14604);
#14604 = DEFINITIONAL_REPRESENTATION('',(#14605),#14608);
#14605 = B_SPLINE_CURVE_WITH_KNOTS('',1,(#14606,#14607),.UNSPECIFIED.,
  .F.,.F.,(2,2),(9.99994E-02,2.5000006),.PIECEWISE_BEZIER_KNOTS.);
#14606 = CARTESIAN_POINT('',(5.320568321227,9.99994E-02));
#14607 = CARTESIAN_POINT('',(5.320568321227,2.5000006));
#14608 = ( GEOMETRIC_REPRESENTATION_CONTEXT(2) 
PARAMETRIC_REPRESENTATION_CONTEXT() REPRESENTATION_CONTEXT('2D SPACE',''
  ) );
#14609 = PCURVE('',#5567,#14610);
#14610 = DEFINITIONAL_REPRESENTATION('',(#14611),#14614);
#14611 = B_SPLINE_CURVE_WITH_KNOTS('',1,(#14612,#14613),.UNSPECIFIED.,
  .F.,.F.,(2,2),(9.99994E-02,2.5000006),.PIECEWISE_BEZIER_KNOTS.);
#14612 = CARTESIAN_POINT('',(139.70955642529,5.999999999062E-07));
#14613 = CARTESIAN_POINT('',(139.70955642529,-2.4000006));
#14614 = ( GEOMETRIC_REPRESENTATION_CONTEXT(2) 
PARAMETRIC_REPRESENTATION_CONTEXT() REPRESENTATION_CONTEXT('2D SPACE',''
  ) );
#14615 = ORIENTED_EDGE('',*,*,#11372,.T.);
#14616 = ADVANCED_FACE('',(#14617),#5654,.F.);
#14617 = FACE_BOUND('',#14618,.F.);
#14618 = EDGE_LOOP('',(#14619,#14638,#14639,#14658));
#14619 = ORIENTED_EDGE('',*,*,#14620,.T.);
#14620 = EDGE_CURVE('',#11470,#5638,#14621,.T.);
#14621 = SURFACE_CURVE('',#14622,(#14626,#14632),.PCURVE_S1.);
#14622 = LINE('',#14623,#14624);
#14623 = CARTESIAN_POINT('',(-60.6,-17.2,62.423072657472));
#14624 = VECTOR('',#14625,1.);
#14625 = DIRECTION('',(0.,1.,0.));
#14626 = PCURVE('',#5654,#14627);
#14627 = DEFINITIONAL_REPRESENTATION('',(#14628),#14631);
#14628 = B_SPLINE_CURVE_WITH_KNOTS('',1,(#14629,#14630),.UNSPECIFIED.,
  .F.,.F.,(2,2),(9.99994E-02,2.5000006),.PIECEWISE_BEZIER_KNOTS.);
#14629 = CARTESIAN_POINT('',(5.512605008318,9.99994E-02));
#14630 = CARTESIAN_POINT('',(5.512605008318,2.5000006));
#14631 = ( GEOMETRIC_REPRESENTATION_CONTEXT(2) 
PARAMETRIC_REPRESENTATION_CONTEXT() REPRESENTATION_CONTEXT('2D SPACE',''
  ) );
#14632 = PCURVE('',#5736,#14633);
#14633 = DEFINITIONAL_REPRESENTATION('',(#14634),#14637);
#14634 = B_SPLINE_CURVE_WITH_KNOTS('',1,(#14635,#14636),.UNSPECIFIED.,
  .F.,.F.,(2,2),(9.99994E-02,2.5000006),.PIECEWISE_BEZIER_KNOTS.);
#14635 = CARTESIAN_POINT('',(152.42307265747,5.999999999062E-07));
#14636 = CARTESIAN_POINT('',(152.42307265747,-2.4000006));
#14637 = ( GEOMETRIC_REPRESENTATION_CONTEXT(2) 
PARAMETRIC_REPRESENTATION_CONTEXT() REPRESENTATION_CONTEXT('2D SPACE',''
  ) );
#14638 = ORIENTED_EDGE('',*,*,#5635,.F.);
#14639 = ORIENTED_EDGE('',*,*,#14640,.F.);
#14640 = EDGE_CURVE('',#11468,#5636,#14641,.T.);
#14641 = SURFACE_CURVE('',#14642,(#14646,#14652),.PCURVE_S1.);
#14642 = LINE('',#14643,#14644);
#14643 = CARTESIAN_POINT('',(-65.4,-17.2,57.374558821833));
#14644 = VECTOR('',#14645,1.);
#14645 = DIRECTION('',(0.,1.,0.));
#14646 = PCURVE('',#5654,#14647);
#14647 = DEFINITIONAL_REPRESENTATION('',(#14648),#14651);
#14648 = B_SPLINE_CURVE_WITH_KNOTS('',1,(#14649,#14650),.UNSPECIFIED.,
  .F.,.F.,(2,2),(9.99994E-02,2.5000006),.PIECEWISE_BEZIER_KNOTS.);
#14649 = CARTESIAN_POINT('',(5.432512710066,9.99994E-02));
#14650 = CARTESIAN_POINT('',(5.432512710066,2.5000006));
#14651 = ( GEOMETRIC_REPRESENTATION_CONTEXT(2) 
PARAMETRIC_REPRESENTATION_CONTEXT() REPRESENTATION_CONTEXT('2D SPACE',''
  ) );
#14652 = PCURVE('',#5682,#14653);
#14653 = DEFINITIONAL_REPRESENTATION('',(#14654),#14657);
#14654 = B_SPLINE_CURVE_WITH_KNOTS('',1,(#14655,#14656),.UNSPECIFIED.,
  .F.,.F.,(2,2),(9.99994E-02,2.5000006),.PIECEWISE_BEZIER_KNOTS.);
#14655 = CARTESIAN_POINT('',(147.37455882183,5.999999999062E-07));
#14656 = CARTESIAN_POINT('',(147.37455882183,-2.4000006));
#14657 = ( GEOMETRIC_REPRESENTATION_CONTEXT(2) 
PARAMETRIC_REPRESENTATION_CONTEXT() REPRESENTATION_CONTEXT('2D SPACE',''
  ) );
#14658 = ORIENTED_EDGE('',*,*,#11467,.T.);
#14659 = ADVANCED_FACE('',(#14660),#5769,.F.);
#14660 = FACE_BOUND('',#14661,.F.);
#14661 = EDGE_LOOP('',(#14662,#14681,#14682,#14701));
#14662 = ORIENTED_EDGE('',*,*,#14663,.T.);
#14663 = EDGE_CURVE('',#11565,#5753,#14664,.T.);
#14664 = SURFACE_CURVE('',#14665,(#14669,#14675),.PCURVE_S1.);
#14665 = LINE('',#14666,#14667);
#14666 = CARTESIAN_POINT('',(-54.6,-17.2,67.733595800016));
#14667 = VECTOR('',#14668,1.);
#14668 = DIRECTION('',(0.,1.,0.));
#14669 = PCURVE('',#5769,#14670);
#14670 = DEFINITIONAL_REPRESENTATION('',(#14671),#14674);
#14671 = B_SPLINE_CURVE_WITH_KNOTS('',1,(#14672,#14673),.UNSPECIFIED.,
  .F.,.F.,(2,2),(9.99994E-02,2.5000006),.PIECEWISE_BEZIER_KNOTS.);
#14672 = CARTESIAN_POINT('',(5.604736366272,9.99994E-02));
#14673 = CARTESIAN_POINT('',(5.604736366272,2.5000006));
#14674 = ( GEOMETRIC_REPRESENTATION_CONTEXT(2) 
PARAMETRIC_REPRESENTATION_CONTEXT() REPRESENTATION_CONTEXT('2D SPACE',''
  ) );
#14675 = PCURVE('',#5851,#14676);
#14676 = DEFINITIONAL_REPRESENTATION('',(#14677),#14680);
#14677 = B_SPLINE_CURVE_WITH_KNOTS('',1,(#14678,#14679),.UNSPECIFIED.,
  .F.,.F.,(2,2),(9.99994E-02,2.5000006),.PIECEWISE_BEZIER_KNOTS.);
#14678 = CARTESIAN_POINT('',(157.73359580001,5.999999999062E-07));
#14679 = CARTESIAN_POINT('',(157.73359580001,-2.4000006));
#14680 = ( GEOMETRIC_REPRESENTATION_CONTEXT(2) 
PARAMETRIC_REPRESENTATION_CONTEXT() REPRESENTATION_CONTEXT('2D SPACE',''
  ) );
#14681 = ORIENTED_EDGE('',*,*,#5750,.F.);
#14682 = ORIENTED_EDGE('',*,*,#14683,.F.);
#14683 = EDGE_CURVE('',#11563,#5751,#14684,.T.);
#14684 = SURFACE_CURVE('',#14685,(#14689,#14695),.PCURVE_S1.);
#14685 = LINE('',#14686,#14687);
#14686 = CARTESIAN_POINT('',(-59.4,-17.2,63.566028663115));
#14687 = VECTOR('',#14688,1.);
#14688 = DIRECTION('',(0.,1.,0.));
#14689 = PCURVE('',#5769,#14690);
#14690 = DEFINITIONAL_REPRESENTATION('',(#14691),#14694);
#14691 = B_SPLINE_CURVE_WITH_KNOTS('',1,(#14692,#14693),.UNSPECIFIED.,
  .F.,.F.,(2,2),(9.99994E-02,2.5000006),.PIECEWISE_BEZIER_KNOTS.);
#14692 = CARTESIAN_POINT('',(5.531653699068,9.99994E-02));
#14693 = CARTESIAN_POINT('',(5.531653699068,2.5000006));
#14694 = ( GEOMETRIC_REPRESENTATION_CONTEXT(2) 
PARAMETRIC_REPRESENTATION_CONTEXT() REPRESENTATION_CONTEXT('2D SPACE',''
  ) );
#14695 = PCURVE('',#5797,#14696);
#14696 = DEFINITIONAL_REPRESENTATION('',(#14697),#14700);
#14697 = B_SPLINE_CURVE_WITH_KNOTS('',1,(#14698,#14699),.UNSPECIFIED.,
  .F.,.F.,(2,2),(9.99994E-02,2.5000006),.PIECEWISE_BEZIER_KNOTS.);
#14698 = CARTESIAN_POINT('',(153.56602866311,5.999999999062E-07));
#14699 = CARTESIAN_POINT('',(153.56602866311,-2.4000006));
#14700 = ( GEOMETRIC_REPRESENTATION_CONTEXT(2) 
PARAMETRIC_REPRESENTATION_CONTEXT() REPRESENTATION_CONTEXT('2D SPACE',''
  ) );
#14701 = ORIENTED_EDGE('',*,*,#11562,.T.);
#14702 = ADVANCED_FACE('',(#14703),#5884,.F.);
#14703 = FACE_BOUND('',#14704,.F.);
#14704 = EDGE_LOOP('',(#14705,#14724,#14725,#14744));
#14705 = ORIENTED_EDGE('',*,*,#14706,.T.);
#14706 = EDGE_CURVE('',#11660,#5868,#14707,.T.);
#14707 = SURFACE_CURVE('',#14708,(#14712,#14718),.PCURVE_S1.);
#14708 = LINE('',#14709,#14710);
#14709 = CARTESIAN_POINT('',(-48.6,-17.2,72.15982261619));
#14710 = VECTOR('',#14711,1.);
#14711 = DIRECTION('',(0.,1.,0.));
#14712 = PCURVE('',#5884,#14713);
#14713 = DEFINITIONAL_REPRESENTATION('',(#14714),#14717);
#14714 = B_SPLINE_CURVE_WITH_KNOTS('',1,(#14715,#14716),.UNSPECIFIED.,
  .F.,.F.,(2,2),(9.99994E-02,2.5000006),.PIECEWISE_BEZIER_KNOTS.);
#14715 = CARTESIAN_POINT('',(5.690463415539,9.99994E-02));
#14716 = CARTESIAN_POINT('',(5.690463415539,2.5000006));
#14717 = ( GEOMETRIC_REPRESENTATION_CONTEXT(2) 
PARAMETRIC_REPRESENTATION_CONTEXT() REPRESENTATION_CONTEXT('2D SPACE',''
  ) );
#14718 = PCURVE('',#5966,#14719);
#14719 = DEFINITIONAL_REPRESENTATION('',(#14720),#14723);
#14720 = B_SPLINE_CURVE_WITH_KNOTS('',1,(#14721,#14722),.UNSPECIFIED.,
  .F.,.F.,(2,2),(9.99994E-02,2.5000006),.PIECEWISE_BEZIER_KNOTS.);
#14721 = CARTESIAN_POINT('',(162.15982261619,5.999999999062E-07));
#14722 = CARTESIAN_POINT('',(162.15982261619,-2.4000006));
#14723 = ( GEOMETRIC_REPRESENTATION_CONTEXT(2) 
PARAMETRIC_REPRESENTATION_CONTEXT() REPRESENTATION_CONTEXT('2D SPACE',''
  ) );
#14724 = ORIENTED_EDGE('',*,*,#5865,.F.);
#14725 = ORIENTED_EDGE('',*,*,#14726,.F.);
#14726 = EDGE_CURVE('',#11658,#5866,#14727,.T.);
#14727 = SURFACE_CURVE('',#14728,(#14732,#14738),.PCURVE_S1.);
#14728 = LINE('',#14729,#14730);
#14729 = CARTESIAN_POINT('',(-53.4,-17.2,68.68362250202));
#14730 = VECTOR('',#14731,1.);
#14731 = DIRECTION('',(0.,1.,0.));
#14732 = PCURVE('',#5884,#14733);
#14733 = DEFINITIONAL_REPRESENTATION('',(#14734),#14737);
#14734 = B_SPLINE_CURVE_WITH_KNOTS('',1,(#14735,#14736),.UNSPECIFIED.,
  .F.,.F.,(2,2),(9.99994E-02,2.5000006),.PIECEWISE_BEZIER_KNOTS.);
#14735 = CARTESIAN_POINT('',(5.622328999588,9.99994E-02));
#14736 = CARTESIAN_POINT('',(5.622328999588,2.5000006));
#14737 = ( GEOMETRIC_REPRESENTATION_CONTEXT(2) 
PARAMETRIC_REPRESENTATION_CONTEXT() REPRESENTATION_CONTEXT('2D SPACE',''
  ) );
#14738 = PCURVE('',#5912,#14739);
#14739 = DEFINITIONAL_REPRESENTATION('',(#14740),#14743);
#14740 = B_SPLINE_CURVE_WITH_KNOTS('',1,(#14741,#14742),.UNSPECIFIED.,
  .F.,.F.,(2,2),(9.99994E-02,2.5000006),.PIECEWISE_BEZIER_KNOTS.);
#14741 = CARTESIAN_POINT('',(158.68362250202,5.999999999062E-07));
#14742 = CARTESIAN_POINT('',(158.68362250202,-2.4000006));
#14743 = ( GEOMETRIC_REPRESENTATION_CONTEXT(2) 
PARAMETRIC_REPRESENTATION_CONTEXT() REPRESENTATION_CONTEXT('2D SPACE',''
  ) );
#14744 = ORIENTED_EDGE('',*,*,#11657,.T.);
#14745 = ADVANCED_FACE('',(#14746),#5999,.F.);
#14746 = FACE_BOUND('',#14747,.F.);
#14747 = EDGE_LOOP('',(#14748,#14767,#14768,#14787));
#14748 = ORIENTED_EDGE('',*,*,#14749,.T.);
#14749 = EDGE_CURVE('',#11755,#5983,#14750,.T.);
#14750 = SURFACE_CURVE('',#14751,(#14755,#14761),.PCURVE_S1.);
#14751 = LINE('',#14752,#14753);
#14752 = CARTESIAN_POINT('',(-42.6,-17.2,75.85670702054));
#14753 = VECTOR('',#14754,1.);
#14754 = DIRECTION('',(0.,1.,0.));
#14755 = PCURVE('',#5999,#14756);
#14756 = DEFINITIONAL_REPRESENTATION('',(#14757),#14760);
#14757 = B_SPLINE_CURVE_WITH_KNOTS('',1,(#14758,#14759),.UNSPECIFIED.,
  .F.,.F.,(2,2),(9.99994E-02,2.5000006),.PIECEWISE_BEZIER_KNOTS.);
#14758 = CARTESIAN_POINT('',(5.771491080681,9.99994E-02));
#14759 = CARTESIAN_POINT('',(5.771491080681,2.5000006));
#14760 = ( GEOMETRIC_REPRESENTATION_CONTEXT(2) 
PARAMETRIC_REPRESENTATION_CONTEXT() REPRESENTATION_CONTEXT('2D SPACE',''
  ) );
#14761 = PCURVE('',#6081,#14762);
#14762 = DEFINITIONAL_REPRESENTATION('',(#14763),#14766);
#14763 = B_SPLINE_CURVE_WITH_KNOTS('',1,(#14764,#14765),.UNSPECIFIED.,
  .F.,.F.,(2,2),(9.99994E-02,2.5000006),.PIECEWISE_BEZIER_KNOTS.);
#14764 = CARTESIAN_POINT('',(165.85670702054,5.999999999062E-07));
#14765 = CARTESIAN_POINT('',(165.85670702054,-2.4000006));
#14766 = ( GEOMETRIC_REPRESENTATION_CONTEXT(2) 
PARAMETRIC_REPRESENTATION_CONTEXT() REPRESENTATION_CONTEXT('2D SPACE',''
  ) );
#14767 = ORIENTED_EDGE('',*,*,#5980,.F.);
#14768 = ORIENTED_EDGE('',*,*,#14769,.F.);
#14769 = EDGE_CURVE('',#11753,#5981,#14770,.T.);
#14770 = SURFACE_CURVE('',#14771,(#14775,#14781),.PCURVE_S1.);
#14771 = LINE('',#14772,#14773);
#14772 = CARTESIAN_POINT('',(-47.4,-17.2,72.953683937139));
#14773 = VECTOR('',#14774,1.);
#14774 = DIRECTION('',(0.,1.,0.));
#14775 = PCURVE('',#5999,#14776);
#14776 = DEFINITIONAL_REPRESENTATION('',(#14777),#14780);
#14777 = B_SPLINE_CURVE_WITH_KNOTS('',1,(#14778,#14779),.UNSPECIFIED.,
  .F.,.F.,(2,2),(9.99994E-02,2.5000006),.PIECEWISE_BEZIER_KNOTS.);
#14778 = CARTESIAN_POINT('',(5.707001816085,9.99994E-02));
#14779 = CARTESIAN_POINT('',(5.707001816085,2.5000006));
#14780 = ( GEOMETRIC_REPRESENTATION_CONTEXT(2) 
PARAMETRIC_REPRESENTATION_CONTEXT() REPRESENTATION_CONTEXT('2D SPACE',''
  ) );
#14781 = PCURVE('',#6027,#14782);
#14782 = DEFINITIONAL_REPRESENTATION('',(#14783),#14786);
#14783 = B_SPLINE_CURVE_WITH_KNOTS('',1,(#14784,#14785),.UNSPECIFIED.,
  .F.,.F.,(2,2),(9.99994E-02,2.5000006),.PIECEWISE_BEZIER_KNOTS.);
#14784 = CARTESIAN_POINT('',(162.95368393713,5.999999999062E-07));
#14785 = CARTESIAN_POINT('',(162.95368393713,-2.4000006));
#14786 = ( GEOMETRIC_REPRESENTATION_CONTEXT(2) 
PARAMETRIC_REPRESENTATION_CONTEXT() REPRESENTATION_CONTEXT('2D SPACE',''
  ) );
#14787 = ORIENTED_EDGE('',*,*,#11752,.T.);
#14788 = ADVANCED_FACE('',(#14789),#6114,.F.);
#14789 = FACE_BOUND('',#14790,.F.);
#14790 = EDGE_LOOP('',(#14791,#14810,#14811,#14830));
#14791 = ORIENTED_EDGE('',*,*,#14792,.T.);
#14792 = EDGE_CURVE('',#11850,#6098,#14793,.T.);
#14793 = SURFACE_CURVE('',#14794,(#14798,#14804),.PCURVE_S1.);
#14794 = LINE('',#14795,#14796);
#14795 = CARTESIAN_POINT('',(-36.6,-17.2,78.926801531546));
#14796 = VECTOR('',#14797,1.);
#14797 = DIRECTION('',(0.,1.,0.));
#14798 = PCURVE('',#6114,#14799);
#14799 = DEFINITIONAL_REPRESENTATION('',(#14800),#14803);
#14800 = B_SPLINE_CURVE_WITH_KNOTS('',1,(#14801,#14802),.UNSPECIFIED.,
  .F.,.F.,(2,2),(9.99994E-02,2.5000006),.PIECEWISE_BEZIER_KNOTS.);
#14801 = CARTESIAN_POINT('',(5.84897992294,9.99994E-02));
#14802 = CARTESIAN_POINT('',(5.84897992294,2.5000006));
#14803 = ( GEOMETRIC_REPRESENTATION_CONTEXT(2) 
PARAMETRIC_REPRESENTATION_CONTEXT() REPRESENTATION_CONTEXT('2D SPACE',''
  ) );
#14804 = PCURVE('',#6196,#14805);
#14805 = DEFINITIONAL_REPRESENTATION('',(#14806),#14809);
#14806 = B_SPLINE_CURVE_WITH_KNOTS('',1,(#14807,#14808),.UNSPECIFIED.,
  .F.,.F.,(2,2),(9.99994E-02,2.5000006),.PIECEWISE_BEZIER_KNOTS.);
#14807 = CARTESIAN_POINT('',(168.92680153154,5.999999999062E-07));
#14808 = CARTESIAN_POINT('',(168.92680153154,-2.4000006));
#14809 = ( GEOMETRIC_REPRESENTATION_CONTEXT(2) 
PARAMETRIC_REPRESENTATION_CONTEXT() REPRESENTATION_CONTEXT('2D SPACE',''
  ) );
#14810 = ORIENTED_EDGE('',*,*,#6095,.F.);
#14811 = ORIENTED_EDGE('',*,*,#14812,.F.);
#14812 = EDGE_CURVE('',#11848,#6096,#14813,.T.);
#14813 = SURFACE_CURVE('',#14814,(#14818,#14824),.PCURVE_S1.);
#14814 = LINE('',#14815,#14816);
#14815 = CARTESIAN_POINT('',(-41.4,-17.2,76.518233121263));
#14816 = VECTOR('',#14817,1.);
#14817 = DIRECTION('',(0.,1.,0.));
#14818 = PCURVE('',#6114,#14819);
#14819 = DEFINITIONAL_REPRESENTATION('',(#14820),#14823);
#14820 = B_SPLINE_CURVE_WITH_KNOTS('',1,(#14821,#14822),.UNSPECIFIED.,
  .F.,.F.,(2,2),(9.99994E-02,2.5000006),.PIECEWISE_BEZIER_KNOTS.);
#14821 = CARTESIAN_POINT('',(5.787241376519,9.99994E-02));
#14822 = CARTESIAN_POINT('',(5.787241376519,2.5000006));
#14823 = ( GEOMETRIC_REPRESENTATION_CONTEXT(2) 
PARAMETRIC_REPRESENTATION_CONTEXT() REPRESENTATION_CONTEXT('2D SPACE',''
  ) );
#14824 = PCURVE('',#6142,#14825);
#14825 = DEFINITIONAL_REPRESENTATION('',(#14826),#14829);
#14826 = B_SPLINE_CURVE_WITH_KNOTS('',1,(#14827,#14828),.UNSPECIFIED.,
  .F.,.F.,(2,2),(9.99994E-02,2.5000006),.PIECEWISE_BEZIER_KNOTS.);
#14827 = CARTESIAN_POINT('',(166.51823312126,5.999999999062E-07));
#14828 = CARTESIAN_POINT('',(166.51823312126,-2.4000006));
#14829 = ( GEOMETRIC_REPRESENTATION_CONTEXT(2) 
PARAMETRIC_REPRESENTATION_CONTEXT() REPRESENTATION_CONTEXT('2D SPACE',''
  ) );
#14830 = ORIENTED_EDGE('',*,*,#11847,.T.);
#14831 = ADVANCED_FACE('',(#14832),#6229,.F.);
#14832 = FACE_BOUND('',#14833,.F.);
#14833 = EDGE_LOOP('',(#14834,#14853,#14854,#14873));
#14834 = ORIENTED_EDGE('',*,*,#14835,.T.);
#14835 = EDGE_CURVE('',#11945,#6213,#14836,.T.);
#14836 = SURFACE_CURVE('',#14837,(#14841,#14847),.PCURVE_S1.);
#14837 = LINE('',#14838,#14839);
#14838 = CARTESIAN_POINT('',(-30.6,-17.2,81.441021604594));
#14839 = VECTOR('',#14840,1.);
#14840 = DIRECTION('',(0.,1.,0.));
#14841 = PCURVE('',#6229,#14842);
#14842 = DEFINITIONAL_REPRESENTATION('',(#14843),#14846);
#14843 = B_SPLINE_CURVE_WITH_KNOTS('',1,(#14844,#14845),.UNSPECIFIED.,
  .F.,.F.,(2,2),(9.99994E-02,2.5000006),.PIECEWISE_BEZIER_KNOTS.);
#14844 = CARTESIAN_POINT('',(5.9237730157,9.99994E-02));
#14845 = CARTESIAN_POINT('',(5.9237730157,2.5000006));
#14846 = ( GEOMETRIC_REPRESENTATION_CONTEXT(2) 
PARAMETRIC_REPRESENTATION_CONTEXT() REPRESENTATION_CONTEXT('2D SPACE',''
  ) );
#14847 = PCURVE('',#6311,#14848);
#14848 = DEFINITIONAL_REPRESENTATION('',(#14849),#14852);
#14849 = B_SPLINE_CURVE_WITH_KNOTS('',1,(#14850,#14851),.UNSPECIFIED.,
  .F.,.F.,(2,2),(9.99994E-02,2.5000006),.PIECEWISE_BEZIER_KNOTS.);
#14850 = CARTESIAN_POINT('',(171.44102160459,5.999999999062E-07));
#14851 = CARTESIAN_POINT('',(171.44102160459,-2.4000006));
#14852 = ( GEOMETRIC_REPRESENTATION_CONTEXT(2) 
PARAMETRIC_REPRESENTATION_CONTEXT() REPRESENTATION_CONTEXT('2D SPACE',''
  ) );
#14853 = ORIENTED_EDGE('',*,*,#6210,.F.);
#14854 = ORIENTED_EDGE('',*,*,#14855,.F.);
#14855 = EDGE_CURVE('',#11943,#6211,#14856,.T.);
#14856 = SURFACE_CURVE('',#14857,(#14861,#14867),.PCURVE_S1.);
#14857 = LINE('',#14858,#14859);
#14858 = CARTESIAN_POINT('',(-35.4,-17.2,79.472259311033));
#14859 = VECTOR('',#14860,1.);
#14860 = DIRECTION('',(0.,1.,0.));
#14861 = PCURVE('',#6229,#14862);
#14862 = DEFINITIONAL_REPRESENTATION('',(#14863),#14866);
#14863 = B_SPLINE_CURVE_WITH_KNOTS('',1,(#14864,#14865),.UNSPECIFIED.,
  .F.,.F.,(2,2),(9.99994E-02,2.5000006),.PIECEWISE_BEZIER_KNOTS.);
#14864 = CARTESIAN_POINT('',(5.864131238071,9.99994E-02));
#14865 = CARTESIAN_POINT('',(5.864131238071,2.5000006));
#14866 = ( GEOMETRIC_REPRESENTATION_CONTEXT(2) 
PARAMETRIC_REPRESENTATION_CONTEXT() REPRESENTATION_CONTEXT('2D SPACE',''
  ) );
#14867 = PCURVE('',#6257,#14868);
#14868 = DEFINITIONAL_REPRESENTATION('',(#14869),#14872);
#14869 = B_SPLINE_CURVE_WITH_KNOTS('',1,(#14870,#14871),.UNSPECIFIED.,
  .F.,.F.,(2,2),(9.99994E-02,2.5000006),.PIECEWISE_BEZIER_KNOTS.);
#14870 = CARTESIAN_POINT('',(169.47225931103,5.999999999062E-07));
#14871 = CARTESIAN_POINT('',(169.47225931103,-2.4000006));
#14872 = ( GEOMETRIC_REPRESENTATION_CONTEXT(2) 
PARAMETRIC_REPRESENTATION_CONTEXT() REPRESENTATION_CONTEXT('2D SPACE',''
  ) );
#14873 = ORIENTED_EDGE('',*,*,#11942,.T.);
#14874 = ADVANCED_FACE('',(#14875),#6344,.F.);
#14875 = FACE_BOUND('',#14876,.F.);
#14876 = EDGE_LOOP('',(#14877,#14896,#14897,#14916));
#14877 = ORIENTED_EDGE('',*,*,#14878,.T.);
#14878 = EDGE_CURVE('',#12040,#6328,#14879,.T.);
#14879 = SURFACE_CURVE('',#14880,(#14884,#14890),.PCURVE_S1.);
#14880 = LINE('',#14881,#14882);
#14881 = CARTESIAN_POINT('',(-24.6,-17.2,83.449625523426));
#14882 = VECTOR('',#14883,1.);
#14883 = DIRECTION('',(0.,1.,0.));
#14884 = PCURVE('',#6344,#14885);
#14885 = DEFINITIONAL_REPRESENTATION('',(#14886),#14889);
#14886 = B_SPLINE_CURVE_WITH_KNOTS('',1,(#14887,#14888),.UNSPECIFIED.,
  .F.,.F.,(2,2),(9.99994E-02,2.5000006),.PIECEWISE_BEZIER_KNOTS.);
#14887 = CARTESIAN_POINT('',(5.996516425581,9.99994E-02));
#14888 = CARTESIAN_POINT('',(5.996516425581,2.5000006));
#14889 = ( GEOMETRIC_REPRESENTATION_CONTEXT(2) 
PARAMETRIC_REPRESENTATION_CONTEXT() REPRESENTATION_CONTEXT('2D SPACE',''
  ) );
#14890 = PCURVE('',#6426,#14891);
#14891 = DEFINITIONAL_REPRESENTATION('',(#14892),#14895);
#14892 = B_SPLINE_CURVE_WITH_KNOTS('',1,(#14893,#14894),.UNSPECIFIED.,
  .F.,.F.,(2,2),(9.99994E-02,2.5000006),.PIECEWISE_BEZIER_KNOTS.);
#14893 = CARTESIAN_POINT('',(173.44962552342,5.999999999062E-07));
#14894 = CARTESIAN_POINT('',(173.44962552342,-2.4000006));
#14895 = ( GEOMETRIC_REPRESENTATION_CONTEXT(2) 
PARAMETRIC_REPRESENTATION_CONTEXT() REPRESENTATION_CONTEXT('2D SPACE',''
  ) );
#14896 = ORIENTED_EDGE('',*,*,#6325,.F.);
#14897 = ORIENTED_EDGE('',*,*,#14898,.F.);
#14898 = EDGE_CURVE('',#12038,#6326,#14899,.T.);
#14899 = SURFACE_CURVE('',#14900,(#14904,#14910),.PCURVE_S1.);
#14900 = LINE('',#14901,#14902);
#14901 = CARTESIAN_POINT('',(-29.4,-17.2,81.881866124314));
#14902 = VECTOR('',#14903,1.);
#14903 = DIRECTION('',(0.,1.,0.));
#14904 = PCURVE('',#6344,#14905);
#14905 = DEFINITIONAL_REPRESENTATION('',(#14906),#14909);
#14906 = B_SPLINE_CURVE_WITH_KNOTS('',1,(#14907,#14908),.UNSPECIFIED.,
  .F.,.F.,(2,2),(9.99994E-02,2.5000006),.PIECEWISE_BEZIER_KNOTS.);
#14907 = CARTESIAN_POINT('',(5.938467568602,9.99994E-02));
#14908 = CARTESIAN_POINT('',(5.938467568602,2.5000006));
#14909 = ( GEOMETRIC_REPRESENTATION_CONTEXT(2) 
PARAMETRIC_REPRESENTATION_CONTEXT() REPRESENTATION_CONTEXT('2D SPACE',''
  ) );
#14910 = PCURVE('',#6372,#14911);
#14911 = DEFINITIONAL_REPRESENTATION('',(#14912),#14915);
#14912 = B_SPLINE_CURVE_WITH_KNOTS('',1,(#14913,#14914),.UNSPECIFIED.,
  .F.,.F.,(2,2),(9.99994E-02,2.5000006),.PIECEWISE_BEZIER_KNOTS.);
#14913 = CARTESIAN_POINT('',(171.88186612431,5.999999999062E-07));
#14914 = CARTESIAN_POINT('',(171.88186612431,-2.4000006));
#14915 = ( GEOMETRIC_REPRESENTATION_CONTEXT(2) 
PARAMETRIC_REPRESENTATION_CONTEXT() REPRESENTATION_CONTEXT('2D SPACE',''
  ) );
#14916 = ORIENTED_EDGE('',*,*,#12037,.T.);
#14917 = ADVANCED_FACE('',(#14918),#6459,.F.);
#14918 = FACE_BOUND('',#14919,.F.);
#14919 = EDGE_LOOP('',(#14920,#14939,#14940,#14959));
#14920 = ORIENTED_EDGE('',*,*,#14921,.T.);
#14921 = EDGE_CURVE('',#12135,#6443,#14922,.T.);
#14922 = SURFACE_CURVE('',#14923,(#14927,#14933),.PCURVE_S1.);
#14923 = LINE('',#14924,#14925);
#14924 = CARTESIAN_POINT('',(-18.6,-17.2,84.988469806204));
#14925 = VECTOR('',#14926,1.);
#14926 = DIRECTION('',(0.,1.,0.));
#14927 = PCURVE('',#6459,#14928);
#14928 = DEFINITIONAL_REPRESENTATION('',(#14929),#14932);
#14929 = B_SPLINE_CURVE_WITH_KNOTS('',1,(#14930,#14931),.UNSPECIFIED.,
  .F.,.F.,(2,2),(9.99994E-02,2.5000006),.PIECEWISE_BEZIER_KNOTS.);
#14930 = CARTESIAN_POINT('',(6.06772910643,9.99994E-02));
#14931 = CARTESIAN_POINT('',(6.06772910643,2.5000006));
#14932 = ( GEOMETRIC_REPRESENTATION_CONTEXT(2) 
PARAMETRIC_REPRESENTATION_CONTEXT() REPRESENTATION_CONTEXT('2D SPACE',''
  ) );
#14933 = PCURVE('',#6541,#14934);
#14934 = DEFINITIONAL_REPRESENTATION('',(#14935),#14938);
#14935 = B_SPLINE_CURVE_WITH_KNOTS('',1,(#14936,#14937),.UNSPECIFIED.,
  .F.,.F.,(2,2),(9.99994E-02,2.5000006),.PIECEWISE_BEZIER_KNOTS.);
#14936 = CARTESIAN_POINT('',(174.9884698062,5.999999999062E-07));
#14937 = CARTESIAN_POINT('',(174.9884698062,-2.4000006));
#14938 = ( GEOMETRIC_REPRESENTATION_CONTEXT(2) 
PARAMETRIC_REPRESENTATION_CONTEXT() REPRESENTATION_CONTEXT('2D SPACE',''
  ) );
#14939 = ORIENTED_EDGE('',*,*,#6440,.F.);
#14940 = ORIENTED_EDGE('',*,*,#14941,.F.);
#14941 = EDGE_CURVE('',#12133,#6441,#14942,.T.);
#14942 = SURFACE_CURVE('',#14943,(#14947,#14953),.PCURVE_S1.);
#14943 = LINE('',#14944,#14945);
#14944 = CARTESIAN_POINT('',(-23.4,-17.2,83.794033200461));
#14945 = VECTOR('',#14946,1.);
#14946 = DIRECTION('',(0.,1.,0.));
#14947 = PCURVE('',#6459,#14948);
#14948 = DEFINITIONAL_REPRESENTATION('',(#14949),#14952);
#14949 = B_SPLINE_CURVE_WITH_KNOTS('',1,(#14950,#14951),.UNSPECIFIED.,
  .F.,.F.,(2,2),(9.99994E-02,2.5000006),.PIECEWISE_BEZIER_KNOTS.);
#14950 = CARTESIAN_POINT('',(6.0108664992,9.99994E-02));
#14951 = CARTESIAN_POINT('',(6.0108664992,2.5000006));
#14952 = ( GEOMETRIC_REPRESENTATION_CONTEXT(2) 
PARAMETRIC_REPRESENTATION_CONTEXT() REPRESENTATION_CONTEXT('2D SPACE',''
  ) );
#14953 = PCURVE('',#6487,#14954);
#14954 = DEFINITIONAL_REPRESENTATION('',(#14955),#14958);
#14955 = B_SPLINE_CURVE_WITH_KNOTS('',1,(#14956,#14957),.UNSPECIFIED.,
  .F.,.F.,(2,2),(9.99994E-02,2.5000006),.PIECEWISE_BEZIER_KNOTS.);
#14956 = CARTESIAN_POINT('',(173.79403320046,5.999999999062E-07));
#14957 = CARTESIAN_POINT('',(173.79403320046,-2.4000006));
#14958 = ( GEOMETRIC_REPRESENTATION_CONTEXT(2) 
PARAMETRIC_REPRESENTATION_CONTEXT() REPRESENTATION_CONTEXT('2D SPACE',''
  ) );
#14959 = ORIENTED_EDGE('',*,*,#12132,.T.);
#14960 = ADVANCED_FACE('',(#14961),#6574,.F.);
#14961 = FACE_BOUND('',#14962,.F.);
#14962 = EDGE_LOOP('',(#14963,#14982,#14983,#15002));
#14963 = ORIENTED_EDGE('',*,*,#14964,.T.);
#14964 = EDGE_CURVE('',#12230,#6558,#14965,.T.);
#14965 = SURFACE_CURVE('',#14966,(#14970,#14976),.PCURVE_S1.);
#14966 = LINE('',#14967,#14968);
#14967 = CARTESIAN_POINT('',(-12.6,-17.2,86.082750885413));
#14968 = VECTOR('',#14969,1.);
#14969 = DIRECTION('',(0.,1.,0.));
#14970 = PCURVE('',#6574,#14971);
#14971 = DEFINITIONAL_REPRESENTATION('',(#14972),#14975);
#14972 = B_SPLINE_CURVE_WITH_KNOTS('',1,(#14973,#14974),.UNSPECIFIED.,
  .F.,.F.,(2,2),(9.99994E-02,2.5000006),.PIECEWISE_BEZIER_KNOTS.);
#14973 = CARTESIAN_POINT('',(6.137846587835,9.99994E-02));
#14974 = CARTESIAN_POINT('',(6.137846587835,2.5000006));
#14975 = ( GEOMETRIC_REPRESENTATION_CONTEXT(2) 
PARAMETRIC_REPRESENTATION_CONTEXT() REPRESENTATION_CONTEXT('2D SPACE',''
  ) );
#14976 = PCURVE('',#6656,#14977);
#14977 = DEFINITIONAL_REPRESENTATION('',(#14978),#14981);
#14978 = B_SPLINE_CURVE_WITH_KNOTS('',1,(#14979,#14980),.UNSPECIFIED.,
  .F.,.F.,(2,2),(9.99994E-02,2.5000006),.PIECEWISE_BEZIER_KNOTS.);
#14979 = CARTESIAN_POINT('',(176.08275088541,5.999999999062E-07));
#14980 = CARTESIAN_POINT('',(176.08275088541,-2.4000006));
#14981 = ( GEOMETRIC_REPRESENTATION_CONTEXT(2) 
PARAMETRIC_REPRESENTATION_CONTEXT() REPRESENTATION_CONTEXT('2D SPACE',''
  ) );
#14982 = ORIENTED_EDGE('',*,*,#6555,.F.);
#14983 = ORIENTED_EDGE('',*,*,#14984,.F.);
#14984 = EDGE_CURVE('',#12228,#6556,#14985,.T.);
#14985 = SURFACE_CURVE('',#14986,(#14990,#14996),.PCURVE_S1.);
#14986 = LINE('',#14987,#14988);
#14987 = CARTESIAN_POINT('',(-17.4,-17.2,85.242243048855));
#14988 = VECTOR('',#14989,1.);
#14989 = DIRECTION('',(0.,1.,0.));
#14990 = PCURVE('',#6574,#14991);
#14991 = DEFINITIONAL_REPRESENTATION('',(#14992),#14995);
#14992 = B_SPLINE_CURVE_WITH_KNOTS('',1,(#14993,#14994),.UNSPECIFIED.,
  .F.,.F.,(2,2),(9.99994E-02,2.5000006),.PIECEWISE_BEZIER_KNOTS.);
#14993 = CARTESIAN_POINT('',(6.081827386389,9.99994E-02));
#14994 = CARTESIAN_POINT('',(6.081827386389,2.5000006));
#14995 = ( GEOMETRIC_REPRESENTATION_CONTEXT(2) 
PARAMETRIC_REPRESENTATION_CONTEXT() REPRESENTATION_CONTEXT('2D SPACE',''
  ) );
#14996 = PCURVE('',#6602,#14997);
#14997 = DEFINITIONAL_REPRESENTATION('',(#14998),#15001);
#14998 = B_SPLINE_CURVE_WITH_KNOTS('',1,(#14999,#15000),.UNSPECIFIED.,
  .F.,.F.,(2,2),(9.99994E-02,2.5000006),.PIECEWISE_BEZIER_KNOTS.);
#14999 = CARTESIAN_POINT('',(175.24224304885,5.999999999062E-07));
#15000 = CARTESIAN_POINT('',(175.24224304885,-2.4000006));
#15001 = ( GEOMETRIC_REPRESENTATION_CONTEXT(2) 
PARAMETRIC_REPRESENTATION_CONTEXT() REPRESENTATION_CONTEXT('2D SPACE',''
  ) );
#15002 = ORIENTED_EDGE('',*,*,#12227,.T.);
#15003 = ADVANCED_FACE('',(#15004),#6689,.F.);
#15004 = FACE_BOUND('',#15005,.F.);
#15005 = EDGE_LOOP('',(#15006,#15025,#15026,#15045));
#15006 = ORIENTED_EDGE('',*,*,#15007,.T.);
#15007 = EDGE_CURVE('',#12325,#6673,#15008,.T.);
#15008 = SURFACE_CURVE('',#15009,(#15013,#15019),.PCURVE_S1.);
#15009 = LINE('',#15010,#15011);
#15010 = CARTESIAN_POINT('',(-6.6,-17.2,86.749293945254));
#15011 = VECTOR('',#15012,1.);
#15012 = DIRECTION('',(0.,1.,0.));
#15013 = PCURVE('',#6689,#15014);
#15014 = DEFINITIONAL_REPRESENTATION('',(#15015),#15018);
#15015 = B_SPLINE_CURVE_WITH_KNOTS('',1,(#15016,#15017),.UNSPECIFIED.,
  .F.,.F.,(2,2),(9.99994E-02,2.5000006),.PIECEWISE_BEZIER_KNOTS.);
#15016 = CARTESIAN_POINT('',(6.207250284077,9.99994E-02));
#15017 = CARTESIAN_POINT('',(6.207250284077,2.5000006));
#15018 = ( GEOMETRIC_REPRESENTATION_CONTEXT(2) 
PARAMETRIC_REPRESENTATION_CONTEXT() REPRESENTATION_CONTEXT('2D SPACE',''
  ) );
#15019 = PCURVE('',#6771,#15020);
#15020 = DEFINITIONAL_REPRESENTATION('',(#15021),#15024);
#15021 = B_SPLINE_CURVE_WITH_KNOTS('',1,(#15022,#15023),.UNSPECIFIED.,
  .F.,.F.,(2,2),(9.99994E-02,2.5000006),.PIECEWISE_BEZIER_KNOTS.);
#15022 = CARTESIAN_POINT('',(176.74929394525,5.999999999062E-07));
#15023 = CARTESIAN_POINT('',(176.74929394525,-2.4000006));
#15024 = ( GEOMETRIC_REPRESENTATION_CONTEXT(2) 
PARAMETRIC_REPRESENTATION_CONTEXT() REPRESENTATION_CONTEXT('2D SPACE',''
  ) );
#15025 = ORIENTED_EDGE('',*,*,#6670,.F.);
#15026 = ORIENTED_EDGE('',*,*,#15027,.F.);
#15027 = EDGE_CURVE('',#12323,#6671,#15028,.T.);
#15028 = SURFACE_CURVE('',#15029,(#15033,#15039),.PCURVE_S1.);
#15029 = LINE('',#15030,#15031);
#15030 = CARTESIAN_POINT('',(-11.4,-17.2,86.249869565119));
#15031 = VECTOR('',#15032,1.);
#15032 = DIRECTION('',(0.,1.,0.));
#15033 = PCURVE('',#6689,#15034);
#15034 = DEFINITIONAL_REPRESENTATION('',(#15035),#15038);
#15035 = B_SPLINE_CURVE_WITH_KNOTS('',1,(#15036,#15037),.UNSPECIFIED.,
  .F.,.F.,(2,2),(9.99994E-02,2.5000006),.PIECEWISE_BEZIER_KNOTS.);
#15036 = CARTESIAN_POINT('',(6.151772919397,9.99994E-02));
#15037 = CARTESIAN_POINT('',(6.151772919397,2.5000006));
#15038 = ( GEOMETRIC_REPRESENTATION_CONTEXT(2) 
PARAMETRIC_REPRESENTATION_CONTEXT() REPRESENTATION_CONTEXT('2D SPACE',''
  ) );
#15039 = PCURVE('',#6717,#15040);
#15040 = DEFINITIONAL_REPRESENTATION('',(#15041),#15044);
#15041 = B_SPLINE_CURVE_WITH_KNOTS('',1,(#15042,#15043),.UNSPECIFIED.,
  .F.,.F.,(2,2),(9.99994E-02,2.5000006),.PIECEWISE_BEZIER_KNOTS.);
#15042 = CARTESIAN_POINT('',(176.24986956511,5.999999999062E-07));
#15043 = CARTESIAN_POINT('',(176.24986956511,-2.4000006));
#15044 = ( GEOMETRIC_REPRESENTATION_CONTEXT(2) 
PARAMETRIC_REPRESENTATION_CONTEXT() REPRESENTATION_CONTEXT('2D SPACE',''
  ) );
#15045 = ORIENTED_EDGE('',*,*,#12322,.T.);
#15046 = ADVANCED_FACE('',(#15047),#6804,.F.);
#15047 = FACE_BOUND('',#15048,.F.);
#15048 = EDGE_LOOP('',(#15049,#15068,#15069,#15088));
#15049 = ORIENTED_EDGE('',*,*,#15050,.T.);
#15050 = EDGE_CURVE('',#12420,#6788,#15051,.T.);
#15051 = SURFACE_CURVE('',#15052,(#15056,#15062),.PCURVE_S1.);
#15052 = LINE('',#15053,#15054);
#15053 = CARTESIAN_POINT('',(-0.6,-17.2,86.997931009881));
#15054 = VECTOR('',#15055,1.);
#15055 = DIRECTION('',(0.,1.,0.));
#15056 = PCURVE('',#6804,#15057);
#15057 = DEFINITIONAL_REPRESENTATION('',(#15058),#15061);
#15058 = B_SPLINE_CURVE_WITH_KNOTS('',1,(#15059,#15060),.UNSPECIFIED.,
  .F.,.F.,(2,2),(9.99994E-02,2.5000006),.PIECEWISE_BEZIER_KNOTS.);
#15059 = CARTESIAN_POINT('',(6.276288700785,9.99994E-02));
#15060 = CARTESIAN_POINT('',(6.276288700785,2.5000006));
#15061 = ( GEOMETRIC_REPRESENTATION_CONTEXT(2) 
PARAMETRIC_REPRESENTATION_CONTEXT() REPRESENTATION_CONTEXT('2D SPACE',''
  ) );
#15062 = PCURVE('',#6886,#15063);
#15063 = DEFINITIONAL_REPRESENTATION('',(#15064),#15067);
#15064 = B_SPLINE_CURVE_WITH_KNOTS('',1,(#15065,#15066),.UNSPECIFIED.,
  .F.,.F.,(2,2),(9.99994E-02,2.5000006),.PIECEWISE_BEZIER_KNOTS.);
#15065 = CARTESIAN_POINT('',(176.99793100988,5.999999999062E-07));
#15066 = CARTESIAN_POINT('',(176.99793100988,-2.4000006));
#15067 = ( GEOMETRIC_REPRESENTATION_CONTEXT(2) 
PARAMETRIC_REPRESENTATION_CONTEXT() REPRESENTATION_CONTEXT('2D SPACE',''
  ) );
#15068 = ORIENTED_EDGE('',*,*,#6785,.F.);
#15069 = ORIENTED_EDGE('',*,*,#15070,.F.);
#15070 = EDGE_CURVE('',#12418,#6786,#15071,.T.);
#15071 = SURFACE_CURVE('',#15072,(#15076,#15082),.PCURVE_S1.);
#15072 = LINE('',#15073,#15074);
#15073 = CARTESIAN_POINT('',(-5.4,-17.2,86.832252072603));
#15074 = VECTOR('',#15075,1.);
#15075 = DIRECTION('',(0.,1.,0.));
#15076 = PCURVE('',#6804,#15077);
#15077 = DEFINITIONAL_REPRESENTATION('',(#15078),#15081);
#15078 = B_SPLINE_CURVE_WITH_KNOTS('',1,(#15079,#15080),.UNSPECIFIED.,
  .F.,.F.,(2,2),(9.99994E-02,2.5000006),.PIECEWISE_BEZIER_KNOTS.);
#15079 = CARTESIAN_POINT('',(6.221076418378,9.99994E-02));
#15080 = CARTESIAN_POINT('',(6.221076418378,2.5000006));
#15081 = ( GEOMETRIC_REPRESENTATION_CONTEXT(2) 
PARAMETRIC_REPRESENTATION_CONTEXT() REPRESENTATION_CONTEXT('2D SPACE',''
  ) );
#15082 = PCURVE('',#6832,#15083);
#15083 = DEFINITIONAL_REPRESENTATION('',(#15084),#15087);
#15084 = B_SPLINE_CURVE_WITH_KNOTS('',1,(#15085,#15086),.UNSPECIFIED.,
  .F.,.F.,(2,2),(9.99994E-02,2.5000006),.PIECEWISE_BEZIER_KNOTS.);
#15085 = CARTESIAN_POINT('',(176.8322520726,5.999999999062E-07));
#15086 = CARTESIAN_POINT('',(176.8322520726,-2.4000006));
#15087 = ( GEOMETRIC_REPRESENTATION_CONTEXT(2) 
PARAMETRIC_REPRESENTATION_CONTEXT() REPRESENTATION_CONTEXT('2D SPACE',''
  ) );
#15088 = ORIENTED_EDGE('',*,*,#12417,.T.);
#15089 = ADVANCED_FACE('',(#15090),#213,.F.);
#15090 = FACE_BOUND('',#15091,.F.);
#15091 = EDGE_LOOP('',(#15092,#15093,#15112,#15113));
#15092 = ORIENTED_EDGE('',*,*,#6976,.F.);
#15093 = ORIENTED_EDGE('',*,*,#15094,.T.);
#15094 = EDGE_CURVE('',#6954,#172,#15095,.T.);
#15095 = SURFACE_CURVE('',#15096,(#15100,#15106),.PCURVE_S1.);
#15096 = LINE('',#15097,#15098);
#15097 = CARTESIAN_POINT('',(5.4,-17.1,0.6));
#15098 = VECTOR('',#15099,1.);
#15099 = DIRECTION('',(0.,1.,0.));
#15100 = PCURVE('',#213,#15101);
#15101 = DEFINITIONAL_REPRESENTATION('',(#15102),#15105);
#15102 = B_SPLINE_CURVE_WITH_KNOTS('',1,(#15103,#15104),.UNSPECIFIED.,
  .F.,.F.,(2,2),(0.,2.4),.PIECEWISE_BEZIER_KNOTS.);
#15103 = CARTESIAN_POINT('',(90.6,0.));
#15104 = CARTESIAN_POINT('',(90.6,-2.4));
#15105 = ( GEOMETRIC_REPRESENTATION_CONTEXT(2) 
PARAMETRIC_REPRESENTATION_CONTEXT() REPRESENTATION_CONTEXT('2D SPACE',''
  ) );
#15106 = PCURVE('',#187,#15107);
#15107 = DEFINITIONAL_REPRESENTATION('',(#15108),#15111);
#15108 = B_SPLINE_CURVE_WITH_KNOTS('',1,(#15109,#15110),.UNSPECIFIED.,
  .F.,.F.,(2,2),(0.,2.4),.PIECEWISE_BEZIER_KNOTS.);
#15109 = CARTESIAN_POINT('',(100.4,0.));
#15110 = CARTESIAN_POINT('',(100.4,2.4));
#15111 = ( GEOMETRIC_REPRESENTATION_CONTEXT(2) 
PARAMETRIC_REPRESENTATION_CONTEXT() REPRESENTATION_CONTEXT('2D SPACE',''
  ) );
#15112 = ORIENTED_EDGE('',*,*,#199,.T.);
#15113 = ORIENTED_EDGE('',*,*,#12534,.F.);
#15114 = ADVANCED_FACE('',(#15115),#159,.T.);
#15115 = FACE_BOUND('',#15116,.T.);
#15116 = EDGE_LOOP('',(#15117,#15118,#15137,#15138));
#15117 = ORIENTED_EDGE('',*,*,#6930,.F.);
#15118 = ORIENTED_EDGE('',*,*,#15119,.T.);
#15119 = EDGE_CURVE('',#6931,#144,#15120,.T.);
#15120 = SURFACE_CURVE('',#15121,(#15125,#15131),.PCURVE_S1.);
#15121 = LINE('',#15122,#15123);
#15122 = CARTESIAN_POINT('',(0.6,-17.1,0.6));
#15123 = VECTOR('',#15124,1.);
#15124 = DIRECTION('',(0.,1.,0.));
#15125 = PCURVE('',#159,#15126);
#15126 = DEFINITIONAL_REPRESENTATION('',(#15127),#15130);
#15127 = B_SPLINE_CURVE_WITH_KNOTS('',1,(#15128,#15129),.UNSPECIFIED.,
  .F.,.F.,(2,2),(0.,2.4),.PIECEWISE_BEZIER_KNOTS.);
#15128 = CARTESIAN_POINT('',(90.6,0.));
#15129 = CARTESIAN_POINT('',(90.6,-2.4));
#15130 = ( GEOMETRIC_REPRESENTATION_CONTEXT(2) 
PARAMETRIC_REPRESENTATION_CONTEXT() REPRESENTATION_CONTEXT('2D SPACE',''
  ) );
#15131 = PCURVE('',#187,#15132);
#15132 = DEFINITIONAL_REPRESENTATION('',(#15133),#15136);
#15133 = B_SPLINE_CURVE_WITH_KNOTS('',1,(#15134,#15135),.UNSPECIFIED.,
  .F.,.F.,(2,2),(0.,2.4),.PIECEWISE_BEZIER_KNOTS.);
#15134 = CARTESIAN_POINT('',(95.6,0.));
#15135 = CARTESIAN_POINT('',(95.6,2.4));
#15136 = ( GEOMETRIC_REPRESENTATION_CONTEXT(2) 
PARAMETRIC_REPRESENTATION_CONTEXT() REPRESENTATION_CONTEXT('2D SPACE',''
  ) );
#15137 = ORIENTED_EDGE('',*,*,#143,.T.);
#15138 = ORIENTED_EDGE('',*,*,#12514,.F.);
#15139 = ADVANCED_FACE('',(#15140),#328,.F.);
#15140 = FACE_BOUND('',#15141,.F.);
#15141 = EDGE_LOOP('',(#15142,#15143,#15162,#15163));
#15142 = ORIENTED_EDGE('',*,*,#7071,.F.);
#15143 = ORIENTED_EDGE('',*,*,#15144,.T.);
#15144 = EDGE_CURVE('',#7049,#287,#15145,.T.);
#15145 = SURFACE_CURVE('',#15146,(#15150,#15156),.PCURVE_S1.);
#15146 = LINE('',#15147,#15148);
#15147 = CARTESIAN_POINT('',(11.4,-17.1,0.6));
#15148 = VECTOR('',#15149,1.);
#15149 = DIRECTION('',(0.,1.,0.));
#15150 = PCURVE('',#328,#15151);
#15151 = DEFINITIONAL_REPRESENTATION('',(#15152),#15155);
#15152 = B_SPLINE_CURVE_WITH_KNOTS('',1,(#15153,#15154),.UNSPECIFIED.,
  .F.,.F.,(2,2),(0.,2.4),.PIECEWISE_BEZIER_KNOTS.);
#15153 = CARTESIAN_POINT('',(90.6,0.));
#15154 = CARTESIAN_POINT('',(90.6,-2.4));
#15155 = ( GEOMETRIC_REPRESENTATION_CONTEXT(2) 
PARAMETRIC_REPRESENTATION_CONTEXT() REPRESENTATION_CONTEXT('2D SPACE',''
  ) );
#15156 = PCURVE('',#302,#15157);
#15157 = DEFINITIONAL_REPRESENTATION('',(#15158),#15161);
#15158 = B_SPLINE_CURVE_WITH_KNOTS('',1,(#15159,#15160),.UNSPECIFIED.,
  .F.,.F.,(2,2),(0.,2.4),.PIECEWISE_BEZIER_KNOTS.);
#15159 = CARTESIAN_POINT('',(106.4,0.));
#15160 = CARTESIAN_POINT('',(106.4,2.4));
#15161 = ( GEOMETRIC_REPRESENTATION_CONTEXT(2) 
PARAMETRIC_REPRESENTATION_CONTEXT() REPRESENTATION_CONTEXT('2D SPACE',''
  ) );
#15162 = ORIENTED_EDGE('',*,*,#314,.T.);
#15163 = ORIENTED_EDGE('',*,*,#12577,.F.);
#15164 = ADVANCED_FACE('',(#15165),#274,.T.);
#15165 = FACE_BOUND('',#15166,.T.);
#15166 = EDGE_LOOP('',(#15167,#15168,#15187,#15188));
#15167 = ORIENTED_EDGE('',*,*,#7025,.F.);
#15168 = ORIENTED_EDGE('',*,*,#15169,.T.);
#15169 = EDGE_CURVE('',#7026,#259,#15170,.T.);
#15170 = SURFACE_CURVE('',#15171,(#15175,#15181),.PCURVE_S1.);
#15171 = LINE('',#15172,#15173);
#15172 = CARTESIAN_POINT('',(6.6,-17.1,0.6));
#15173 = VECTOR('',#15174,1.);
#15174 = DIRECTION('',(0.,1.,0.));
#15175 = PCURVE('',#274,#15176);
#15176 = DEFINITIONAL_REPRESENTATION('',(#15177),#15180);
#15177 = B_SPLINE_CURVE_WITH_KNOTS('',1,(#15178,#15179),.UNSPECIFIED.,
  .F.,.F.,(2,2),(0.,2.4),.PIECEWISE_BEZIER_KNOTS.);
#15178 = CARTESIAN_POINT('',(90.6,0.));
#15179 = CARTESIAN_POINT('',(90.6,-2.4));
#15180 = ( GEOMETRIC_REPRESENTATION_CONTEXT(2) 
PARAMETRIC_REPRESENTATION_CONTEXT() REPRESENTATION_CONTEXT('2D SPACE',''
  ) );
#15181 = PCURVE('',#302,#15182);
#15182 = DEFINITIONAL_REPRESENTATION('',(#15183),#15186);
#15183 = B_SPLINE_CURVE_WITH_KNOTS('',1,(#15184,#15185),.UNSPECIFIED.,
  .F.,.F.,(2,2),(0.,2.4),.PIECEWISE_BEZIER_KNOTS.);
#15184 = CARTESIAN_POINT('',(101.6,0.));
#15185 = CARTESIAN_POINT('',(101.6,2.4));
#15186 = ( GEOMETRIC_REPRESENTATION_CONTEXT(2) 
PARAMETRIC_REPRESENTATION_CONTEXT() REPRESENTATION_CONTEXT('2D SPACE',''
  ) );
#15187 = ORIENTED_EDGE('',*,*,#258,.T.);
#15188 = ORIENTED_EDGE('',*,*,#12557,.F.);
#15189 = ADVANCED_FACE('',(#15190),#443,.F.);
#15190 = FACE_BOUND('',#15191,.F.);
#15191 = EDGE_LOOP('',(#15192,#15193,#15212,#15213));
#15192 = ORIENTED_EDGE('',*,*,#7166,.F.);
#15193 = ORIENTED_EDGE('',*,*,#15194,.T.);
#15194 = EDGE_CURVE('',#7144,#402,#15195,.T.);
#15195 = SURFACE_CURVE('',#15196,(#15200,#15206),.PCURVE_S1.);
#15196 = LINE('',#15197,#15198);
#15197 = CARTESIAN_POINT('',(17.4,-17.1,0.6));
#15198 = VECTOR('',#15199,1.);
#15199 = DIRECTION('',(0.,1.,0.));
#15200 = PCURVE('',#443,#15201);
#15201 = DEFINITIONAL_REPRESENTATION('',(#15202),#15205);
#15202 = B_SPLINE_CURVE_WITH_KNOTS('',1,(#15203,#15204),.UNSPECIFIED.,
  .F.,.F.,(2,2),(0.,2.4),.PIECEWISE_BEZIER_KNOTS.);
#15203 = CARTESIAN_POINT('',(90.6,0.));
#15204 = CARTESIAN_POINT('',(90.6,-2.4));
#15205 = ( GEOMETRIC_REPRESENTATION_CONTEXT(2) 
PARAMETRIC_REPRESENTATION_CONTEXT() REPRESENTATION_CONTEXT('2D SPACE',''
  ) );
#15206 = PCURVE('',#417,#15207);
#15207 = DEFINITIONAL_REPRESENTATION('',(#15208),#15211);
#15208 = B_SPLINE_CURVE_WITH_KNOTS('',1,(#15209,#15210),.UNSPECIFIED.,
  .F.,.F.,(2,2),(0.,2.4),.PIECEWISE_BEZIER_KNOTS.);
#15209 = CARTESIAN_POINT('',(112.4,0.));
#15210 = CARTESIAN_POINT('',(112.4,2.4));
#15211 = ( GEOMETRIC_REPRESENTATION_CONTEXT(2) 
PARAMETRIC_REPRESENTATION_CONTEXT() REPRESENTATION_CONTEXT('2D SPACE',''
  ) );
#15212 = ORIENTED_EDGE('',*,*,#429,.T.);
#15213 = ORIENTED_EDGE('',*,*,#12620,.F.);
#15214 = ADVANCED_FACE('',(#15215),#389,.T.);
#15215 = FACE_BOUND('',#15216,.T.);
#15216 = EDGE_LOOP('',(#15217,#15218,#15237,#15238));
#15217 = ORIENTED_EDGE('',*,*,#7120,.F.);
#15218 = ORIENTED_EDGE('',*,*,#15219,.T.);
#15219 = EDGE_CURVE('',#7121,#374,#15220,.T.);
#15220 = SURFACE_CURVE('',#15221,(#15225,#15231),.PCURVE_S1.);
#15221 = LINE('',#15222,#15223);
#15222 = CARTESIAN_POINT('',(12.6,-17.1,0.6));
#15223 = VECTOR('',#15224,1.);
#15224 = DIRECTION('',(0.,1.,0.));
#15225 = PCURVE('',#389,#15226);
#15226 = DEFINITIONAL_REPRESENTATION('',(#15227),#15230);
#15227 = B_SPLINE_CURVE_WITH_KNOTS('',1,(#15228,#15229),.UNSPECIFIED.,
  .F.,.F.,(2,2),(0.,2.4),.PIECEWISE_BEZIER_KNOTS.);
#15228 = CARTESIAN_POINT('',(90.6,0.));
#15229 = CARTESIAN_POINT('',(90.6,-2.4));
#15230 = ( GEOMETRIC_REPRESENTATION_CONTEXT(2) 
PARAMETRIC_REPRESENTATION_CONTEXT() REPRESENTATION_CONTEXT('2D SPACE',''
  ) );
#15231 = PCURVE('',#417,#15232);
#15232 = DEFINITIONAL_REPRESENTATION('',(#15233),#15236);
#15233 = B_SPLINE_CURVE_WITH_KNOTS('',1,(#15234,#15235),.UNSPECIFIED.,
  .F.,.F.,(2,2),(0.,2.4),.PIECEWISE_BEZIER_KNOTS.);
#15234 = CARTESIAN_POINT('',(107.6,0.));
#15235 = CARTESIAN_POINT('',(107.6,2.4));
#15236 = ( GEOMETRIC_REPRESENTATION_CONTEXT(2) 
PARAMETRIC_REPRESENTATION_CONTEXT() REPRESENTATION_CONTEXT('2D SPACE',''
  ) );
#15237 = ORIENTED_EDGE('',*,*,#373,.T.);
#15238 = ORIENTED_EDGE('',*,*,#12600,.F.);
#15239 = ADVANCED_FACE('',(#15240),#558,.F.);
#15240 = FACE_BOUND('',#15241,.F.);
#15241 = EDGE_LOOP('',(#15242,#15243,#15262,#15263));
#15242 = ORIENTED_EDGE('',*,*,#7261,.F.);
#15243 = ORIENTED_EDGE('',*,*,#15244,.T.);
#15244 = EDGE_CURVE('',#7239,#517,#15245,.T.);
#15245 = SURFACE_CURVE('',#15246,(#15250,#15256),.PCURVE_S1.);
#15246 = LINE('',#15247,#15248);
#15247 = CARTESIAN_POINT('',(23.4,-17.1,0.6));
#15248 = VECTOR('',#15249,1.);
#15249 = DIRECTION('',(0.,1.,0.));
#15250 = PCURVE('',#558,#15251);
#15251 = DEFINITIONAL_REPRESENTATION('',(#15252),#15255);
#15252 = B_SPLINE_CURVE_WITH_KNOTS('',1,(#15253,#15254),.UNSPECIFIED.,
  .F.,.F.,(2,2),(0.,2.4),.PIECEWISE_BEZIER_KNOTS.);
#15253 = CARTESIAN_POINT('',(90.6,0.));
#15254 = CARTESIAN_POINT('',(90.6,-2.4));
#15255 = ( GEOMETRIC_REPRESENTATION_CONTEXT(2) 
PARAMETRIC_REPRESENTATION_CONTEXT() REPRESENTATION_CONTEXT('2D SPACE',''
  ) );
#15256 = PCURVE('',#532,#15257);
#15257 = DEFINITIONAL_REPRESENTATION('',(#15258),#15261);
#15258 = B_SPLINE_CURVE_WITH_KNOTS('',1,(#15259,#15260),.UNSPECIFIED.,
  .F.,.F.,(2,2),(0.,2.4),.PIECEWISE_BEZIER_KNOTS.);
#15259 = CARTESIAN_POINT('',(118.4,0.));
#15260 = CARTESIAN_POINT('',(118.4,2.4));
#15261 = ( GEOMETRIC_REPRESENTATION_CONTEXT(2) 
PARAMETRIC_REPRESENTATION_CONTEXT() REPRESENTATION_CONTEXT('2D SPACE',''
  ) );
#15262 = ORIENTED_EDGE('',*,*,#544,.T.);
#15263 = ORIENTED_EDGE('',*,*,#12663,.F.);
#15264 = ADVANCED_FACE('',(#15265),#504,.T.);
#15265 = FACE_BOUND('',#15266,.T.);
#15266 = EDGE_LOOP('',(#15267,#15268,#15287,#15288));
#15267 = ORIENTED_EDGE('',*,*,#7215,.F.);
#15268 = ORIENTED_EDGE('',*,*,#15269,.T.);
#15269 = EDGE_CURVE('',#7216,#489,#15270,.T.);
#15270 = SURFACE_CURVE('',#15271,(#15275,#15281),.PCURVE_S1.);
#15271 = LINE('',#15272,#15273);
#15272 = CARTESIAN_POINT('',(18.6,-17.1,0.6));
#15273 = VECTOR('',#15274,1.);
#15274 = DIRECTION('',(0.,1.,0.));
#15275 = PCURVE('',#504,#15276);
#15276 = DEFINITIONAL_REPRESENTATION('',(#15277),#15280);
#15277 = B_SPLINE_CURVE_WITH_KNOTS('',1,(#15278,#15279),.UNSPECIFIED.,
  .F.,.F.,(2,2),(0.,2.4),.PIECEWISE_BEZIER_KNOTS.);
#15278 = CARTESIAN_POINT('',(90.6,0.));
#15279 = CARTESIAN_POINT('',(90.6,-2.4));
#15280 = ( GEOMETRIC_REPRESENTATION_CONTEXT(2) 
PARAMETRIC_REPRESENTATION_CONTEXT() REPRESENTATION_CONTEXT('2D SPACE',''
  ) );
#15281 = PCURVE('',#532,#15282);
#15282 = DEFINITIONAL_REPRESENTATION('',(#15283),#15286);
#15283 = B_SPLINE_CURVE_WITH_KNOTS('',1,(#15284,#15285),.UNSPECIFIED.,
  .F.,.F.,(2,2),(0.,2.4),.PIECEWISE_BEZIER_KNOTS.);
#15284 = CARTESIAN_POINT('',(113.6,0.));
#15285 = CARTESIAN_POINT('',(113.6,2.4));
#15286 = ( GEOMETRIC_REPRESENTATION_CONTEXT(2) 
PARAMETRIC_REPRESENTATION_CONTEXT() REPRESENTATION_CONTEXT('2D SPACE',''
  ) );
#15287 = ORIENTED_EDGE('',*,*,#488,.T.);
#15288 = ORIENTED_EDGE('',*,*,#12643,.F.);
#15289 = ADVANCED_FACE('',(#15290),#673,.F.);
#15290 = FACE_BOUND('',#15291,.F.);
#15291 = EDGE_LOOP('',(#15292,#15293,#15312,#15313));
#15292 = ORIENTED_EDGE('',*,*,#7356,.F.);
#15293 = ORIENTED_EDGE('',*,*,#15294,.T.);
#15294 = EDGE_CURVE('',#7334,#632,#15295,.T.);
#15295 = SURFACE_CURVE('',#15296,(#15300,#15306),.PCURVE_S1.);
#15296 = LINE('',#15297,#15298);
#15297 = CARTESIAN_POINT('',(29.4,-17.1,0.6));
#15298 = VECTOR('',#15299,1.);
#15299 = DIRECTION('',(0.,1.,0.));
#15300 = PCURVE('',#673,#15301);
#15301 = DEFINITIONAL_REPRESENTATION('',(#15302),#15305);
#15302 = B_SPLINE_CURVE_WITH_KNOTS('',1,(#15303,#15304),.UNSPECIFIED.,
  .F.,.F.,(2,2),(0.,2.4),.PIECEWISE_BEZIER_KNOTS.);
#15303 = CARTESIAN_POINT('',(90.6,0.));
#15304 = CARTESIAN_POINT('',(90.6,-2.4));
#15305 = ( GEOMETRIC_REPRESENTATION_CONTEXT(2) 
PARAMETRIC_REPRESENTATION_CONTEXT() REPRESENTATION_CONTEXT('2D SPACE',''
  ) );
#15306 = PCURVE('',#647,#15307);
#15307 = DEFINITIONAL_REPRESENTATION('',(#15308),#15311);
#15308 = B_SPLINE_CURVE_WITH_KNOTS('',1,(#15309,#15310),.UNSPECIFIED.,
  .F.,.F.,(2,2),(0.,2.4),.PIECEWISE_BEZIER_KNOTS.);
#15309 = CARTESIAN_POINT('',(124.4,0.));
#15310 = CARTESIAN_POINT('',(124.4,2.4));
#15311 = ( GEOMETRIC_REPRESENTATION_CONTEXT(2) 
PARAMETRIC_REPRESENTATION_CONTEXT() REPRESENTATION_CONTEXT('2D SPACE',''
  ) );
#15312 = ORIENTED_EDGE('',*,*,#659,.T.);
#15313 = ORIENTED_EDGE('',*,*,#12706,.F.);
#15314 = ADVANCED_FACE('',(#15315),#619,.T.);
#15315 = FACE_BOUND('',#15316,.T.);
#15316 = EDGE_LOOP('',(#15317,#15318,#15337,#15338));
#15317 = ORIENTED_EDGE('',*,*,#7310,.F.);
#15318 = ORIENTED_EDGE('',*,*,#15319,.T.);
#15319 = EDGE_CURVE('',#7311,#604,#15320,.T.);
#15320 = SURFACE_CURVE('',#15321,(#15325,#15331),.PCURVE_S1.);
#15321 = LINE('',#15322,#15323);
#15322 = CARTESIAN_POINT('',(24.6,-17.1,0.6));
#15323 = VECTOR('',#15324,1.);
#15324 = DIRECTION('',(0.,1.,0.));
#15325 = PCURVE('',#619,#15326);
#15326 = DEFINITIONAL_REPRESENTATION('',(#15327),#15330);
#15327 = B_SPLINE_CURVE_WITH_KNOTS('',1,(#15328,#15329),.UNSPECIFIED.,
  .F.,.F.,(2,2),(0.,2.4),.PIECEWISE_BEZIER_KNOTS.);
#15328 = CARTESIAN_POINT('',(90.6,0.));
#15329 = CARTESIAN_POINT('',(90.6,-2.4));
#15330 = ( GEOMETRIC_REPRESENTATION_CONTEXT(2) 
PARAMETRIC_REPRESENTATION_CONTEXT() REPRESENTATION_CONTEXT('2D SPACE',''
  ) );
#15331 = PCURVE('',#647,#15332);
#15332 = DEFINITIONAL_REPRESENTATION('',(#15333),#15336);
#15333 = B_SPLINE_CURVE_WITH_KNOTS('',1,(#15334,#15335),.UNSPECIFIED.,
  .F.,.F.,(2,2),(0.,2.4),.PIECEWISE_BEZIER_KNOTS.);
#15334 = CARTESIAN_POINT('',(119.6,0.));
#15335 = CARTESIAN_POINT('',(119.6,2.4));
#15336 = ( GEOMETRIC_REPRESENTATION_CONTEXT(2) 
PARAMETRIC_REPRESENTATION_CONTEXT() REPRESENTATION_CONTEXT('2D SPACE',''
  ) );
#15337 = ORIENTED_EDGE('',*,*,#603,.T.);
#15338 = ORIENTED_EDGE('',*,*,#12686,.F.);
#15339 = ADVANCED_FACE('',(#15340),#788,.F.);
#15340 = FACE_BOUND('',#15341,.F.);
#15341 = EDGE_LOOP('',(#15342,#15343,#15362,#15363));
#15342 = ORIENTED_EDGE('',*,*,#7451,.F.);
#15343 = ORIENTED_EDGE('',*,*,#15344,.T.);
#15344 = EDGE_CURVE('',#7429,#747,#15345,.T.);
#15345 = SURFACE_CURVE('',#15346,(#15350,#15356),.PCURVE_S1.);
#15346 = LINE('',#15347,#15348);
#15347 = CARTESIAN_POINT('',(35.4,-17.1,0.6));
#15348 = VECTOR('',#15349,1.);
#15349 = DIRECTION('',(0.,1.,0.));
#15350 = PCURVE('',#788,#15351);
#15351 = DEFINITIONAL_REPRESENTATION('',(#15352),#15355);
#15352 = B_SPLINE_CURVE_WITH_KNOTS('',1,(#15353,#15354),.UNSPECIFIED.,
  .F.,.F.,(2,2),(0.,2.4),.PIECEWISE_BEZIER_KNOTS.);
#15353 = CARTESIAN_POINT('',(90.6,0.));
#15354 = CARTESIAN_POINT('',(90.6,-2.4));
#15355 = ( GEOMETRIC_REPRESENTATION_CONTEXT(2) 
PARAMETRIC_REPRESENTATION_CONTEXT() REPRESENTATION_CONTEXT('2D SPACE',''
  ) );
#15356 = PCURVE('',#762,#15357);
#15357 = DEFINITIONAL_REPRESENTATION('',(#15358),#15361);
#15358 = B_SPLINE_CURVE_WITH_KNOTS('',1,(#15359,#15360),.UNSPECIFIED.,
  .F.,.F.,(2,2),(0.,2.4),.PIECEWISE_BEZIER_KNOTS.);
#15359 = CARTESIAN_POINT('',(130.4,0.));
#15360 = CARTESIAN_POINT('',(130.4,2.4));
#15361 = ( GEOMETRIC_REPRESENTATION_CONTEXT(2) 
PARAMETRIC_REPRESENTATION_CONTEXT() REPRESENTATION_CONTEXT('2D SPACE',''
  ) );
#15362 = ORIENTED_EDGE('',*,*,#774,.T.);
#15363 = ORIENTED_EDGE('',*,*,#12749,.F.);
#15364 = ADVANCED_FACE('',(#15365),#734,.T.);
#15365 = FACE_BOUND('',#15366,.T.);
#15366 = EDGE_LOOP('',(#15367,#15368,#15387,#15388));
#15367 = ORIENTED_EDGE('',*,*,#7405,.F.);
#15368 = ORIENTED_EDGE('',*,*,#15369,.T.);
#15369 = EDGE_CURVE('',#7406,#719,#15370,.T.);
#15370 = SURFACE_CURVE('',#15371,(#15375,#15381),.PCURVE_S1.);
#15371 = LINE('',#15372,#15373);
#15372 = CARTESIAN_POINT('',(30.6,-17.1,0.6));
#15373 = VECTOR('',#15374,1.);
#15374 = DIRECTION('',(0.,1.,0.));
#15375 = PCURVE('',#734,#15376);
#15376 = DEFINITIONAL_REPRESENTATION('',(#15377),#15380);
#15377 = B_SPLINE_CURVE_WITH_KNOTS('',1,(#15378,#15379),.UNSPECIFIED.,
  .F.,.F.,(2,2),(0.,2.4),.PIECEWISE_BEZIER_KNOTS.);
#15378 = CARTESIAN_POINT('',(90.6,0.));
#15379 = CARTESIAN_POINT('',(90.6,-2.4));
#15380 = ( GEOMETRIC_REPRESENTATION_CONTEXT(2) 
PARAMETRIC_REPRESENTATION_CONTEXT() REPRESENTATION_CONTEXT('2D SPACE',''
  ) );
#15381 = PCURVE('',#762,#15382);
#15382 = DEFINITIONAL_REPRESENTATION('',(#15383),#15386);
#15383 = B_SPLINE_CURVE_WITH_KNOTS('',1,(#15384,#15385),.UNSPECIFIED.,
  .F.,.F.,(2,2),(0.,2.4),.PIECEWISE_BEZIER_KNOTS.);
#15384 = CARTESIAN_POINT('',(125.6,0.));
#15385 = CARTESIAN_POINT('',(125.6,2.4));
#15386 = ( GEOMETRIC_REPRESENTATION_CONTEXT(2) 
PARAMETRIC_REPRESENTATION_CONTEXT() REPRESENTATION_CONTEXT('2D SPACE',''
  ) );
#15387 = ORIENTED_EDGE('',*,*,#718,.T.);
#15388 = ORIENTED_EDGE('',*,*,#12729,.F.);
#15389 = ADVANCED_FACE('',(#15390),#903,.F.);
#15390 = FACE_BOUND('',#15391,.F.);
#15391 = EDGE_LOOP('',(#15392,#15393,#15412,#15413));
#15392 = ORIENTED_EDGE('',*,*,#7546,.F.);
#15393 = ORIENTED_EDGE('',*,*,#15394,.T.);
#15394 = EDGE_CURVE('',#7524,#862,#15395,.T.);
#15395 = SURFACE_CURVE('',#15396,(#15400,#15406),.PCURVE_S1.);
#15396 = LINE('',#15397,#15398);
#15397 = CARTESIAN_POINT('',(41.4,-17.1,0.6));
#15398 = VECTOR('',#15399,1.);
#15399 = DIRECTION('',(0.,1.,0.));
#15400 = PCURVE('',#903,#15401);
#15401 = DEFINITIONAL_REPRESENTATION('',(#15402),#15405);
#15402 = B_SPLINE_CURVE_WITH_KNOTS('',1,(#15403,#15404),.UNSPECIFIED.,
  .F.,.F.,(2,2),(0.,2.4),.PIECEWISE_BEZIER_KNOTS.);
#15403 = CARTESIAN_POINT('',(90.6,0.));
#15404 = CARTESIAN_POINT('',(90.6,-2.4));
#15405 = ( GEOMETRIC_REPRESENTATION_CONTEXT(2) 
PARAMETRIC_REPRESENTATION_CONTEXT() REPRESENTATION_CONTEXT('2D SPACE',''
  ) );
#15406 = PCURVE('',#877,#15407);
#15407 = DEFINITIONAL_REPRESENTATION('',(#15408),#15411);
#15408 = B_SPLINE_CURVE_WITH_KNOTS('',1,(#15409,#15410),.UNSPECIFIED.,
  .F.,.F.,(2,2),(0.,2.4),.PIECEWISE_BEZIER_KNOTS.);
#15409 = CARTESIAN_POINT('',(136.4,0.));
#15410 = CARTESIAN_POINT('',(136.4,2.4));
#15411 = ( GEOMETRIC_REPRESENTATION_CONTEXT(2) 
PARAMETRIC_REPRESENTATION_CONTEXT() REPRESENTATION_CONTEXT('2D SPACE',''
  ) );
#15412 = ORIENTED_EDGE('',*,*,#889,.T.);
#15413 = ORIENTED_EDGE('',*,*,#12792,.F.);
#15414 = ADVANCED_FACE('',(#15415),#849,.T.);
#15415 = FACE_BOUND('',#15416,.T.);
#15416 = EDGE_LOOP('',(#15417,#15418,#15437,#15438));
#15417 = ORIENTED_EDGE('',*,*,#7500,.F.);
#15418 = ORIENTED_EDGE('',*,*,#15419,.T.);
#15419 = EDGE_CURVE('',#7501,#834,#15420,.T.);
#15420 = SURFACE_CURVE('',#15421,(#15425,#15431),.PCURVE_S1.);
#15421 = LINE('',#15422,#15423);
#15422 = CARTESIAN_POINT('',(36.6,-17.1,0.6));
#15423 = VECTOR('',#15424,1.);
#15424 = DIRECTION('',(0.,1.,0.));
#15425 = PCURVE('',#849,#15426);
#15426 = DEFINITIONAL_REPRESENTATION('',(#15427),#15430);
#15427 = B_SPLINE_CURVE_WITH_KNOTS('',1,(#15428,#15429),.UNSPECIFIED.,
  .F.,.F.,(2,2),(0.,2.4),.PIECEWISE_BEZIER_KNOTS.);
#15428 = CARTESIAN_POINT('',(90.6,0.));
#15429 = CARTESIAN_POINT('',(90.6,-2.4));
#15430 = ( GEOMETRIC_REPRESENTATION_CONTEXT(2) 
PARAMETRIC_REPRESENTATION_CONTEXT() REPRESENTATION_CONTEXT('2D SPACE',''
  ) );
#15431 = PCURVE('',#877,#15432);
#15432 = DEFINITIONAL_REPRESENTATION('',(#15433),#15436);
#15433 = B_SPLINE_CURVE_WITH_KNOTS('',1,(#15434,#15435),.UNSPECIFIED.,
  .F.,.F.,(2,2),(0.,2.4),.PIECEWISE_BEZIER_KNOTS.);
#15434 = CARTESIAN_POINT('',(131.6,0.));
#15435 = CARTESIAN_POINT('',(131.6,2.4));
#15436 = ( GEOMETRIC_REPRESENTATION_CONTEXT(2) 
PARAMETRIC_REPRESENTATION_CONTEXT() REPRESENTATION_CONTEXT('2D SPACE',''
  ) );
#15437 = ORIENTED_EDGE('',*,*,#833,.T.);
#15438 = ORIENTED_EDGE('',*,*,#12772,.F.);
#15439 = ADVANCED_FACE('',(#15440),#1018,.F.);
#15440 = FACE_BOUND('',#15441,.F.);
#15441 = EDGE_LOOP('',(#15442,#15443,#15462,#15463));
#15442 = ORIENTED_EDGE('',*,*,#7641,.F.);
#15443 = ORIENTED_EDGE('',*,*,#15444,.T.);
#15444 = EDGE_CURVE('',#7619,#977,#15445,.T.);
#15445 = SURFACE_CURVE('',#15446,(#15450,#15456),.PCURVE_S1.);
#15446 = LINE('',#15447,#15448);
#15447 = CARTESIAN_POINT('',(47.4,-17.1,0.6));
#15448 = VECTOR('',#15449,1.);
#15449 = DIRECTION('',(0.,1.,0.));
#15450 = PCURVE('',#1018,#15451);
#15451 = DEFINITIONAL_REPRESENTATION('',(#15452),#15455);
#15452 = B_SPLINE_CURVE_WITH_KNOTS('',1,(#15453,#15454),.UNSPECIFIED.,
  .F.,.F.,(2,2),(0.,2.4),.PIECEWISE_BEZIER_KNOTS.);
#15453 = CARTESIAN_POINT('',(90.6,0.));
#15454 = CARTESIAN_POINT('',(90.6,-2.4));
#15455 = ( GEOMETRIC_REPRESENTATION_CONTEXT(2) 
PARAMETRIC_REPRESENTATION_CONTEXT() REPRESENTATION_CONTEXT('2D SPACE',''
  ) );
#15456 = PCURVE('',#992,#15457);
#15457 = DEFINITIONAL_REPRESENTATION('',(#15458),#15461);
#15458 = B_SPLINE_CURVE_WITH_KNOTS('',1,(#15459,#15460),.UNSPECIFIED.,
  .F.,.F.,(2,2),(0.,2.4),.PIECEWISE_BEZIER_KNOTS.);
#15459 = CARTESIAN_POINT('',(142.4,0.));
#15460 = CARTESIAN_POINT('',(142.4,2.4));
#15461 = ( GEOMETRIC_REPRESENTATION_CONTEXT(2) 
PARAMETRIC_REPRESENTATION_CONTEXT() REPRESENTATION_CONTEXT('2D SPACE',''
  ) );
#15462 = ORIENTED_EDGE('',*,*,#1004,.T.);
#15463 = ORIENTED_EDGE('',*,*,#12835,.F.);
#15464 = ADVANCED_FACE('',(#15465),#964,.T.);
#15465 = FACE_BOUND('',#15466,.T.);
#15466 = EDGE_LOOP('',(#15467,#15468,#15487,#15488));
#15467 = ORIENTED_EDGE('',*,*,#7595,.F.);
#15468 = ORIENTED_EDGE('',*,*,#15469,.T.);
#15469 = EDGE_CURVE('',#7596,#949,#15470,.T.);
#15470 = SURFACE_CURVE('',#15471,(#15475,#15481),.PCURVE_S1.);
#15471 = LINE('',#15472,#15473);
#15472 = CARTESIAN_POINT('',(42.6,-17.1,0.6));
#15473 = VECTOR('',#15474,1.);
#15474 = DIRECTION('',(0.,1.,0.));
#15475 = PCURVE('',#964,#15476);
#15476 = DEFINITIONAL_REPRESENTATION('',(#15477),#15480);
#15477 = B_SPLINE_CURVE_WITH_KNOTS('',1,(#15478,#15479),.UNSPECIFIED.,
  .F.,.F.,(2,2),(0.,2.4),.PIECEWISE_BEZIER_KNOTS.);
#15478 = CARTESIAN_POINT('',(90.6,0.));
#15479 = CARTESIAN_POINT('',(90.6,-2.4));
#15480 = ( GEOMETRIC_REPRESENTATION_CONTEXT(2) 
PARAMETRIC_REPRESENTATION_CONTEXT() REPRESENTATION_CONTEXT('2D SPACE',''
  ) );
#15481 = PCURVE('',#992,#15482);
#15482 = DEFINITIONAL_REPRESENTATION('',(#15483),#15486);
#15483 = B_SPLINE_CURVE_WITH_KNOTS('',1,(#15484,#15485),.UNSPECIFIED.,
  .F.,.F.,(2,2),(0.,2.4),.PIECEWISE_BEZIER_KNOTS.);
#15484 = CARTESIAN_POINT('',(137.6,0.));
#15485 = CARTESIAN_POINT('',(137.6,2.4));
#15486 = ( GEOMETRIC_REPRESENTATION_CONTEXT(2) 
PARAMETRIC_REPRESENTATION_CONTEXT() REPRESENTATION_CONTEXT('2D SPACE',''
  ) );
#15487 = ORIENTED_EDGE('',*,*,#948,.T.);
#15488 = ORIENTED_EDGE('',*,*,#12815,.F.);
#15489 = ADVANCED_FACE('',(#15490),#1133,.F.);
#15490 = FACE_BOUND('',#15491,.F.);
#15491 = EDGE_LOOP('',(#15492,#15493,#15512,#15513));
#15492 = ORIENTED_EDGE('',*,*,#7736,.F.);
#15493 = ORIENTED_EDGE('',*,*,#15494,.T.);
#15494 = EDGE_CURVE('',#7714,#1092,#15495,.T.);
#15495 = SURFACE_CURVE('',#15496,(#15500,#15506),.PCURVE_S1.);
#15496 = LINE('',#15497,#15498);
#15497 = CARTESIAN_POINT('',(53.4,-17.1,0.6));
#15498 = VECTOR('',#15499,1.);
#15499 = DIRECTION('',(0.,1.,0.));
#15500 = PCURVE('',#1133,#15501);
#15501 = DEFINITIONAL_REPRESENTATION('',(#15502),#15505);
#15502 = B_SPLINE_CURVE_WITH_KNOTS('',1,(#15503,#15504),.UNSPECIFIED.,
  .F.,.F.,(2,2),(0.,2.4),.PIECEWISE_BEZIER_KNOTS.);
#15503 = CARTESIAN_POINT('',(90.6,0.));
#15504 = CARTESIAN_POINT('',(90.6,-2.4));
#15505 = ( GEOMETRIC_REPRESENTATION_CONTEXT(2) 
PARAMETRIC_REPRESENTATION_CONTEXT() REPRESENTATION_CONTEXT('2D SPACE',''
  ) );
#15506 = PCURVE('',#1107,#15507);
#15507 = DEFINITIONAL_REPRESENTATION('',(#15508),#15511);
#15508 = B_SPLINE_CURVE_WITH_KNOTS('',1,(#15509,#15510),.UNSPECIFIED.,
  .F.,.F.,(2,2),(0.,2.4),.PIECEWISE_BEZIER_KNOTS.);
#15509 = CARTESIAN_POINT('',(148.4,0.));
#15510 = CARTESIAN_POINT('',(148.4,2.4));
#15511 = ( GEOMETRIC_REPRESENTATION_CONTEXT(2) 
PARAMETRIC_REPRESENTATION_CONTEXT() REPRESENTATION_CONTEXT('2D SPACE',''
  ) );
#15512 = ORIENTED_EDGE('',*,*,#1119,.T.);
#15513 = ORIENTED_EDGE('',*,*,#12878,.F.);
#15514 = ADVANCED_FACE('',(#15515),#1079,.T.);
#15515 = FACE_BOUND('',#15516,.T.);
#15516 = EDGE_LOOP('',(#15517,#15518,#15537,#15538));
#15517 = ORIENTED_EDGE('',*,*,#7690,.F.);
#15518 = ORIENTED_EDGE('',*,*,#15519,.T.);
#15519 = EDGE_CURVE('',#7691,#1064,#15520,.T.);
#15520 = SURFACE_CURVE('',#15521,(#15525,#15531),.PCURVE_S1.);
#15521 = LINE('',#15522,#15523);
#15522 = CARTESIAN_POINT('',(48.6,-17.1,0.6));
#15523 = VECTOR('',#15524,1.);
#15524 = DIRECTION('',(0.,1.,0.));
#15525 = PCURVE('',#1079,#15526);
#15526 = DEFINITIONAL_REPRESENTATION('',(#15527),#15530);
#15527 = B_SPLINE_CURVE_WITH_KNOTS('',1,(#15528,#15529),.UNSPECIFIED.,
  .F.,.F.,(2,2),(0.,2.4),.PIECEWISE_BEZIER_KNOTS.);
#15528 = CARTESIAN_POINT('',(90.6,0.));
#15529 = CARTESIAN_POINT('',(90.6,-2.4));
#15530 = ( GEOMETRIC_REPRESENTATION_CONTEXT(2) 
PARAMETRIC_REPRESENTATION_CONTEXT() REPRESENTATION_CONTEXT('2D SPACE',''
  ) );
#15531 = PCURVE('',#1107,#15532);
#15532 = DEFINITIONAL_REPRESENTATION('',(#15533),#15536);
#15533 = B_SPLINE_CURVE_WITH_KNOTS('',1,(#15534,#15535),.UNSPECIFIED.,
  .F.,.F.,(2,2),(0.,2.4),.PIECEWISE_BEZIER_KNOTS.);
#15534 = CARTESIAN_POINT('',(143.6,0.));
#15535 = CARTESIAN_POINT('',(143.6,2.4));
#15536 = ( GEOMETRIC_REPRESENTATION_CONTEXT(2) 
PARAMETRIC_REPRESENTATION_CONTEXT() REPRESENTATION_CONTEXT('2D SPACE',''
  ) );
#15537 = ORIENTED_EDGE('',*,*,#1063,.T.);
#15538 = ORIENTED_EDGE('',*,*,#12858,.F.);
#15539 = ADVANCED_FACE('',(#15540),#1248,.F.);
#15540 = FACE_BOUND('',#15541,.F.);
#15541 = EDGE_LOOP('',(#15542,#15543,#15562,#15563));
#15542 = ORIENTED_EDGE('',*,*,#7831,.F.);
#15543 = ORIENTED_EDGE('',*,*,#15544,.T.);
#15544 = EDGE_CURVE('',#7809,#1207,#15545,.T.);
#15545 = SURFACE_CURVE('',#15546,(#15550,#15556),.PCURVE_S1.);
#15546 = LINE('',#15547,#15548);
#15547 = CARTESIAN_POINT('',(59.4,-17.1,0.6));
#15548 = VECTOR('',#15549,1.);
#15549 = DIRECTION('',(0.,1.,0.));
#15550 = PCURVE('',#1248,#15551);
#15551 = DEFINITIONAL_REPRESENTATION('',(#15552),#15555);
#15552 = B_SPLINE_CURVE_WITH_KNOTS('',1,(#15553,#15554),.UNSPECIFIED.,
  .F.,.F.,(2,2),(0.,2.4),.PIECEWISE_BEZIER_KNOTS.);
#15553 = CARTESIAN_POINT('',(90.6,0.));
#15554 = CARTESIAN_POINT('',(90.6,-2.4));
#15555 = ( GEOMETRIC_REPRESENTATION_CONTEXT(2) 
PARAMETRIC_REPRESENTATION_CONTEXT() REPRESENTATION_CONTEXT('2D SPACE',''
  ) );
#15556 = PCURVE('',#1222,#15557);
#15557 = DEFINITIONAL_REPRESENTATION('',(#15558),#15561);
#15558 = B_SPLINE_CURVE_WITH_KNOTS('',1,(#15559,#15560),.UNSPECIFIED.,
  .F.,.F.,(2,2),(0.,2.4),.PIECEWISE_BEZIER_KNOTS.);
#15559 = CARTESIAN_POINT('',(154.4,0.));
#15560 = CARTESIAN_POINT('',(154.4,2.4));
#15561 = ( GEOMETRIC_REPRESENTATION_CONTEXT(2) 
PARAMETRIC_REPRESENTATION_CONTEXT() REPRESENTATION_CONTEXT('2D SPACE',''
  ) );
#15562 = ORIENTED_EDGE('',*,*,#1234,.T.);
#15563 = ORIENTED_EDGE('',*,*,#12921,.F.);
#15564 = ADVANCED_FACE('',(#15565),#1194,.T.);
#15565 = FACE_BOUND('',#15566,.T.);
#15566 = EDGE_LOOP('',(#15567,#15568,#15587,#15588));
#15567 = ORIENTED_EDGE('',*,*,#7785,.F.);
#15568 = ORIENTED_EDGE('',*,*,#15569,.T.);
#15569 = EDGE_CURVE('',#7786,#1179,#15570,.T.);
#15570 = SURFACE_CURVE('',#15571,(#15575,#15581),.PCURVE_S1.);
#15571 = LINE('',#15572,#15573);
#15572 = CARTESIAN_POINT('',(54.6,-17.1,0.6));
#15573 = VECTOR('',#15574,1.);
#15574 = DIRECTION('',(0.,1.,0.));
#15575 = PCURVE('',#1194,#15576);
#15576 = DEFINITIONAL_REPRESENTATION('',(#15577),#15580);
#15577 = B_SPLINE_CURVE_WITH_KNOTS('',1,(#15578,#15579),.UNSPECIFIED.,
  .F.,.F.,(2,2),(0.,2.4),.PIECEWISE_BEZIER_KNOTS.);
#15578 = CARTESIAN_POINT('',(90.6,0.));
#15579 = CARTESIAN_POINT('',(90.6,-2.4));
#15580 = ( GEOMETRIC_REPRESENTATION_CONTEXT(2) 
PARAMETRIC_REPRESENTATION_CONTEXT() REPRESENTATION_CONTEXT('2D SPACE',''
  ) );
#15581 = PCURVE('',#1222,#15582);
#15582 = DEFINITIONAL_REPRESENTATION('',(#15583),#15586);
#15583 = B_SPLINE_CURVE_WITH_KNOTS('',1,(#15584,#15585),.UNSPECIFIED.,
  .F.,.F.,(2,2),(0.,2.4),.PIECEWISE_BEZIER_KNOTS.);
#15584 = CARTESIAN_POINT('',(149.6,0.));
#15585 = CARTESIAN_POINT('',(149.6,2.4));
#15586 = ( GEOMETRIC_REPRESENTATION_CONTEXT(2) 
PARAMETRIC_REPRESENTATION_CONTEXT() REPRESENTATION_CONTEXT('2D SPACE',''
  ) );
#15587 = ORIENTED_EDGE('',*,*,#1178,.T.);
#15588 = ORIENTED_EDGE('',*,*,#12901,.F.);
#15589 = ADVANCED_FACE('',(#15590),#1363,.F.);
#15590 = FACE_BOUND('',#15591,.F.);
#15591 = EDGE_LOOP('',(#15592,#15593,#15612,#15613));
#15592 = ORIENTED_EDGE('',*,*,#7926,.F.);
#15593 = ORIENTED_EDGE('',*,*,#15594,.T.);
#15594 = EDGE_CURVE('',#7904,#1322,#15595,.T.);
#15595 = SURFACE_CURVE('',#15596,(#15600,#15606),.PCURVE_S1.);
#15596 = LINE('',#15597,#15598);
#15597 = CARTESIAN_POINT('',(65.4,-17.1,0.6));
#15598 = VECTOR('',#15599,1.);
#15599 = DIRECTION('',(0.,1.,0.));
#15600 = PCURVE('',#1363,#15601);
#15601 = DEFINITIONAL_REPRESENTATION('',(#15602),#15605);
#15602 = B_SPLINE_CURVE_WITH_KNOTS('',1,(#15603,#15604),.UNSPECIFIED.,
  .F.,.F.,(2,2),(0.,2.4),.PIECEWISE_BEZIER_KNOTS.);
#15603 = CARTESIAN_POINT('',(90.6,0.));
#15604 = CARTESIAN_POINT('',(90.6,-2.4));
#15605 = ( GEOMETRIC_REPRESENTATION_CONTEXT(2) 
PARAMETRIC_REPRESENTATION_CONTEXT() REPRESENTATION_CONTEXT('2D SPACE',''
  ) );
#15606 = PCURVE('',#1337,#15607);
#15607 = DEFINITIONAL_REPRESENTATION('',(#15608),#15611);
#15608 = B_SPLINE_CURVE_WITH_KNOTS('',1,(#15609,#15610),.UNSPECIFIED.,
  .F.,.F.,(2,2),(0.,2.4),.PIECEWISE_BEZIER_KNOTS.);
#15609 = CARTESIAN_POINT('',(160.4,0.));
#15610 = CARTESIAN_POINT('',(160.4,2.4));
#15611 = ( GEOMETRIC_REPRESENTATION_CONTEXT(2) 
PARAMETRIC_REPRESENTATION_CONTEXT() REPRESENTATION_CONTEXT('2D SPACE',''
  ) );
#15612 = ORIENTED_EDGE('',*,*,#1349,.T.);
#15613 = ORIENTED_EDGE('',*,*,#12964,.F.);
#15614 = ADVANCED_FACE('',(#15615),#1309,.T.);
#15615 = FACE_BOUND('',#15616,.T.);
#15616 = EDGE_LOOP('',(#15617,#15618,#15637,#15638));
#15617 = ORIENTED_EDGE('',*,*,#7880,.F.);
#15618 = ORIENTED_EDGE('',*,*,#15619,.T.);
#15619 = EDGE_CURVE('',#7881,#1294,#15620,.T.);
#15620 = SURFACE_CURVE('',#15621,(#15625,#15631),.PCURVE_S1.);
#15621 = LINE('',#15622,#15623);
#15622 = CARTESIAN_POINT('',(60.6,-17.1,0.6));
#15623 = VECTOR('',#15624,1.);
#15624 = DIRECTION('',(0.,1.,0.));
#15625 = PCURVE('',#1309,#15626);
#15626 = DEFINITIONAL_REPRESENTATION('',(#15627),#15630);
#15627 = B_SPLINE_CURVE_WITH_KNOTS('',1,(#15628,#15629),.UNSPECIFIED.,
  .F.,.F.,(2,2),(0.,2.4),.PIECEWISE_BEZIER_KNOTS.);
#15628 = CARTESIAN_POINT('',(90.6,0.));
#15629 = CARTESIAN_POINT('',(90.6,-2.4));
#15630 = ( GEOMETRIC_REPRESENTATION_CONTEXT(2) 
PARAMETRIC_REPRESENTATION_CONTEXT() REPRESENTATION_CONTEXT('2D SPACE',''
  ) );
#15631 = PCURVE('',#1337,#15632);
#15632 = DEFINITIONAL_REPRESENTATION('',(#15633),#15636);
#15633 = B_SPLINE_CURVE_WITH_KNOTS('',1,(#15634,#15635),.UNSPECIFIED.,
  .F.,.F.,(2,2),(0.,2.4),.PIECEWISE_BEZIER_KNOTS.);
#15634 = CARTESIAN_POINT('',(155.6,0.));
#15635 = CARTESIAN_POINT('',(155.6,2.4));
#15636 = ( GEOMETRIC_REPRESENTATION_CONTEXT(2) 
PARAMETRIC_REPRESENTATION_CONTEXT() REPRESENTATION_CONTEXT('2D SPACE',''
  ) );
#15637 = ORIENTED_EDGE('',*,*,#1293,.T.);
#15638 = ORIENTED_EDGE('',*,*,#12944,.F.);
#15639 = ADVANCED_FACE('',(#15640),#1478,.F.);
#15640 = FACE_BOUND('',#15641,.F.);
#15641 = EDGE_LOOP('',(#15642,#15643,#15662,#15663));
#15642 = ORIENTED_EDGE('',*,*,#8021,.F.);
#15643 = ORIENTED_EDGE('',*,*,#15644,.T.);
#15644 = EDGE_CURVE('',#7999,#1437,#15645,.T.);
#15645 = SURFACE_CURVE('',#15646,(#15650,#15656),.PCURVE_S1.);
#15646 = LINE('',#15647,#15648);
#15647 = CARTESIAN_POINT('',(71.4,-17.1,0.6));
#15648 = VECTOR('',#15649,1.);
#15649 = DIRECTION('',(0.,1.,0.));
#15650 = PCURVE('',#1478,#15651);
#15651 = DEFINITIONAL_REPRESENTATION('',(#15652),#15655);
#15652 = B_SPLINE_CURVE_WITH_KNOTS('',1,(#15653,#15654),.UNSPECIFIED.,
  .F.,.F.,(2,2),(0.,2.4),.PIECEWISE_BEZIER_KNOTS.);
#15653 = CARTESIAN_POINT('',(90.6,0.));
#15654 = CARTESIAN_POINT('',(90.6,-2.4));
#15655 = ( GEOMETRIC_REPRESENTATION_CONTEXT(2) 
PARAMETRIC_REPRESENTATION_CONTEXT() REPRESENTATION_CONTEXT('2D SPACE',''
  ) );
#15656 = PCURVE('',#1452,#15657);
#15657 = DEFINITIONAL_REPRESENTATION('',(#15658),#15661);
#15658 = B_SPLINE_CURVE_WITH_KNOTS('',1,(#15659,#15660),.UNSPECIFIED.,
  .F.,.F.,(2,2),(0.,2.4),.PIECEWISE_BEZIER_KNOTS.);
#15659 = CARTESIAN_POINT('',(166.4,0.));
#15660 = CARTESIAN_POINT('',(166.4,2.4));
#15661 = ( GEOMETRIC_REPRESENTATION_CONTEXT(2) 
PARAMETRIC_REPRESENTATION_CONTEXT() REPRESENTATION_CONTEXT('2D SPACE',''
  ) );
#15662 = ORIENTED_EDGE('',*,*,#1464,.T.);
#15663 = ORIENTED_EDGE('',*,*,#13007,.F.);
#15664 = ADVANCED_FACE('',(#15665),#1424,.T.);
#15665 = FACE_BOUND('',#15666,.T.);
#15666 = EDGE_LOOP('',(#15667,#15668,#15687,#15688));
#15667 = ORIENTED_EDGE('',*,*,#7975,.F.);
#15668 = ORIENTED_EDGE('',*,*,#15669,.T.);
#15669 = EDGE_CURVE('',#7976,#1409,#15670,.T.);
#15670 = SURFACE_CURVE('',#15671,(#15675,#15681),.PCURVE_S1.);
#15671 = LINE('',#15672,#15673);
#15672 = CARTESIAN_POINT('',(66.6,-17.1,0.6));
#15673 = VECTOR('',#15674,1.);
#15674 = DIRECTION('',(0.,1.,0.));
#15675 = PCURVE('',#1424,#15676);
#15676 = DEFINITIONAL_REPRESENTATION('',(#15677),#15680);
#15677 = B_SPLINE_CURVE_WITH_KNOTS('',1,(#15678,#15679),.UNSPECIFIED.,
  .F.,.F.,(2,2),(0.,2.4),.PIECEWISE_BEZIER_KNOTS.);
#15678 = CARTESIAN_POINT('',(90.6,0.));
#15679 = CARTESIAN_POINT('',(90.6,-2.4));
#15680 = ( GEOMETRIC_REPRESENTATION_CONTEXT(2) 
PARAMETRIC_REPRESENTATION_CONTEXT() REPRESENTATION_CONTEXT('2D SPACE',''
  ) );
#15681 = PCURVE('',#1452,#15682);
#15682 = DEFINITIONAL_REPRESENTATION('',(#15683),#15686);
#15683 = B_SPLINE_CURVE_WITH_KNOTS('',1,(#15684,#15685),.UNSPECIFIED.,
  .F.,.F.,(2,2),(0.,2.4),.PIECEWISE_BEZIER_KNOTS.);
#15684 = CARTESIAN_POINT('',(161.6,0.));
#15685 = CARTESIAN_POINT('',(161.6,2.4));
#15686 = ( GEOMETRIC_REPRESENTATION_CONTEXT(2) 
PARAMETRIC_REPRESENTATION_CONTEXT() REPRESENTATION_CONTEXT('2D SPACE',''
  ) );
#15687 = ORIENTED_EDGE('',*,*,#1408,.T.);
#15688 = ORIENTED_EDGE('',*,*,#12987,.F.);
#15689 = ADVANCED_FACE('',(#15690),#1593,.F.);
#15690 = FACE_BOUND('',#15691,.F.);
#15691 = EDGE_LOOP('',(#15692,#15693,#15712,#15713));
#15692 = ORIENTED_EDGE('',*,*,#8116,.F.);
#15693 = ORIENTED_EDGE('',*,*,#15694,.T.);
#15694 = EDGE_CURVE('',#8094,#1552,#15695,.T.);
#15695 = SURFACE_CURVE('',#15696,(#15700,#15706),.PCURVE_S1.);
#15696 = LINE('',#15697,#15698);
#15697 = CARTESIAN_POINT('',(77.4,-17.1,0.6));
#15698 = VECTOR('',#15699,1.);
#15699 = DIRECTION('',(0.,1.,0.));
#15700 = PCURVE('',#1593,#15701);
#15701 = DEFINITIONAL_REPRESENTATION('',(#15702),#15705);
#15702 = B_SPLINE_CURVE_WITH_KNOTS('',1,(#15703,#15704),.UNSPECIFIED.,
  .F.,.F.,(2,2),(0.,2.4),.PIECEWISE_BEZIER_KNOTS.);
#15703 = CARTESIAN_POINT('',(90.6,0.));
#15704 = CARTESIAN_POINT('',(90.6,-2.4));
#15705 = ( GEOMETRIC_REPRESENTATION_CONTEXT(2) 
PARAMETRIC_REPRESENTATION_CONTEXT() REPRESENTATION_CONTEXT('2D SPACE',''
  ) );
#15706 = PCURVE('',#1567,#15707);
#15707 = DEFINITIONAL_REPRESENTATION('',(#15708),#15711);
#15708 = B_SPLINE_CURVE_WITH_KNOTS('',1,(#15709,#15710),.UNSPECIFIED.,
  .F.,.F.,(2,2),(0.,2.4),.PIECEWISE_BEZIER_KNOTS.);
#15709 = CARTESIAN_POINT('',(172.4,0.));
#15710 = CARTESIAN_POINT('',(172.4,2.4));
#15711 = ( GEOMETRIC_REPRESENTATION_CONTEXT(2) 
PARAMETRIC_REPRESENTATION_CONTEXT() REPRESENTATION_CONTEXT('2D SPACE',''
  ) );
#15712 = ORIENTED_EDGE('',*,*,#1579,.T.);
#15713 = ORIENTED_EDGE('',*,*,#13050,.F.);
#15714 = ADVANCED_FACE('',(#15715),#1539,.T.);
#15715 = FACE_BOUND('',#15716,.T.);
#15716 = EDGE_LOOP('',(#15717,#15718,#15737,#15738));
#15717 = ORIENTED_EDGE('',*,*,#8070,.F.);
#15718 = ORIENTED_EDGE('',*,*,#15719,.T.);
#15719 = EDGE_CURVE('',#8071,#1524,#15720,.T.);
#15720 = SURFACE_CURVE('',#15721,(#15725,#15731),.PCURVE_S1.);
#15721 = LINE('',#15722,#15723);
#15722 = CARTESIAN_POINT('',(72.6,-17.1,0.6));
#15723 = VECTOR('',#15724,1.);
#15724 = DIRECTION('',(0.,1.,0.));
#15725 = PCURVE('',#1539,#15726);
#15726 = DEFINITIONAL_REPRESENTATION('',(#15727),#15730);
#15727 = B_SPLINE_CURVE_WITH_KNOTS('',1,(#15728,#15729),.UNSPECIFIED.,
  .F.,.F.,(2,2),(0.,2.4),.PIECEWISE_BEZIER_KNOTS.);
#15728 = CARTESIAN_POINT('',(90.6,0.));
#15729 = CARTESIAN_POINT('',(90.6,-2.4));
#15730 = ( GEOMETRIC_REPRESENTATION_CONTEXT(2) 
PARAMETRIC_REPRESENTATION_CONTEXT() REPRESENTATION_CONTEXT('2D SPACE',''
  ) );
#15731 = PCURVE('',#1567,#15732);
#15732 = DEFINITIONAL_REPRESENTATION('',(#15733),#15736);
#15733 = B_SPLINE_CURVE_WITH_KNOTS('',1,(#15734,#15735),.UNSPECIFIED.,
  .F.,.F.,(2,2),(0.,2.4),.PIECEWISE_BEZIER_KNOTS.);
#15734 = CARTESIAN_POINT('',(167.6,0.));
#15735 = CARTESIAN_POINT('',(167.6,2.4));
#15736 = ( GEOMETRIC_REPRESENTATION_CONTEXT(2) 
PARAMETRIC_REPRESENTATION_CONTEXT() REPRESENTATION_CONTEXT('2D SPACE',''
  ) );
#15737 = ORIENTED_EDGE('',*,*,#1523,.T.);
#15738 = ORIENTED_EDGE('',*,*,#13030,.F.);
#15739 = ADVANCED_FACE('',(#15740),#1708,.F.);
#15740 = FACE_BOUND('',#15741,.F.);
#15741 = EDGE_LOOP('',(#15742,#15743,#15762,#15763));
#15742 = ORIENTED_EDGE('',*,*,#8211,.F.);
#15743 = ORIENTED_EDGE('',*,*,#15744,.T.);
#15744 = EDGE_CURVE('',#8189,#1667,#15745,.T.);
#15745 = SURFACE_CURVE('',#15746,(#15750,#15756),.PCURVE_S1.);
#15746 = LINE('',#15747,#15748);
#15747 = CARTESIAN_POINT('',(83.4,-17.1,0.6));
#15748 = VECTOR('',#15749,1.);
#15749 = DIRECTION('',(0.,1.,0.));
#15750 = PCURVE('',#1708,#15751);
#15751 = DEFINITIONAL_REPRESENTATION('',(#15752),#15755);
#15752 = B_SPLINE_CURVE_WITH_KNOTS('',1,(#15753,#15754),.UNSPECIFIED.,
  .F.,.F.,(2,2),(0.,2.4),.PIECEWISE_BEZIER_KNOTS.);
#15753 = CARTESIAN_POINT('',(90.6,0.));
#15754 = CARTESIAN_POINT('',(90.6,-2.4));
#15755 = ( GEOMETRIC_REPRESENTATION_CONTEXT(2) 
PARAMETRIC_REPRESENTATION_CONTEXT() REPRESENTATION_CONTEXT('2D SPACE',''
  ) );
#15756 = PCURVE('',#1682,#15757);
#15757 = DEFINITIONAL_REPRESENTATION('',(#15758),#15761);
#15758 = B_SPLINE_CURVE_WITH_KNOTS('',1,(#15759,#15760),.UNSPECIFIED.,
  .F.,.F.,(2,2),(0.,2.4),.PIECEWISE_BEZIER_KNOTS.);
#15759 = CARTESIAN_POINT('',(178.4,0.));
#15760 = CARTESIAN_POINT('',(178.4,2.4));
#15761 = ( GEOMETRIC_REPRESENTATION_CONTEXT(2) 
PARAMETRIC_REPRESENTATION_CONTEXT() REPRESENTATION_CONTEXT('2D SPACE',''
  ) );
#15762 = ORIENTED_EDGE('',*,*,#1694,.T.);
#15763 = ORIENTED_EDGE('',*,*,#13093,.F.);
#15764 = ADVANCED_FACE('',(#15765),#1654,.T.);
#15765 = FACE_BOUND('',#15766,.T.);
#15766 = EDGE_LOOP('',(#15767,#15768,#15787,#15788));
#15767 = ORIENTED_EDGE('',*,*,#8165,.F.);
#15768 = ORIENTED_EDGE('',*,*,#15769,.T.);
#15769 = EDGE_CURVE('',#8166,#1639,#15770,.T.);
#15770 = SURFACE_CURVE('',#15771,(#15775,#15781),.PCURVE_S1.);
#15771 = LINE('',#15772,#15773);
#15772 = CARTESIAN_POINT('',(78.6,-17.1,0.6));
#15773 = VECTOR('',#15774,1.);
#15774 = DIRECTION('',(0.,1.,0.));
#15775 = PCURVE('',#1654,#15776);
#15776 = DEFINITIONAL_REPRESENTATION('',(#15777),#15780);
#15777 = B_SPLINE_CURVE_WITH_KNOTS('',1,(#15778,#15779),.UNSPECIFIED.,
  .F.,.F.,(2,2),(0.,2.4),.PIECEWISE_BEZIER_KNOTS.);
#15778 = CARTESIAN_POINT('',(90.6,0.));
#15779 = CARTESIAN_POINT('',(90.6,-2.4));
#15780 = ( GEOMETRIC_REPRESENTATION_CONTEXT(2) 
PARAMETRIC_REPRESENTATION_CONTEXT() REPRESENTATION_CONTEXT('2D SPACE',''
  ) );
#15781 = PCURVE('',#1682,#15782);
#15782 = DEFINITIONAL_REPRESENTATION('',(#15783),#15786);
#15783 = B_SPLINE_CURVE_WITH_KNOTS('',1,(#15784,#15785),.UNSPECIFIED.,
  .F.,.F.,(2,2),(0.,2.4),.PIECEWISE_BEZIER_KNOTS.);
#15784 = CARTESIAN_POINT('',(173.6,0.));
#15785 = CARTESIAN_POINT('',(173.6,2.4));
#15786 = ( GEOMETRIC_REPRESENTATION_CONTEXT(2) 
PARAMETRIC_REPRESENTATION_CONTEXT() REPRESENTATION_CONTEXT('2D SPACE',''
  ) );
#15787 = ORIENTED_EDGE('',*,*,#1638,.T.);
#15788 = ORIENTED_EDGE('',*,*,#13073,.F.);
#15789 = ADVANCED_FACE('',(#15790),#1795,.T.);
#15790 = FACE_BOUND('',#15791,.T.);
#15791 = EDGE_LOOP('',(#15792,#15793,#15812,#15813));
#15792 = ORIENTED_EDGE('',*,*,#1781,.F.);
#15793 = ORIENTED_EDGE('',*,*,#15794,.F.);
#15794 = EDGE_CURVE('',#8261,#1754,#15795,.T.);
#15795 = SURFACE_CURVE('',#15796,(#15800,#15806),.PCURVE_S1.);
#15796 = LINE('',#15797,#15798);
#15797 = CARTESIAN_POINT('',(84.6,-17.1,0.6));
#15798 = VECTOR('',#15799,1.);
#15799 = DIRECTION('',(0.,1.,0.));
#15800 = PCURVE('',#1795,#15801);
#15801 = DEFINITIONAL_REPRESENTATION('',(#15802),#15805);
#15802 = B_SPLINE_CURVE_WITH_KNOTS('',1,(#15803,#15804),.UNSPECIFIED.,
  .F.,.F.,(2,2),(0.,2.4),.PIECEWISE_BEZIER_KNOTS.);
#15803 = CARTESIAN_POINT('',(179.6,0.));
#15804 = CARTESIAN_POINT('',(179.6,2.4));
#15805 = ( GEOMETRIC_REPRESENTATION_CONTEXT(2) 
PARAMETRIC_REPRESENTATION_CONTEXT() REPRESENTATION_CONTEXT('2D SPACE',''
  ) );
#15806 = PCURVE('',#1769,#15807);
#15807 = DEFINITIONAL_REPRESENTATION('',(#15808),#15811);
#15808 = B_SPLINE_CURVE_WITH_KNOTS('',1,(#15809,#15810),.UNSPECIFIED.,
  .F.,.F.,(2,2),(0.,2.4),.PIECEWISE_BEZIER_KNOTS.);
#15809 = CARTESIAN_POINT('',(90.6,0.));
#15810 = CARTESIAN_POINT('',(90.6,-2.4));
#15811 = ( GEOMETRIC_REPRESENTATION_CONTEXT(2) 
PARAMETRIC_REPRESENTATION_CONTEXT() REPRESENTATION_CONTEXT('2D SPACE',''
  ) );
#15812 = ORIENTED_EDGE('',*,*,#8283,.T.);
#15813 = ORIENTED_EDGE('',*,*,#13136,.T.);
#15814 = ADVANCED_FACE('',(#15815),#1769,.T.);
#15815 = FACE_BOUND('',#15816,.T.);
#15816 = EDGE_LOOP('',(#15817,#15818,#15819,#15820));
#15817 = ORIENTED_EDGE('',*,*,#8260,.F.);
#15818 = ORIENTED_EDGE('',*,*,#15794,.T.);
#15819 = ORIENTED_EDGE('',*,*,#1753,.T.);
#15820 = ORIENTED_EDGE('',*,*,#13116,.F.);
#15821 = ADVANCED_FACE('',(#15822),#1882,.T.);
#15822 = FACE_BOUND('',#15823,.T.);
#15823 = EDGE_LOOP('',(#15824,#15825,#15826,#15827));
#15824 = ORIENTED_EDGE('',*,*,#8355,.F.);
#15825 = ORIENTED_EDGE('',*,*,#13179,.T.);
#15826 = ORIENTED_EDGE('',*,*,#1868,.T.);
#15827 = ORIENTED_EDGE('',*,*,#15828,.F.);
#15828 = EDGE_CURVE('',#8333,#1841,#15829,.T.);
#15829 = SURFACE_CURVE('',#15830,(#15834,#15840),.PCURVE_S1.);
#15830 = LINE('',#15831,#15832);
#15831 = CARTESIAN_POINT('',(84.6,-17.1,-0.6));
#15832 = VECTOR('',#15833,1.);
#15833 = DIRECTION('',(0.,1.,0.));
#15834 = PCURVE('',#1882,#15835);
#15835 = DEFINITIONAL_REPRESENTATION('',(#15836),#15839);
#15836 = B_SPLINE_CURVE_WITH_KNOTS('',1,(#15837,#15838),.UNSPECIFIED.,
  .F.,.F.,(2,2),(0.,2.4),.PIECEWISE_BEZIER_KNOTS.);
#15837 = CARTESIAN_POINT('',(89.4,0.));
#15838 = CARTESIAN_POINT('',(89.4,-2.4));
#15839 = ( GEOMETRIC_REPRESENTATION_CONTEXT(2) 
PARAMETRIC_REPRESENTATION_CONTEXT() REPRESENTATION_CONTEXT('2D SPACE',''
  ) );
#15840 = PCURVE('',#1856,#15841);
#15841 = DEFINITIONAL_REPRESENTATION('',(#15842),#15845);
#15842 = B_SPLINE_CURVE_WITH_KNOTS('',1,(#15843,#15844),.UNSPECIFIED.,
  .F.,.F.,(2,2),(0.,2.4),.PIECEWISE_BEZIER_KNOTS.);
#15843 = CARTESIAN_POINT('',(179.6,0.));
#15844 = CARTESIAN_POINT('',(179.6,2.4));
#15845 = ( GEOMETRIC_REPRESENTATION_CONTEXT(2) 
PARAMETRIC_REPRESENTATION_CONTEXT() REPRESENTATION_CONTEXT('2D SPACE',''
  ) );
#15846 = ADVANCED_FACE('',(#15847),#1856,.F.);
#15847 = FACE_BOUND('',#15848,.F.);
#15848 = EDGE_LOOP('',(#15849,#15850,#15851,#15852));
#15849 = ORIENTED_EDGE('',*,*,#1840,.F.);
#15850 = ORIENTED_EDGE('',*,*,#15828,.F.);
#15851 = ORIENTED_EDGE('',*,*,#8332,.T.);
#15852 = ORIENTED_EDGE('',*,*,#13159,.T.);
#15853 = ADVANCED_FACE('',(#15854),#1997,.T.);
#15854 = FACE_BOUND('',#15855,.T.);
#15855 = EDGE_LOOP('',(#15856,#15857,#15858,#15859));
#15856 = ORIENTED_EDGE('',*,*,#8450,.F.);
#15857 = ORIENTED_EDGE('',*,*,#13222,.T.);
#15858 = ORIENTED_EDGE('',*,*,#1983,.T.);
#15859 = ORIENTED_EDGE('',*,*,#15860,.F.);
#15860 = EDGE_CURVE('',#8428,#1956,#15861,.T.);
#15861 = SURFACE_CURVE('',#15862,(#15866,#15872),.PCURVE_S1.);
#15862 = LINE('',#15863,#15864);
#15863 = CARTESIAN_POINT('',(78.6,-17.1,-0.6));
#15864 = VECTOR('',#15865,1.);
#15865 = DIRECTION('',(0.,1.,0.));
#15866 = PCURVE('',#1997,#15867);
#15867 = DEFINITIONAL_REPRESENTATION('',(#15868),#15871);
#15868 = B_SPLINE_CURVE_WITH_KNOTS('',1,(#15869,#15870),.UNSPECIFIED.,
  .F.,.F.,(2,2),(0.,2.4),.PIECEWISE_BEZIER_KNOTS.);
#15869 = CARTESIAN_POINT('',(89.4,0.));
#15870 = CARTESIAN_POINT('',(89.4,-2.4));
#15871 = ( GEOMETRIC_REPRESENTATION_CONTEXT(2) 
PARAMETRIC_REPRESENTATION_CONTEXT() REPRESENTATION_CONTEXT('2D SPACE',''
  ) );
#15872 = PCURVE('',#1971,#15873);
#15873 = DEFINITIONAL_REPRESENTATION('',(#15874),#15877);
#15874 = B_SPLINE_CURVE_WITH_KNOTS('',1,(#15875,#15876),.UNSPECIFIED.,
  .F.,.F.,(2,2),(0.,2.4),.PIECEWISE_BEZIER_KNOTS.);
#15875 = CARTESIAN_POINT('',(173.6,0.));
#15876 = CARTESIAN_POINT('',(173.6,2.4));
#15877 = ( GEOMETRIC_REPRESENTATION_CONTEXT(2) 
PARAMETRIC_REPRESENTATION_CONTEXT() REPRESENTATION_CONTEXT('2D SPACE',''
  ) );
#15878 = ADVANCED_FACE('',(#15879),#1943,.F.);
#15879 = FACE_BOUND('',#15880,.F.);
#15880 = EDGE_LOOP('',(#15881,#15882,#15883,#15884));
#15881 = ORIENTED_EDGE('',*,*,#8404,.F.);
#15882 = ORIENTED_EDGE('',*,*,#13202,.T.);
#15883 = ORIENTED_EDGE('',*,*,#1927,.T.);
#15884 = ORIENTED_EDGE('',*,*,#15885,.F.);
#15885 = EDGE_CURVE('',#8405,#1928,#15886,.T.);
#15886 = SURFACE_CURVE('',#15887,(#15891,#15897),.PCURVE_S1.);
#15887 = LINE('',#15888,#15889);
#15888 = CARTESIAN_POINT('',(83.4,-17.1,-0.6));
#15889 = VECTOR('',#15890,1.);
#15890 = DIRECTION('',(0.,1.,0.));
#15891 = PCURVE('',#1943,#15892);
#15892 = DEFINITIONAL_REPRESENTATION('',(#15893),#15896);
#15893 = B_SPLINE_CURVE_WITH_KNOTS('',1,(#15894,#15895),.UNSPECIFIED.,
  .F.,.F.,(2,2),(0.,2.4),.PIECEWISE_BEZIER_KNOTS.);
#15894 = CARTESIAN_POINT('',(89.4,0.));
#15895 = CARTESIAN_POINT('',(89.4,-2.4));
#15896 = ( GEOMETRIC_REPRESENTATION_CONTEXT(2) 
PARAMETRIC_REPRESENTATION_CONTEXT() REPRESENTATION_CONTEXT('2D SPACE',''
  ) );
#15897 = PCURVE('',#1971,#15898);
#15898 = DEFINITIONAL_REPRESENTATION('',(#15899),#15902);
#15899 = B_SPLINE_CURVE_WITH_KNOTS('',1,(#15900,#15901),.UNSPECIFIED.,
  .F.,.F.,(2,2),(0.,2.4),.PIECEWISE_BEZIER_KNOTS.);
#15900 = CARTESIAN_POINT('',(178.4,0.));
#15901 = CARTESIAN_POINT('',(178.4,2.4));
#15902 = ( GEOMETRIC_REPRESENTATION_CONTEXT(2) 
PARAMETRIC_REPRESENTATION_CONTEXT() REPRESENTATION_CONTEXT('2D SPACE',''
  ) );
#15903 = ADVANCED_FACE('',(#15904),#2112,.T.);
#15904 = FACE_BOUND('',#15905,.T.);
#15905 = EDGE_LOOP('',(#15906,#15907,#15908,#15909));
#15906 = ORIENTED_EDGE('',*,*,#8545,.F.);
#15907 = ORIENTED_EDGE('',*,*,#13265,.T.);
#15908 = ORIENTED_EDGE('',*,*,#2098,.T.);
#15909 = ORIENTED_EDGE('',*,*,#15910,.F.);
#15910 = EDGE_CURVE('',#8523,#2071,#15911,.T.);
#15911 = SURFACE_CURVE('',#15912,(#15916,#15922),.PCURVE_S1.);
#15912 = LINE('',#15913,#15914);
#15913 = CARTESIAN_POINT('',(72.6,-17.1,-0.6));
#15914 = VECTOR('',#15915,1.);
#15915 = DIRECTION('',(0.,1.,0.));
#15916 = PCURVE('',#2112,#15917);
#15917 = DEFINITIONAL_REPRESENTATION('',(#15918),#15921);
#15918 = B_SPLINE_CURVE_WITH_KNOTS('',1,(#15919,#15920),.UNSPECIFIED.,
  .F.,.F.,(2,2),(0.,2.4),.PIECEWISE_BEZIER_KNOTS.);
#15919 = CARTESIAN_POINT('',(89.4,0.));
#15920 = CARTESIAN_POINT('',(89.4,-2.4));
#15921 = ( GEOMETRIC_REPRESENTATION_CONTEXT(2) 
PARAMETRIC_REPRESENTATION_CONTEXT() REPRESENTATION_CONTEXT('2D SPACE',''
  ) );
#15922 = PCURVE('',#2086,#15923);
#15923 = DEFINITIONAL_REPRESENTATION('',(#15924),#15927);
#15924 = B_SPLINE_CURVE_WITH_KNOTS('',1,(#15925,#15926),.UNSPECIFIED.,
  .F.,.F.,(2,2),(0.,2.4),.PIECEWISE_BEZIER_KNOTS.);
#15925 = CARTESIAN_POINT('',(167.6,0.));
#15926 = CARTESIAN_POINT('',(167.6,2.4));
#15927 = ( GEOMETRIC_REPRESENTATION_CONTEXT(2) 
PARAMETRIC_REPRESENTATION_CONTEXT() REPRESENTATION_CONTEXT('2D SPACE',''
  ) );
#15928 = ADVANCED_FACE('',(#15929),#2058,.F.);
#15929 = FACE_BOUND('',#15930,.F.);
#15930 = EDGE_LOOP('',(#15931,#15932,#15933,#15934));
#15931 = ORIENTED_EDGE('',*,*,#8499,.F.);
#15932 = ORIENTED_EDGE('',*,*,#13245,.T.);
#15933 = ORIENTED_EDGE('',*,*,#2042,.T.);
#15934 = ORIENTED_EDGE('',*,*,#15935,.F.);
#15935 = EDGE_CURVE('',#8500,#2043,#15936,.T.);
#15936 = SURFACE_CURVE('',#15937,(#15941,#15947),.PCURVE_S1.);
#15937 = LINE('',#15938,#15939);
#15938 = CARTESIAN_POINT('',(77.4,-17.1,-0.6));
#15939 = VECTOR('',#15940,1.);
#15940 = DIRECTION('',(0.,1.,0.));
#15941 = PCURVE('',#2058,#15942);
#15942 = DEFINITIONAL_REPRESENTATION('',(#15943),#15946);
#15943 = B_SPLINE_CURVE_WITH_KNOTS('',1,(#15944,#15945),.UNSPECIFIED.,
  .F.,.F.,(2,2),(0.,2.4),.PIECEWISE_BEZIER_KNOTS.);
#15944 = CARTESIAN_POINT('',(89.4,0.));
#15945 = CARTESIAN_POINT('',(89.4,-2.4));
#15946 = ( GEOMETRIC_REPRESENTATION_CONTEXT(2) 
PARAMETRIC_REPRESENTATION_CONTEXT() REPRESENTATION_CONTEXT('2D SPACE',''
  ) );
#15947 = PCURVE('',#2086,#15948);
#15948 = DEFINITIONAL_REPRESENTATION('',(#15949),#15952);
#15949 = B_SPLINE_CURVE_WITH_KNOTS('',1,(#15950,#15951),.UNSPECIFIED.,
  .F.,.F.,(2,2),(0.,2.4),.PIECEWISE_BEZIER_KNOTS.);
#15950 = CARTESIAN_POINT('',(172.4,0.));
#15951 = CARTESIAN_POINT('',(172.4,2.4));
#15952 = ( GEOMETRIC_REPRESENTATION_CONTEXT(2) 
PARAMETRIC_REPRESENTATION_CONTEXT() REPRESENTATION_CONTEXT('2D SPACE',''
  ) );
#15953 = ADVANCED_FACE('',(#15954),#2227,.T.);
#15954 = FACE_BOUND('',#15955,.T.);
#15955 = EDGE_LOOP('',(#15956,#15957,#15958,#15959));
#15956 = ORIENTED_EDGE('',*,*,#8640,.F.);
#15957 = ORIENTED_EDGE('',*,*,#13308,.T.);
#15958 = ORIENTED_EDGE('',*,*,#2213,.T.);
#15959 = ORIENTED_EDGE('',*,*,#15960,.F.);
#15960 = EDGE_CURVE('',#8618,#2186,#15961,.T.);
#15961 = SURFACE_CURVE('',#15962,(#15966,#15972),.PCURVE_S1.);
#15962 = LINE('',#15963,#15964);
#15963 = CARTESIAN_POINT('',(66.6,-17.1,-0.6));
#15964 = VECTOR('',#15965,1.);
#15965 = DIRECTION('',(0.,1.,0.));
#15966 = PCURVE('',#2227,#15967);
#15967 = DEFINITIONAL_REPRESENTATION('',(#15968),#15971);
#15968 = B_SPLINE_CURVE_WITH_KNOTS('',1,(#15969,#15970),.UNSPECIFIED.,
  .F.,.F.,(2,2),(0.,2.4),.PIECEWISE_BEZIER_KNOTS.);
#15969 = CARTESIAN_POINT('',(89.4,0.));
#15970 = CARTESIAN_POINT('',(89.4,-2.4));
#15971 = ( GEOMETRIC_REPRESENTATION_CONTEXT(2) 
PARAMETRIC_REPRESENTATION_CONTEXT() REPRESENTATION_CONTEXT('2D SPACE',''
  ) );
#15972 = PCURVE('',#2201,#15973);
#15973 = DEFINITIONAL_REPRESENTATION('',(#15974),#15977);
#15974 = B_SPLINE_CURVE_WITH_KNOTS('',1,(#15975,#15976),.UNSPECIFIED.,
  .F.,.F.,(2,2),(0.,2.4),.PIECEWISE_BEZIER_KNOTS.);
#15975 = CARTESIAN_POINT('',(161.6,0.));
#15976 = CARTESIAN_POINT('',(161.6,2.4));
#15977 = ( GEOMETRIC_REPRESENTATION_CONTEXT(2) 
PARAMETRIC_REPRESENTATION_CONTEXT() REPRESENTATION_CONTEXT('2D SPACE',''
  ) );
#15978 = ADVANCED_FACE('',(#15979),#2173,.F.);
#15979 = FACE_BOUND('',#15980,.F.);
#15980 = EDGE_LOOP('',(#15981,#15982,#15983,#15984));
#15981 = ORIENTED_EDGE('',*,*,#8594,.F.);
#15982 = ORIENTED_EDGE('',*,*,#13288,.T.);
#15983 = ORIENTED_EDGE('',*,*,#2157,.T.);
#15984 = ORIENTED_EDGE('',*,*,#15985,.F.);
#15985 = EDGE_CURVE('',#8595,#2158,#15986,.T.);
#15986 = SURFACE_CURVE('',#15987,(#15991,#15997),.PCURVE_S1.);
#15987 = LINE('',#15988,#15989);
#15988 = CARTESIAN_POINT('',(71.4,-17.1,-0.6));
#15989 = VECTOR('',#15990,1.);
#15990 = DIRECTION('',(0.,1.,0.));
#15991 = PCURVE('',#2173,#15992);
#15992 = DEFINITIONAL_REPRESENTATION('',(#15993),#15996);
#15993 = B_SPLINE_CURVE_WITH_KNOTS('',1,(#15994,#15995),.UNSPECIFIED.,
  .F.,.F.,(2,2),(0.,2.4),.PIECEWISE_BEZIER_KNOTS.);
#15994 = CARTESIAN_POINT('',(89.4,0.));
#15995 = CARTESIAN_POINT('',(89.4,-2.4));
#15996 = ( GEOMETRIC_REPRESENTATION_CONTEXT(2) 
PARAMETRIC_REPRESENTATION_CONTEXT() REPRESENTATION_CONTEXT('2D SPACE',''
  ) );
#15997 = PCURVE('',#2201,#15998);
#15998 = DEFINITIONAL_REPRESENTATION('',(#15999),#16002);
#15999 = B_SPLINE_CURVE_WITH_KNOTS('',1,(#16000,#16001),.UNSPECIFIED.,
  .F.,.F.,(2,2),(0.,2.4),.PIECEWISE_BEZIER_KNOTS.);
#16000 = CARTESIAN_POINT('',(166.4,0.));
#16001 = CARTESIAN_POINT('',(166.4,2.4));
#16002 = ( GEOMETRIC_REPRESENTATION_CONTEXT(2) 
PARAMETRIC_REPRESENTATION_CONTEXT() REPRESENTATION_CONTEXT('2D SPACE',''
  ) );
#16003 = ADVANCED_FACE('',(#16004),#2342,.T.);
#16004 = FACE_BOUND('',#16005,.T.);
#16005 = EDGE_LOOP('',(#16006,#16007,#16008,#16009));
#16006 = ORIENTED_EDGE('',*,*,#8735,.F.);
#16007 = ORIENTED_EDGE('',*,*,#13351,.T.);
#16008 = ORIENTED_EDGE('',*,*,#2328,.T.);
#16009 = ORIENTED_EDGE('',*,*,#16010,.F.);
#16010 = EDGE_CURVE('',#8713,#2301,#16011,.T.);
#16011 = SURFACE_CURVE('',#16012,(#16016,#16022),.PCURVE_S1.);
#16012 = LINE('',#16013,#16014);
#16013 = CARTESIAN_POINT('',(60.6,-17.1,-0.6));
#16014 = VECTOR('',#16015,1.);
#16015 = DIRECTION('',(0.,1.,0.));
#16016 = PCURVE('',#2342,#16017);
#16017 = DEFINITIONAL_REPRESENTATION('',(#16018),#16021);
#16018 = B_SPLINE_CURVE_WITH_KNOTS('',1,(#16019,#16020),.UNSPECIFIED.,
  .F.,.F.,(2,2),(0.,2.4),.PIECEWISE_BEZIER_KNOTS.);
#16019 = CARTESIAN_POINT('',(89.4,0.));
#16020 = CARTESIAN_POINT('',(89.4,-2.4));
#16021 = ( GEOMETRIC_REPRESENTATION_CONTEXT(2) 
PARAMETRIC_REPRESENTATION_CONTEXT() REPRESENTATION_CONTEXT('2D SPACE',''
  ) );
#16022 = PCURVE('',#2316,#16023);
#16023 = DEFINITIONAL_REPRESENTATION('',(#16024),#16027);
#16024 = B_SPLINE_CURVE_WITH_KNOTS('',1,(#16025,#16026),.UNSPECIFIED.,
  .F.,.F.,(2,2),(0.,2.4),.PIECEWISE_BEZIER_KNOTS.);
#16025 = CARTESIAN_POINT('',(155.6,0.));
#16026 = CARTESIAN_POINT('',(155.6,2.4));
#16027 = ( GEOMETRIC_REPRESENTATION_CONTEXT(2) 
PARAMETRIC_REPRESENTATION_CONTEXT() REPRESENTATION_CONTEXT('2D SPACE',''
  ) );
#16028 = ADVANCED_FACE('',(#16029),#2288,.F.);
#16029 = FACE_BOUND('',#16030,.F.);
#16030 = EDGE_LOOP('',(#16031,#16032,#16033,#16034));
#16031 = ORIENTED_EDGE('',*,*,#8689,.F.);
#16032 = ORIENTED_EDGE('',*,*,#13331,.T.);
#16033 = ORIENTED_EDGE('',*,*,#2272,.T.);
#16034 = ORIENTED_EDGE('',*,*,#16035,.F.);
#16035 = EDGE_CURVE('',#8690,#2273,#16036,.T.);
#16036 = SURFACE_CURVE('',#16037,(#16041,#16047),.PCURVE_S1.);
#16037 = LINE('',#16038,#16039);
#16038 = CARTESIAN_POINT('',(65.4,-17.1,-0.6));
#16039 = VECTOR('',#16040,1.);
#16040 = DIRECTION('',(0.,1.,0.));
#16041 = PCURVE('',#2288,#16042);
#16042 = DEFINITIONAL_REPRESENTATION('',(#16043),#16046);
#16043 = B_SPLINE_CURVE_WITH_KNOTS('',1,(#16044,#16045),.UNSPECIFIED.,
  .F.,.F.,(2,2),(0.,2.4),.PIECEWISE_BEZIER_KNOTS.);
#16044 = CARTESIAN_POINT('',(89.4,0.));
#16045 = CARTESIAN_POINT('',(89.4,-2.4));
#16046 = ( GEOMETRIC_REPRESENTATION_CONTEXT(2) 
PARAMETRIC_REPRESENTATION_CONTEXT() REPRESENTATION_CONTEXT('2D SPACE',''
  ) );
#16047 = PCURVE('',#2316,#16048);
#16048 = DEFINITIONAL_REPRESENTATION('',(#16049),#16052);
#16049 = B_SPLINE_CURVE_WITH_KNOTS('',1,(#16050,#16051),.UNSPECIFIED.,
  .F.,.F.,(2,2),(0.,2.4),.PIECEWISE_BEZIER_KNOTS.);
#16050 = CARTESIAN_POINT('',(160.4,0.));
#16051 = CARTESIAN_POINT('',(160.4,2.4));
#16052 = ( GEOMETRIC_REPRESENTATION_CONTEXT(2) 
PARAMETRIC_REPRESENTATION_CONTEXT() REPRESENTATION_CONTEXT('2D SPACE',''
  ) );
#16053 = ADVANCED_FACE('',(#16054),#2457,.T.);
#16054 = FACE_BOUND('',#16055,.T.);
#16055 = EDGE_LOOP('',(#16056,#16057,#16058,#16059));
#16056 = ORIENTED_EDGE('',*,*,#8830,.F.);
#16057 = ORIENTED_EDGE('',*,*,#13394,.T.);
#16058 = ORIENTED_EDGE('',*,*,#2443,.T.);
#16059 = ORIENTED_EDGE('',*,*,#16060,.F.);
#16060 = EDGE_CURVE('',#8808,#2416,#16061,.T.);
#16061 = SURFACE_CURVE('',#16062,(#16066,#16072),.PCURVE_S1.);
#16062 = LINE('',#16063,#16064);
#16063 = CARTESIAN_POINT('',(54.6,-17.1,-0.6));
#16064 = VECTOR('',#16065,1.);
#16065 = DIRECTION('',(0.,1.,0.));
#16066 = PCURVE('',#2457,#16067);
#16067 = DEFINITIONAL_REPRESENTATION('',(#16068),#16071);
#16068 = B_SPLINE_CURVE_WITH_KNOTS('',1,(#16069,#16070),.UNSPECIFIED.,
  .F.,.F.,(2,2),(0.,2.4),.PIECEWISE_BEZIER_KNOTS.);
#16069 = CARTESIAN_POINT('',(89.4,0.));
#16070 = CARTESIAN_POINT('',(89.4,-2.4));
#16071 = ( GEOMETRIC_REPRESENTATION_CONTEXT(2) 
PARAMETRIC_REPRESENTATION_CONTEXT() REPRESENTATION_CONTEXT('2D SPACE',''
  ) );
#16072 = PCURVE('',#2431,#16073);
#16073 = DEFINITIONAL_REPRESENTATION('',(#16074),#16077);
#16074 = B_SPLINE_CURVE_WITH_KNOTS('',1,(#16075,#16076),.UNSPECIFIED.,
  .F.,.F.,(2,2),(0.,2.4),.PIECEWISE_BEZIER_KNOTS.);
#16075 = CARTESIAN_POINT('',(149.6,0.));
#16076 = CARTESIAN_POINT('',(149.6,2.4));
#16077 = ( GEOMETRIC_REPRESENTATION_CONTEXT(2) 
PARAMETRIC_REPRESENTATION_CONTEXT() REPRESENTATION_CONTEXT('2D SPACE',''
  ) );
#16078 = ADVANCED_FACE('',(#16079),#2403,.F.);
#16079 = FACE_BOUND('',#16080,.F.);
#16080 = EDGE_LOOP('',(#16081,#16082,#16083,#16084));
#16081 = ORIENTED_EDGE('',*,*,#8784,.F.);
#16082 = ORIENTED_EDGE('',*,*,#13374,.T.);
#16083 = ORIENTED_EDGE('',*,*,#2387,.T.);
#16084 = ORIENTED_EDGE('',*,*,#16085,.F.);
#16085 = EDGE_CURVE('',#8785,#2388,#16086,.T.);
#16086 = SURFACE_CURVE('',#16087,(#16091,#16097),.PCURVE_S1.);
#16087 = LINE('',#16088,#16089);
#16088 = CARTESIAN_POINT('',(59.4,-17.1,-0.6));
#16089 = VECTOR('',#16090,1.);
#16090 = DIRECTION('',(0.,1.,0.));
#16091 = PCURVE('',#2403,#16092);
#16092 = DEFINITIONAL_REPRESENTATION('',(#16093),#16096);
#16093 = B_SPLINE_CURVE_WITH_KNOTS('',1,(#16094,#16095),.UNSPECIFIED.,
  .F.,.F.,(2,2),(0.,2.4),.PIECEWISE_BEZIER_KNOTS.);
#16094 = CARTESIAN_POINT('',(89.4,0.));
#16095 = CARTESIAN_POINT('',(89.4,-2.4));
#16096 = ( GEOMETRIC_REPRESENTATION_CONTEXT(2) 
PARAMETRIC_REPRESENTATION_CONTEXT() REPRESENTATION_CONTEXT('2D SPACE',''
  ) );
#16097 = PCURVE('',#2431,#16098);
#16098 = DEFINITIONAL_REPRESENTATION('',(#16099),#16102);
#16099 = B_SPLINE_CURVE_WITH_KNOTS('',1,(#16100,#16101),.UNSPECIFIED.,
  .F.,.F.,(2,2),(0.,2.4),.PIECEWISE_BEZIER_KNOTS.);
#16100 = CARTESIAN_POINT('',(154.4,0.));
#16101 = CARTESIAN_POINT('',(154.4,2.4));
#16102 = ( GEOMETRIC_REPRESENTATION_CONTEXT(2) 
PARAMETRIC_REPRESENTATION_CONTEXT() REPRESENTATION_CONTEXT('2D SPACE',''
  ) );
#16103 = ADVANCED_FACE('',(#16104),#2572,.T.);
#16104 = FACE_BOUND('',#16105,.T.);
#16105 = EDGE_LOOP('',(#16106,#16107,#16108,#16109));
#16106 = ORIENTED_EDGE('',*,*,#8925,.F.);
#16107 = ORIENTED_EDGE('',*,*,#13437,.T.);
#16108 = ORIENTED_EDGE('',*,*,#2558,.T.);
#16109 = ORIENTED_EDGE('',*,*,#16110,.F.);
#16110 = EDGE_CURVE('',#8903,#2531,#16111,.T.);
#16111 = SURFACE_CURVE('',#16112,(#16116,#16122),.PCURVE_S1.);
#16112 = LINE('',#16113,#16114);
#16113 = CARTESIAN_POINT('',(48.6,-17.1,-0.6));
#16114 = VECTOR('',#16115,1.);
#16115 = DIRECTION('',(0.,1.,0.));
#16116 = PCURVE('',#2572,#16117);
#16117 = DEFINITIONAL_REPRESENTATION('',(#16118),#16121);
#16118 = B_SPLINE_CURVE_WITH_KNOTS('',1,(#16119,#16120),.UNSPECIFIED.,
  .F.,.F.,(2,2),(0.,2.4),.PIECEWISE_BEZIER_KNOTS.);
#16119 = CARTESIAN_POINT('',(89.4,0.));
#16120 = CARTESIAN_POINT('',(89.4,-2.4));
#16121 = ( GEOMETRIC_REPRESENTATION_CONTEXT(2) 
PARAMETRIC_REPRESENTATION_CONTEXT() REPRESENTATION_CONTEXT('2D SPACE',''
  ) );
#16122 = PCURVE('',#2546,#16123);
#16123 = DEFINITIONAL_REPRESENTATION('',(#16124),#16127);
#16124 = B_SPLINE_CURVE_WITH_KNOTS('',1,(#16125,#16126),.UNSPECIFIED.,
  .F.,.F.,(2,2),(0.,2.4),.PIECEWISE_BEZIER_KNOTS.);
#16125 = CARTESIAN_POINT('',(143.6,0.));
#16126 = CARTESIAN_POINT('',(143.6,2.4));
#16127 = ( GEOMETRIC_REPRESENTATION_CONTEXT(2) 
PARAMETRIC_REPRESENTATION_CONTEXT() REPRESENTATION_CONTEXT('2D SPACE',''
  ) );
#16128 = ADVANCED_FACE('',(#16129),#2518,.F.);
#16129 = FACE_BOUND('',#16130,.F.);
#16130 = EDGE_LOOP('',(#16131,#16132,#16133,#16134));
#16131 = ORIENTED_EDGE('',*,*,#8879,.F.);
#16132 = ORIENTED_EDGE('',*,*,#13417,.T.);
#16133 = ORIENTED_EDGE('',*,*,#2502,.T.);
#16134 = ORIENTED_EDGE('',*,*,#16135,.F.);
#16135 = EDGE_CURVE('',#8880,#2503,#16136,.T.);
#16136 = SURFACE_CURVE('',#16137,(#16141,#16147),.PCURVE_S1.);
#16137 = LINE('',#16138,#16139);
#16138 = CARTESIAN_POINT('',(53.4,-17.1,-0.6));
#16139 = VECTOR('',#16140,1.);
#16140 = DIRECTION('',(0.,1.,0.));
#16141 = PCURVE('',#2518,#16142);
#16142 = DEFINITIONAL_REPRESENTATION('',(#16143),#16146);
#16143 = B_SPLINE_CURVE_WITH_KNOTS('',1,(#16144,#16145),.UNSPECIFIED.,
  .F.,.F.,(2,2),(0.,2.4),.PIECEWISE_BEZIER_KNOTS.);
#16144 = CARTESIAN_POINT('',(89.4,0.));
#16145 = CARTESIAN_POINT('',(89.4,-2.4));
#16146 = ( GEOMETRIC_REPRESENTATION_CONTEXT(2) 
PARAMETRIC_REPRESENTATION_CONTEXT() REPRESENTATION_CONTEXT('2D SPACE',''
  ) );
#16147 = PCURVE('',#2546,#16148);
#16148 = DEFINITIONAL_REPRESENTATION('',(#16149),#16152);
#16149 = B_SPLINE_CURVE_WITH_KNOTS('',1,(#16150,#16151),.UNSPECIFIED.,
  .F.,.F.,(2,2),(0.,2.4),.PIECEWISE_BEZIER_KNOTS.);
#16150 = CARTESIAN_POINT('',(148.4,0.));
#16151 = CARTESIAN_POINT('',(148.4,2.4));
#16152 = ( GEOMETRIC_REPRESENTATION_CONTEXT(2) 
PARAMETRIC_REPRESENTATION_CONTEXT() REPRESENTATION_CONTEXT('2D SPACE',''
  ) );
#16153 = ADVANCED_FACE('',(#16154),#2687,.T.);
#16154 = FACE_BOUND('',#16155,.T.);
#16155 = EDGE_LOOP('',(#16156,#16157,#16158,#16159));
#16156 = ORIENTED_EDGE('',*,*,#9020,.F.);
#16157 = ORIENTED_EDGE('',*,*,#13480,.T.);
#16158 = ORIENTED_EDGE('',*,*,#2673,.T.);
#16159 = ORIENTED_EDGE('',*,*,#16160,.F.);
#16160 = EDGE_CURVE('',#8998,#2646,#16161,.T.);
#16161 = SURFACE_CURVE('',#16162,(#16166,#16172),.PCURVE_S1.);
#16162 = LINE('',#16163,#16164);
#16163 = CARTESIAN_POINT('',(42.6,-17.1,-0.6));
#16164 = VECTOR('',#16165,1.);
#16165 = DIRECTION('',(0.,1.,0.));
#16166 = PCURVE('',#2687,#16167);
#16167 = DEFINITIONAL_REPRESENTATION('',(#16168),#16171);
#16168 = B_SPLINE_CURVE_WITH_KNOTS('',1,(#16169,#16170),.UNSPECIFIED.,
  .F.,.F.,(2,2),(0.,2.4),.PIECEWISE_BEZIER_KNOTS.);
#16169 = CARTESIAN_POINT('',(89.4,0.));
#16170 = CARTESIAN_POINT('',(89.4,-2.4));
#16171 = ( GEOMETRIC_REPRESENTATION_CONTEXT(2) 
PARAMETRIC_REPRESENTATION_CONTEXT() REPRESENTATION_CONTEXT('2D SPACE',''
  ) );
#16172 = PCURVE('',#2661,#16173);
#16173 = DEFINITIONAL_REPRESENTATION('',(#16174),#16177);
#16174 = B_SPLINE_CURVE_WITH_KNOTS('',1,(#16175,#16176),.UNSPECIFIED.,
  .F.,.F.,(2,2),(0.,2.4),.PIECEWISE_BEZIER_KNOTS.);
#16175 = CARTESIAN_POINT('',(137.6,0.));
#16176 = CARTESIAN_POINT('',(137.6,2.4));
#16177 = ( GEOMETRIC_REPRESENTATION_CONTEXT(2) 
PARAMETRIC_REPRESENTATION_CONTEXT() REPRESENTATION_CONTEXT('2D SPACE',''
  ) );
#16178 = ADVANCED_FACE('',(#16179),#2633,.F.);
#16179 = FACE_BOUND('',#16180,.F.);
#16180 = EDGE_LOOP('',(#16181,#16182,#16183,#16184));
#16181 = ORIENTED_EDGE('',*,*,#8974,.F.);
#16182 = ORIENTED_EDGE('',*,*,#13460,.T.);
#16183 = ORIENTED_EDGE('',*,*,#2617,.T.);
#16184 = ORIENTED_EDGE('',*,*,#16185,.F.);
#16185 = EDGE_CURVE('',#8975,#2618,#16186,.T.);
#16186 = SURFACE_CURVE('',#16187,(#16191,#16197),.PCURVE_S1.);
#16187 = LINE('',#16188,#16189);
#16188 = CARTESIAN_POINT('',(47.4,-17.1,-0.6));
#16189 = VECTOR('',#16190,1.);
#16190 = DIRECTION('',(0.,1.,0.));
#16191 = PCURVE('',#2633,#16192);
#16192 = DEFINITIONAL_REPRESENTATION('',(#16193),#16196);
#16193 = B_SPLINE_CURVE_WITH_KNOTS('',1,(#16194,#16195),.UNSPECIFIED.,
  .F.,.F.,(2,2),(0.,2.4),.PIECEWISE_BEZIER_KNOTS.);
#16194 = CARTESIAN_POINT('',(89.4,0.));
#16195 = CARTESIAN_POINT('',(89.4,-2.4));
#16196 = ( GEOMETRIC_REPRESENTATION_CONTEXT(2) 
PARAMETRIC_REPRESENTATION_CONTEXT() REPRESENTATION_CONTEXT('2D SPACE',''
  ) );
#16197 = PCURVE('',#2661,#16198);
#16198 = DEFINITIONAL_REPRESENTATION('',(#16199),#16202);
#16199 = B_SPLINE_CURVE_WITH_KNOTS('',1,(#16200,#16201),.UNSPECIFIED.,
  .F.,.F.,(2,2),(0.,2.4),.PIECEWISE_BEZIER_KNOTS.);
#16200 = CARTESIAN_POINT('',(142.4,0.));
#16201 = CARTESIAN_POINT('',(142.4,2.4));
#16202 = ( GEOMETRIC_REPRESENTATION_CONTEXT(2) 
PARAMETRIC_REPRESENTATION_CONTEXT() REPRESENTATION_CONTEXT('2D SPACE',''
  ) );
#16203 = ADVANCED_FACE('',(#16204),#2802,.T.);
#16204 = FACE_BOUND('',#16205,.T.);
#16205 = EDGE_LOOP('',(#16206,#16207,#16208,#16209));
#16206 = ORIENTED_EDGE('',*,*,#9115,.F.);
#16207 = ORIENTED_EDGE('',*,*,#13523,.T.);
#16208 = ORIENTED_EDGE('',*,*,#2788,.T.);
#16209 = ORIENTED_EDGE('',*,*,#16210,.F.);
#16210 = EDGE_CURVE('',#9093,#2761,#16211,.T.);
#16211 = SURFACE_CURVE('',#16212,(#16216,#16222),.PCURVE_S1.);
#16212 = LINE('',#16213,#16214);
#16213 = CARTESIAN_POINT('',(36.6,-17.1,-0.6));
#16214 = VECTOR('',#16215,1.);
#16215 = DIRECTION('',(0.,1.,0.));
#16216 = PCURVE('',#2802,#16217);
#16217 = DEFINITIONAL_REPRESENTATION('',(#16218),#16221);
#16218 = B_SPLINE_CURVE_WITH_KNOTS('',1,(#16219,#16220),.UNSPECIFIED.,
  .F.,.F.,(2,2),(0.,2.4),.PIECEWISE_BEZIER_KNOTS.);
#16219 = CARTESIAN_POINT('',(89.4,0.));
#16220 = CARTESIAN_POINT('',(89.4,-2.4));
#16221 = ( GEOMETRIC_REPRESENTATION_CONTEXT(2) 
PARAMETRIC_REPRESENTATION_CONTEXT() REPRESENTATION_CONTEXT('2D SPACE',''
  ) );
#16222 = PCURVE('',#2776,#16223);
#16223 = DEFINITIONAL_REPRESENTATION('',(#16224),#16227);
#16224 = B_SPLINE_CURVE_WITH_KNOTS('',1,(#16225,#16226),.UNSPECIFIED.,
  .F.,.F.,(2,2),(0.,2.4),.PIECEWISE_BEZIER_KNOTS.);
#16225 = CARTESIAN_POINT('',(131.6,0.));
#16226 = CARTESIAN_POINT('',(131.6,2.4));
#16227 = ( GEOMETRIC_REPRESENTATION_CONTEXT(2) 
PARAMETRIC_REPRESENTATION_CONTEXT() REPRESENTATION_CONTEXT('2D SPACE',''
  ) );
#16228 = ADVANCED_FACE('',(#16229),#2748,.F.);
#16229 = FACE_BOUND('',#16230,.F.);
#16230 = EDGE_LOOP('',(#16231,#16232,#16233,#16234));
#16231 = ORIENTED_EDGE('',*,*,#9069,.F.);
#16232 = ORIENTED_EDGE('',*,*,#13503,.T.);
#16233 = ORIENTED_EDGE('',*,*,#2732,.T.);
#16234 = ORIENTED_EDGE('',*,*,#16235,.F.);
#16235 = EDGE_CURVE('',#9070,#2733,#16236,.T.);
#16236 = SURFACE_CURVE('',#16237,(#16241,#16247),.PCURVE_S1.);
#16237 = LINE('',#16238,#16239);
#16238 = CARTESIAN_POINT('',(41.4,-17.1,-0.6));
#16239 = VECTOR('',#16240,1.);
#16240 = DIRECTION('',(0.,1.,0.));
#16241 = PCURVE('',#2748,#16242);
#16242 = DEFINITIONAL_REPRESENTATION('',(#16243),#16246);
#16243 = B_SPLINE_CURVE_WITH_KNOTS('',1,(#16244,#16245),.UNSPECIFIED.,
  .F.,.F.,(2,2),(0.,2.4),.PIECEWISE_BEZIER_KNOTS.);
#16244 = CARTESIAN_POINT('',(89.4,0.));
#16245 = CARTESIAN_POINT('',(89.4,-2.4));
#16246 = ( GEOMETRIC_REPRESENTATION_CONTEXT(2) 
PARAMETRIC_REPRESENTATION_CONTEXT() REPRESENTATION_CONTEXT('2D SPACE',''
  ) );
#16247 = PCURVE('',#2776,#16248);
#16248 = DEFINITIONAL_REPRESENTATION('',(#16249),#16252);
#16249 = B_SPLINE_CURVE_WITH_KNOTS('',1,(#16250,#16251),.UNSPECIFIED.,
  .F.,.F.,(2,2),(0.,2.4),.PIECEWISE_BEZIER_KNOTS.);
#16250 = CARTESIAN_POINT('',(136.4,0.));
#16251 = CARTESIAN_POINT('',(136.4,2.4));
#16252 = ( GEOMETRIC_REPRESENTATION_CONTEXT(2) 
PARAMETRIC_REPRESENTATION_CONTEXT() REPRESENTATION_CONTEXT('2D SPACE',''
  ) );
#16253 = ADVANCED_FACE('',(#16254),#2917,.T.);
#16254 = FACE_BOUND('',#16255,.T.);
#16255 = EDGE_LOOP('',(#16256,#16257,#16258,#16259));
#16256 = ORIENTED_EDGE('',*,*,#9210,.F.);
#16257 = ORIENTED_EDGE('',*,*,#13566,.T.);
#16258 = ORIENTED_EDGE('',*,*,#2903,.T.);
#16259 = ORIENTED_EDGE('',*,*,#16260,.F.);
#16260 = EDGE_CURVE('',#9188,#2876,#16261,.T.);
#16261 = SURFACE_CURVE('',#16262,(#16266,#16272),.PCURVE_S1.);
#16262 = LINE('',#16263,#16264);
#16263 = CARTESIAN_POINT('',(30.6,-17.1,-0.6));
#16264 = VECTOR('',#16265,1.);
#16265 = DIRECTION('',(0.,1.,0.));
#16266 = PCURVE('',#2917,#16267);
#16267 = DEFINITIONAL_REPRESENTATION('',(#16268),#16271);
#16268 = B_SPLINE_CURVE_WITH_KNOTS('',1,(#16269,#16270),.UNSPECIFIED.,
  .F.,.F.,(2,2),(0.,2.4),.PIECEWISE_BEZIER_KNOTS.);
#16269 = CARTESIAN_POINT('',(89.4,0.));
#16270 = CARTESIAN_POINT('',(89.4,-2.4));
#16271 = ( GEOMETRIC_REPRESENTATION_CONTEXT(2) 
PARAMETRIC_REPRESENTATION_CONTEXT() REPRESENTATION_CONTEXT('2D SPACE',''
  ) );
#16272 = PCURVE('',#2891,#16273);
#16273 = DEFINITIONAL_REPRESENTATION('',(#16274),#16277);
#16274 = B_SPLINE_CURVE_WITH_KNOTS('',1,(#16275,#16276),.UNSPECIFIED.,
  .F.,.F.,(2,2),(0.,2.4),.PIECEWISE_BEZIER_KNOTS.);
#16275 = CARTESIAN_POINT('',(125.6,0.));
#16276 = CARTESIAN_POINT('',(125.6,2.4));
#16277 = ( GEOMETRIC_REPRESENTATION_CONTEXT(2) 
PARAMETRIC_REPRESENTATION_CONTEXT() REPRESENTATION_CONTEXT('2D SPACE',''
  ) );
#16278 = ADVANCED_FACE('',(#16279),#2863,.F.);
#16279 = FACE_BOUND('',#16280,.F.);
#16280 = EDGE_LOOP('',(#16281,#16282,#16283,#16284));
#16281 = ORIENTED_EDGE('',*,*,#9164,.F.);
#16282 = ORIENTED_EDGE('',*,*,#13546,.T.);
#16283 = ORIENTED_EDGE('',*,*,#2847,.T.);
#16284 = ORIENTED_EDGE('',*,*,#16285,.F.);
#16285 = EDGE_CURVE('',#9165,#2848,#16286,.T.);
#16286 = SURFACE_CURVE('',#16287,(#16291,#16297),.PCURVE_S1.);
#16287 = LINE('',#16288,#16289);
#16288 = CARTESIAN_POINT('',(35.4,-17.1,-0.6));
#16289 = VECTOR('',#16290,1.);
#16290 = DIRECTION('',(0.,1.,0.));
#16291 = PCURVE('',#2863,#16292);
#16292 = DEFINITIONAL_REPRESENTATION('',(#16293),#16296);
#16293 = B_SPLINE_CURVE_WITH_KNOTS('',1,(#16294,#16295),.UNSPECIFIED.,
  .F.,.F.,(2,2),(0.,2.4),.PIECEWISE_BEZIER_KNOTS.);
#16294 = CARTESIAN_POINT('',(89.4,0.));
#16295 = CARTESIAN_POINT('',(89.4,-2.4));
#16296 = ( GEOMETRIC_REPRESENTATION_CONTEXT(2) 
PARAMETRIC_REPRESENTATION_CONTEXT() REPRESENTATION_CONTEXT('2D SPACE',''
  ) );
#16297 = PCURVE('',#2891,#16298);
#16298 = DEFINITIONAL_REPRESENTATION('',(#16299),#16302);
#16299 = B_SPLINE_CURVE_WITH_KNOTS('',1,(#16300,#16301),.UNSPECIFIED.,
  .F.,.F.,(2,2),(0.,2.4),.PIECEWISE_BEZIER_KNOTS.);
#16300 = CARTESIAN_POINT('',(130.4,0.));
#16301 = CARTESIAN_POINT('',(130.4,2.4));
#16302 = ( GEOMETRIC_REPRESENTATION_CONTEXT(2) 
PARAMETRIC_REPRESENTATION_CONTEXT() REPRESENTATION_CONTEXT('2D SPACE',''
  ) );
#16303 = ADVANCED_FACE('',(#16304),#3032,.T.);
#16304 = FACE_BOUND('',#16305,.T.);
#16305 = EDGE_LOOP('',(#16306,#16307,#16308,#16309));
#16306 = ORIENTED_EDGE('',*,*,#9305,.F.);
#16307 = ORIENTED_EDGE('',*,*,#13609,.T.);
#16308 = ORIENTED_EDGE('',*,*,#3018,.T.);
#16309 = ORIENTED_EDGE('',*,*,#16310,.F.);
#16310 = EDGE_CURVE('',#9283,#2991,#16311,.T.);
#16311 = SURFACE_CURVE('',#16312,(#16316,#16322),.PCURVE_S1.);
#16312 = LINE('',#16313,#16314);
#16313 = CARTESIAN_POINT('',(24.6,-17.1,-0.6));
#16314 = VECTOR('',#16315,1.);
#16315 = DIRECTION('',(0.,1.,0.));
#16316 = PCURVE('',#3032,#16317);
#16317 = DEFINITIONAL_REPRESENTATION('',(#16318),#16321);
#16318 = B_SPLINE_CURVE_WITH_KNOTS('',1,(#16319,#16320),.UNSPECIFIED.,
  .F.,.F.,(2,2),(0.,2.4),.PIECEWISE_BEZIER_KNOTS.);
#16319 = CARTESIAN_POINT('',(89.4,0.));
#16320 = CARTESIAN_POINT('',(89.4,-2.4));
#16321 = ( GEOMETRIC_REPRESENTATION_CONTEXT(2) 
PARAMETRIC_REPRESENTATION_CONTEXT() REPRESENTATION_CONTEXT('2D SPACE',''
  ) );
#16322 = PCURVE('',#3006,#16323);
#16323 = DEFINITIONAL_REPRESENTATION('',(#16324),#16327);
#16324 = B_SPLINE_CURVE_WITH_KNOTS('',1,(#16325,#16326),.UNSPECIFIED.,
  .F.,.F.,(2,2),(0.,2.4),.PIECEWISE_BEZIER_KNOTS.);
#16325 = CARTESIAN_POINT('',(119.6,0.));
#16326 = CARTESIAN_POINT('',(119.6,2.4));
#16327 = ( GEOMETRIC_REPRESENTATION_CONTEXT(2) 
PARAMETRIC_REPRESENTATION_CONTEXT() REPRESENTATION_CONTEXT('2D SPACE',''
  ) );
#16328 = ADVANCED_FACE('',(#16329),#2978,.F.);
#16329 = FACE_BOUND('',#16330,.F.);
#16330 = EDGE_LOOP('',(#16331,#16332,#16333,#16334));
#16331 = ORIENTED_EDGE('',*,*,#9259,.F.);
#16332 = ORIENTED_EDGE('',*,*,#13589,.T.);
#16333 = ORIENTED_EDGE('',*,*,#2962,.T.);
#16334 = ORIENTED_EDGE('',*,*,#16335,.F.);
#16335 = EDGE_CURVE('',#9260,#2963,#16336,.T.);
#16336 = SURFACE_CURVE('',#16337,(#16341,#16347),.PCURVE_S1.);
#16337 = LINE('',#16338,#16339);
#16338 = CARTESIAN_POINT('',(29.4,-17.1,-0.6));
#16339 = VECTOR('',#16340,1.);
#16340 = DIRECTION('',(0.,1.,0.));
#16341 = PCURVE('',#2978,#16342);
#16342 = DEFINITIONAL_REPRESENTATION('',(#16343),#16346);
#16343 = B_SPLINE_CURVE_WITH_KNOTS('',1,(#16344,#16345),.UNSPECIFIED.,
  .F.,.F.,(2,2),(0.,2.4),.PIECEWISE_BEZIER_KNOTS.);
#16344 = CARTESIAN_POINT('',(89.4,0.));
#16345 = CARTESIAN_POINT('',(89.4,-2.4));
#16346 = ( GEOMETRIC_REPRESENTATION_CONTEXT(2) 
PARAMETRIC_REPRESENTATION_CONTEXT() REPRESENTATION_CONTEXT('2D SPACE',''
  ) );
#16347 = PCURVE('',#3006,#16348);
#16348 = DEFINITIONAL_REPRESENTATION('',(#16349),#16352);
#16349 = B_SPLINE_CURVE_WITH_KNOTS('',1,(#16350,#16351),.UNSPECIFIED.,
  .F.,.F.,(2,2),(0.,2.4),.PIECEWISE_BEZIER_KNOTS.);
#16350 = CARTESIAN_POINT('',(124.4,0.));
#16351 = CARTESIAN_POINT('',(124.4,2.4));
#16352 = ( GEOMETRIC_REPRESENTATION_CONTEXT(2) 
PARAMETRIC_REPRESENTATION_CONTEXT() REPRESENTATION_CONTEXT('2D SPACE',''
  ) );
#16353 = ADVANCED_FACE('',(#16354),#3147,.T.);
#16354 = FACE_BOUND('',#16355,.T.);
#16355 = EDGE_LOOP('',(#16356,#16357,#16358,#16359));
#16356 = ORIENTED_EDGE('',*,*,#9400,.F.);
#16357 = ORIENTED_EDGE('',*,*,#13652,.T.);
#16358 = ORIENTED_EDGE('',*,*,#3133,.T.);
#16359 = ORIENTED_EDGE('',*,*,#16360,.F.);
#16360 = EDGE_CURVE('',#9378,#3106,#16361,.T.);
#16361 = SURFACE_CURVE('',#16362,(#16366,#16372),.PCURVE_S1.);
#16362 = LINE('',#16363,#16364);
#16363 = CARTESIAN_POINT('',(18.6,-17.1,-0.6));
#16364 = VECTOR('',#16365,1.);
#16365 = DIRECTION('',(0.,1.,0.));
#16366 = PCURVE('',#3147,#16367);
#16367 = DEFINITIONAL_REPRESENTATION('',(#16368),#16371);
#16368 = B_SPLINE_CURVE_WITH_KNOTS('',1,(#16369,#16370),.UNSPECIFIED.,
  .F.,.F.,(2,2),(0.,2.4),.PIECEWISE_BEZIER_KNOTS.);
#16369 = CARTESIAN_POINT('',(89.4,0.));
#16370 = CARTESIAN_POINT('',(89.4,-2.4));
#16371 = ( GEOMETRIC_REPRESENTATION_CONTEXT(2) 
PARAMETRIC_REPRESENTATION_CONTEXT() REPRESENTATION_CONTEXT('2D SPACE',''
  ) );
#16372 = PCURVE('',#3121,#16373);
#16373 = DEFINITIONAL_REPRESENTATION('',(#16374),#16377);
#16374 = B_SPLINE_CURVE_WITH_KNOTS('',1,(#16375,#16376),.UNSPECIFIED.,
  .F.,.F.,(2,2),(0.,2.4),.PIECEWISE_BEZIER_KNOTS.);
#16375 = CARTESIAN_POINT('',(113.6,0.));
#16376 = CARTESIAN_POINT('',(113.6,2.4));
#16377 = ( GEOMETRIC_REPRESENTATION_CONTEXT(2) 
PARAMETRIC_REPRESENTATION_CONTEXT() REPRESENTATION_CONTEXT('2D SPACE',''
  ) );
#16378 = ADVANCED_FACE('',(#16379),#3093,.F.);
#16379 = FACE_BOUND('',#16380,.F.);
#16380 = EDGE_LOOP('',(#16381,#16382,#16383,#16384));
#16381 = ORIENTED_EDGE('',*,*,#9354,.F.);
#16382 = ORIENTED_EDGE('',*,*,#13632,.T.);
#16383 = ORIENTED_EDGE('',*,*,#3077,.T.);
#16384 = ORIENTED_EDGE('',*,*,#16385,.F.);
#16385 = EDGE_CURVE('',#9355,#3078,#16386,.T.);
#16386 = SURFACE_CURVE('',#16387,(#16391,#16397),.PCURVE_S1.);
#16387 = LINE('',#16388,#16389);
#16388 = CARTESIAN_POINT('',(23.4,-17.1,-0.6));
#16389 = VECTOR('',#16390,1.);
#16390 = DIRECTION('',(0.,1.,0.));
#16391 = PCURVE('',#3093,#16392);
#16392 = DEFINITIONAL_REPRESENTATION('',(#16393),#16396);
#16393 = B_SPLINE_CURVE_WITH_KNOTS('',1,(#16394,#16395),.UNSPECIFIED.,
  .F.,.F.,(2,2),(0.,2.4),.PIECEWISE_BEZIER_KNOTS.);
#16394 = CARTESIAN_POINT('',(89.4,0.));
#16395 = CARTESIAN_POINT('',(89.4,-2.4));
#16396 = ( GEOMETRIC_REPRESENTATION_CONTEXT(2) 
PARAMETRIC_REPRESENTATION_CONTEXT() REPRESENTATION_CONTEXT('2D SPACE',''
  ) );
#16397 = PCURVE('',#3121,#16398);
#16398 = DEFINITIONAL_REPRESENTATION('',(#16399),#16402);
#16399 = B_SPLINE_CURVE_WITH_KNOTS('',1,(#16400,#16401),.UNSPECIFIED.,
  .F.,.F.,(2,2),(0.,2.4),.PIECEWISE_BEZIER_KNOTS.);
#16400 = CARTESIAN_POINT('',(118.4,0.));
#16401 = CARTESIAN_POINT('',(118.4,2.4));
#16402 = ( GEOMETRIC_REPRESENTATION_CONTEXT(2) 
PARAMETRIC_REPRESENTATION_CONTEXT() REPRESENTATION_CONTEXT('2D SPACE',''
  ) );
#16403 = ADVANCED_FACE('',(#16404),#3262,.T.);
#16404 = FACE_BOUND('',#16405,.T.);
#16405 = EDGE_LOOP('',(#16406,#16407,#16408,#16409));
#16406 = ORIENTED_EDGE('',*,*,#9495,.F.);
#16407 = ORIENTED_EDGE('',*,*,#13695,.T.);
#16408 = ORIENTED_EDGE('',*,*,#3248,.T.);
#16409 = ORIENTED_EDGE('',*,*,#16410,.F.);
#16410 = EDGE_CURVE('',#9473,#3221,#16411,.T.);
#16411 = SURFACE_CURVE('',#16412,(#16416,#16422),.PCURVE_S1.);
#16412 = LINE('',#16413,#16414);
#16413 = CARTESIAN_POINT('',(12.6,-17.1,-0.6));
#16414 = VECTOR('',#16415,1.);
#16415 = DIRECTION('',(0.,1.,0.));
#16416 = PCURVE('',#3262,#16417);
#16417 = DEFINITIONAL_REPRESENTATION('',(#16418),#16421);
#16418 = B_SPLINE_CURVE_WITH_KNOTS('',1,(#16419,#16420),.UNSPECIFIED.,
  .F.,.F.,(2,2),(0.,2.4),.PIECEWISE_BEZIER_KNOTS.);
#16419 = CARTESIAN_POINT('',(89.4,0.));
#16420 = CARTESIAN_POINT('',(89.4,-2.4));
#16421 = ( GEOMETRIC_REPRESENTATION_CONTEXT(2) 
PARAMETRIC_REPRESENTATION_CONTEXT() REPRESENTATION_CONTEXT('2D SPACE',''
  ) );
#16422 = PCURVE('',#3236,#16423);
#16423 = DEFINITIONAL_REPRESENTATION('',(#16424),#16427);
#16424 = B_SPLINE_CURVE_WITH_KNOTS('',1,(#16425,#16426),.UNSPECIFIED.,
  .F.,.F.,(2,2),(0.,2.4),.PIECEWISE_BEZIER_KNOTS.);
#16425 = CARTESIAN_POINT('',(107.6,0.));
#16426 = CARTESIAN_POINT('',(107.6,2.4));
#16427 = ( GEOMETRIC_REPRESENTATION_CONTEXT(2) 
PARAMETRIC_REPRESENTATION_CONTEXT() REPRESENTATION_CONTEXT('2D SPACE',''
  ) );
#16428 = ADVANCED_FACE('',(#16429),#3208,.F.);
#16429 = FACE_BOUND('',#16430,.F.);
#16430 = EDGE_LOOP('',(#16431,#16432,#16433,#16434));
#16431 = ORIENTED_EDGE('',*,*,#9449,.F.);
#16432 = ORIENTED_EDGE('',*,*,#13675,.T.);
#16433 = ORIENTED_EDGE('',*,*,#3192,.T.);
#16434 = ORIENTED_EDGE('',*,*,#16435,.F.);
#16435 = EDGE_CURVE('',#9450,#3193,#16436,.T.);
#16436 = SURFACE_CURVE('',#16437,(#16441,#16447),.PCURVE_S1.);
#16437 = LINE('',#16438,#16439);
#16438 = CARTESIAN_POINT('',(17.4,-17.1,-0.6));
#16439 = VECTOR('',#16440,1.);
#16440 = DIRECTION('',(0.,1.,0.));
#16441 = PCURVE('',#3208,#16442);
#16442 = DEFINITIONAL_REPRESENTATION('',(#16443),#16446);
#16443 = B_SPLINE_CURVE_WITH_KNOTS('',1,(#16444,#16445),.UNSPECIFIED.,
  .F.,.F.,(2,2),(0.,2.4),.PIECEWISE_BEZIER_KNOTS.);
#16444 = CARTESIAN_POINT('',(89.4,0.));
#16445 = CARTESIAN_POINT('',(89.4,-2.4));
#16446 = ( GEOMETRIC_REPRESENTATION_CONTEXT(2) 
PARAMETRIC_REPRESENTATION_CONTEXT() REPRESENTATION_CONTEXT('2D SPACE',''
  ) );
#16447 = PCURVE('',#3236,#16448);
#16448 = DEFINITIONAL_REPRESENTATION('',(#16449),#16452);
#16449 = B_SPLINE_CURVE_WITH_KNOTS('',1,(#16450,#16451),.UNSPECIFIED.,
  .F.,.F.,(2,2),(0.,2.4),.PIECEWISE_BEZIER_KNOTS.);
#16450 = CARTESIAN_POINT('',(112.4,0.));
#16451 = CARTESIAN_POINT('',(112.4,2.4));
#16452 = ( GEOMETRIC_REPRESENTATION_CONTEXT(2) 
PARAMETRIC_REPRESENTATION_CONTEXT() REPRESENTATION_CONTEXT('2D SPACE',''
  ) );
#16453 = ADVANCED_FACE('',(#16454),#3377,.T.);
#16454 = FACE_BOUND('',#16455,.T.);
#16455 = EDGE_LOOP('',(#16456,#16457,#16458,#16459));
#16456 = ORIENTED_EDGE('',*,*,#9590,.F.);
#16457 = ORIENTED_EDGE('',*,*,#13738,.T.);
#16458 = ORIENTED_EDGE('',*,*,#3363,.T.);
#16459 = ORIENTED_EDGE('',*,*,#16460,.F.);
#16460 = EDGE_CURVE('',#9568,#3336,#16461,.T.);
#16461 = SURFACE_CURVE('',#16462,(#16466,#16472),.PCURVE_S1.);
#16462 = LINE('',#16463,#16464);
#16463 = CARTESIAN_POINT('',(6.6,-17.1,-0.6));
#16464 = VECTOR('',#16465,1.);
#16465 = DIRECTION('',(0.,1.,0.));
#16466 = PCURVE('',#3377,#16467);
#16467 = DEFINITIONAL_REPRESENTATION('',(#16468),#16471);
#16468 = B_SPLINE_CURVE_WITH_KNOTS('',1,(#16469,#16470),.UNSPECIFIED.,
  .F.,.F.,(2,2),(0.,2.4),.PIECEWISE_BEZIER_KNOTS.);
#16469 = CARTESIAN_POINT('',(89.4,0.));
#16470 = CARTESIAN_POINT('',(89.4,-2.4));
#16471 = ( GEOMETRIC_REPRESENTATION_CONTEXT(2) 
PARAMETRIC_REPRESENTATION_CONTEXT() REPRESENTATION_CONTEXT('2D SPACE',''
  ) );
#16472 = PCURVE('',#3351,#16473);
#16473 = DEFINITIONAL_REPRESENTATION('',(#16474),#16477);
#16474 = B_SPLINE_CURVE_WITH_KNOTS('',1,(#16475,#16476),.UNSPECIFIED.,
  .F.,.F.,(2,2),(0.,2.4),.PIECEWISE_BEZIER_KNOTS.);
#16475 = CARTESIAN_POINT('',(101.6,0.));
#16476 = CARTESIAN_POINT('',(101.6,2.4));
#16477 = ( GEOMETRIC_REPRESENTATION_CONTEXT(2) 
PARAMETRIC_REPRESENTATION_CONTEXT() REPRESENTATION_CONTEXT('2D SPACE',''
  ) );
#16478 = ADVANCED_FACE('',(#16479),#3323,.F.);
#16479 = FACE_BOUND('',#16480,.F.);
#16480 = EDGE_LOOP('',(#16481,#16482,#16483,#16484));
#16481 = ORIENTED_EDGE('',*,*,#9544,.F.);
#16482 = ORIENTED_EDGE('',*,*,#13718,.T.);
#16483 = ORIENTED_EDGE('',*,*,#3307,.T.);
#16484 = ORIENTED_EDGE('',*,*,#16485,.F.);
#16485 = EDGE_CURVE('',#9545,#3308,#16486,.T.);
#16486 = SURFACE_CURVE('',#16487,(#16491,#16497),.PCURVE_S1.);
#16487 = LINE('',#16488,#16489);
#16488 = CARTESIAN_POINT('',(11.4,-17.1,-0.6));
#16489 = VECTOR('',#16490,1.);
#16490 = DIRECTION('',(0.,1.,0.));
#16491 = PCURVE('',#3323,#16492);
#16492 = DEFINITIONAL_REPRESENTATION('',(#16493),#16496);
#16493 = B_SPLINE_CURVE_WITH_KNOTS('',1,(#16494,#16495),.UNSPECIFIED.,
  .F.,.F.,(2,2),(0.,2.4),.PIECEWISE_BEZIER_KNOTS.);
#16494 = CARTESIAN_POINT('',(89.4,0.));
#16495 = CARTESIAN_POINT('',(89.4,-2.4));
#16496 = ( GEOMETRIC_REPRESENTATION_CONTEXT(2) 
PARAMETRIC_REPRESENTATION_CONTEXT() REPRESENTATION_CONTEXT('2D SPACE',''
  ) );
#16497 = PCURVE('',#3351,#16498);
#16498 = DEFINITIONAL_REPRESENTATION('',(#16499),#16502);
#16499 = B_SPLINE_CURVE_WITH_KNOTS('',1,(#16500,#16501),.UNSPECIFIED.,
  .F.,.F.,(2,2),(0.,2.4),.PIECEWISE_BEZIER_KNOTS.);
#16500 = CARTESIAN_POINT('',(106.4,0.));
#16501 = CARTESIAN_POINT('',(106.4,2.4));
#16502 = ( GEOMETRIC_REPRESENTATION_CONTEXT(2) 
PARAMETRIC_REPRESENTATION_CONTEXT() REPRESENTATION_CONTEXT('2D SPACE',''
  ) );
#16503 = ADVANCED_FACE('',(#16504),#3492,.T.);
#16504 = FACE_BOUND('',#16505,.T.);
#16505 = EDGE_LOOP('',(#16506,#16507,#16508,#16509));
#16506 = ORIENTED_EDGE('',*,*,#9685,.F.);
#16507 = ORIENTED_EDGE('',*,*,#13781,.T.);
#16508 = ORIENTED_EDGE('',*,*,#3478,.T.);
#16509 = ORIENTED_EDGE('',*,*,#16510,.F.);
#16510 = EDGE_CURVE('',#9663,#3451,#16511,.T.);
#16511 = SURFACE_CURVE('',#16512,(#16516,#16522),.PCURVE_S1.);
#16512 = LINE('',#16513,#16514);
#16513 = CARTESIAN_POINT('',(0.6,-17.1,-0.6));
#16514 = VECTOR('',#16515,1.);
#16515 = DIRECTION('',(0.,1.,0.));
#16516 = PCURVE('',#3492,#16517);
#16517 = DEFINITIONAL_REPRESENTATION('',(#16518),#16521);
#16518 = B_SPLINE_CURVE_WITH_KNOTS('',1,(#16519,#16520),.UNSPECIFIED.,
  .F.,.F.,(2,2),(0.,2.4),.PIECEWISE_BEZIER_KNOTS.);
#16519 = CARTESIAN_POINT('',(89.4,0.));
#16520 = CARTESIAN_POINT('',(89.4,-2.4));
#16521 = ( GEOMETRIC_REPRESENTATION_CONTEXT(2) 
PARAMETRIC_REPRESENTATION_CONTEXT() REPRESENTATION_CONTEXT('2D SPACE',''
  ) );
#16522 = PCURVE('',#3466,#16523);
#16523 = DEFINITIONAL_REPRESENTATION('',(#16524),#16527);
#16524 = B_SPLINE_CURVE_WITH_KNOTS('',1,(#16525,#16526),.UNSPECIFIED.,
  .F.,.F.,(2,2),(0.,2.4),.PIECEWISE_BEZIER_KNOTS.);
#16525 = CARTESIAN_POINT('',(95.6,0.));
#16526 = CARTESIAN_POINT('',(95.6,2.4));
#16527 = ( GEOMETRIC_REPRESENTATION_CONTEXT(2) 
PARAMETRIC_REPRESENTATION_CONTEXT() REPRESENTATION_CONTEXT('2D SPACE',''
  ) );
#16528 = ADVANCED_FACE('',(#16529),#3438,.F.);
#16529 = FACE_BOUND('',#16530,.F.);
#16530 = EDGE_LOOP('',(#16531,#16532,#16533,#16534));
#16531 = ORIENTED_EDGE('',*,*,#9639,.F.);
#16532 = ORIENTED_EDGE('',*,*,#13761,.T.);
#16533 = ORIENTED_EDGE('',*,*,#3422,.T.);
#16534 = ORIENTED_EDGE('',*,*,#16535,.F.);
#16535 = EDGE_CURVE('',#9640,#3423,#16536,.T.);
#16536 = SURFACE_CURVE('',#16537,(#16541,#16547),.PCURVE_S1.);
#16537 = LINE('',#16538,#16539);
#16538 = CARTESIAN_POINT('',(5.4,-17.1,-0.6));
#16539 = VECTOR('',#16540,1.);
#16540 = DIRECTION('',(0.,1.,0.));
#16541 = PCURVE('',#3438,#16542);
#16542 = DEFINITIONAL_REPRESENTATION('',(#16543),#16546);
#16543 = B_SPLINE_CURVE_WITH_KNOTS('',1,(#16544,#16545),.UNSPECIFIED.,
  .F.,.F.,(2,2),(0.,2.4),.PIECEWISE_BEZIER_KNOTS.);
#16544 = CARTESIAN_POINT('',(89.4,0.));
#16545 = CARTESIAN_POINT('',(89.4,-2.4));
#16546 = ( GEOMETRIC_REPRESENTATION_CONTEXT(2) 
PARAMETRIC_REPRESENTATION_CONTEXT() REPRESENTATION_CONTEXT('2D SPACE',''
  ) );
#16547 = PCURVE('',#3466,#16548);
#16548 = DEFINITIONAL_REPRESENTATION('',(#16549),#16552);
#16549 = B_SPLINE_CURVE_WITH_KNOTS('',1,(#16550,#16551),.UNSPECIFIED.,
  .F.,.F.,(2,2),(0.,2.4),.PIECEWISE_BEZIER_KNOTS.);
#16550 = CARTESIAN_POINT('',(100.4,0.));
#16551 = CARTESIAN_POINT('',(100.4,2.4));
#16552 = ( GEOMETRIC_REPRESENTATION_CONTEXT(2) 
PARAMETRIC_REPRESENTATION_CONTEXT() REPRESENTATION_CONTEXT('2D SPACE',''
  ) );
#16553 = ADVANCED_FACE('',(#16554),#3607,.T.);
#16554 = FACE_BOUND('',#16555,.T.);
#16555 = EDGE_LOOP('',(#16556,#16557,#16558,#16559));
#16556 = ORIENTED_EDGE('',*,*,#9780,.F.);
#16557 = ORIENTED_EDGE('',*,*,#13803,.T.);
#16558 = ORIENTED_EDGE('',*,*,#3593,.T.);
#16559 = ORIENTED_EDGE('',*,*,#16560,.F.);
#16560 = EDGE_CURVE('',#9758,#3566,#16561,.T.);
#16561 = SURFACE_CURVE('',#16562,(#16566,#16572),.PCURVE_S1.);
#16562 = LINE('',#16563,#16564);
#16563 = CARTESIAN_POINT('',(-5.4,-17.1,-0.6));
#16564 = VECTOR('',#16565,1.);
#16565 = DIRECTION('',(0.,1.,0.));
#16566 = PCURVE('',#3607,#16567);
#16567 = DEFINITIONAL_REPRESENTATION('',(#16568),#16571);
#16568 = B_SPLINE_CURVE_WITH_KNOTS('',1,(#16569,#16570),.UNSPECIFIED.,
  .F.,.F.,(2,2),(0.,2.4),.PIECEWISE_BEZIER_KNOTS.);
#16569 = CARTESIAN_POINT('',(89.4,0.));
#16570 = CARTESIAN_POINT('',(89.4,-2.4));
#16571 = ( GEOMETRIC_REPRESENTATION_CONTEXT(2) 
PARAMETRIC_REPRESENTATION_CONTEXT() REPRESENTATION_CONTEXT('2D SPACE',''
  ) );
#16572 = PCURVE('',#3581,#16573);
#16573 = DEFINITIONAL_REPRESENTATION('',(#16574),#16577);
#16574 = B_SPLINE_CURVE_WITH_KNOTS('',1,(#16575,#16576),.UNSPECIFIED.,
  .F.,.F.,(2,2),(0.,2.4),.PIECEWISE_BEZIER_KNOTS.);
#16575 = CARTESIAN_POINT('',(89.6,0.));
#16576 = CARTESIAN_POINT('',(89.6,2.4));
#16577 = ( GEOMETRIC_REPRESENTATION_CONTEXT(2) 
PARAMETRIC_REPRESENTATION_CONTEXT() REPRESENTATION_CONTEXT('2D SPACE',''
  ) );
#16578 = ADVANCED_FACE('',(#16579),#3553,.F.);
#16579 = FACE_BOUND('',#16580,.F.);
#16580 = EDGE_LOOP('',(#16581,#16582,#16583,#16584));
#16581 = ORIENTED_EDGE('',*,*,#9734,.F.);
#16582 = ORIENTED_EDGE('',*,*,#13823,.T.);
#16583 = ORIENTED_EDGE('',*,*,#3537,.T.);
#16584 = ORIENTED_EDGE('',*,*,#16585,.F.);
#16585 = EDGE_CURVE('',#9735,#3538,#16586,.T.);
#16586 = SURFACE_CURVE('',#16587,(#16591,#16597),.PCURVE_S1.);
#16587 = LINE('',#16588,#16589);
#16588 = CARTESIAN_POINT('',(-0.6,-17.1,-0.6));
#16589 = VECTOR('',#16590,1.);
#16590 = DIRECTION('',(0.,1.,0.));
#16591 = PCURVE('',#3553,#16592);
#16592 = DEFINITIONAL_REPRESENTATION('',(#16593),#16596);
#16593 = B_SPLINE_CURVE_WITH_KNOTS('',1,(#16594,#16595),.UNSPECIFIED.,
  .F.,.F.,(2,2),(0.,2.4),.PIECEWISE_BEZIER_KNOTS.);
#16594 = CARTESIAN_POINT('',(89.4,0.));
#16595 = CARTESIAN_POINT('',(89.4,-2.4));
#16596 = ( GEOMETRIC_REPRESENTATION_CONTEXT(2) 
PARAMETRIC_REPRESENTATION_CONTEXT() REPRESENTATION_CONTEXT('2D SPACE',''
  ) );
#16597 = PCURVE('',#3581,#16598);
#16598 = DEFINITIONAL_REPRESENTATION('',(#16599),#16602);
#16599 = B_SPLINE_CURVE_WITH_KNOTS('',1,(#16600,#16601),.UNSPECIFIED.,
  .F.,.F.,(2,2),(0.,2.4),.PIECEWISE_BEZIER_KNOTS.);
#16600 = CARTESIAN_POINT('',(94.4,0.));
#16601 = CARTESIAN_POINT('',(94.4,2.4));
#16602 = ( GEOMETRIC_REPRESENTATION_CONTEXT(2) 
PARAMETRIC_REPRESENTATION_CONTEXT() REPRESENTATION_CONTEXT('2D SPACE',''
  ) );
#16603 = ADVANCED_FACE('',(#16604),#3722,.T.);
#16604 = FACE_BOUND('',#16605,.T.);
#16605 = EDGE_LOOP('',(#16606,#16607,#16608,#16609));
#16606 = ORIENTED_EDGE('',*,*,#9875,.F.);
#16607 = ORIENTED_EDGE('',*,*,#13846,.T.);
#16608 = ORIENTED_EDGE('',*,*,#3708,.T.);
#16609 = ORIENTED_EDGE('',*,*,#16610,.F.);
#16610 = EDGE_CURVE('',#9853,#3681,#16611,.T.);
#16611 = SURFACE_CURVE('',#16612,(#16616,#16622),.PCURVE_S1.);
#16612 = LINE('',#16613,#16614);
#16613 = CARTESIAN_POINT('',(-11.4,-17.1,-0.6));
#16614 = VECTOR('',#16615,1.);
#16615 = DIRECTION('',(0.,1.,0.));
#16616 = PCURVE('',#3722,#16617);
#16617 = DEFINITIONAL_REPRESENTATION('',(#16618),#16621);
#16618 = B_SPLINE_CURVE_WITH_KNOTS('',1,(#16619,#16620),.UNSPECIFIED.,
  .F.,.F.,(2,2),(0.,2.4),.PIECEWISE_BEZIER_KNOTS.);
#16619 = CARTESIAN_POINT('',(89.4,0.));
#16620 = CARTESIAN_POINT('',(89.4,-2.4));
#16621 = ( GEOMETRIC_REPRESENTATION_CONTEXT(2) 
PARAMETRIC_REPRESENTATION_CONTEXT() REPRESENTATION_CONTEXT('2D SPACE',''
  ) );
#16622 = PCURVE('',#3696,#16623);
#16623 = DEFINITIONAL_REPRESENTATION('',(#16624),#16627);
#16624 = B_SPLINE_CURVE_WITH_KNOTS('',1,(#16625,#16626),.UNSPECIFIED.,
  .F.,.F.,(2,2),(0.,2.4),.PIECEWISE_BEZIER_KNOTS.);
#16625 = CARTESIAN_POINT('',(83.6,0.));
#16626 = CARTESIAN_POINT('',(83.6,2.4));
#16627 = ( GEOMETRIC_REPRESENTATION_CONTEXT(2) 
PARAMETRIC_REPRESENTATION_CONTEXT() REPRESENTATION_CONTEXT('2D SPACE',''
  ) );
#16628 = ADVANCED_FACE('',(#16629),#3668,.F.);
#16629 = FACE_BOUND('',#16630,.F.);
#16630 = EDGE_LOOP('',(#16631,#16632,#16633,#16634));
#16631 = ORIENTED_EDGE('',*,*,#9829,.F.);
#16632 = ORIENTED_EDGE('',*,*,#13866,.T.);
#16633 = ORIENTED_EDGE('',*,*,#3652,.T.);
#16634 = ORIENTED_EDGE('',*,*,#16635,.F.);
#16635 = EDGE_CURVE('',#9830,#3653,#16636,.T.);
#16636 = SURFACE_CURVE('',#16637,(#16641,#16647),.PCURVE_S1.);
#16637 = LINE('',#16638,#16639);
#16638 = CARTESIAN_POINT('',(-6.6,-17.1,-0.6));
#16639 = VECTOR('',#16640,1.);
#16640 = DIRECTION('',(0.,1.,0.));
#16641 = PCURVE('',#3668,#16642);
#16642 = DEFINITIONAL_REPRESENTATION('',(#16643),#16646);
#16643 = B_SPLINE_CURVE_WITH_KNOTS('',1,(#16644,#16645),.UNSPECIFIED.,
  .F.,.F.,(2,2),(0.,2.4),.PIECEWISE_BEZIER_KNOTS.);
#16644 = CARTESIAN_POINT('',(89.4,0.));
#16645 = CARTESIAN_POINT('',(89.4,-2.4));
#16646 = ( GEOMETRIC_REPRESENTATION_CONTEXT(2) 
PARAMETRIC_REPRESENTATION_CONTEXT() REPRESENTATION_CONTEXT('2D SPACE',''
  ) );
#16647 = PCURVE('',#3696,#16648);
#16648 = DEFINITIONAL_REPRESENTATION('',(#16649),#16652);
#16649 = B_SPLINE_CURVE_WITH_KNOTS('',1,(#16650,#16651),.UNSPECIFIED.,
  .F.,.F.,(2,2),(0.,2.4),.PIECEWISE_BEZIER_KNOTS.);
#16650 = CARTESIAN_POINT('',(88.4,0.));
#16651 = CARTESIAN_POINT('',(88.4,2.4));
#16652 = ( GEOMETRIC_REPRESENTATION_CONTEXT(2) 
PARAMETRIC_REPRESENTATION_CONTEXT() REPRESENTATION_CONTEXT('2D SPACE',''
  ) );
#16653 = ADVANCED_FACE('',(#16654),#3837,.T.);
#16654 = FACE_BOUND('',#16655,.T.);
#16655 = EDGE_LOOP('',(#16656,#16657,#16658,#16659));
#16656 = ORIENTED_EDGE('',*,*,#9970,.F.);
#16657 = ORIENTED_EDGE('',*,*,#13889,.T.);
#16658 = ORIENTED_EDGE('',*,*,#3823,.T.);
#16659 = ORIENTED_EDGE('',*,*,#16660,.F.);
#16660 = EDGE_CURVE('',#9948,#3796,#16661,.T.);
#16661 = SURFACE_CURVE('',#16662,(#16666,#16672),.PCURVE_S1.);
#16662 = LINE('',#16663,#16664);
#16663 = CARTESIAN_POINT('',(-17.4,-17.1,-0.6));
#16664 = VECTOR('',#16665,1.);
#16665 = DIRECTION('',(0.,1.,0.));
#16666 = PCURVE('',#3837,#16667);
#16667 = DEFINITIONAL_REPRESENTATION('',(#16668),#16671);
#16668 = B_SPLINE_CURVE_WITH_KNOTS('',1,(#16669,#16670),.UNSPECIFIED.,
  .F.,.F.,(2,2),(0.,2.4),.PIECEWISE_BEZIER_KNOTS.);
#16669 = CARTESIAN_POINT('',(89.4,0.));
#16670 = CARTESIAN_POINT('',(89.4,-2.4));
#16671 = ( GEOMETRIC_REPRESENTATION_CONTEXT(2) 
PARAMETRIC_REPRESENTATION_CONTEXT() REPRESENTATION_CONTEXT('2D SPACE',''
  ) );
#16672 = PCURVE('',#3811,#16673);
#16673 = DEFINITIONAL_REPRESENTATION('',(#16674),#16677);
#16674 = B_SPLINE_CURVE_WITH_KNOTS('',1,(#16675,#16676),.UNSPECIFIED.,
  .F.,.F.,(2,2),(0.,2.4),.PIECEWISE_BEZIER_KNOTS.);
#16675 = CARTESIAN_POINT('',(77.6,0.));
#16676 = CARTESIAN_POINT('',(77.6,2.4));
#16677 = ( GEOMETRIC_REPRESENTATION_CONTEXT(2) 
PARAMETRIC_REPRESENTATION_CONTEXT() REPRESENTATION_CONTEXT('2D SPACE',''
  ) );
#16678 = ADVANCED_FACE('',(#16679),#3783,.F.);
#16679 = FACE_BOUND('',#16680,.F.);
#16680 = EDGE_LOOP('',(#16681,#16682,#16683,#16684));
#16681 = ORIENTED_EDGE('',*,*,#9924,.F.);
#16682 = ORIENTED_EDGE('',*,*,#13909,.T.);
#16683 = ORIENTED_EDGE('',*,*,#3767,.T.);
#16684 = ORIENTED_EDGE('',*,*,#16685,.F.);
#16685 = EDGE_CURVE('',#9925,#3768,#16686,.T.);
#16686 = SURFACE_CURVE('',#16687,(#16691,#16697),.PCURVE_S1.);
#16687 = LINE('',#16688,#16689);
#16688 = CARTESIAN_POINT('',(-12.6,-17.1,-0.6));
#16689 = VECTOR('',#16690,1.);
#16690 = DIRECTION('',(0.,1.,0.));
#16691 = PCURVE('',#3783,#16692);
#16692 = DEFINITIONAL_REPRESENTATION('',(#16693),#16696);
#16693 = B_SPLINE_CURVE_WITH_KNOTS('',1,(#16694,#16695),.UNSPECIFIED.,
  .F.,.F.,(2,2),(0.,2.4),.PIECEWISE_BEZIER_KNOTS.);
#16694 = CARTESIAN_POINT('',(89.4,0.));
#16695 = CARTESIAN_POINT('',(89.4,-2.4));
#16696 = ( GEOMETRIC_REPRESENTATION_CONTEXT(2) 
PARAMETRIC_REPRESENTATION_CONTEXT() REPRESENTATION_CONTEXT('2D SPACE',''
  ) );
#16697 = PCURVE('',#3811,#16698);
#16698 = DEFINITIONAL_REPRESENTATION('',(#16699),#16702);
#16699 = B_SPLINE_CURVE_WITH_KNOTS('',1,(#16700,#16701),.UNSPECIFIED.,
  .F.,.F.,(2,2),(0.,2.4),.PIECEWISE_BEZIER_KNOTS.);
#16700 = CARTESIAN_POINT('',(82.4,0.));
#16701 = CARTESIAN_POINT('',(82.4,2.4));
#16702 = ( GEOMETRIC_REPRESENTATION_CONTEXT(2) 
PARAMETRIC_REPRESENTATION_CONTEXT() REPRESENTATION_CONTEXT('2D SPACE',''
  ) );
#16703 = ADVANCED_FACE('',(#16704),#3952,.T.);
#16704 = FACE_BOUND('',#16705,.T.);
#16705 = EDGE_LOOP('',(#16706,#16707,#16708,#16709));
#16706 = ORIENTED_EDGE('',*,*,#10065,.F.);
#16707 = ORIENTED_EDGE('',*,*,#13932,.T.);
#16708 = ORIENTED_EDGE('',*,*,#3938,.T.);
#16709 = ORIENTED_EDGE('',*,*,#16710,.F.);
#16710 = EDGE_CURVE('',#10043,#3911,#16711,.T.);
#16711 = SURFACE_CURVE('',#16712,(#16716,#16722),.PCURVE_S1.);
#16712 = LINE('',#16713,#16714);
#16713 = CARTESIAN_POINT('',(-23.4,-17.1,-0.6));
#16714 = VECTOR('',#16715,1.);
#16715 = DIRECTION('',(0.,1.,0.));
#16716 = PCURVE('',#3952,#16717);
#16717 = DEFINITIONAL_REPRESENTATION('',(#16718),#16721);
#16718 = B_SPLINE_CURVE_WITH_KNOTS('',1,(#16719,#16720),.UNSPECIFIED.,
  .F.,.F.,(2,2),(0.,2.4),.PIECEWISE_BEZIER_KNOTS.);
#16719 = CARTESIAN_POINT('',(89.4,0.));
#16720 = CARTESIAN_POINT('',(89.4,-2.4));
#16721 = ( GEOMETRIC_REPRESENTATION_CONTEXT(2) 
PARAMETRIC_REPRESENTATION_CONTEXT() REPRESENTATION_CONTEXT('2D SPACE',''
  ) );
#16722 = PCURVE('',#3926,#16723);
#16723 = DEFINITIONAL_REPRESENTATION('',(#16724),#16727);
#16724 = B_SPLINE_CURVE_WITH_KNOTS('',1,(#16725,#16726),.UNSPECIFIED.,
  .F.,.F.,(2,2),(0.,2.4),.PIECEWISE_BEZIER_KNOTS.);
#16725 = CARTESIAN_POINT('',(71.6,0.));
#16726 = CARTESIAN_POINT('',(71.6,2.4));
#16727 = ( GEOMETRIC_REPRESENTATION_CONTEXT(2) 
PARAMETRIC_REPRESENTATION_CONTEXT() REPRESENTATION_CONTEXT('2D SPACE',''
  ) );
#16728 = ADVANCED_FACE('',(#16729),#3898,.F.);
#16729 = FACE_BOUND('',#16730,.F.);
#16730 = EDGE_LOOP('',(#16731,#16732,#16733,#16734));
#16731 = ORIENTED_EDGE('',*,*,#10019,.F.);
#16732 = ORIENTED_EDGE('',*,*,#13952,.T.);
#16733 = ORIENTED_EDGE('',*,*,#3882,.T.);
#16734 = ORIENTED_EDGE('',*,*,#16735,.F.);
#16735 = EDGE_CURVE('',#10020,#3883,#16736,.T.);
#16736 = SURFACE_CURVE('',#16737,(#16741,#16747),.PCURVE_S1.);
#16737 = LINE('',#16738,#16739);
#16738 = CARTESIAN_POINT('',(-18.6,-17.1,-0.6));
#16739 = VECTOR('',#16740,1.);
#16740 = DIRECTION('',(0.,1.,0.));
#16741 = PCURVE('',#3898,#16742);
#16742 = DEFINITIONAL_REPRESENTATION('',(#16743),#16746);
#16743 = B_SPLINE_CURVE_WITH_KNOTS('',1,(#16744,#16745),.UNSPECIFIED.,
  .F.,.F.,(2,2),(0.,2.4),.PIECEWISE_BEZIER_KNOTS.);
#16744 = CARTESIAN_POINT('',(89.4,0.));
#16745 = CARTESIAN_POINT('',(89.4,-2.4));
#16746 = ( GEOMETRIC_REPRESENTATION_CONTEXT(2) 
PARAMETRIC_REPRESENTATION_CONTEXT() REPRESENTATION_CONTEXT('2D SPACE',''
  ) );
#16747 = PCURVE('',#3926,#16748);
#16748 = DEFINITIONAL_REPRESENTATION('',(#16749),#16752);
#16749 = B_SPLINE_CURVE_WITH_KNOTS('',1,(#16750,#16751),.UNSPECIFIED.,
  .F.,.F.,(2,2),(0.,2.4),.PIECEWISE_BEZIER_KNOTS.);
#16750 = CARTESIAN_POINT('',(76.4,0.));
#16751 = CARTESIAN_POINT('',(76.4,2.4));
#16752 = ( GEOMETRIC_REPRESENTATION_CONTEXT(2) 
PARAMETRIC_REPRESENTATION_CONTEXT() REPRESENTATION_CONTEXT('2D SPACE',''
  ) );
#16753 = ADVANCED_FACE('',(#16754),#4067,.T.);
#16754 = FACE_BOUND('',#16755,.T.);
#16755 = EDGE_LOOP('',(#16756,#16757,#16758,#16759));
#16756 = ORIENTED_EDGE('',*,*,#10160,.F.);
#16757 = ORIENTED_EDGE('',*,*,#13975,.T.);
#16758 = ORIENTED_EDGE('',*,*,#4053,.T.);
#16759 = ORIENTED_EDGE('',*,*,#16760,.F.);
#16760 = EDGE_CURVE('',#10138,#4026,#16761,.T.);
#16761 = SURFACE_CURVE('',#16762,(#16766,#16772),.PCURVE_S1.);
#16762 = LINE('',#16763,#16764);
#16763 = CARTESIAN_POINT('',(-29.4,-17.1,-0.6));
#16764 = VECTOR('',#16765,1.);
#16765 = DIRECTION('',(0.,1.,0.));
#16766 = PCURVE('',#4067,#16767);
#16767 = DEFINITIONAL_REPRESENTATION('',(#16768),#16771);
#16768 = B_SPLINE_CURVE_WITH_KNOTS('',1,(#16769,#16770),.UNSPECIFIED.,
  .F.,.F.,(2,2),(0.,2.4),.PIECEWISE_BEZIER_KNOTS.);
#16769 = CARTESIAN_POINT('',(89.4,0.));
#16770 = CARTESIAN_POINT('',(89.4,-2.4));
#16771 = ( GEOMETRIC_REPRESENTATION_CONTEXT(2) 
PARAMETRIC_REPRESENTATION_CONTEXT() REPRESENTATION_CONTEXT('2D SPACE',''
  ) );
#16772 = PCURVE('',#4041,#16773);
#16773 = DEFINITIONAL_REPRESENTATION('',(#16774),#16777);
#16774 = B_SPLINE_CURVE_WITH_KNOTS('',1,(#16775,#16776),.UNSPECIFIED.,
  .F.,.F.,(2,2),(0.,2.4),.PIECEWISE_BEZIER_KNOTS.);
#16775 = CARTESIAN_POINT('',(65.6,0.));
#16776 = CARTESIAN_POINT('',(65.6,2.4));
#16777 = ( GEOMETRIC_REPRESENTATION_CONTEXT(2) 
PARAMETRIC_REPRESENTATION_CONTEXT() REPRESENTATION_CONTEXT('2D SPACE',''
  ) );
#16778 = ADVANCED_FACE('',(#16779),#4013,.F.);
#16779 = FACE_BOUND('',#16780,.F.);
#16780 = EDGE_LOOP('',(#16781,#16782,#16783,#16784));
#16781 = ORIENTED_EDGE('',*,*,#10114,.F.);
#16782 = ORIENTED_EDGE('',*,*,#13995,.T.);
#16783 = ORIENTED_EDGE('',*,*,#3997,.T.);
#16784 = ORIENTED_EDGE('',*,*,#16785,.F.);
#16785 = EDGE_CURVE('',#10115,#3998,#16786,.T.);
#16786 = SURFACE_CURVE('',#16787,(#16791,#16797),.PCURVE_S1.);
#16787 = LINE('',#16788,#16789);
#16788 = CARTESIAN_POINT('',(-24.6,-17.1,-0.6));
#16789 = VECTOR('',#16790,1.);
#16790 = DIRECTION('',(0.,1.,0.));
#16791 = PCURVE('',#4013,#16792);
#16792 = DEFINITIONAL_REPRESENTATION('',(#16793),#16796);
#16793 = B_SPLINE_CURVE_WITH_KNOTS('',1,(#16794,#16795),.UNSPECIFIED.,
  .F.,.F.,(2,2),(0.,2.4),.PIECEWISE_BEZIER_KNOTS.);
#16794 = CARTESIAN_POINT('',(89.4,0.));
#16795 = CARTESIAN_POINT('',(89.4,-2.4));
#16796 = ( GEOMETRIC_REPRESENTATION_CONTEXT(2) 
PARAMETRIC_REPRESENTATION_CONTEXT() REPRESENTATION_CONTEXT('2D SPACE',''
  ) );
#16797 = PCURVE('',#4041,#16798);
#16798 = DEFINITIONAL_REPRESENTATION('',(#16799),#16802);
#16799 = B_SPLINE_CURVE_WITH_KNOTS('',1,(#16800,#16801),.UNSPECIFIED.,
  .F.,.F.,(2,2),(0.,2.4),.PIECEWISE_BEZIER_KNOTS.);
#16800 = CARTESIAN_POINT('',(70.4,0.));
#16801 = CARTESIAN_POINT('',(70.4,2.4));
#16802 = ( GEOMETRIC_REPRESENTATION_CONTEXT(2) 
PARAMETRIC_REPRESENTATION_CONTEXT() REPRESENTATION_CONTEXT('2D SPACE',''
  ) );
#16803 = ADVANCED_FACE('',(#16804),#4182,.T.);
#16804 = FACE_BOUND('',#16805,.T.);
#16805 = EDGE_LOOP('',(#16806,#16807,#16808,#16809));
#16806 = ORIENTED_EDGE('',*,*,#10255,.F.);
#16807 = ORIENTED_EDGE('',*,*,#14018,.T.);
#16808 = ORIENTED_EDGE('',*,*,#4168,.T.);
#16809 = ORIENTED_EDGE('',*,*,#16810,.F.);
#16810 = EDGE_CURVE('',#10233,#4141,#16811,.T.);
#16811 = SURFACE_CURVE('',#16812,(#16816,#16822),.PCURVE_S1.);
#16812 = LINE('',#16813,#16814);
#16813 = CARTESIAN_POINT('',(-35.4,-17.1,-0.6));
#16814 = VECTOR('',#16815,1.);
#16815 = DIRECTION('',(0.,1.,0.));
#16816 = PCURVE('',#4182,#16817);
#16817 = DEFINITIONAL_REPRESENTATION('',(#16818),#16821);
#16818 = B_SPLINE_CURVE_WITH_KNOTS('',1,(#16819,#16820),.UNSPECIFIED.,
  .F.,.F.,(2,2),(0.,2.4),.PIECEWISE_BEZIER_KNOTS.);
#16819 = CARTESIAN_POINT('',(89.4,0.));
#16820 = CARTESIAN_POINT('',(89.4,-2.4));
#16821 = ( GEOMETRIC_REPRESENTATION_CONTEXT(2) 
PARAMETRIC_REPRESENTATION_CONTEXT() REPRESENTATION_CONTEXT('2D SPACE',''
  ) );
#16822 = PCURVE('',#4156,#16823);
#16823 = DEFINITIONAL_REPRESENTATION('',(#16824),#16827);
#16824 = B_SPLINE_CURVE_WITH_KNOTS('',1,(#16825,#16826),.UNSPECIFIED.,
  .F.,.F.,(2,2),(0.,2.4),.PIECEWISE_BEZIER_KNOTS.);
#16825 = CARTESIAN_POINT('',(59.6,0.));
#16826 = CARTESIAN_POINT('',(59.6,2.4));
#16827 = ( GEOMETRIC_REPRESENTATION_CONTEXT(2) 
PARAMETRIC_REPRESENTATION_CONTEXT() REPRESENTATION_CONTEXT('2D SPACE',''
  ) );
#16828 = ADVANCED_FACE('',(#16829),#4128,.F.);
#16829 = FACE_BOUND('',#16830,.F.);
#16830 = EDGE_LOOP('',(#16831,#16832,#16833,#16834));
#16831 = ORIENTED_EDGE('',*,*,#10209,.F.);
#16832 = ORIENTED_EDGE('',*,*,#14038,.T.);
#16833 = ORIENTED_EDGE('',*,*,#4112,.T.);
#16834 = ORIENTED_EDGE('',*,*,#16835,.F.);
#16835 = EDGE_CURVE('',#10210,#4113,#16836,.T.);
#16836 = SURFACE_CURVE('',#16837,(#16841,#16847),.PCURVE_S1.);
#16837 = LINE('',#16838,#16839);
#16838 = CARTESIAN_POINT('',(-30.6,-17.1,-0.6));
#16839 = VECTOR('',#16840,1.);
#16840 = DIRECTION('',(0.,1.,0.));
#16841 = PCURVE('',#4128,#16842);
#16842 = DEFINITIONAL_REPRESENTATION('',(#16843),#16846);
#16843 = B_SPLINE_CURVE_WITH_KNOTS('',1,(#16844,#16845),.UNSPECIFIED.,
  .F.,.F.,(2,2),(0.,2.4),.PIECEWISE_BEZIER_KNOTS.);
#16844 = CARTESIAN_POINT('',(89.4,0.));
#16845 = CARTESIAN_POINT('',(89.4,-2.4));
#16846 = ( GEOMETRIC_REPRESENTATION_CONTEXT(2) 
PARAMETRIC_REPRESENTATION_CONTEXT() REPRESENTATION_CONTEXT('2D SPACE',''
  ) );
#16847 = PCURVE('',#4156,#16848);
#16848 = DEFINITIONAL_REPRESENTATION('',(#16849),#16852);
#16849 = B_SPLINE_CURVE_WITH_KNOTS('',1,(#16850,#16851),.UNSPECIFIED.,
  .F.,.F.,(2,2),(0.,2.4),.PIECEWISE_BEZIER_KNOTS.);
#16850 = CARTESIAN_POINT('',(64.4,0.));
#16851 = CARTESIAN_POINT('',(64.4,2.4));
#16852 = ( GEOMETRIC_REPRESENTATION_CONTEXT(2) 
PARAMETRIC_REPRESENTATION_CONTEXT() REPRESENTATION_CONTEXT('2D SPACE',''
  ) );
#16853 = ADVANCED_FACE('',(#16854),#4297,.T.);
#16854 = FACE_BOUND('',#16855,.T.);
#16855 = EDGE_LOOP('',(#16856,#16857,#16858,#16859));
#16856 = ORIENTED_EDGE('',*,*,#10350,.F.);
#16857 = ORIENTED_EDGE('',*,*,#14061,.T.);
#16858 = ORIENTED_EDGE('',*,*,#4283,.T.);
#16859 = ORIENTED_EDGE('',*,*,#16860,.F.);
#16860 = EDGE_CURVE('',#10328,#4256,#16861,.T.);
#16861 = SURFACE_CURVE('',#16862,(#16866,#16872),.PCURVE_S1.);
#16862 = LINE('',#16863,#16864);
#16863 = CARTESIAN_POINT('',(-41.4,-17.1,-0.6));
#16864 = VECTOR('',#16865,1.);
#16865 = DIRECTION('',(0.,1.,0.));
#16866 = PCURVE('',#4297,#16867);
#16867 = DEFINITIONAL_REPRESENTATION('',(#16868),#16871);
#16868 = B_SPLINE_CURVE_WITH_KNOTS('',1,(#16869,#16870),.UNSPECIFIED.,
  .F.,.F.,(2,2),(0.,2.4),.PIECEWISE_BEZIER_KNOTS.);
#16869 = CARTESIAN_POINT('',(89.4,0.));
#16870 = CARTESIAN_POINT('',(89.4,-2.4));
#16871 = ( GEOMETRIC_REPRESENTATION_CONTEXT(2) 
PARAMETRIC_REPRESENTATION_CONTEXT() REPRESENTATION_CONTEXT('2D SPACE',''
  ) );
#16872 = PCURVE('',#4271,#16873);
#16873 = DEFINITIONAL_REPRESENTATION('',(#16874),#16877);
#16874 = B_SPLINE_CURVE_WITH_KNOTS('',1,(#16875,#16876),.UNSPECIFIED.,
  .F.,.F.,(2,2),(0.,2.4),.PIECEWISE_BEZIER_KNOTS.);
#16875 = CARTESIAN_POINT('',(53.6,0.));
#16876 = CARTESIAN_POINT('',(53.6,2.4));
#16877 = ( GEOMETRIC_REPRESENTATION_CONTEXT(2) 
PARAMETRIC_REPRESENTATION_CONTEXT() REPRESENTATION_CONTEXT('2D SPACE',''
  ) );
#16878 = ADVANCED_FACE('',(#16879),#4243,.F.);
#16879 = FACE_BOUND('',#16880,.F.);
#16880 = EDGE_LOOP('',(#16881,#16882,#16883,#16884));
#16881 = ORIENTED_EDGE('',*,*,#10304,.F.);
#16882 = ORIENTED_EDGE('',*,*,#14081,.T.);
#16883 = ORIENTED_EDGE('',*,*,#4227,.T.);
#16884 = ORIENTED_EDGE('',*,*,#16885,.F.);
#16885 = EDGE_CURVE('',#10305,#4228,#16886,.T.);
#16886 = SURFACE_CURVE('',#16887,(#16891,#16897),.PCURVE_S1.);
#16887 = LINE('',#16888,#16889);
#16888 = CARTESIAN_POINT('',(-36.6,-17.1,-0.6));
#16889 = VECTOR('',#16890,1.);
#16890 = DIRECTION('',(0.,1.,0.));
#16891 = PCURVE('',#4243,#16892);
#16892 = DEFINITIONAL_REPRESENTATION('',(#16893),#16896);
#16893 = B_SPLINE_CURVE_WITH_KNOTS('',1,(#16894,#16895),.UNSPECIFIED.,
  .F.,.F.,(2,2),(0.,2.4),.PIECEWISE_BEZIER_KNOTS.);
#16894 = CARTESIAN_POINT('',(89.4,0.));
#16895 = CARTESIAN_POINT('',(89.4,-2.4));
#16896 = ( GEOMETRIC_REPRESENTATION_CONTEXT(2) 
PARAMETRIC_REPRESENTATION_CONTEXT() REPRESENTATION_CONTEXT('2D SPACE',''
  ) );
#16897 = PCURVE('',#4271,#16898);
#16898 = DEFINITIONAL_REPRESENTATION('',(#16899),#16902);
#16899 = B_SPLINE_CURVE_WITH_KNOTS('',1,(#16900,#16901),.UNSPECIFIED.,
  .F.,.F.,(2,2),(0.,2.4),.PIECEWISE_BEZIER_KNOTS.);
#16900 = CARTESIAN_POINT('',(58.4,0.));
#16901 = CARTESIAN_POINT('',(58.4,2.4));
#16902 = ( GEOMETRIC_REPRESENTATION_CONTEXT(2) 
PARAMETRIC_REPRESENTATION_CONTEXT() REPRESENTATION_CONTEXT('2D SPACE',''
  ) );
#16903 = ADVANCED_FACE('',(#16904),#4412,.T.);
#16904 = FACE_BOUND('',#16905,.T.);
#16905 = EDGE_LOOP('',(#16906,#16907,#16908,#16909));
#16906 = ORIENTED_EDGE('',*,*,#10445,.F.);
#16907 = ORIENTED_EDGE('',*,*,#14104,.T.);
#16908 = ORIENTED_EDGE('',*,*,#4398,.T.);
#16909 = ORIENTED_EDGE('',*,*,#16910,.F.);
#16910 = EDGE_CURVE('',#10423,#4371,#16911,.T.);
#16911 = SURFACE_CURVE('',#16912,(#16916,#16922),.PCURVE_S1.);
#16912 = LINE('',#16913,#16914);
#16913 = CARTESIAN_POINT('',(-47.4,-17.1,-0.6));
#16914 = VECTOR('',#16915,1.);
#16915 = DIRECTION('',(0.,1.,0.));
#16916 = PCURVE('',#4412,#16917);
#16917 = DEFINITIONAL_REPRESENTATION('',(#16918),#16921);
#16918 = B_SPLINE_CURVE_WITH_KNOTS('',1,(#16919,#16920),.UNSPECIFIED.,
  .F.,.F.,(2,2),(0.,2.4),.PIECEWISE_BEZIER_KNOTS.);
#16919 = CARTESIAN_POINT('',(89.4,0.));
#16920 = CARTESIAN_POINT('',(89.4,-2.4));
#16921 = ( GEOMETRIC_REPRESENTATION_CONTEXT(2) 
PARAMETRIC_REPRESENTATION_CONTEXT() REPRESENTATION_CONTEXT('2D SPACE',''
  ) );
#16922 = PCURVE('',#4386,#16923);
#16923 = DEFINITIONAL_REPRESENTATION('',(#16924),#16927);
#16924 = B_SPLINE_CURVE_WITH_KNOTS('',1,(#16925,#16926),.UNSPECIFIED.,
  .F.,.F.,(2,2),(0.,2.4),.PIECEWISE_BEZIER_KNOTS.);
#16925 = CARTESIAN_POINT('',(47.6,0.));
#16926 = CARTESIAN_POINT('',(47.6,2.4));
#16927 = ( GEOMETRIC_REPRESENTATION_CONTEXT(2) 
PARAMETRIC_REPRESENTATION_CONTEXT() REPRESENTATION_CONTEXT('2D SPACE',''
  ) );
#16928 = ADVANCED_FACE('',(#16929),#4358,.F.);
#16929 = FACE_BOUND('',#16930,.F.);
#16930 = EDGE_LOOP('',(#16931,#16932,#16933,#16934));
#16931 = ORIENTED_EDGE('',*,*,#10399,.F.);
#16932 = ORIENTED_EDGE('',*,*,#14124,.T.);
#16933 = ORIENTED_EDGE('',*,*,#4342,.T.);
#16934 = ORIENTED_EDGE('',*,*,#16935,.F.);
#16935 = EDGE_CURVE('',#10400,#4343,#16936,.T.);
#16936 = SURFACE_CURVE('',#16937,(#16941,#16947),.PCURVE_S1.);
#16937 = LINE('',#16938,#16939);
#16938 = CARTESIAN_POINT('',(-42.6,-17.1,-0.6));
#16939 = VECTOR('',#16940,1.);
#16940 = DIRECTION('',(0.,1.,0.));
#16941 = PCURVE('',#4358,#16942);
#16942 = DEFINITIONAL_REPRESENTATION('',(#16943),#16946);
#16943 = B_SPLINE_CURVE_WITH_KNOTS('',1,(#16944,#16945),.UNSPECIFIED.,
  .F.,.F.,(2,2),(0.,2.4),.PIECEWISE_BEZIER_KNOTS.);
#16944 = CARTESIAN_POINT('',(89.4,0.));
#16945 = CARTESIAN_POINT('',(89.4,-2.4));
#16946 = ( GEOMETRIC_REPRESENTATION_CONTEXT(2) 
PARAMETRIC_REPRESENTATION_CONTEXT() REPRESENTATION_CONTEXT('2D SPACE',''
  ) );
#16947 = PCURVE('',#4386,#16948);
#16948 = DEFINITIONAL_REPRESENTATION('',(#16949),#16952);
#16949 = B_SPLINE_CURVE_WITH_KNOTS('',1,(#16950,#16951),.UNSPECIFIED.,
  .F.,.F.,(2,2),(0.,2.4),.PIECEWISE_BEZIER_KNOTS.);
#16950 = CARTESIAN_POINT('',(52.4,0.));
#16951 = CARTESIAN_POINT('',(52.4,2.4));
#16952 = ( GEOMETRIC_REPRESENTATION_CONTEXT(2) 
PARAMETRIC_REPRESENTATION_CONTEXT() REPRESENTATION_CONTEXT('2D SPACE',''
  ) );
#16953 = ADVANCED_FACE('',(#16954),#4527,.T.);
#16954 = FACE_BOUND('',#16955,.T.);
#16955 = EDGE_LOOP('',(#16956,#16957,#16958,#16959));
#16956 = ORIENTED_EDGE('',*,*,#10540,.F.);
#16957 = ORIENTED_EDGE('',*,*,#14147,.T.);
#16958 = ORIENTED_EDGE('',*,*,#4513,.T.);
#16959 = ORIENTED_EDGE('',*,*,#16960,.F.);
#16960 = EDGE_CURVE('',#10518,#4486,#16961,.T.);
#16961 = SURFACE_CURVE('',#16962,(#16966,#16972),.PCURVE_S1.);
#16962 = LINE('',#16963,#16964);
#16963 = CARTESIAN_POINT('',(-53.4,-17.1,-0.6));
#16964 = VECTOR('',#16965,1.);
#16965 = DIRECTION('',(0.,1.,0.));
#16966 = PCURVE('',#4527,#16967);
#16967 = DEFINITIONAL_REPRESENTATION('',(#16968),#16971);
#16968 = B_SPLINE_CURVE_WITH_KNOTS('',1,(#16969,#16970),.UNSPECIFIED.,
  .F.,.F.,(2,2),(0.,2.4),.PIECEWISE_BEZIER_KNOTS.);
#16969 = CARTESIAN_POINT('',(89.4,0.));
#16970 = CARTESIAN_POINT('',(89.4,-2.4));
#16971 = ( GEOMETRIC_REPRESENTATION_CONTEXT(2) 
PARAMETRIC_REPRESENTATION_CONTEXT() REPRESENTATION_CONTEXT('2D SPACE',''
  ) );
#16972 = PCURVE('',#4501,#16973);
#16973 = DEFINITIONAL_REPRESENTATION('',(#16974),#16977);
#16974 = B_SPLINE_CURVE_WITH_KNOTS('',1,(#16975,#16976),.UNSPECIFIED.,
  .F.,.F.,(2,2),(0.,2.4),.PIECEWISE_BEZIER_KNOTS.);
#16975 = CARTESIAN_POINT('',(41.6,0.));
#16976 = CARTESIAN_POINT('',(41.6,2.4));
#16977 = ( GEOMETRIC_REPRESENTATION_CONTEXT(2) 
PARAMETRIC_REPRESENTATION_CONTEXT() REPRESENTATION_CONTEXT('2D SPACE',''
  ) );
#16978 = ADVANCED_FACE('',(#16979),#4473,.F.);
#16979 = FACE_BOUND('',#16980,.F.);
#16980 = EDGE_LOOP('',(#16981,#16982,#16983,#16984));
#16981 = ORIENTED_EDGE('',*,*,#10494,.F.);
#16982 = ORIENTED_EDGE('',*,*,#14167,.T.);
#16983 = ORIENTED_EDGE('',*,*,#4457,.T.);
#16984 = ORIENTED_EDGE('',*,*,#16985,.F.);
#16985 = EDGE_CURVE('',#10495,#4458,#16986,.T.);
#16986 = SURFACE_CURVE('',#16987,(#16991,#16997),.PCURVE_S1.);
#16987 = LINE('',#16988,#16989);
#16988 = CARTESIAN_POINT('',(-48.6,-17.1,-0.6));
#16989 = VECTOR('',#16990,1.);
#16990 = DIRECTION('',(0.,1.,0.));
#16991 = PCURVE('',#4473,#16992);
#16992 = DEFINITIONAL_REPRESENTATION('',(#16993),#16996);
#16993 = B_SPLINE_CURVE_WITH_KNOTS('',1,(#16994,#16995),.UNSPECIFIED.,
  .F.,.F.,(2,2),(0.,2.4),.PIECEWISE_BEZIER_KNOTS.);
#16994 = CARTESIAN_POINT('',(89.4,0.));
#16995 = CARTESIAN_POINT('',(89.4,-2.4));
#16996 = ( GEOMETRIC_REPRESENTATION_CONTEXT(2) 
PARAMETRIC_REPRESENTATION_CONTEXT() REPRESENTATION_CONTEXT('2D SPACE',''
  ) );
#16997 = PCURVE('',#4501,#16998);
#16998 = DEFINITIONAL_REPRESENTATION('',(#16999),#17002);
#16999 = B_SPLINE_CURVE_WITH_KNOTS('',1,(#17000,#17001),.UNSPECIFIED.,
  .F.,.F.,(2,2),(0.,2.4),.PIECEWISE_BEZIER_KNOTS.);
#17000 = CARTESIAN_POINT('',(46.4,0.));
#17001 = CARTESIAN_POINT('',(46.4,2.4));
#17002 = ( GEOMETRIC_REPRESENTATION_CONTEXT(2) 
PARAMETRIC_REPRESENTATION_CONTEXT() REPRESENTATION_CONTEXT('2D SPACE',''
  ) );
#17003 = ADVANCED_FACE('',(#17004),#4642,.T.);
#17004 = FACE_BOUND('',#17005,.T.);
#17005 = EDGE_LOOP('',(#17006,#17007,#17008,#17009));
#17006 = ORIENTED_EDGE('',*,*,#10635,.F.);
#17007 = ORIENTED_EDGE('',*,*,#14190,.T.);
#17008 = ORIENTED_EDGE('',*,*,#4628,.T.);
#17009 = ORIENTED_EDGE('',*,*,#17010,.F.);
#17010 = EDGE_CURVE('',#10613,#4601,#17011,.T.);
#17011 = SURFACE_CURVE('',#17012,(#17016,#17022),.PCURVE_S1.);
#17012 = LINE('',#17013,#17014);
#17013 = CARTESIAN_POINT('',(-59.4,-17.1,-0.6));
#17014 = VECTOR('',#17015,1.);
#17015 = DIRECTION('',(0.,1.,0.));
#17016 = PCURVE('',#4642,#17017);
#17017 = DEFINITIONAL_REPRESENTATION('',(#17018),#17021);
#17018 = B_SPLINE_CURVE_WITH_KNOTS('',1,(#17019,#17020),.UNSPECIFIED.,
  .F.,.F.,(2,2),(0.,2.4),.PIECEWISE_BEZIER_KNOTS.);
#17019 = CARTESIAN_POINT('',(89.4,0.));
#17020 = CARTESIAN_POINT('',(89.4,-2.4));
#17021 = ( GEOMETRIC_REPRESENTATION_CONTEXT(2) 
PARAMETRIC_REPRESENTATION_CONTEXT() REPRESENTATION_CONTEXT('2D SPACE',''
  ) );
#17022 = PCURVE('',#4616,#17023);
#17023 = DEFINITIONAL_REPRESENTATION('',(#17024),#17027);
#17024 = B_SPLINE_CURVE_WITH_KNOTS('',1,(#17025,#17026),.UNSPECIFIED.,
  .F.,.F.,(2,2),(0.,2.4),.PIECEWISE_BEZIER_KNOTS.);
#17025 = CARTESIAN_POINT('',(35.6,0.));
#17026 = CARTESIAN_POINT('',(35.6,2.4));
#17027 = ( GEOMETRIC_REPRESENTATION_CONTEXT(2) 
PARAMETRIC_REPRESENTATION_CONTEXT() REPRESENTATION_CONTEXT('2D SPACE',''
  ) );
#17028 = ADVANCED_FACE('',(#17029),#4588,.F.);
#17029 = FACE_BOUND('',#17030,.F.);
#17030 = EDGE_LOOP('',(#17031,#17032,#17033,#17034));
#17031 = ORIENTED_EDGE('',*,*,#10589,.F.);
#17032 = ORIENTED_EDGE('',*,*,#14210,.T.);
#17033 = ORIENTED_EDGE('',*,*,#4572,.T.);
#17034 = ORIENTED_EDGE('',*,*,#17035,.F.);
#17035 = EDGE_CURVE('',#10590,#4573,#17036,.T.);
#17036 = SURFACE_CURVE('',#17037,(#17041,#17047),.PCURVE_S1.);
#17037 = LINE('',#17038,#17039);
#17038 = CARTESIAN_POINT('',(-54.6,-17.1,-0.6));
#17039 = VECTOR('',#17040,1.);
#17040 = DIRECTION('',(0.,1.,0.));
#17041 = PCURVE('',#4588,#17042);
#17042 = DEFINITIONAL_REPRESENTATION('',(#17043),#17046);
#17043 = B_SPLINE_CURVE_WITH_KNOTS('',1,(#17044,#17045),.UNSPECIFIED.,
  .F.,.F.,(2,2),(0.,2.4),.PIECEWISE_BEZIER_KNOTS.);
#17044 = CARTESIAN_POINT('',(89.4,0.));
#17045 = CARTESIAN_POINT('',(89.4,-2.4));
#17046 = ( GEOMETRIC_REPRESENTATION_CONTEXT(2) 
PARAMETRIC_REPRESENTATION_CONTEXT() REPRESENTATION_CONTEXT('2D SPACE',''
  ) );
#17047 = PCURVE('',#4616,#17048);
#17048 = DEFINITIONAL_REPRESENTATION('',(#17049),#17052);
#17049 = B_SPLINE_CURVE_WITH_KNOTS('',1,(#17050,#17051),.UNSPECIFIED.,
  .F.,.F.,(2,2),(0.,2.4),.PIECEWISE_BEZIER_KNOTS.);
#17050 = CARTESIAN_POINT('',(40.4,0.));
#17051 = CARTESIAN_POINT('',(40.4,2.4));
#17052 = ( GEOMETRIC_REPRESENTATION_CONTEXT(2) 
PARAMETRIC_REPRESENTATION_CONTEXT() REPRESENTATION_CONTEXT('2D SPACE',''
  ) );
#17053 = ADVANCED_FACE('',(#17054),#4757,.T.);
#17054 = FACE_BOUND('',#17055,.T.);
#17055 = EDGE_LOOP('',(#17056,#17057,#17058,#17059));
#17056 = ORIENTED_EDGE('',*,*,#10730,.F.);
#17057 = ORIENTED_EDGE('',*,*,#14233,.T.);
#17058 = ORIENTED_EDGE('',*,*,#4743,.T.);
#17059 = ORIENTED_EDGE('',*,*,#17060,.F.);
#17060 = EDGE_CURVE('',#10708,#4716,#17061,.T.);
#17061 = SURFACE_CURVE('',#17062,(#17066,#17072),.PCURVE_S1.);
#17062 = LINE('',#17063,#17064);
#17063 = CARTESIAN_POINT('',(-65.4,-17.1,-0.6));
#17064 = VECTOR('',#17065,1.);
#17065 = DIRECTION('',(0.,1.,0.));
#17066 = PCURVE('',#4757,#17067);
#17067 = DEFINITIONAL_REPRESENTATION('',(#17068),#17071);
#17068 = B_SPLINE_CURVE_WITH_KNOTS('',1,(#17069,#17070),.UNSPECIFIED.,
  .F.,.F.,(2,2),(0.,2.4),.PIECEWISE_BEZIER_KNOTS.);
#17069 = CARTESIAN_POINT('',(89.4,0.));
#17070 = CARTESIAN_POINT('',(89.4,-2.4));
#17071 = ( GEOMETRIC_REPRESENTATION_CONTEXT(2) 
PARAMETRIC_REPRESENTATION_CONTEXT() REPRESENTATION_CONTEXT('2D SPACE',''
  ) );
#17072 = PCURVE('',#4731,#17073);
#17073 = DEFINITIONAL_REPRESENTATION('',(#17074),#17077);
#17074 = B_SPLINE_CURVE_WITH_KNOTS('',1,(#17075,#17076),.UNSPECIFIED.,
  .F.,.F.,(2,2),(0.,2.4),.PIECEWISE_BEZIER_KNOTS.);
#17075 = CARTESIAN_POINT('',(29.6,0.));
#17076 = CARTESIAN_POINT('',(29.6,2.4));
#17077 = ( GEOMETRIC_REPRESENTATION_CONTEXT(2) 
PARAMETRIC_REPRESENTATION_CONTEXT() REPRESENTATION_CONTEXT('2D SPACE',''
  ) );
#17078 = ADVANCED_FACE('',(#17079),#4703,.F.);
#17079 = FACE_BOUND('',#17080,.F.);
#17080 = EDGE_LOOP('',(#17081,#17082,#17083,#17084));
#17081 = ORIENTED_EDGE('',*,*,#10684,.F.);
#17082 = ORIENTED_EDGE('',*,*,#14253,.T.);
#17083 = ORIENTED_EDGE('',*,*,#4687,.T.);
#17084 = ORIENTED_EDGE('',*,*,#17085,.F.);
#17085 = EDGE_CURVE('',#10685,#4688,#17086,.T.);
#17086 = SURFACE_CURVE('',#17087,(#17091,#17097),.PCURVE_S1.);
#17087 = LINE('',#17088,#17089);
#17088 = CARTESIAN_POINT('',(-60.6,-17.1,-0.6));
#17089 = VECTOR('',#17090,1.);
#17090 = DIRECTION('',(0.,1.,0.));
#17091 = PCURVE('',#4703,#17092);
#17092 = DEFINITIONAL_REPRESENTATION('',(#17093),#17096);
#17093 = B_SPLINE_CURVE_WITH_KNOTS('',1,(#17094,#17095),.UNSPECIFIED.,
  .F.,.F.,(2,2),(0.,2.4),.PIECEWISE_BEZIER_KNOTS.);
#17094 = CARTESIAN_POINT('',(89.4,0.));
#17095 = CARTESIAN_POINT('',(89.4,-2.4));
#17096 = ( GEOMETRIC_REPRESENTATION_CONTEXT(2) 
PARAMETRIC_REPRESENTATION_CONTEXT() REPRESENTATION_CONTEXT('2D SPACE',''
  ) );
#17097 = PCURVE('',#4731,#17098);
#17098 = DEFINITIONAL_REPRESENTATION('',(#17099),#17102);
#17099 = B_SPLINE_CURVE_WITH_KNOTS('',1,(#17100,#17101),.UNSPECIFIED.,
  .F.,.F.,(2,2),(0.,2.4),.PIECEWISE_BEZIER_KNOTS.);
#17100 = CARTESIAN_POINT('',(34.4,0.));
#17101 = CARTESIAN_POINT('',(34.4,2.4));
#17102 = ( GEOMETRIC_REPRESENTATION_CONTEXT(2) 
PARAMETRIC_REPRESENTATION_CONTEXT() REPRESENTATION_CONTEXT('2D SPACE',''
  ) );
#17103 = ADVANCED_FACE('',(#17104),#4872,.T.);
#17104 = FACE_BOUND('',#17105,.T.);
#17105 = EDGE_LOOP('',(#17106,#17107,#17108,#17109));
#17106 = ORIENTED_EDGE('',*,*,#10825,.F.);
#17107 = ORIENTED_EDGE('',*,*,#14276,.T.);
#17108 = ORIENTED_EDGE('',*,*,#4858,.T.);
#17109 = ORIENTED_EDGE('',*,*,#17110,.F.);
#17110 = EDGE_CURVE('',#10803,#4831,#17111,.T.);
#17111 = SURFACE_CURVE('',#17112,(#17116,#17122),.PCURVE_S1.);
#17112 = LINE('',#17113,#17114);
#17113 = CARTESIAN_POINT('',(-71.4,-17.1,-0.6));
#17114 = VECTOR('',#17115,1.);
#17115 = DIRECTION('',(0.,1.,0.));
#17116 = PCURVE('',#4872,#17117);
#17117 = DEFINITIONAL_REPRESENTATION('',(#17118),#17121);
#17118 = B_SPLINE_CURVE_WITH_KNOTS('',1,(#17119,#17120),.UNSPECIFIED.,
  .F.,.F.,(2,2),(0.,2.4),.PIECEWISE_BEZIER_KNOTS.);
#17119 = CARTESIAN_POINT('',(89.4,0.));
#17120 = CARTESIAN_POINT('',(89.4,-2.4));
#17121 = ( GEOMETRIC_REPRESENTATION_CONTEXT(2) 
PARAMETRIC_REPRESENTATION_CONTEXT() REPRESENTATION_CONTEXT('2D SPACE',''
  ) );
#17122 = PCURVE('',#4846,#17123);
#17123 = DEFINITIONAL_REPRESENTATION('',(#17124),#17127);
#17124 = B_SPLINE_CURVE_WITH_KNOTS('',1,(#17125,#17126),.UNSPECIFIED.,
  .F.,.F.,(2,2),(0.,2.4),.PIECEWISE_BEZIER_KNOTS.);
#17125 = CARTESIAN_POINT('',(23.6,0.));
#17126 = CARTESIAN_POINT('',(23.6,2.4));
#17127 = ( GEOMETRIC_REPRESENTATION_CONTEXT(2) 
PARAMETRIC_REPRESENTATION_CONTEXT() REPRESENTATION_CONTEXT('2D SPACE',''
  ) );
#17128 = ADVANCED_FACE('',(#17129),#4818,.F.);
#17129 = FACE_BOUND('',#17130,.F.);
#17130 = EDGE_LOOP('',(#17131,#17132,#17133,#17134));
#17131 = ORIENTED_EDGE('',*,*,#10779,.F.);
#17132 = ORIENTED_EDGE('',*,*,#14296,.T.);
#17133 = ORIENTED_EDGE('',*,*,#4802,.T.);
#17134 = ORIENTED_EDGE('',*,*,#17135,.F.);
#17135 = EDGE_CURVE('',#10780,#4803,#17136,.T.);
#17136 = SURFACE_CURVE('',#17137,(#17141,#17147),.PCURVE_S1.);
#17137 = LINE('',#17138,#17139);
#17138 = CARTESIAN_POINT('',(-66.6,-17.1,-0.6));
#17139 = VECTOR('',#17140,1.);
#17140 = DIRECTION('',(0.,1.,0.));
#17141 = PCURVE('',#4818,#17142);
#17142 = DEFINITIONAL_REPRESENTATION('',(#17143),#17146);
#17143 = B_SPLINE_CURVE_WITH_KNOTS('',1,(#17144,#17145),.UNSPECIFIED.,
  .F.,.F.,(2,2),(0.,2.4),.PIECEWISE_BEZIER_KNOTS.);
#17144 = CARTESIAN_POINT('',(89.4,0.));
#17145 = CARTESIAN_POINT('',(89.4,-2.4));
#17146 = ( GEOMETRIC_REPRESENTATION_CONTEXT(2) 
PARAMETRIC_REPRESENTATION_CONTEXT() REPRESENTATION_CONTEXT('2D SPACE',''
  ) );
#17147 = PCURVE('',#4846,#17148);
#17148 = DEFINITIONAL_REPRESENTATION('',(#17149),#17152);
#17149 = B_SPLINE_CURVE_WITH_KNOTS('',1,(#17150,#17151),.UNSPECIFIED.,
  .F.,.F.,(2,2),(0.,2.4),.PIECEWISE_BEZIER_KNOTS.);
#17150 = CARTESIAN_POINT('',(28.4,0.));
#17151 = CARTESIAN_POINT('',(28.4,2.4));
#17152 = ( GEOMETRIC_REPRESENTATION_CONTEXT(2) 
PARAMETRIC_REPRESENTATION_CONTEXT() REPRESENTATION_CONTEXT('2D SPACE',''
  ) );
#17153 = ADVANCED_FACE('',(#17154),#4987,.T.);
#17154 = FACE_BOUND('',#17155,.T.);
#17155 = EDGE_LOOP('',(#17156,#17157,#17158,#17159));
#17156 = ORIENTED_EDGE('',*,*,#10920,.F.);
#17157 = ORIENTED_EDGE('',*,*,#14319,.T.);
#17158 = ORIENTED_EDGE('',*,*,#4973,.T.);
#17159 = ORIENTED_EDGE('',*,*,#17160,.F.);
#17160 = EDGE_CURVE('',#10898,#4946,#17161,.T.);
#17161 = SURFACE_CURVE('',#17162,(#17166,#17172),.PCURVE_S1.);
#17162 = LINE('',#17163,#17164);
#17163 = CARTESIAN_POINT('',(-77.4,-17.1,-0.6));
#17164 = VECTOR('',#17165,1.);
#17165 = DIRECTION('',(0.,1.,0.));
#17166 = PCURVE('',#4987,#17167);
#17167 = DEFINITIONAL_REPRESENTATION('',(#17168),#17171);
#17168 = B_SPLINE_CURVE_WITH_KNOTS('',1,(#17169,#17170),.UNSPECIFIED.,
  .F.,.F.,(2,2),(0.,2.4),.PIECEWISE_BEZIER_KNOTS.);
#17169 = CARTESIAN_POINT('',(89.4,0.));
#17170 = CARTESIAN_POINT('',(89.4,-2.4));
#17171 = ( GEOMETRIC_REPRESENTATION_CONTEXT(2) 
PARAMETRIC_REPRESENTATION_CONTEXT() REPRESENTATION_CONTEXT('2D SPACE',''
  ) );
#17172 = PCURVE('',#4961,#17173);
#17173 = DEFINITIONAL_REPRESENTATION('',(#17174),#17177);
#17174 = B_SPLINE_CURVE_WITH_KNOTS('',1,(#17175,#17176),.UNSPECIFIED.,
  .F.,.F.,(2,2),(0.,2.4),.PIECEWISE_BEZIER_KNOTS.);
#17175 = CARTESIAN_POINT('',(17.6,0.));
#17176 = CARTESIAN_POINT('',(17.6,2.4));
#17177 = ( GEOMETRIC_REPRESENTATION_CONTEXT(2) 
PARAMETRIC_REPRESENTATION_CONTEXT() REPRESENTATION_CONTEXT('2D SPACE',''
  ) );
#17178 = ADVANCED_FACE('',(#17179),#4933,.F.);
#17179 = FACE_BOUND('',#17180,.F.);
#17180 = EDGE_LOOP('',(#17181,#17182,#17183,#17184));
#17181 = ORIENTED_EDGE('',*,*,#10874,.F.);
#17182 = ORIENTED_EDGE('',*,*,#14339,.T.);
#17183 = ORIENTED_EDGE('',*,*,#4917,.T.);
#17184 = ORIENTED_EDGE('',*,*,#17185,.F.);
#17185 = EDGE_CURVE('',#10875,#4918,#17186,.T.);
#17186 = SURFACE_CURVE('',#17187,(#17191,#17197),.PCURVE_S1.);
#17187 = LINE('',#17188,#17189);
#17188 = CARTESIAN_POINT('',(-72.6,-17.1,-0.6));
#17189 = VECTOR('',#17190,1.);
#17190 = DIRECTION('',(0.,1.,0.));
#17191 = PCURVE('',#4933,#17192);
#17192 = DEFINITIONAL_REPRESENTATION('',(#17193),#17196);
#17193 = B_SPLINE_CURVE_WITH_KNOTS('',1,(#17194,#17195),.UNSPECIFIED.,
  .F.,.F.,(2,2),(0.,2.4),.PIECEWISE_BEZIER_KNOTS.);
#17194 = CARTESIAN_POINT('',(89.4,0.));
#17195 = CARTESIAN_POINT('',(89.4,-2.4));
#17196 = ( GEOMETRIC_REPRESENTATION_CONTEXT(2) 
PARAMETRIC_REPRESENTATION_CONTEXT() REPRESENTATION_CONTEXT('2D SPACE',''
  ) );
#17197 = PCURVE('',#4961,#17198);
#17198 = DEFINITIONAL_REPRESENTATION('',(#17199),#17202);
#17199 = B_SPLINE_CURVE_WITH_KNOTS('',1,(#17200,#17201),.UNSPECIFIED.,
  .F.,.F.,(2,2),(0.,2.4),.PIECEWISE_BEZIER_KNOTS.);
#17200 = CARTESIAN_POINT('',(22.4,0.));
#17201 = CARTESIAN_POINT('',(22.4,2.4));
#17202 = ( GEOMETRIC_REPRESENTATION_CONTEXT(2) 
PARAMETRIC_REPRESENTATION_CONTEXT() REPRESENTATION_CONTEXT('2D SPACE',''
  ) );
#17203 = ADVANCED_FACE('',(#17204),#5102,.T.);
#17204 = FACE_BOUND('',#17205,.T.);
#17205 = EDGE_LOOP('',(#17206,#17207,#17208,#17209));
#17206 = ORIENTED_EDGE('',*,*,#11015,.F.);
#17207 = ORIENTED_EDGE('',*,*,#14362,.T.);
#17208 = ORIENTED_EDGE('',*,*,#5088,.T.);
#17209 = ORIENTED_EDGE('',*,*,#17210,.F.);
#17210 = EDGE_CURVE('',#10993,#5061,#17211,.T.);
#17211 = SURFACE_CURVE('',#17212,(#17216,#17222),.PCURVE_S1.);
#17212 = LINE('',#17213,#17214);
#17213 = CARTESIAN_POINT('',(-83.4,-17.1,-0.6));
#17214 = VECTOR('',#17215,1.);
#17215 = DIRECTION('',(0.,1.,0.));
#17216 = PCURVE('',#5102,#17217);
#17217 = DEFINITIONAL_REPRESENTATION('',(#17218),#17221);
#17218 = B_SPLINE_CURVE_WITH_KNOTS('',1,(#17219,#17220),.UNSPECIFIED.,
  .F.,.F.,(2,2),(0.,2.4),.PIECEWISE_BEZIER_KNOTS.);
#17219 = CARTESIAN_POINT('',(89.4,0.));
#17220 = CARTESIAN_POINT('',(89.4,-2.4));
#17221 = ( GEOMETRIC_REPRESENTATION_CONTEXT(2) 
PARAMETRIC_REPRESENTATION_CONTEXT() REPRESENTATION_CONTEXT('2D SPACE',''
  ) );
#17222 = PCURVE('',#5076,#17223);
#17223 = DEFINITIONAL_REPRESENTATION('',(#17224),#17227);
#17224 = B_SPLINE_CURVE_WITH_KNOTS('',1,(#17225,#17226),.UNSPECIFIED.,
  .F.,.F.,(2,2),(0.,2.4),.PIECEWISE_BEZIER_KNOTS.);
#17225 = CARTESIAN_POINT('',(11.6,0.));
#17226 = CARTESIAN_POINT('',(11.6,2.4));
#17227 = ( GEOMETRIC_REPRESENTATION_CONTEXT(2) 
PARAMETRIC_REPRESENTATION_CONTEXT() REPRESENTATION_CONTEXT('2D SPACE',''
  ) );
#17228 = ADVANCED_FACE('',(#17229),#5048,.F.);
#17229 = FACE_BOUND('',#17230,.F.);
#17230 = EDGE_LOOP('',(#17231,#17232,#17233,#17234));
#17231 = ORIENTED_EDGE('',*,*,#10969,.F.);
#17232 = ORIENTED_EDGE('',*,*,#14382,.T.);
#17233 = ORIENTED_EDGE('',*,*,#5032,.T.);
#17234 = ORIENTED_EDGE('',*,*,#17235,.F.);
#17235 = EDGE_CURVE('',#10970,#5033,#17236,.T.);
#17236 = SURFACE_CURVE('',#17237,(#17241,#17247),.PCURVE_S1.);
#17237 = LINE('',#17238,#17239);
#17238 = CARTESIAN_POINT('',(-78.6,-17.1,-0.6));
#17239 = VECTOR('',#17240,1.);
#17240 = DIRECTION('',(0.,1.,0.));
#17241 = PCURVE('',#5048,#17242);
#17242 = DEFINITIONAL_REPRESENTATION('',(#17243),#17246);
#17243 = B_SPLINE_CURVE_WITH_KNOTS('',1,(#17244,#17245),.UNSPECIFIED.,
  .F.,.F.,(2,2),(0.,2.4),.PIECEWISE_BEZIER_KNOTS.);
#17244 = CARTESIAN_POINT('',(89.4,0.));
#17245 = CARTESIAN_POINT('',(89.4,-2.4));
#17246 = ( GEOMETRIC_REPRESENTATION_CONTEXT(2) 
PARAMETRIC_REPRESENTATION_CONTEXT() REPRESENTATION_CONTEXT('2D SPACE',''
  ) );
#17247 = PCURVE('',#5076,#17248);
#17248 = DEFINITIONAL_REPRESENTATION('',(#17249),#17252);
#17249 = B_SPLINE_CURVE_WITH_KNOTS('',1,(#17250,#17251),.UNSPECIFIED.,
  .F.,.F.,(2,2),(0.,2.4),.PIECEWISE_BEZIER_KNOTS.);
#17250 = CARTESIAN_POINT('',(16.4,0.));
#17251 = CARTESIAN_POINT('',(16.4,2.4));
#17252 = ( GEOMETRIC_REPRESENTATION_CONTEXT(2) 
PARAMETRIC_REPRESENTATION_CONTEXT() REPRESENTATION_CONTEXT('2D SPACE',''
  ) );
#17253 = ADVANCED_FACE('',(#17254),#5189,.F.);
#17254 = FACE_BOUND('',#17255,.F.);
#17255 = EDGE_LOOP('',(#17256,#17257,#17258,#17259));
#17256 = ORIENTED_EDGE('',*,*,#5175,.F.);
#17257 = ORIENTED_EDGE('',*,*,#14405,.F.);
#17258 = ORIENTED_EDGE('',*,*,#11087,.T.);
#17259 = ORIENTED_EDGE('',*,*,#17260,.T.);
#17260 = EDGE_CURVE('',#11065,#5148,#17261,.T.);
#17261 = SURFACE_CURVE('',#17262,(#17266,#17272),.PCURVE_S1.);
#17262 = LINE('',#17263,#17264);
#17263 = CARTESIAN_POINT('',(-84.6,-17.1,-0.6));
#17264 = VECTOR('',#17265,1.);
#17265 = DIRECTION('',(0.,1.,0.));
#17266 = PCURVE('',#5189,#17267);
#17267 = DEFINITIONAL_REPRESENTATION('',(#17268),#17271);
#17268 = B_SPLINE_CURVE_WITH_KNOTS('',1,(#17269,#17270),.UNSPECIFIED.,
  .F.,.F.,(2,2),(0.,2.4),.PIECEWISE_BEZIER_KNOTS.);
#17269 = CARTESIAN_POINT('',(10.4,0.));
#17270 = CARTESIAN_POINT('',(10.4,2.4));
#17271 = ( GEOMETRIC_REPRESENTATION_CONTEXT(2) 
PARAMETRIC_REPRESENTATION_CONTEXT() REPRESENTATION_CONTEXT('2D SPACE',''
  ) );
#17272 = PCURVE('',#5163,#17273);
#17273 = DEFINITIONAL_REPRESENTATION('',(#17274),#17277);
#17274 = B_SPLINE_CURVE_WITH_KNOTS('',1,(#17275,#17276),.UNSPECIFIED.,
  .F.,.F.,(2,2),(0.,2.4),.PIECEWISE_BEZIER_KNOTS.);
#17275 = CARTESIAN_POINT('',(89.4,0.));
#17276 = CARTESIAN_POINT('',(89.4,-2.4));
#17277 = ( GEOMETRIC_REPRESENTATION_CONTEXT(2) 
PARAMETRIC_REPRESENTATION_CONTEXT() REPRESENTATION_CONTEXT('2D SPACE',''
  ) );
#17278 = ADVANCED_FACE('',(#17279),#5163,.F.);
#17279 = FACE_BOUND('',#17280,.F.);
#17280 = EDGE_LOOP('',(#17281,#17282,#17283,#17284));
#17281 = ORIENTED_EDGE('',*,*,#11064,.F.);
#17282 = ORIENTED_EDGE('',*,*,#14425,.T.);
#17283 = ORIENTED_EDGE('',*,*,#5147,.T.);
#17284 = ORIENTED_EDGE('',*,*,#17260,.F.);
#17285 = ADVANCED_FACE('',(#17286),#5276,.F.);
#17286 = FACE_BOUND('',#17287,.F.);
#17287 = EDGE_LOOP('',(#17288,#17289,#17308,#17309));
#17288 = ORIENTED_EDGE('',*,*,#11159,.F.);
#17289 = ORIENTED_EDGE('',*,*,#17290,.T.);
#17290 = EDGE_CURVE('',#11137,#5235,#17291,.T.);
#17291 = SURFACE_CURVE('',#17292,(#17296,#17302),.PCURVE_S1.);
#17292 = LINE('',#17293,#17294);
#17293 = CARTESIAN_POINT('',(-84.6,-17.1,0.6));
#17294 = VECTOR('',#17295,1.);
#17295 = DIRECTION('',(0.,1.,0.));
#17296 = PCURVE('',#5276,#17297);
#17297 = DEFINITIONAL_REPRESENTATION('',(#17298),#17301);
#17298 = B_SPLINE_CURVE_WITH_KNOTS('',1,(#17299,#17300),.UNSPECIFIED.,
  .F.,.F.,(2,2),(0.,2.4),.PIECEWISE_BEZIER_KNOTS.);
#17299 = CARTESIAN_POINT('',(90.6,0.));
#17300 = CARTESIAN_POINT('',(90.6,-2.4));
#17301 = ( GEOMETRIC_REPRESENTATION_CONTEXT(2) 
PARAMETRIC_REPRESENTATION_CONTEXT() REPRESENTATION_CONTEXT('2D SPACE',''
  ) );
#17302 = PCURVE('',#5250,#17303);
#17303 = DEFINITIONAL_REPRESENTATION('',(#17304),#17307);
#17304 = B_SPLINE_CURVE_WITH_KNOTS('',1,(#17305,#17306),.UNSPECIFIED.,
  .F.,.F.,(2,2),(0.,2.4),.PIECEWISE_BEZIER_KNOTS.);
#17305 = CARTESIAN_POINT('',(10.4,0.));
#17306 = CARTESIAN_POINT('',(10.4,2.4));
#17307 = ( GEOMETRIC_REPRESENTATION_CONTEXT(2) 
PARAMETRIC_REPRESENTATION_CONTEXT() REPRESENTATION_CONTEXT('2D SPACE',''
  ) );
#17308 = ORIENTED_EDGE('',*,*,#5262,.T.);
#17309 = ORIENTED_EDGE('',*,*,#14448,.F.);
#17310 = ADVANCED_FACE('',(#17311),#5250,.T.);
#17311 = FACE_BOUND('',#17312,.T.);
#17312 = EDGE_LOOP('',(#17313,#17314,#17315,#17316));
#17313 = ORIENTED_EDGE('',*,*,#5234,.F.);
#17314 = ORIENTED_EDGE('',*,*,#14468,.F.);
#17315 = ORIENTED_EDGE('',*,*,#11136,.T.);
#17316 = ORIENTED_EDGE('',*,*,#17290,.T.);
#17317 = ADVANCED_FACE('',(#17318),#5391,.F.);
#17318 = FACE_BOUND('',#17319,.F.);
#17319 = EDGE_LOOP('',(#17320,#17321,#17340,#17341));
#17320 = ORIENTED_EDGE('',*,*,#11254,.F.);
#17321 = ORIENTED_EDGE('',*,*,#17322,.T.);
#17322 = EDGE_CURVE('',#11232,#5350,#17323,.T.);
#17323 = SURFACE_CURVE('',#17324,(#17328,#17334),.PCURVE_S1.);
#17324 = LINE('',#17325,#17326);
#17325 = CARTESIAN_POINT('',(-78.6,-17.1,0.6));
#17326 = VECTOR('',#17327,1.);
#17327 = DIRECTION('',(0.,1.,0.));
#17328 = PCURVE('',#5391,#17329);
#17329 = DEFINITIONAL_REPRESENTATION('',(#17330),#17333);
#17330 = B_SPLINE_CURVE_WITH_KNOTS('',1,(#17331,#17332),.UNSPECIFIED.,
  .F.,.F.,(2,2),(0.,2.4),.PIECEWISE_BEZIER_KNOTS.);
#17331 = CARTESIAN_POINT('',(90.6,0.));
#17332 = CARTESIAN_POINT('',(90.6,-2.4));
#17333 = ( GEOMETRIC_REPRESENTATION_CONTEXT(2) 
PARAMETRIC_REPRESENTATION_CONTEXT() REPRESENTATION_CONTEXT('2D SPACE',''
  ) );
#17334 = PCURVE('',#5365,#17335);
#17335 = DEFINITIONAL_REPRESENTATION('',(#17336),#17339);
#17336 = B_SPLINE_CURVE_WITH_KNOTS('',1,(#17337,#17338),.UNSPECIFIED.,
  .F.,.F.,(2,2),(0.,2.4),.PIECEWISE_BEZIER_KNOTS.);
#17337 = CARTESIAN_POINT('',(16.4,0.));
#17338 = CARTESIAN_POINT('',(16.4,2.4));
#17339 = ( GEOMETRIC_REPRESENTATION_CONTEXT(2) 
PARAMETRIC_REPRESENTATION_CONTEXT() REPRESENTATION_CONTEXT('2D SPACE',''
  ) );
#17340 = ORIENTED_EDGE('',*,*,#5377,.T.);
#17341 = ORIENTED_EDGE('',*,*,#14491,.F.);
#17342 = ADVANCED_FACE('',(#17343),#5337,.T.);
#17343 = FACE_BOUND('',#17344,.T.);
#17344 = EDGE_LOOP('',(#17345,#17346,#17365,#17366));
#17345 = ORIENTED_EDGE('',*,*,#11208,.F.);
#17346 = ORIENTED_EDGE('',*,*,#17347,.T.);
#17347 = EDGE_CURVE('',#11209,#5322,#17348,.T.);
#17348 = SURFACE_CURVE('',#17349,(#17353,#17359),.PCURVE_S1.);
#17349 = LINE('',#17350,#17351);
#17350 = CARTESIAN_POINT('',(-83.4,-17.1,0.6));
#17351 = VECTOR('',#17352,1.);
#17352 = DIRECTION('',(0.,1.,0.));
#17353 = PCURVE('',#5337,#17354);
#17354 = DEFINITIONAL_REPRESENTATION('',(#17355),#17358);
#17355 = B_SPLINE_CURVE_WITH_KNOTS('',1,(#17356,#17357),.UNSPECIFIED.,
  .F.,.F.,(2,2),(0.,2.4),.PIECEWISE_BEZIER_KNOTS.);
#17356 = CARTESIAN_POINT('',(90.6,0.));
#17357 = CARTESIAN_POINT('',(90.6,-2.4));
#17358 = ( GEOMETRIC_REPRESENTATION_CONTEXT(2) 
PARAMETRIC_REPRESENTATION_CONTEXT() REPRESENTATION_CONTEXT('2D SPACE',''
  ) );
#17359 = PCURVE('',#5365,#17360);
#17360 = DEFINITIONAL_REPRESENTATION('',(#17361),#17364);
#17361 = B_SPLINE_CURVE_WITH_KNOTS('',1,(#17362,#17363),.UNSPECIFIED.,
  .F.,.F.,(2,2),(0.,2.4),.PIECEWISE_BEZIER_KNOTS.);
#17362 = CARTESIAN_POINT('',(11.6,0.));
#17363 = CARTESIAN_POINT('',(11.6,2.4));
#17364 = ( GEOMETRIC_REPRESENTATION_CONTEXT(2) 
PARAMETRIC_REPRESENTATION_CONTEXT() REPRESENTATION_CONTEXT('2D SPACE',''
  ) );
#17365 = ORIENTED_EDGE('',*,*,#5321,.T.);
#17366 = ORIENTED_EDGE('',*,*,#14511,.F.);
#17367 = ADVANCED_FACE('',(#17368),#5506,.F.);
#17368 = FACE_BOUND('',#17369,.F.);
#17369 = EDGE_LOOP('',(#17370,#17371,#17390,#17391));
#17370 = ORIENTED_EDGE('',*,*,#11349,.F.);
#17371 = ORIENTED_EDGE('',*,*,#17372,.T.);
#17372 = EDGE_CURVE('',#11327,#5465,#17373,.T.);
#17373 = SURFACE_CURVE('',#17374,(#17378,#17384),.PCURVE_S1.);
#17374 = LINE('',#17375,#17376);
#17375 = CARTESIAN_POINT('',(-72.6,-17.1,0.6));
#17376 = VECTOR('',#17377,1.);
#17377 = DIRECTION('',(0.,1.,0.));
#17378 = PCURVE('',#5506,#17379);
#17379 = DEFINITIONAL_REPRESENTATION('',(#17380),#17383);
#17380 = B_SPLINE_CURVE_WITH_KNOTS('',1,(#17381,#17382),.UNSPECIFIED.,
  .F.,.F.,(2,2),(0.,2.4),.PIECEWISE_BEZIER_KNOTS.);
#17381 = CARTESIAN_POINT('',(90.6,0.));
#17382 = CARTESIAN_POINT('',(90.6,-2.4));
#17383 = ( GEOMETRIC_REPRESENTATION_CONTEXT(2) 
PARAMETRIC_REPRESENTATION_CONTEXT() REPRESENTATION_CONTEXT('2D SPACE',''
  ) );
#17384 = PCURVE('',#5480,#17385);
#17385 = DEFINITIONAL_REPRESENTATION('',(#17386),#17389);
#17386 = B_SPLINE_CURVE_WITH_KNOTS('',1,(#17387,#17388),.UNSPECIFIED.,
  .F.,.F.,(2,2),(0.,2.4),.PIECEWISE_BEZIER_KNOTS.);
#17387 = CARTESIAN_POINT('',(22.4,0.));
#17388 = CARTESIAN_POINT('',(22.4,2.4));
#17389 = ( GEOMETRIC_REPRESENTATION_CONTEXT(2) 
PARAMETRIC_REPRESENTATION_CONTEXT() REPRESENTATION_CONTEXT('2D SPACE',''
  ) );
#17390 = ORIENTED_EDGE('',*,*,#5492,.T.);
#17391 = ORIENTED_EDGE('',*,*,#14534,.F.);
#17392 = ADVANCED_FACE('',(#17393),#5452,.T.);
#17393 = FACE_BOUND('',#17394,.T.);
#17394 = EDGE_LOOP('',(#17395,#17396,#17415,#17416));
#17395 = ORIENTED_EDGE('',*,*,#11303,.F.);
#17396 = ORIENTED_EDGE('',*,*,#17397,.T.);
#17397 = EDGE_CURVE('',#11304,#5437,#17398,.T.);
#17398 = SURFACE_CURVE('',#17399,(#17403,#17409),.PCURVE_S1.);
#17399 = LINE('',#17400,#17401);
#17400 = CARTESIAN_POINT('',(-77.4,-17.1,0.6));
#17401 = VECTOR('',#17402,1.);
#17402 = DIRECTION('',(0.,1.,0.));
#17403 = PCURVE('',#5452,#17404);
#17404 = DEFINITIONAL_REPRESENTATION('',(#17405),#17408);
#17405 = B_SPLINE_CURVE_WITH_KNOTS('',1,(#17406,#17407),.UNSPECIFIED.,
  .F.,.F.,(2,2),(0.,2.4),.PIECEWISE_BEZIER_KNOTS.);
#17406 = CARTESIAN_POINT('',(90.6,0.));
#17407 = CARTESIAN_POINT('',(90.6,-2.4));
#17408 = ( GEOMETRIC_REPRESENTATION_CONTEXT(2) 
PARAMETRIC_REPRESENTATION_CONTEXT() REPRESENTATION_CONTEXT('2D SPACE',''
  ) );
#17409 = PCURVE('',#5480,#17410);
#17410 = DEFINITIONAL_REPRESENTATION('',(#17411),#17414);
#17411 = B_SPLINE_CURVE_WITH_KNOTS('',1,(#17412,#17413),.UNSPECIFIED.,
  .F.,.F.,(2,2),(0.,2.4),.PIECEWISE_BEZIER_KNOTS.);
#17412 = CARTESIAN_POINT('',(17.6,0.));
#17413 = CARTESIAN_POINT('',(17.6,2.4));
#17414 = ( GEOMETRIC_REPRESENTATION_CONTEXT(2) 
PARAMETRIC_REPRESENTATION_CONTEXT() REPRESENTATION_CONTEXT('2D SPACE',''
  ) );
#17415 = ORIENTED_EDGE('',*,*,#5436,.T.);
#17416 = ORIENTED_EDGE('',*,*,#14554,.F.);
#17417 = ADVANCED_FACE('',(#17418),#5621,.F.);
#17418 = FACE_BOUND('',#17419,.F.);
#17419 = EDGE_LOOP('',(#17420,#17421,#17440,#17441));
#17420 = ORIENTED_EDGE('',*,*,#11444,.F.);
#17421 = ORIENTED_EDGE('',*,*,#17422,.T.);
#17422 = EDGE_CURVE('',#11422,#5580,#17423,.T.);
#17423 = SURFACE_CURVE('',#17424,(#17428,#17434),.PCURVE_S1.);
#17424 = LINE('',#17425,#17426);
#17425 = CARTESIAN_POINT('',(-66.6,-17.1,0.6));
#17426 = VECTOR('',#17427,1.);
#17427 = DIRECTION('',(0.,1.,0.));
#17428 = PCURVE('',#5621,#17429);
#17429 = DEFINITIONAL_REPRESENTATION('',(#17430),#17433);
#17430 = B_SPLINE_CURVE_WITH_KNOTS('',1,(#17431,#17432),.UNSPECIFIED.,
  .F.,.F.,(2,2),(0.,2.4),.PIECEWISE_BEZIER_KNOTS.);
#17431 = CARTESIAN_POINT('',(90.6,0.));
#17432 = CARTESIAN_POINT('',(90.6,-2.4));
#17433 = ( GEOMETRIC_REPRESENTATION_CONTEXT(2) 
PARAMETRIC_REPRESENTATION_CONTEXT() REPRESENTATION_CONTEXT('2D SPACE',''
  ) );
#17434 = PCURVE('',#5595,#17435);
#17435 = DEFINITIONAL_REPRESENTATION('',(#17436),#17439);
#17436 = B_SPLINE_CURVE_WITH_KNOTS('',1,(#17437,#17438),.UNSPECIFIED.,
  .F.,.F.,(2,2),(0.,2.4),.PIECEWISE_BEZIER_KNOTS.);
#17437 = CARTESIAN_POINT('',(28.4,0.));
#17438 = CARTESIAN_POINT('',(28.4,2.4));
#17439 = ( GEOMETRIC_REPRESENTATION_CONTEXT(2) 
PARAMETRIC_REPRESENTATION_CONTEXT() REPRESENTATION_CONTEXT('2D SPACE',''
  ) );
#17440 = ORIENTED_EDGE('',*,*,#5607,.T.);
#17441 = ORIENTED_EDGE('',*,*,#14577,.F.);
#17442 = ADVANCED_FACE('',(#17443),#5567,.T.);
#17443 = FACE_BOUND('',#17444,.T.);
#17444 = EDGE_LOOP('',(#17445,#17446,#17465,#17466));
#17445 = ORIENTED_EDGE('',*,*,#11398,.F.);
#17446 = ORIENTED_EDGE('',*,*,#17447,.T.);
#17447 = EDGE_CURVE('',#11399,#5552,#17448,.T.);
#17448 = SURFACE_CURVE('',#17449,(#17453,#17459),.PCURVE_S1.);
#17449 = LINE('',#17450,#17451);
#17450 = CARTESIAN_POINT('',(-71.4,-17.1,0.6));
#17451 = VECTOR('',#17452,1.);
#17452 = DIRECTION('',(0.,1.,0.));
#17453 = PCURVE('',#5567,#17454);
#17454 = DEFINITIONAL_REPRESENTATION('',(#17455),#17458);
#17455 = B_SPLINE_CURVE_WITH_KNOTS('',1,(#17456,#17457),.UNSPECIFIED.,
  .F.,.F.,(2,2),(0.,2.4),.PIECEWISE_BEZIER_KNOTS.);
#17456 = CARTESIAN_POINT('',(90.6,0.));
#17457 = CARTESIAN_POINT('',(90.6,-2.4));
#17458 = ( GEOMETRIC_REPRESENTATION_CONTEXT(2) 
PARAMETRIC_REPRESENTATION_CONTEXT() REPRESENTATION_CONTEXT('2D SPACE',''
  ) );
#17459 = PCURVE('',#5595,#17460);
#17460 = DEFINITIONAL_REPRESENTATION('',(#17461),#17464);
#17461 = B_SPLINE_CURVE_WITH_KNOTS('',1,(#17462,#17463),.UNSPECIFIED.,
  .F.,.F.,(2,2),(0.,2.4),.PIECEWISE_BEZIER_KNOTS.);
#17462 = CARTESIAN_POINT('',(23.6,0.));
#17463 = CARTESIAN_POINT('',(23.6,2.4));
#17464 = ( GEOMETRIC_REPRESENTATION_CONTEXT(2) 
PARAMETRIC_REPRESENTATION_CONTEXT() REPRESENTATION_CONTEXT('2D SPACE',''
  ) );
#17465 = ORIENTED_EDGE('',*,*,#5551,.T.);
#17466 = ORIENTED_EDGE('',*,*,#14597,.F.);
#17467 = ADVANCED_FACE('',(#17468),#5736,.F.);
#17468 = FACE_BOUND('',#17469,.F.);
#17469 = EDGE_LOOP('',(#17470,#17471,#17490,#17491));
#17470 = ORIENTED_EDGE('',*,*,#11539,.F.);
#17471 = ORIENTED_EDGE('',*,*,#17472,.T.);
#17472 = EDGE_CURVE('',#11517,#5695,#17473,.T.);
#17473 = SURFACE_CURVE('',#17474,(#17478,#17484),.PCURVE_S1.);
#17474 = LINE('',#17475,#17476);
#17475 = CARTESIAN_POINT('',(-60.6,-17.1,0.6));
#17476 = VECTOR('',#17477,1.);
#17477 = DIRECTION('',(0.,1.,0.));
#17478 = PCURVE('',#5736,#17479);
#17479 = DEFINITIONAL_REPRESENTATION('',(#17480),#17483);
#17480 = B_SPLINE_CURVE_WITH_KNOTS('',1,(#17481,#17482),.UNSPECIFIED.,
  .F.,.F.,(2,2),(0.,2.4),.PIECEWISE_BEZIER_KNOTS.);
#17481 = CARTESIAN_POINT('',(90.6,0.));
#17482 = CARTESIAN_POINT('',(90.6,-2.4));
#17483 = ( GEOMETRIC_REPRESENTATION_CONTEXT(2) 
PARAMETRIC_REPRESENTATION_CONTEXT() REPRESENTATION_CONTEXT('2D SPACE',''
  ) );
#17484 = PCURVE('',#5710,#17485);
#17485 = DEFINITIONAL_REPRESENTATION('',(#17486),#17489);
#17486 = B_SPLINE_CURVE_WITH_KNOTS('',1,(#17487,#17488),.UNSPECIFIED.,
  .F.,.F.,(2,2),(0.,2.4),.PIECEWISE_BEZIER_KNOTS.);
#17487 = CARTESIAN_POINT('',(34.4,0.));
#17488 = CARTESIAN_POINT('',(34.4,2.4));
#17489 = ( GEOMETRIC_REPRESENTATION_CONTEXT(2) 
PARAMETRIC_REPRESENTATION_CONTEXT() REPRESENTATION_CONTEXT('2D SPACE',''
  ) );
#17490 = ORIENTED_EDGE('',*,*,#5722,.T.);
#17491 = ORIENTED_EDGE('',*,*,#14620,.F.);
#17492 = ADVANCED_FACE('',(#17493),#5682,.T.);
#17493 = FACE_BOUND('',#17494,.T.);
#17494 = EDGE_LOOP('',(#17495,#17496,#17515,#17516));
#17495 = ORIENTED_EDGE('',*,*,#11493,.F.);
#17496 = ORIENTED_EDGE('',*,*,#17497,.T.);
#17497 = EDGE_CURVE('',#11494,#5667,#17498,.T.);
#17498 = SURFACE_CURVE('',#17499,(#17503,#17509),.PCURVE_S1.);
#17499 = LINE('',#17500,#17501);
#17500 = CARTESIAN_POINT('',(-65.4,-17.1,0.6));
#17501 = VECTOR('',#17502,1.);
#17502 = DIRECTION('',(0.,1.,0.));
#17503 = PCURVE('',#5682,#17504);
#17504 = DEFINITIONAL_REPRESENTATION('',(#17505),#17508);
#17505 = B_SPLINE_CURVE_WITH_KNOTS('',1,(#17506,#17507),.UNSPECIFIED.,
  .F.,.F.,(2,2),(0.,2.4),.PIECEWISE_BEZIER_KNOTS.);
#17506 = CARTESIAN_POINT('',(90.6,0.));
#17507 = CARTESIAN_POINT('',(90.6,-2.4));
#17508 = ( GEOMETRIC_REPRESENTATION_CONTEXT(2) 
PARAMETRIC_REPRESENTATION_CONTEXT() REPRESENTATION_CONTEXT('2D SPACE',''
  ) );
#17509 = PCURVE('',#5710,#17510);
#17510 = DEFINITIONAL_REPRESENTATION('',(#17511),#17514);
#17511 = B_SPLINE_CURVE_WITH_KNOTS('',1,(#17512,#17513),.UNSPECIFIED.,
  .F.,.F.,(2,2),(0.,2.4),.PIECEWISE_BEZIER_KNOTS.);
#17512 = CARTESIAN_POINT('',(29.6,0.));
#17513 = CARTESIAN_POINT('',(29.6,2.4));
#17514 = ( GEOMETRIC_REPRESENTATION_CONTEXT(2) 
PARAMETRIC_REPRESENTATION_CONTEXT() REPRESENTATION_CONTEXT('2D SPACE',''
  ) );
#17515 = ORIENTED_EDGE('',*,*,#5666,.T.);
#17516 = ORIENTED_EDGE('',*,*,#14640,.F.);
#17517 = ADVANCED_FACE('',(#17518),#5851,.F.);
#17518 = FACE_BOUND('',#17519,.F.);
#17519 = EDGE_LOOP('',(#17520,#17521,#17540,#17541));
#17520 = ORIENTED_EDGE('',*,*,#11634,.F.);
#17521 = ORIENTED_EDGE('',*,*,#17522,.T.);
#17522 = EDGE_CURVE('',#11612,#5810,#17523,.T.);
#17523 = SURFACE_CURVE('',#17524,(#17528,#17534),.PCURVE_S1.);
#17524 = LINE('',#17525,#17526);
#17525 = CARTESIAN_POINT('',(-54.6,-17.1,0.6));
#17526 = VECTOR('',#17527,1.);
#17527 = DIRECTION('',(0.,1.,0.));
#17528 = PCURVE('',#5851,#17529);
#17529 = DEFINITIONAL_REPRESENTATION('',(#17530),#17533);
#17530 = B_SPLINE_CURVE_WITH_KNOTS('',1,(#17531,#17532),.UNSPECIFIED.,
  .F.,.F.,(2,2),(0.,2.4),.PIECEWISE_BEZIER_KNOTS.);
#17531 = CARTESIAN_POINT('',(90.6,0.));
#17532 = CARTESIAN_POINT('',(90.6,-2.4));
#17533 = ( GEOMETRIC_REPRESENTATION_CONTEXT(2) 
PARAMETRIC_REPRESENTATION_CONTEXT() REPRESENTATION_CONTEXT('2D SPACE',''
  ) );
#17534 = PCURVE('',#5825,#17535);
#17535 = DEFINITIONAL_REPRESENTATION('',(#17536),#17539);
#17536 = B_SPLINE_CURVE_WITH_KNOTS('',1,(#17537,#17538),.UNSPECIFIED.,
  .F.,.F.,(2,2),(0.,2.4),.PIECEWISE_BEZIER_KNOTS.);
#17537 = CARTESIAN_POINT('',(40.4,0.));
#17538 = CARTESIAN_POINT('',(40.4,2.4));
#17539 = ( GEOMETRIC_REPRESENTATION_CONTEXT(2) 
PARAMETRIC_REPRESENTATION_CONTEXT() REPRESENTATION_CONTEXT('2D SPACE',''
  ) );
#17540 = ORIENTED_EDGE('',*,*,#5837,.T.);
#17541 = ORIENTED_EDGE('',*,*,#14663,.F.);
#17542 = ADVANCED_FACE('',(#17543),#5797,.T.);
#17543 = FACE_BOUND('',#17544,.T.);
#17544 = EDGE_LOOP('',(#17545,#17546,#17565,#17566));
#17545 = ORIENTED_EDGE('',*,*,#11588,.F.);
#17546 = ORIENTED_EDGE('',*,*,#17547,.T.);
#17547 = EDGE_CURVE('',#11589,#5782,#17548,.T.);
#17548 = SURFACE_CURVE('',#17549,(#17553,#17559),.PCURVE_S1.);
#17549 = LINE('',#17550,#17551);
#17550 = CARTESIAN_POINT('',(-59.4,-17.1,0.6));
#17551 = VECTOR('',#17552,1.);
#17552 = DIRECTION('',(0.,1.,0.));
#17553 = PCURVE('',#5797,#17554);
#17554 = DEFINITIONAL_REPRESENTATION('',(#17555),#17558);
#17555 = B_SPLINE_CURVE_WITH_KNOTS('',1,(#17556,#17557),.UNSPECIFIED.,
  .F.,.F.,(2,2),(0.,2.4),.PIECEWISE_BEZIER_KNOTS.);
#17556 = CARTESIAN_POINT('',(90.6,0.));
#17557 = CARTESIAN_POINT('',(90.6,-2.4));
#17558 = ( GEOMETRIC_REPRESENTATION_CONTEXT(2) 
PARAMETRIC_REPRESENTATION_CONTEXT() REPRESENTATION_CONTEXT('2D SPACE',''
  ) );
#17559 = PCURVE('',#5825,#17560);
#17560 = DEFINITIONAL_REPRESENTATION('',(#17561),#17564);
#17561 = B_SPLINE_CURVE_WITH_KNOTS('',1,(#17562,#17563),.UNSPECIFIED.,
  .F.,.F.,(2,2),(0.,2.4),.PIECEWISE_BEZIER_KNOTS.);
#17562 = CARTESIAN_POINT('',(35.6,0.));
#17563 = CARTESIAN_POINT('',(35.6,2.4));
#17564 = ( GEOMETRIC_REPRESENTATION_CONTEXT(2) 
PARAMETRIC_REPRESENTATION_CONTEXT() REPRESENTATION_CONTEXT('2D SPACE',''
  ) );
#17565 = ORIENTED_EDGE('',*,*,#5781,.T.);
#17566 = ORIENTED_EDGE('',*,*,#14683,.F.);
#17567 = ADVANCED_FACE('',(#17568),#5966,.F.);
#17568 = FACE_BOUND('',#17569,.F.);
#17569 = EDGE_LOOP('',(#17570,#17571,#17590,#17591));
#17570 = ORIENTED_EDGE('',*,*,#11729,.F.);
#17571 = ORIENTED_EDGE('',*,*,#17572,.T.);
#17572 = EDGE_CURVE('',#11707,#5925,#17573,.T.);
#17573 = SURFACE_CURVE('',#17574,(#17578,#17584),.PCURVE_S1.);
#17574 = LINE('',#17575,#17576);
#17575 = CARTESIAN_POINT('',(-48.6,-17.1,0.6));
#17576 = VECTOR('',#17577,1.);
#17577 = DIRECTION('',(0.,1.,0.));
#17578 = PCURVE('',#5966,#17579);
#17579 = DEFINITIONAL_REPRESENTATION('',(#17580),#17583);
#17580 = B_SPLINE_CURVE_WITH_KNOTS('',1,(#17581,#17582),.UNSPECIFIED.,
  .F.,.F.,(2,2),(0.,2.4),.PIECEWISE_BEZIER_KNOTS.);
#17581 = CARTESIAN_POINT('',(90.6,0.));
#17582 = CARTESIAN_POINT('',(90.6,-2.4));
#17583 = ( GEOMETRIC_REPRESENTATION_CONTEXT(2) 
PARAMETRIC_REPRESENTATION_CONTEXT() REPRESENTATION_CONTEXT('2D SPACE',''
  ) );
#17584 = PCURVE('',#5940,#17585);
#17585 = DEFINITIONAL_REPRESENTATION('',(#17586),#17589);
#17586 = B_SPLINE_CURVE_WITH_KNOTS('',1,(#17587,#17588),.UNSPECIFIED.,
  .F.,.F.,(2,2),(0.,2.4),.PIECEWISE_BEZIER_KNOTS.);
#17587 = CARTESIAN_POINT('',(46.4,0.));
#17588 = CARTESIAN_POINT('',(46.4,2.4));
#17589 = ( GEOMETRIC_REPRESENTATION_CONTEXT(2) 
PARAMETRIC_REPRESENTATION_CONTEXT() REPRESENTATION_CONTEXT('2D SPACE',''
  ) );
#17590 = ORIENTED_EDGE('',*,*,#5952,.T.);
#17591 = ORIENTED_EDGE('',*,*,#14706,.F.);
#17592 = ADVANCED_FACE('',(#17593),#5912,.T.);
#17593 = FACE_BOUND('',#17594,.T.);
#17594 = EDGE_LOOP('',(#17595,#17596,#17615,#17616));
#17595 = ORIENTED_EDGE('',*,*,#11683,.F.);
#17596 = ORIENTED_EDGE('',*,*,#17597,.T.);
#17597 = EDGE_CURVE('',#11684,#5897,#17598,.T.);
#17598 = SURFACE_CURVE('',#17599,(#17603,#17609),.PCURVE_S1.);
#17599 = LINE('',#17600,#17601);
#17600 = CARTESIAN_POINT('',(-53.4,-17.1,0.6));
#17601 = VECTOR('',#17602,1.);
#17602 = DIRECTION('',(0.,1.,0.));
#17603 = PCURVE('',#5912,#17604);
#17604 = DEFINITIONAL_REPRESENTATION('',(#17605),#17608);
#17605 = B_SPLINE_CURVE_WITH_KNOTS('',1,(#17606,#17607),.UNSPECIFIED.,
  .F.,.F.,(2,2),(0.,2.4),.PIECEWISE_BEZIER_KNOTS.);
#17606 = CARTESIAN_POINT('',(90.6,0.));
#17607 = CARTESIAN_POINT('',(90.6,-2.4));
#17608 = ( GEOMETRIC_REPRESENTATION_CONTEXT(2) 
PARAMETRIC_REPRESENTATION_CONTEXT() REPRESENTATION_CONTEXT('2D SPACE',''
  ) );
#17609 = PCURVE('',#5940,#17610);
#17610 = DEFINITIONAL_REPRESENTATION('',(#17611),#17614);
#17611 = B_SPLINE_CURVE_WITH_KNOTS('',1,(#17612,#17613),.UNSPECIFIED.,
  .F.,.F.,(2,2),(0.,2.4),.PIECEWISE_BEZIER_KNOTS.);
#17612 = CARTESIAN_POINT('',(41.6,0.));
#17613 = CARTESIAN_POINT('',(41.6,2.4));
#17614 = ( GEOMETRIC_REPRESENTATION_CONTEXT(2) 
PARAMETRIC_REPRESENTATION_CONTEXT() REPRESENTATION_CONTEXT('2D SPACE',''
  ) );
#17615 = ORIENTED_EDGE('',*,*,#5896,.T.);
#17616 = ORIENTED_EDGE('',*,*,#14726,.F.);
#17617 = ADVANCED_FACE('',(#17618),#6081,.F.);
#17618 = FACE_BOUND('',#17619,.F.);
#17619 = EDGE_LOOP('',(#17620,#17621,#17640,#17641));
#17620 = ORIENTED_EDGE('',*,*,#11824,.F.);
#17621 = ORIENTED_EDGE('',*,*,#17622,.T.);
#17622 = EDGE_CURVE('',#11802,#6040,#17623,.T.);
#17623 = SURFACE_CURVE('',#17624,(#17628,#17634),.PCURVE_S1.);
#17624 = LINE('',#17625,#17626);
#17625 = CARTESIAN_POINT('',(-42.6,-17.1,0.6));
#17626 = VECTOR('',#17627,1.);
#17627 = DIRECTION('',(0.,1.,0.));
#17628 = PCURVE('',#6081,#17629);
#17629 = DEFINITIONAL_REPRESENTATION('',(#17630),#17633);
#17630 = B_SPLINE_CURVE_WITH_KNOTS('',1,(#17631,#17632),.UNSPECIFIED.,
  .F.,.F.,(2,2),(0.,2.4),.PIECEWISE_BEZIER_KNOTS.);
#17631 = CARTESIAN_POINT('',(90.6,0.));
#17632 = CARTESIAN_POINT('',(90.6,-2.4));
#17633 = ( GEOMETRIC_REPRESENTATION_CONTEXT(2) 
PARAMETRIC_REPRESENTATION_CONTEXT() REPRESENTATION_CONTEXT('2D SPACE',''
  ) );
#17634 = PCURVE('',#6055,#17635);
#17635 = DEFINITIONAL_REPRESENTATION('',(#17636),#17639);
#17636 = B_SPLINE_CURVE_WITH_KNOTS('',1,(#17637,#17638),.UNSPECIFIED.,
  .F.,.F.,(2,2),(0.,2.4),.PIECEWISE_BEZIER_KNOTS.);
#17637 = CARTESIAN_POINT('',(52.4,0.));
#17638 = CARTESIAN_POINT('',(52.4,2.4));
#17639 = ( GEOMETRIC_REPRESENTATION_CONTEXT(2) 
PARAMETRIC_REPRESENTATION_CONTEXT() REPRESENTATION_CONTEXT('2D SPACE',''
  ) );
#17640 = ORIENTED_EDGE('',*,*,#6067,.T.);
#17641 = ORIENTED_EDGE('',*,*,#14749,.F.);
#17642 = ADVANCED_FACE('',(#17643),#6027,.T.);
#17643 = FACE_BOUND('',#17644,.T.);
#17644 = EDGE_LOOP('',(#17645,#17646,#17665,#17666));
#17645 = ORIENTED_EDGE('',*,*,#11778,.F.);
#17646 = ORIENTED_EDGE('',*,*,#17647,.T.);
#17647 = EDGE_CURVE('',#11779,#6012,#17648,.T.);
#17648 = SURFACE_CURVE('',#17649,(#17653,#17659),.PCURVE_S1.);
#17649 = LINE('',#17650,#17651);
#17650 = CARTESIAN_POINT('',(-47.4,-17.1,0.6));
#17651 = VECTOR('',#17652,1.);
#17652 = DIRECTION('',(0.,1.,0.));
#17653 = PCURVE('',#6027,#17654);
#17654 = DEFINITIONAL_REPRESENTATION('',(#17655),#17658);
#17655 = B_SPLINE_CURVE_WITH_KNOTS('',1,(#17656,#17657),.UNSPECIFIED.,
  .F.,.F.,(2,2),(0.,2.4),.PIECEWISE_BEZIER_KNOTS.);
#17656 = CARTESIAN_POINT('',(90.6,0.));
#17657 = CARTESIAN_POINT('',(90.6,-2.4));
#17658 = ( GEOMETRIC_REPRESENTATION_CONTEXT(2) 
PARAMETRIC_REPRESENTATION_CONTEXT() REPRESENTATION_CONTEXT('2D SPACE',''
  ) );
#17659 = PCURVE('',#6055,#17660);
#17660 = DEFINITIONAL_REPRESENTATION('',(#17661),#17664);
#17661 = B_SPLINE_CURVE_WITH_KNOTS('',1,(#17662,#17663),.UNSPECIFIED.,
  .F.,.F.,(2,2),(0.,2.4),.PIECEWISE_BEZIER_KNOTS.);
#17662 = CARTESIAN_POINT('',(47.6,0.));
#17663 = CARTESIAN_POINT('',(47.6,2.4));
#17664 = ( GEOMETRIC_REPRESENTATION_CONTEXT(2) 
PARAMETRIC_REPRESENTATION_CONTEXT() REPRESENTATION_CONTEXT('2D SPACE',''
  ) );
#17665 = ORIENTED_EDGE('',*,*,#6011,.T.);
#17666 = ORIENTED_EDGE('',*,*,#14769,.F.);
#17667 = ADVANCED_FACE('',(#17668),#6196,.F.);
#17668 = FACE_BOUND('',#17669,.F.);
#17669 = EDGE_LOOP('',(#17670,#17671,#17690,#17691));
#17670 = ORIENTED_EDGE('',*,*,#11919,.F.);
#17671 = ORIENTED_EDGE('',*,*,#17672,.T.);
#17672 = EDGE_CURVE('',#11897,#6155,#17673,.T.);
#17673 = SURFACE_CURVE('',#17674,(#17678,#17684),.PCURVE_S1.);
#17674 = LINE('',#17675,#17676);
#17675 = CARTESIAN_POINT('',(-36.6,-17.1,0.6));
#17676 = VECTOR('',#17677,1.);
#17677 = DIRECTION('',(0.,1.,0.));
#17678 = PCURVE('',#6196,#17679);
#17679 = DEFINITIONAL_REPRESENTATION('',(#17680),#17683);
#17680 = B_SPLINE_CURVE_WITH_KNOTS('',1,(#17681,#17682),.UNSPECIFIED.,
  .F.,.F.,(2,2),(0.,2.4),.PIECEWISE_BEZIER_KNOTS.);
#17681 = CARTESIAN_POINT('',(90.6,0.));
#17682 = CARTESIAN_POINT('',(90.6,-2.4));
#17683 = ( GEOMETRIC_REPRESENTATION_CONTEXT(2) 
PARAMETRIC_REPRESENTATION_CONTEXT() REPRESENTATION_CONTEXT('2D SPACE',''
  ) );
#17684 = PCURVE('',#6170,#17685);
#17685 = DEFINITIONAL_REPRESENTATION('',(#17686),#17689);
#17686 = B_SPLINE_CURVE_WITH_KNOTS('',1,(#17687,#17688),.UNSPECIFIED.,
  .F.,.F.,(2,2),(0.,2.4),.PIECEWISE_BEZIER_KNOTS.);
#17687 = CARTESIAN_POINT('',(58.4,0.));
#17688 = CARTESIAN_POINT('',(58.4,2.4));
#17689 = ( GEOMETRIC_REPRESENTATION_CONTEXT(2) 
PARAMETRIC_REPRESENTATION_CONTEXT() REPRESENTATION_CONTEXT('2D SPACE',''
  ) );
#17690 = ORIENTED_EDGE('',*,*,#6182,.T.);
#17691 = ORIENTED_EDGE('',*,*,#14792,.F.);
#17692 = ADVANCED_FACE('',(#17693),#6142,.T.);
#17693 = FACE_BOUND('',#17694,.T.);
#17694 = EDGE_LOOP('',(#17695,#17696,#17715,#17716));
#17695 = ORIENTED_EDGE('',*,*,#11873,.F.);
#17696 = ORIENTED_EDGE('',*,*,#17697,.T.);
#17697 = EDGE_CURVE('',#11874,#6127,#17698,.T.);
#17698 = SURFACE_CURVE('',#17699,(#17703,#17709),.PCURVE_S1.);
#17699 = LINE('',#17700,#17701);
#17700 = CARTESIAN_POINT('',(-41.4,-17.1,0.6));
#17701 = VECTOR('',#17702,1.);
#17702 = DIRECTION('',(0.,1.,0.));
#17703 = PCURVE('',#6142,#17704);
#17704 = DEFINITIONAL_REPRESENTATION('',(#17705),#17708);
#17705 = B_SPLINE_CURVE_WITH_KNOTS('',1,(#17706,#17707),.UNSPECIFIED.,
  .F.,.F.,(2,2),(0.,2.4),.PIECEWISE_BEZIER_KNOTS.);
#17706 = CARTESIAN_POINT('',(90.6,0.));
#17707 = CARTESIAN_POINT('',(90.6,-2.4));
#17708 = ( GEOMETRIC_REPRESENTATION_CONTEXT(2) 
PARAMETRIC_REPRESENTATION_CONTEXT() REPRESENTATION_CONTEXT('2D SPACE',''
  ) );
#17709 = PCURVE('',#6170,#17710);
#17710 = DEFINITIONAL_REPRESENTATION('',(#17711),#17714);
#17711 = B_SPLINE_CURVE_WITH_KNOTS('',1,(#17712,#17713),.UNSPECIFIED.,
  .F.,.F.,(2,2),(0.,2.4),.PIECEWISE_BEZIER_KNOTS.);
#17712 = CARTESIAN_POINT('',(53.6,0.));
#17713 = CARTESIAN_POINT('',(53.6,2.4));
#17714 = ( GEOMETRIC_REPRESENTATION_CONTEXT(2) 
PARAMETRIC_REPRESENTATION_CONTEXT() REPRESENTATION_CONTEXT('2D SPACE',''
  ) );
#17715 = ORIENTED_EDGE('',*,*,#6126,.T.);
#17716 = ORIENTED_EDGE('',*,*,#14812,.F.);
#17717 = ADVANCED_FACE('',(#17718),#6311,.F.);
#17718 = FACE_BOUND('',#17719,.F.);
#17719 = EDGE_LOOP('',(#17720,#17721,#17740,#17741));
#17720 = ORIENTED_EDGE('',*,*,#12014,.F.);
#17721 = ORIENTED_EDGE('',*,*,#17722,.T.);
#17722 = EDGE_CURVE('',#11992,#6270,#17723,.T.);
#17723 = SURFACE_CURVE('',#17724,(#17728,#17734),.PCURVE_S1.);
#17724 = LINE('',#17725,#17726);
#17725 = CARTESIAN_POINT('',(-30.6,-17.1,0.6));
#17726 = VECTOR('',#17727,1.);
#17727 = DIRECTION('',(0.,1.,0.));
#17728 = PCURVE('',#6311,#17729);
#17729 = DEFINITIONAL_REPRESENTATION('',(#17730),#17733);
#17730 = B_SPLINE_CURVE_WITH_KNOTS('',1,(#17731,#17732),.UNSPECIFIED.,
  .F.,.F.,(2,2),(0.,2.4),.PIECEWISE_BEZIER_KNOTS.);
#17731 = CARTESIAN_POINT('',(90.6,0.));
#17732 = CARTESIAN_POINT('',(90.6,-2.4));
#17733 = ( GEOMETRIC_REPRESENTATION_CONTEXT(2) 
PARAMETRIC_REPRESENTATION_CONTEXT() REPRESENTATION_CONTEXT('2D SPACE',''
  ) );
#17734 = PCURVE('',#6285,#17735);
#17735 = DEFINITIONAL_REPRESENTATION('',(#17736),#17739);
#17736 = B_SPLINE_CURVE_WITH_KNOTS('',1,(#17737,#17738),.UNSPECIFIED.,
  .F.,.F.,(2,2),(0.,2.4),.PIECEWISE_BEZIER_KNOTS.);
#17737 = CARTESIAN_POINT('',(64.4,0.));
#17738 = CARTESIAN_POINT('',(64.4,2.4));
#17739 = ( GEOMETRIC_REPRESENTATION_CONTEXT(2) 
PARAMETRIC_REPRESENTATION_CONTEXT() REPRESENTATION_CONTEXT('2D SPACE',''
  ) );
#17740 = ORIENTED_EDGE('',*,*,#6297,.T.);
#17741 = ORIENTED_EDGE('',*,*,#14835,.F.);
#17742 = ADVANCED_FACE('',(#17743),#6257,.T.);
#17743 = FACE_BOUND('',#17744,.T.);
#17744 = EDGE_LOOP('',(#17745,#17746,#17765,#17766));
#17745 = ORIENTED_EDGE('',*,*,#11968,.F.);
#17746 = ORIENTED_EDGE('',*,*,#17747,.T.);
#17747 = EDGE_CURVE('',#11969,#6242,#17748,.T.);
#17748 = SURFACE_CURVE('',#17749,(#17753,#17759),.PCURVE_S1.);
#17749 = LINE('',#17750,#17751);
#17750 = CARTESIAN_POINT('',(-35.4,-17.1,0.6));
#17751 = VECTOR('',#17752,1.);
#17752 = DIRECTION('',(0.,1.,0.));
#17753 = PCURVE('',#6257,#17754);
#17754 = DEFINITIONAL_REPRESENTATION('',(#17755),#17758);
#17755 = B_SPLINE_CURVE_WITH_KNOTS('',1,(#17756,#17757),.UNSPECIFIED.,
  .F.,.F.,(2,2),(0.,2.4),.PIECEWISE_BEZIER_KNOTS.);
#17756 = CARTESIAN_POINT('',(90.6,0.));
#17757 = CARTESIAN_POINT('',(90.6,-2.4));
#17758 = ( GEOMETRIC_REPRESENTATION_CONTEXT(2) 
PARAMETRIC_REPRESENTATION_CONTEXT() REPRESENTATION_CONTEXT('2D SPACE',''
  ) );
#17759 = PCURVE('',#6285,#17760);
#17760 = DEFINITIONAL_REPRESENTATION('',(#17761),#17764);
#17761 = B_SPLINE_CURVE_WITH_KNOTS('',1,(#17762,#17763),.UNSPECIFIED.,
  .F.,.F.,(2,2),(0.,2.4),.PIECEWISE_BEZIER_KNOTS.);
#17762 = CARTESIAN_POINT('',(59.6,0.));
#17763 = CARTESIAN_POINT('',(59.6,2.4));
#17764 = ( GEOMETRIC_REPRESENTATION_CONTEXT(2) 
PARAMETRIC_REPRESENTATION_CONTEXT() REPRESENTATION_CONTEXT('2D SPACE',''
  ) );
#17765 = ORIENTED_EDGE('',*,*,#6241,.T.);
#17766 = ORIENTED_EDGE('',*,*,#14855,.F.);
#17767 = ADVANCED_FACE('',(#17768),#6426,.F.);
#17768 = FACE_BOUND('',#17769,.F.);
#17769 = EDGE_LOOP('',(#17770,#17771,#17790,#17791));
#17770 = ORIENTED_EDGE('',*,*,#12109,.F.);
#17771 = ORIENTED_EDGE('',*,*,#17772,.T.);
#17772 = EDGE_CURVE('',#12087,#6385,#17773,.T.);
#17773 = SURFACE_CURVE('',#17774,(#17778,#17784),.PCURVE_S1.);
#17774 = LINE('',#17775,#17776);
#17775 = CARTESIAN_POINT('',(-24.6,-17.1,0.6));
#17776 = VECTOR('',#17777,1.);
#17777 = DIRECTION('',(0.,1.,0.));
#17778 = PCURVE('',#6426,#17779);
#17779 = DEFINITIONAL_REPRESENTATION('',(#17780),#17783);
#17780 = B_SPLINE_CURVE_WITH_KNOTS('',1,(#17781,#17782),.UNSPECIFIED.,
  .F.,.F.,(2,2),(0.,2.4),.PIECEWISE_BEZIER_KNOTS.);
#17781 = CARTESIAN_POINT('',(90.6,0.));
#17782 = CARTESIAN_POINT('',(90.6,-2.4));
#17783 = ( GEOMETRIC_REPRESENTATION_CONTEXT(2) 
PARAMETRIC_REPRESENTATION_CONTEXT() REPRESENTATION_CONTEXT('2D SPACE',''
  ) );
#17784 = PCURVE('',#6400,#17785);
#17785 = DEFINITIONAL_REPRESENTATION('',(#17786),#17789);
#17786 = B_SPLINE_CURVE_WITH_KNOTS('',1,(#17787,#17788),.UNSPECIFIED.,
  .F.,.F.,(2,2),(0.,2.4),.PIECEWISE_BEZIER_KNOTS.);
#17787 = CARTESIAN_POINT('',(70.4,0.));
#17788 = CARTESIAN_POINT('',(70.4,2.4));
#17789 = ( GEOMETRIC_REPRESENTATION_CONTEXT(2) 
PARAMETRIC_REPRESENTATION_CONTEXT() REPRESENTATION_CONTEXT('2D SPACE',''
  ) );
#17790 = ORIENTED_EDGE('',*,*,#6412,.T.);
#17791 = ORIENTED_EDGE('',*,*,#14878,.F.);
#17792 = ADVANCED_FACE('',(#17793),#6372,.T.);
#17793 = FACE_BOUND('',#17794,.T.);
#17794 = EDGE_LOOP('',(#17795,#17796,#17815,#17816));
#17795 = ORIENTED_EDGE('',*,*,#12063,.F.);
#17796 = ORIENTED_EDGE('',*,*,#17797,.T.);
#17797 = EDGE_CURVE('',#12064,#6357,#17798,.T.);
#17798 = SURFACE_CURVE('',#17799,(#17803,#17809),.PCURVE_S1.);
#17799 = LINE('',#17800,#17801);
#17800 = CARTESIAN_POINT('',(-29.4,-17.1,0.6));
#17801 = VECTOR('',#17802,1.);
#17802 = DIRECTION('',(0.,1.,0.));
#17803 = PCURVE('',#6372,#17804);
#17804 = DEFINITIONAL_REPRESENTATION('',(#17805),#17808);
#17805 = B_SPLINE_CURVE_WITH_KNOTS('',1,(#17806,#17807),.UNSPECIFIED.,
  .F.,.F.,(2,2),(0.,2.4),.PIECEWISE_BEZIER_KNOTS.);
#17806 = CARTESIAN_POINT('',(90.6,0.));
#17807 = CARTESIAN_POINT('',(90.6,-2.4));
#17808 = ( GEOMETRIC_REPRESENTATION_CONTEXT(2) 
PARAMETRIC_REPRESENTATION_CONTEXT() REPRESENTATION_CONTEXT('2D SPACE',''
  ) );
#17809 = PCURVE('',#6400,#17810);
#17810 = DEFINITIONAL_REPRESENTATION('',(#17811),#17814);
#17811 = B_SPLINE_CURVE_WITH_KNOTS('',1,(#17812,#17813),.UNSPECIFIED.,
  .F.,.F.,(2,2),(0.,2.4),.PIECEWISE_BEZIER_KNOTS.);
#17812 = CARTESIAN_POINT('',(65.6,0.));
#17813 = CARTESIAN_POINT('',(65.6,2.4));
#17814 = ( GEOMETRIC_REPRESENTATION_CONTEXT(2) 
PARAMETRIC_REPRESENTATION_CONTEXT() REPRESENTATION_CONTEXT('2D SPACE',''
  ) );
#17815 = ORIENTED_EDGE('',*,*,#6356,.T.);
#17816 = ORIENTED_EDGE('',*,*,#14898,.F.);
#17817 = ADVANCED_FACE('',(#17818),#6541,.F.);
#17818 = FACE_BOUND('',#17819,.F.);
#17819 = EDGE_LOOP('',(#17820,#17821,#17840,#17841));
#17820 = ORIENTED_EDGE('',*,*,#12204,.F.);
#17821 = ORIENTED_EDGE('',*,*,#17822,.T.);
#17822 = EDGE_CURVE('',#12182,#6500,#17823,.T.);
#17823 = SURFACE_CURVE('',#17824,(#17828,#17834),.PCURVE_S1.);
#17824 = LINE('',#17825,#17826);
#17825 = CARTESIAN_POINT('',(-18.6,-17.1,0.6));
#17826 = VECTOR('',#17827,1.);
#17827 = DIRECTION('',(0.,1.,0.));
#17828 = PCURVE('',#6541,#17829);
#17829 = DEFINITIONAL_REPRESENTATION('',(#17830),#17833);
#17830 = B_SPLINE_CURVE_WITH_KNOTS('',1,(#17831,#17832),.UNSPECIFIED.,
  .F.,.F.,(2,2),(0.,2.4),.PIECEWISE_BEZIER_KNOTS.);
#17831 = CARTESIAN_POINT('',(90.6,0.));
#17832 = CARTESIAN_POINT('',(90.6,-2.4));
#17833 = ( GEOMETRIC_REPRESENTATION_CONTEXT(2) 
PARAMETRIC_REPRESENTATION_CONTEXT() REPRESENTATION_CONTEXT('2D SPACE',''
  ) );
#17834 = PCURVE('',#6515,#17835);
#17835 = DEFINITIONAL_REPRESENTATION('',(#17836),#17839);
#17836 = B_SPLINE_CURVE_WITH_KNOTS('',1,(#17837,#17838),.UNSPECIFIED.,
  .F.,.F.,(2,2),(0.,2.4),.PIECEWISE_BEZIER_KNOTS.);
#17837 = CARTESIAN_POINT('',(76.4,0.));
#17838 = CARTESIAN_POINT('',(76.4,2.4));
#17839 = ( GEOMETRIC_REPRESENTATION_CONTEXT(2) 
PARAMETRIC_REPRESENTATION_CONTEXT() REPRESENTATION_CONTEXT('2D SPACE',''
  ) );
#17840 = ORIENTED_EDGE('',*,*,#6527,.T.);
#17841 = ORIENTED_EDGE('',*,*,#14921,.F.);
#17842 = ADVANCED_FACE('',(#17843),#6487,.T.);
#17843 = FACE_BOUND('',#17844,.T.);
#17844 = EDGE_LOOP('',(#17845,#17846,#17865,#17866));
#17845 = ORIENTED_EDGE('',*,*,#12158,.F.);
#17846 = ORIENTED_EDGE('',*,*,#17847,.T.);
#17847 = EDGE_CURVE('',#12159,#6472,#17848,.T.);
#17848 = SURFACE_CURVE('',#17849,(#17853,#17859),.PCURVE_S1.);
#17849 = LINE('',#17850,#17851);
#17850 = CARTESIAN_POINT('',(-23.4,-17.1,0.6));
#17851 = VECTOR('',#17852,1.);
#17852 = DIRECTION('',(0.,1.,0.));
#17853 = PCURVE('',#6487,#17854);
#17854 = DEFINITIONAL_REPRESENTATION('',(#17855),#17858);
#17855 = B_SPLINE_CURVE_WITH_KNOTS('',1,(#17856,#17857),.UNSPECIFIED.,
  .F.,.F.,(2,2),(0.,2.4),.PIECEWISE_BEZIER_KNOTS.);
#17856 = CARTESIAN_POINT('',(90.6,0.));
#17857 = CARTESIAN_POINT('',(90.6,-2.4));
#17858 = ( GEOMETRIC_REPRESENTATION_CONTEXT(2) 
PARAMETRIC_REPRESENTATION_CONTEXT() REPRESENTATION_CONTEXT('2D SPACE',''
  ) );
#17859 = PCURVE('',#6515,#17860);
#17860 = DEFINITIONAL_REPRESENTATION('',(#17861),#17864);
#17861 = B_SPLINE_CURVE_WITH_KNOTS('',1,(#17862,#17863),.UNSPECIFIED.,
  .F.,.F.,(2,2),(0.,2.4),.PIECEWISE_BEZIER_KNOTS.);
#17862 = CARTESIAN_POINT('',(71.6,0.));
#17863 = CARTESIAN_POINT('',(71.6,2.4));
#17864 = ( GEOMETRIC_REPRESENTATION_CONTEXT(2) 
PARAMETRIC_REPRESENTATION_CONTEXT() REPRESENTATION_CONTEXT('2D SPACE',''
  ) );
#17865 = ORIENTED_EDGE('',*,*,#6471,.T.);
#17866 = ORIENTED_EDGE('',*,*,#14941,.F.);
#17867 = ADVANCED_FACE('',(#17868),#6656,.F.);
#17868 = FACE_BOUND('',#17869,.F.);
#17869 = EDGE_LOOP('',(#17870,#17871,#17890,#17891));
#17870 = ORIENTED_EDGE('',*,*,#12299,.F.);
#17871 = ORIENTED_EDGE('',*,*,#17872,.T.);
#17872 = EDGE_CURVE('',#12277,#6615,#17873,.T.);
#17873 = SURFACE_CURVE('',#17874,(#17878,#17884),.PCURVE_S1.);
#17874 = LINE('',#17875,#17876);
#17875 = CARTESIAN_POINT('',(-12.6,-17.1,0.6));
#17876 = VECTOR('',#17877,1.);
#17877 = DIRECTION('',(0.,1.,0.));
#17878 = PCURVE('',#6656,#17879);
#17879 = DEFINITIONAL_REPRESENTATION('',(#17880),#17883);
#17880 = B_SPLINE_CURVE_WITH_KNOTS('',1,(#17881,#17882),.UNSPECIFIED.,
  .F.,.F.,(2,2),(0.,2.4),.PIECEWISE_BEZIER_KNOTS.);
#17881 = CARTESIAN_POINT('',(90.6,0.));
#17882 = CARTESIAN_POINT('',(90.6,-2.4));
#17883 = ( GEOMETRIC_REPRESENTATION_CONTEXT(2) 
PARAMETRIC_REPRESENTATION_CONTEXT() REPRESENTATION_CONTEXT('2D SPACE',''
  ) );
#17884 = PCURVE('',#6630,#17885);
#17885 = DEFINITIONAL_REPRESENTATION('',(#17886),#17889);
#17886 = B_SPLINE_CURVE_WITH_KNOTS('',1,(#17887,#17888),.UNSPECIFIED.,
  .F.,.F.,(2,2),(0.,2.4),.PIECEWISE_BEZIER_KNOTS.);
#17887 = CARTESIAN_POINT('',(82.4,0.));
#17888 = CARTESIAN_POINT('',(82.4,2.4));
#17889 = ( GEOMETRIC_REPRESENTATION_CONTEXT(2) 
PARAMETRIC_REPRESENTATION_CONTEXT() REPRESENTATION_CONTEXT('2D SPACE',''
  ) );
#17890 = ORIENTED_EDGE('',*,*,#6642,.T.);
#17891 = ORIENTED_EDGE('',*,*,#14964,.F.);
#17892 = ADVANCED_FACE('',(#17893),#6602,.T.);
#17893 = FACE_BOUND('',#17894,.T.);
#17894 = EDGE_LOOP('',(#17895,#17896,#17915,#17916));
#17895 = ORIENTED_EDGE('',*,*,#12253,.F.);
#17896 = ORIENTED_EDGE('',*,*,#17897,.T.);
#17897 = EDGE_CURVE('',#12254,#6587,#17898,.T.);
#17898 = SURFACE_CURVE('',#17899,(#17903,#17909),.PCURVE_S1.);
#17899 = LINE('',#17900,#17901);
#17900 = CARTESIAN_POINT('',(-17.4,-17.1,0.6));
#17901 = VECTOR('',#17902,1.);
#17902 = DIRECTION('',(0.,1.,0.));
#17903 = PCURVE('',#6602,#17904);
#17904 = DEFINITIONAL_REPRESENTATION('',(#17905),#17908);
#17905 = B_SPLINE_CURVE_WITH_KNOTS('',1,(#17906,#17907),.UNSPECIFIED.,
  .F.,.F.,(2,2),(0.,2.4),.PIECEWISE_BEZIER_KNOTS.);
#17906 = CARTESIAN_POINT('',(90.6,0.));
#17907 = CARTESIAN_POINT('',(90.6,-2.4));
#17908 = ( GEOMETRIC_REPRESENTATION_CONTEXT(2) 
PARAMETRIC_REPRESENTATION_CONTEXT() REPRESENTATION_CONTEXT('2D SPACE',''
  ) );
#17909 = PCURVE('',#6630,#17910);
#17910 = DEFINITIONAL_REPRESENTATION('',(#17911),#17914);
#17911 = B_SPLINE_CURVE_WITH_KNOTS('',1,(#17912,#17913),.UNSPECIFIED.,
  .F.,.F.,(2,2),(0.,2.4),.PIECEWISE_BEZIER_KNOTS.);
#17912 = CARTESIAN_POINT('',(77.6,0.));
#17913 = CARTESIAN_POINT('',(77.6,2.4));
#17914 = ( GEOMETRIC_REPRESENTATION_CONTEXT(2) 
PARAMETRIC_REPRESENTATION_CONTEXT() REPRESENTATION_CONTEXT('2D SPACE',''
  ) );
#17915 = ORIENTED_EDGE('',*,*,#6586,.T.);
#17916 = ORIENTED_EDGE('',*,*,#14984,.F.);
#17917 = ADVANCED_FACE('',(#17918),#6771,.F.);
#17918 = FACE_BOUND('',#17919,.F.);
#17919 = EDGE_LOOP('',(#17920,#17921,#17940,#17941));
#17920 = ORIENTED_EDGE('',*,*,#12394,.F.);
#17921 = ORIENTED_EDGE('',*,*,#17922,.T.);
#17922 = EDGE_CURVE('',#12372,#6730,#17923,.T.);
#17923 = SURFACE_CURVE('',#17924,(#17928,#17934),.PCURVE_S1.);
#17924 = LINE('',#17925,#17926);
#17925 = CARTESIAN_POINT('',(-6.6,-17.1,0.6));
#17926 = VECTOR('',#17927,1.);
#17927 = DIRECTION('',(0.,1.,0.));
#17928 = PCURVE('',#6771,#17929);
#17929 = DEFINITIONAL_REPRESENTATION('',(#17930),#17933);
#17930 = B_SPLINE_CURVE_WITH_KNOTS('',1,(#17931,#17932),.UNSPECIFIED.,
  .F.,.F.,(2,2),(0.,2.4),.PIECEWISE_BEZIER_KNOTS.);
#17931 = CARTESIAN_POINT('',(90.6,0.));
#17932 = CARTESIAN_POINT('',(90.6,-2.4));
#17933 = ( GEOMETRIC_REPRESENTATION_CONTEXT(2) 
PARAMETRIC_REPRESENTATION_CONTEXT() REPRESENTATION_CONTEXT('2D SPACE',''
  ) );
#17934 = PCURVE('',#6745,#17935);
#17935 = DEFINITIONAL_REPRESENTATION('',(#17936),#17939);
#17936 = B_SPLINE_CURVE_WITH_KNOTS('',1,(#17937,#17938),.UNSPECIFIED.,
  .F.,.F.,(2,2),(0.,2.4),.PIECEWISE_BEZIER_KNOTS.);
#17937 = CARTESIAN_POINT('',(88.4,0.));
#17938 = CARTESIAN_POINT('',(88.4,2.4));
#17939 = ( GEOMETRIC_REPRESENTATION_CONTEXT(2) 
PARAMETRIC_REPRESENTATION_CONTEXT() REPRESENTATION_CONTEXT('2D SPACE',''
  ) );
#17940 = ORIENTED_EDGE('',*,*,#6757,.T.);
#17941 = ORIENTED_EDGE('',*,*,#15007,.F.);
#17942 = ADVANCED_FACE('',(#17943),#6717,.T.);
#17943 = FACE_BOUND('',#17944,.T.);
#17944 = EDGE_LOOP('',(#17945,#17946,#17965,#17966));
#17945 = ORIENTED_EDGE('',*,*,#12348,.F.);
#17946 = ORIENTED_EDGE('',*,*,#17947,.T.);
#17947 = EDGE_CURVE('',#12349,#6702,#17948,.T.);
#17948 = SURFACE_CURVE('',#17949,(#17953,#17959),.PCURVE_S1.);
#17949 = LINE('',#17950,#17951);
#17950 = CARTESIAN_POINT('',(-11.4,-17.1,0.6));
#17951 = VECTOR('',#17952,1.);
#17952 = DIRECTION('',(0.,1.,0.));
#17953 = PCURVE('',#6717,#17954);
#17954 = DEFINITIONAL_REPRESENTATION('',(#17955),#17958);
#17955 = B_SPLINE_CURVE_WITH_KNOTS('',1,(#17956,#17957),.UNSPECIFIED.,
  .F.,.F.,(2,2),(0.,2.4),.PIECEWISE_BEZIER_KNOTS.);
#17956 = CARTESIAN_POINT('',(90.6,0.));
#17957 = CARTESIAN_POINT('',(90.6,-2.4));
#17958 = ( GEOMETRIC_REPRESENTATION_CONTEXT(2) 
PARAMETRIC_REPRESENTATION_CONTEXT() REPRESENTATION_CONTEXT('2D SPACE',''
  ) );
#17959 = PCURVE('',#6745,#17960);
#17960 = DEFINITIONAL_REPRESENTATION('',(#17961),#17964);
#17961 = B_SPLINE_CURVE_WITH_KNOTS('',1,(#17962,#17963),.UNSPECIFIED.,
  .F.,.F.,(2,2),(0.,2.4),.PIECEWISE_BEZIER_KNOTS.);
#17962 = CARTESIAN_POINT('',(83.6,0.));
#17963 = CARTESIAN_POINT('',(83.6,2.4));
#17964 = ( GEOMETRIC_REPRESENTATION_CONTEXT(2) 
PARAMETRIC_REPRESENTATION_CONTEXT() REPRESENTATION_CONTEXT('2D SPACE',''
  ) );
#17965 = ORIENTED_EDGE('',*,*,#6701,.T.);
#17966 = ORIENTED_EDGE('',*,*,#15027,.F.);
#17967 = ADVANCED_FACE('',(#17968),#6886,.F.);
#17968 = FACE_BOUND('',#17969,.F.);
#17969 = EDGE_LOOP('',(#17970,#17971,#17990,#17991));
#17970 = ORIENTED_EDGE('',*,*,#12489,.F.);
#17971 = ORIENTED_EDGE('',*,*,#17972,.T.);
#17972 = EDGE_CURVE('',#12467,#6845,#17973,.T.);
#17973 = SURFACE_CURVE('',#17974,(#17978,#17984),.PCURVE_S1.);
#17974 = LINE('',#17975,#17976);
#17975 = CARTESIAN_POINT('',(-0.6,-17.1,0.6));
#17976 = VECTOR('',#17977,1.);
#17977 = DIRECTION('',(0.,1.,0.));
#17978 = PCURVE('',#6886,#17979);
#17979 = DEFINITIONAL_REPRESENTATION('',(#17980),#17983);
#17980 = B_SPLINE_CURVE_WITH_KNOTS('',1,(#17981,#17982),.UNSPECIFIED.,
  .F.,.F.,(2,2),(0.,2.4),.PIECEWISE_BEZIER_KNOTS.);
#17981 = CARTESIAN_POINT('',(90.6,0.));
#17982 = CARTESIAN_POINT('',(90.6,-2.4));
#17983 = ( GEOMETRIC_REPRESENTATION_CONTEXT(2) 
PARAMETRIC_REPRESENTATION_CONTEXT() REPRESENTATION_CONTEXT('2D SPACE',''
  ) );
#17984 = PCURVE('',#6860,#17985);
#17985 = DEFINITIONAL_REPRESENTATION('',(#17986),#17989);
#17986 = B_SPLINE_CURVE_WITH_KNOTS('',1,(#17987,#17988),.UNSPECIFIED.,
  .F.,.F.,(2,2),(0.,2.4),.PIECEWISE_BEZIER_KNOTS.);
#17987 = CARTESIAN_POINT('',(94.4,0.));
#17988 = CARTESIAN_POINT('',(94.4,2.4));
#17989 = ( GEOMETRIC_REPRESENTATION_CONTEXT(2) 
PARAMETRIC_REPRESENTATION_CONTEXT() REPRESENTATION_CONTEXT('2D SPACE',''
  ) );
#17990 = ORIENTED_EDGE('',*,*,#6872,.T.);
#17991 = ORIENTED_EDGE('',*,*,#15050,.F.);
#17992 = ADVANCED_FACE('',(#17993),#6832,.T.);
#17993 = FACE_BOUND('',#17994,.T.);
#17994 = EDGE_LOOP('',(#17995,#17996,#18015,#18016));
#17995 = ORIENTED_EDGE('',*,*,#12443,.F.);
#17996 = ORIENTED_EDGE('',*,*,#17997,.T.);
#17997 = EDGE_CURVE('',#12444,#6817,#17998,.T.);
#17998 = SURFACE_CURVE('',#17999,(#18003,#18009),.PCURVE_S1.);
#17999 = LINE('',#18000,#18001);
#18000 = CARTESIAN_POINT('',(-5.4,-17.1,0.6));
#18001 = VECTOR('',#18002,1.);
#18002 = DIRECTION('',(0.,1.,0.));
#18003 = PCURVE('',#6832,#18004);
#18004 = DEFINITIONAL_REPRESENTATION('',(#18005),#18008);
#18005 = B_SPLINE_CURVE_WITH_KNOTS('',1,(#18006,#18007),.UNSPECIFIED.,
  .F.,.F.,(2,2),(0.,2.4),.PIECEWISE_BEZIER_KNOTS.);
#18006 = CARTESIAN_POINT('',(90.6,0.));
#18007 = CARTESIAN_POINT('',(90.6,-2.4));
#18008 = ( GEOMETRIC_REPRESENTATION_CONTEXT(2) 
PARAMETRIC_REPRESENTATION_CONTEXT() REPRESENTATION_CONTEXT('2D SPACE',''
  ) );
#18009 = PCURVE('',#6860,#18010);
#18010 = DEFINITIONAL_REPRESENTATION('',(#18011),#18014);
#18011 = B_SPLINE_CURVE_WITH_KNOTS('',1,(#18012,#18013),.UNSPECIFIED.,
  .F.,.F.,(2,2),(0.,2.4),.PIECEWISE_BEZIER_KNOTS.);
#18012 = CARTESIAN_POINT('',(89.6,0.));
#18013 = CARTESIAN_POINT('',(89.6,2.4));
#18014 = ( GEOMETRIC_REPRESENTATION_CONTEXT(2) 
PARAMETRIC_REPRESENTATION_CONTEXT() REPRESENTATION_CONTEXT('2D SPACE',''
  ) );
#18015 = ORIENTED_EDGE('',*,*,#6816,.T.);
#18016 = ORIENTED_EDGE('',*,*,#15070,.F.);
#18017 = ADVANCED_FACE('',(#18018),#187,.T.);
#18018 = FACE_BOUND('',#18019,.T.);
#18019 = EDGE_LOOP('',(#18020,#18021,#18022,#18023));
#18020 = ORIENTED_EDGE('',*,*,#171,.F.);
#18021 = ORIENTED_EDGE('',*,*,#15119,.F.);
#18022 = ORIENTED_EDGE('',*,*,#6953,.T.);
#18023 = ORIENTED_EDGE('',*,*,#15094,.T.);
#18024 = ADVANCED_FACE('',(#18025),#302,.T.);
#18025 = FACE_BOUND('',#18026,.T.);
#18026 = EDGE_LOOP('',(#18027,#18028,#18029,#18030));
#18027 = ORIENTED_EDGE('',*,*,#286,.F.);
#18028 = ORIENTED_EDGE('',*,*,#15169,.F.);
#18029 = ORIENTED_EDGE('',*,*,#7048,.T.);
#18030 = ORIENTED_EDGE('',*,*,#15144,.T.);
#18031 = ADVANCED_FACE('',(#18032),#417,.T.);
#18032 = FACE_BOUND('',#18033,.T.);
#18033 = EDGE_LOOP('',(#18034,#18035,#18036,#18037));
#18034 = ORIENTED_EDGE('',*,*,#401,.F.);
#18035 = ORIENTED_EDGE('',*,*,#15219,.F.);
#18036 = ORIENTED_EDGE('',*,*,#7143,.T.);
#18037 = ORIENTED_EDGE('',*,*,#15194,.T.);
#18038 = ADVANCED_FACE('',(#18039),#532,.T.);
#18039 = FACE_BOUND('',#18040,.T.);
#18040 = EDGE_LOOP('',(#18041,#18042,#18043,#18044));
#18041 = ORIENTED_EDGE('',*,*,#516,.F.);
#18042 = ORIENTED_EDGE('',*,*,#15269,.F.);
#18043 = ORIENTED_EDGE('',*,*,#7238,.T.);
#18044 = ORIENTED_EDGE('',*,*,#15244,.T.);
#18045 = ADVANCED_FACE('',(#18046),#647,.T.);
#18046 = FACE_BOUND('',#18047,.T.);
#18047 = EDGE_LOOP('',(#18048,#18049,#18050,#18051));
#18048 = ORIENTED_EDGE('',*,*,#631,.F.);
#18049 = ORIENTED_EDGE('',*,*,#15319,.F.);
#18050 = ORIENTED_EDGE('',*,*,#7333,.T.);
#18051 = ORIENTED_EDGE('',*,*,#15294,.T.);
#18052 = ADVANCED_FACE('',(#18053),#762,.T.);
#18053 = FACE_BOUND('',#18054,.T.);
#18054 = EDGE_LOOP('',(#18055,#18056,#18057,#18058));
#18055 = ORIENTED_EDGE('',*,*,#746,.F.);
#18056 = ORIENTED_EDGE('',*,*,#15369,.F.);
#18057 = ORIENTED_EDGE('',*,*,#7428,.T.);
#18058 = ORIENTED_EDGE('',*,*,#15344,.T.);
#18059 = ADVANCED_FACE('',(#18060),#877,.T.);
#18060 = FACE_BOUND('',#18061,.T.);
#18061 = EDGE_LOOP('',(#18062,#18063,#18064,#18065));
#18062 = ORIENTED_EDGE('',*,*,#861,.F.);
#18063 = ORIENTED_EDGE('',*,*,#15419,.F.);
#18064 = ORIENTED_EDGE('',*,*,#7523,.T.);
#18065 = ORIENTED_EDGE('',*,*,#15394,.T.);
#18066 = ADVANCED_FACE('',(#18067),#992,.T.);
#18067 = FACE_BOUND('',#18068,.T.);
#18068 = EDGE_LOOP('',(#18069,#18070,#18071,#18072));
#18069 = ORIENTED_EDGE('',*,*,#976,.F.);
#18070 = ORIENTED_EDGE('',*,*,#15469,.F.);
#18071 = ORIENTED_EDGE('',*,*,#7618,.T.);
#18072 = ORIENTED_EDGE('',*,*,#15444,.T.);
#18073 = ADVANCED_FACE('',(#18074),#1107,.T.);
#18074 = FACE_BOUND('',#18075,.T.);
#18075 = EDGE_LOOP('',(#18076,#18077,#18078,#18079));
#18076 = ORIENTED_EDGE('',*,*,#1091,.F.);
#18077 = ORIENTED_EDGE('',*,*,#15519,.F.);
#18078 = ORIENTED_EDGE('',*,*,#7713,.T.);
#18079 = ORIENTED_EDGE('',*,*,#15494,.T.);
#18080 = ADVANCED_FACE('',(#18081),#1222,.T.);
#18081 = FACE_BOUND('',#18082,.T.);
#18082 = EDGE_LOOP('',(#18083,#18084,#18085,#18086));
#18083 = ORIENTED_EDGE('',*,*,#1206,.F.);
#18084 = ORIENTED_EDGE('',*,*,#15569,.F.);
#18085 = ORIENTED_EDGE('',*,*,#7808,.T.);
#18086 = ORIENTED_EDGE('',*,*,#15544,.T.);
#18087 = ADVANCED_FACE('',(#18088),#1337,.T.);
#18088 = FACE_BOUND('',#18089,.T.);
#18089 = EDGE_LOOP('',(#18090,#18091,#18092,#18093));
#18090 = ORIENTED_EDGE('',*,*,#1321,.F.);
#18091 = ORIENTED_EDGE('',*,*,#15619,.F.);
#18092 = ORIENTED_EDGE('',*,*,#7903,.T.);
#18093 = ORIENTED_EDGE('',*,*,#15594,.T.);
#18094 = ADVANCED_FACE('',(#18095),#1452,.T.);
#18095 = FACE_BOUND('',#18096,.T.);
#18096 = EDGE_LOOP('',(#18097,#18098,#18099,#18100));
#18097 = ORIENTED_EDGE('',*,*,#1436,.F.);
#18098 = ORIENTED_EDGE('',*,*,#15669,.F.);
#18099 = ORIENTED_EDGE('',*,*,#7998,.T.);
#18100 = ORIENTED_EDGE('',*,*,#15644,.T.);
#18101 = ADVANCED_FACE('',(#18102),#1567,.T.);
#18102 = FACE_BOUND('',#18103,.T.);
#18103 = EDGE_LOOP('',(#18104,#18105,#18106,#18107));
#18104 = ORIENTED_EDGE('',*,*,#1551,.F.);
#18105 = ORIENTED_EDGE('',*,*,#15719,.F.);
#18106 = ORIENTED_EDGE('',*,*,#8093,.T.);
#18107 = ORIENTED_EDGE('',*,*,#15694,.T.);
#18108 = ADVANCED_FACE('',(#18109),#1682,.T.);
#18109 = FACE_BOUND('',#18110,.T.);
#18110 = EDGE_LOOP('',(#18111,#18112,#18113,#18114));
#18111 = ORIENTED_EDGE('',*,*,#1666,.F.);
#18112 = ORIENTED_EDGE('',*,*,#15769,.F.);
#18113 = ORIENTED_EDGE('',*,*,#8188,.T.);
#18114 = ORIENTED_EDGE('',*,*,#15744,.T.);
#18115 = ADVANCED_FACE('',(#18116),#1971,.F.);
#18116 = FACE_BOUND('',#18117,.F.);
#18117 = EDGE_LOOP('',(#18118,#18119,#18120,#18121));
#18118 = ORIENTED_EDGE('',*,*,#1955,.F.);
#18119 = ORIENTED_EDGE('',*,*,#15860,.F.);
#18120 = ORIENTED_EDGE('',*,*,#8427,.T.);
#18121 = ORIENTED_EDGE('',*,*,#15885,.T.);
#18122 = ADVANCED_FACE('',(#18123),#2086,.F.);
#18123 = FACE_BOUND('',#18124,.F.);
#18124 = EDGE_LOOP('',(#18125,#18126,#18127,#18128));
#18125 = ORIENTED_EDGE('',*,*,#2070,.F.);
#18126 = ORIENTED_EDGE('',*,*,#15910,.F.);
#18127 = ORIENTED_EDGE('',*,*,#8522,.T.);
#18128 = ORIENTED_EDGE('',*,*,#15935,.T.);
#18129 = ADVANCED_FACE('',(#18130),#2201,.F.);
#18130 = FACE_BOUND('',#18131,.F.);
#18131 = EDGE_LOOP('',(#18132,#18133,#18134,#18135));
#18132 = ORIENTED_EDGE('',*,*,#2185,.F.);
#18133 = ORIENTED_EDGE('',*,*,#15960,.F.);
#18134 = ORIENTED_EDGE('',*,*,#8617,.T.);
#18135 = ORIENTED_EDGE('',*,*,#15985,.T.);
#18136 = ADVANCED_FACE('',(#18137),#2316,.F.);
#18137 = FACE_BOUND('',#18138,.F.);
#18138 = EDGE_LOOP('',(#18139,#18140,#18141,#18142));
#18139 = ORIENTED_EDGE('',*,*,#2300,.F.);
#18140 = ORIENTED_EDGE('',*,*,#16010,.F.);
#18141 = ORIENTED_EDGE('',*,*,#8712,.T.);
#18142 = ORIENTED_EDGE('',*,*,#16035,.T.);
#18143 = ADVANCED_FACE('',(#18144),#2431,.F.);
#18144 = FACE_BOUND('',#18145,.F.);
#18145 = EDGE_LOOP('',(#18146,#18147,#18148,#18149));
#18146 = ORIENTED_EDGE('',*,*,#2415,.F.);
#18147 = ORIENTED_EDGE('',*,*,#16060,.F.);
#18148 = ORIENTED_EDGE('',*,*,#8807,.T.);
#18149 = ORIENTED_EDGE('',*,*,#16085,.T.);
#18150 = ADVANCED_FACE('',(#18151),#2546,.F.);
#18151 = FACE_BOUND('',#18152,.F.);
#18152 = EDGE_LOOP('',(#18153,#18154,#18155,#18156));
#18153 = ORIENTED_EDGE('',*,*,#2530,.F.);
#18154 = ORIENTED_EDGE('',*,*,#16110,.F.);
#18155 = ORIENTED_EDGE('',*,*,#8902,.T.);
#18156 = ORIENTED_EDGE('',*,*,#16135,.T.);
#18157 = ADVANCED_FACE('',(#18158),#2661,.F.);
#18158 = FACE_BOUND('',#18159,.F.);
#18159 = EDGE_LOOP('',(#18160,#18161,#18162,#18163));
#18160 = ORIENTED_EDGE('',*,*,#2645,.F.);
#18161 = ORIENTED_EDGE('',*,*,#16160,.F.);
#18162 = ORIENTED_EDGE('',*,*,#8997,.T.);
#18163 = ORIENTED_EDGE('',*,*,#16185,.T.);
#18164 = ADVANCED_FACE('',(#18165),#2776,.F.);
#18165 = FACE_BOUND('',#18166,.F.);
#18166 = EDGE_LOOP('',(#18167,#18168,#18169,#18170));
#18167 = ORIENTED_EDGE('',*,*,#2760,.F.);
#18168 = ORIENTED_EDGE('',*,*,#16210,.F.);
#18169 = ORIENTED_EDGE('',*,*,#9092,.T.);
#18170 = ORIENTED_EDGE('',*,*,#16235,.T.);
#18171 = ADVANCED_FACE('',(#18172),#2891,.F.);
#18172 = FACE_BOUND('',#18173,.F.);
#18173 = EDGE_LOOP('',(#18174,#18175,#18176,#18177));
#18174 = ORIENTED_EDGE('',*,*,#2875,.F.);
#18175 = ORIENTED_EDGE('',*,*,#16260,.F.);
#18176 = ORIENTED_EDGE('',*,*,#9187,.T.);
#18177 = ORIENTED_EDGE('',*,*,#16285,.T.);
#18178 = ADVANCED_FACE('',(#18179),#3006,.F.);
#18179 = FACE_BOUND('',#18180,.F.);
#18180 = EDGE_LOOP('',(#18181,#18182,#18183,#18184));
#18181 = ORIENTED_EDGE('',*,*,#2990,.F.);
#18182 = ORIENTED_EDGE('',*,*,#16310,.F.);
#18183 = ORIENTED_EDGE('',*,*,#9282,.T.);
#18184 = ORIENTED_EDGE('',*,*,#16335,.T.);
#18185 = ADVANCED_FACE('',(#18186),#3121,.F.);
#18186 = FACE_BOUND('',#18187,.F.);
#18187 = EDGE_LOOP('',(#18188,#18189,#18190,#18191));
#18188 = ORIENTED_EDGE('',*,*,#3105,.F.);
#18189 = ORIENTED_EDGE('',*,*,#16360,.F.);
#18190 = ORIENTED_EDGE('',*,*,#9377,.T.);
#18191 = ORIENTED_EDGE('',*,*,#16385,.T.);
#18192 = ADVANCED_FACE('',(#18193),#3236,.F.);
#18193 = FACE_BOUND('',#18194,.F.);
#18194 = EDGE_LOOP('',(#18195,#18196,#18197,#18198));
#18195 = ORIENTED_EDGE('',*,*,#3220,.F.);
#18196 = ORIENTED_EDGE('',*,*,#16410,.F.);
#18197 = ORIENTED_EDGE('',*,*,#9472,.T.);
#18198 = ORIENTED_EDGE('',*,*,#16435,.T.);
#18199 = ADVANCED_FACE('',(#18200),#3351,.F.);
#18200 = FACE_BOUND('',#18201,.F.);
#18201 = EDGE_LOOP('',(#18202,#18203,#18204,#18205));
#18202 = ORIENTED_EDGE('',*,*,#3335,.F.);
#18203 = ORIENTED_EDGE('',*,*,#16460,.F.);
#18204 = ORIENTED_EDGE('',*,*,#9567,.T.);
#18205 = ORIENTED_EDGE('',*,*,#16485,.T.);
#18206 = ADVANCED_FACE('',(#18207),#3466,.F.);
#18207 = FACE_BOUND('',#18208,.F.);
#18208 = EDGE_LOOP('',(#18209,#18210,#18211,#18212));
#18209 = ORIENTED_EDGE('',*,*,#3450,.F.);
#18210 = ORIENTED_EDGE('',*,*,#16510,.F.);
#18211 = ORIENTED_EDGE('',*,*,#9662,.T.);
#18212 = ORIENTED_EDGE('',*,*,#16535,.T.);
#18213 = ADVANCED_FACE('',(#18214),#3581,.F.);
#18214 = FACE_BOUND('',#18215,.F.);
#18215 = EDGE_LOOP('',(#18216,#18217,#18218,#18219));
#18216 = ORIENTED_EDGE('',*,*,#3565,.F.);
#18217 = ORIENTED_EDGE('',*,*,#16560,.F.);
#18218 = ORIENTED_EDGE('',*,*,#9757,.T.);
#18219 = ORIENTED_EDGE('',*,*,#16585,.T.);
#18220 = ADVANCED_FACE('',(#18221),#3696,.F.);
#18221 = FACE_BOUND('',#18222,.F.);
#18222 = EDGE_LOOP('',(#18223,#18224,#18225,#18226));
#18223 = ORIENTED_EDGE('',*,*,#3680,.F.);
#18224 = ORIENTED_EDGE('',*,*,#16610,.F.);
#18225 = ORIENTED_EDGE('',*,*,#9852,.T.);
#18226 = ORIENTED_EDGE('',*,*,#16635,.T.);
#18227 = ADVANCED_FACE('',(#18228),#3811,.F.);
#18228 = FACE_BOUND('',#18229,.F.);
#18229 = EDGE_LOOP('',(#18230,#18231,#18232,#18233));
#18230 = ORIENTED_EDGE('',*,*,#3795,.F.);
#18231 = ORIENTED_EDGE('',*,*,#16660,.F.);
#18232 = ORIENTED_EDGE('',*,*,#9947,.T.);
#18233 = ORIENTED_EDGE('',*,*,#16685,.T.);
#18234 = ADVANCED_FACE('',(#18235),#3926,.F.);
#18235 = FACE_BOUND('',#18236,.F.);
#18236 = EDGE_LOOP('',(#18237,#18238,#18239,#18240));
#18237 = ORIENTED_EDGE('',*,*,#3910,.F.);
#18238 = ORIENTED_EDGE('',*,*,#16710,.F.);
#18239 = ORIENTED_EDGE('',*,*,#10042,.T.);
#18240 = ORIENTED_EDGE('',*,*,#16735,.T.);
#18241 = ADVANCED_FACE('',(#18242),#4041,.F.);
#18242 = FACE_BOUND('',#18243,.F.);
#18243 = EDGE_LOOP('',(#18244,#18245,#18246,#18247));
#18244 = ORIENTED_EDGE('',*,*,#4025,.F.);
#18245 = ORIENTED_EDGE('',*,*,#16760,.F.);
#18246 = ORIENTED_EDGE('',*,*,#10137,.T.);
#18247 = ORIENTED_EDGE('',*,*,#16785,.T.);
#18248 = ADVANCED_FACE('',(#18249),#4156,.F.);
#18249 = FACE_BOUND('',#18250,.F.);
#18250 = EDGE_LOOP('',(#18251,#18252,#18253,#18254));
#18251 = ORIENTED_EDGE('',*,*,#4140,.F.);
#18252 = ORIENTED_EDGE('',*,*,#16810,.F.);
#18253 = ORIENTED_EDGE('',*,*,#10232,.T.);
#18254 = ORIENTED_EDGE('',*,*,#16835,.T.);
#18255 = ADVANCED_FACE('',(#18256),#4271,.F.);
#18256 = FACE_BOUND('',#18257,.F.);
#18257 = EDGE_LOOP('',(#18258,#18259,#18260,#18261));
#18258 = ORIENTED_EDGE('',*,*,#4255,.F.);
#18259 = ORIENTED_EDGE('',*,*,#16860,.F.);
#18260 = ORIENTED_EDGE('',*,*,#10327,.T.);
#18261 = ORIENTED_EDGE('',*,*,#16885,.T.);
#18262 = ADVANCED_FACE('',(#18263),#4386,.F.);
#18263 = FACE_BOUND('',#18264,.F.);
#18264 = EDGE_LOOP('',(#18265,#18266,#18267,#18268));
#18265 = ORIENTED_EDGE('',*,*,#4370,.F.);
#18266 = ORIENTED_EDGE('',*,*,#16910,.F.);
#18267 = ORIENTED_EDGE('',*,*,#10422,.T.);
#18268 = ORIENTED_EDGE('',*,*,#16935,.T.);
#18269 = ADVANCED_FACE('',(#18270),#4501,.F.);
#18270 = FACE_BOUND('',#18271,.F.);
#18271 = EDGE_LOOP('',(#18272,#18273,#18274,#18275));
#18272 = ORIENTED_EDGE('',*,*,#4485,.F.);
#18273 = ORIENTED_EDGE('',*,*,#16960,.F.);
#18274 = ORIENTED_EDGE('',*,*,#10517,.T.);
#18275 = ORIENTED_EDGE('',*,*,#16985,.T.);
#18276 = ADVANCED_FACE('',(#18277),#4616,.F.);
#18277 = FACE_BOUND('',#18278,.F.);
#18278 = EDGE_LOOP('',(#18279,#18280,#18281,#18282));
#18279 = ORIENTED_EDGE('',*,*,#4600,.F.);
#18280 = ORIENTED_EDGE('',*,*,#17010,.F.);
#18281 = ORIENTED_EDGE('',*,*,#10612,.T.);
#18282 = ORIENTED_EDGE('',*,*,#17035,.T.);
#18283 = ADVANCED_FACE('',(#18284),#4731,.F.);
#18284 = FACE_BOUND('',#18285,.F.);
#18285 = EDGE_LOOP('',(#18286,#18287,#18288,#18289));
#18286 = ORIENTED_EDGE('',*,*,#4715,.F.);
#18287 = ORIENTED_EDGE('',*,*,#17060,.F.);
#18288 = ORIENTED_EDGE('',*,*,#10707,.T.);
#18289 = ORIENTED_EDGE('',*,*,#17085,.T.);
#18290 = ADVANCED_FACE('',(#18291),#4846,.F.);
#18291 = FACE_BOUND('',#18292,.F.);
#18292 = EDGE_LOOP('',(#18293,#18294,#18295,#18296));
#18293 = ORIENTED_EDGE('',*,*,#4830,.F.);
#18294 = ORIENTED_EDGE('',*,*,#17110,.F.);
#18295 = ORIENTED_EDGE('',*,*,#10802,.T.);
#18296 = ORIENTED_EDGE('',*,*,#17135,.T.);
#18297 = ADVANCED_FACE('',(#18298),#4961,.F.);
#18298 = FACE_BOUND('',#18299,.F.);
#18299 = EDGE_LOOP('',(#18300,#18301,#18302,#18303));
#18300 = ORIENTED_EDGE('',*,*,#4945,.F.);
#18301 = ORIENTED_EDGE('',*,*,#17160,.F.);
#18302 = ORIENTED_EDGE('',*,*,#10897,.T.);
#18303 = ORIENTED_EDGE('',*,*,#17185,.T.);
#18304 = ADVANCED_FACE('',(#18305),#5076,.F.);
#18305 = FACE_BOUND('',#18306,.F.);
#18306 = EDGE_LOOP('',(#18307,#18308,#18309,#18310));
#18307 = ORIENTED_EDGE('',*,*,#5060,.F.);
#18308 = ORIENTED_EDGE('',*,*,#17210,.F.);
#18309 = ORIENTED_EDGE('',*,*,#10992,.T.);
#18310 = ORIENTED_EDGE('',*,*,#17235,.T.);
#18311 = ADVANCED_FACE('',(#18312),#5365,.T.);
#18312 = FACE_BOUND('',#18313,.T.);
#18313 = EDGE_LOOP('',(#18314,#18315,#18316,#18317));
#18314 = ORIENTED_EDGE('',*,*,#5349,.F.);
#18315 = ORIENTED_EDGE('',*,*,#17347,.F.);
#18316 = ORIENTED_EDGE('',*,*,#11231,.T.);
#18317 = ORIENTED_EDGE('',*,*,#17322,.T.);
#18318 = ADVANCED_FACE('',(#18319),#5480,.T.);
#18319 = FACE_BOUND('',#18320,.T.);
#18320 = EDGE_LOOP('',(#18321,#18322,#18323,#18324));
#18321 = ORIENTED_EDGE('',*,*,#5464,.F.);
#18322 = ORIENTED_EDGE('',*,*,#17397,.F.);
#18323 = ORIENTED_EDGE('',*,*,#11326,.T.);
#18324 = ORIENTED_EDGE('',*,*,#17372,.T.);
#18325 = ADVANCED_FACE('',(#18326),#5595,.T.);
#18326 = FACE_BOUND('',#18327,.T.);
#18327 = EDGE_LOOP('',(#18328,#18329,#18330,#18331));
#18328 = ORIENTED_EDGE('',*,*,#5579,.F.);
#18329 = ORIENTED_EDGE('',*,*,#17447,.F.);
#18330 = ORIENTED_EDGE('',*,*,#11421,.T.);
#18331 = ORIENTED_EDGE('',*,*,#17422,.T.);
#18332 = ADVANCED_FACE('',(#18333),#5710,.T.);
#18333 = FACE_BOUND('',#18334,.T.);
#18334 = EDGE_LOOP('',(#18335,#18336,#18337,#18338));
#18335 = ORIENTED_EDGE('',*,*,#5694,.F.);
#18336 = ORIENTED_EDGE('',*,*,#17497,.F.);
#18337 = ORIENTED_EDGE('',*,*,#11516,.T.);
#18338 = ORIENTED_EDGE('',*,*,#17472,.T.);
#18339 = ADVANCED_FACE('',(#18340),#5825,.T.);
#18340 = FACE_BOUND('',#18341,.T.);
#18341 = EDGE_LOOP('',(#18342,#18343,#18344,#18345));
#18342 = ORIENTED_EDGE('',*,*,#5809,.F.);
#18343 = ORIENTED_EDGE('',*,*,#17547,.F.);
#18344 = ORIENTED_EDGE('',*,*,#11611,.T.);
#18345 = ORIENTED_EDGE('',*,*,#17522,.T.);
#18346 = ADVANCED_FACE('',(#18347),#5940,.T.);
#18347 = FACE_BOUND('',#18348,.T.);
#18348 = EDGE_LOOP('',(#18349,#18350,#18351,#18352));
#18349 = ORIENTED_EDGE('',*,*,#5924,.F.);
#18350 = ORIENTED_EDGE('',*,*,#17597,.F.);
#18351 = ORIENTED_EDGE('',*,*,#11706,.T.);
#18352 = ORIENTED_EDGE('',*,*,#17572,.T.);
#18353 = ADVANCED_FACE('',(#18354),#6055,.T.);
#18354 = FACE_BOUND('',#18355,.T.);
#18355 = EDGE_LOOP('',(#18356,#18357,#18358,#18359));
#18356 = ORIENTED_EDGE('',*,*,#6039,.F.);
#18357 = ORIENTED_EDGE('',*,*,#17647,.F.);
#18358 = ORIENTED_EDGE('',*,*,#11801,.T.);
#18359 = ORIENTED_EDGE('',*,*,#17622,.T.);
#18360 = ADVANCED_FACE('',(#18361),#6170,.T.);
#18361 = FACE_BOUND('',#18362,.T.);
#18362 = EDGE_LOOP('',(#18363,#18364,#18365,#18366));
#18363 = ORIENTED_EDGE('',*,*,#6154,.F.);
#18364 = ORIENTED_EDGE('',*,*,#17697,.F.);
#18365 = ORIENTED_EDGE('',*,*,#11896,.T.);
#18366 = ORIENTED_EDGE('',*,*,#17672,.T.);
#18367 = ADVANCED_FACE('',(#18368),#6285,.T.);
#18368 = FACE_BOUND('',#18369,.T.);
#18369 = EDGE_LOOP('',(#18370,#18371,#18372,#18373));
#18370 = ORIENTED_EDGE('',*,*,#6269,.F.);
#18371 = ORIENTED_EDGE('',*,*,#17747,.F.);
#18372 = ORIENTED_EDGE('',*,*,#11991,.T.);
#18373 = ORIENTED_EDGE('',*,*,#17722,.T.);
#18374 = ADVANCED_FACE('',(#18375),#6400,.T.);
#18375 = FACE_BOUND('',#18376,.T.);
#18376 = EDGE_LOOP('',(#18377,#18378,#18379,#18380));
#18377 = ORIENTED_EDGE('',*,*,#6384,.F.);
#18378 = ORIENTED_EDGE('',*,*,#17797,.F.);
#18379 = ORIENTED_EDGE('',*,*,#12086,.T.);
#18380 = ORIENTED_EDGE('',*,*,#17772,.T.);
#18381 = ADVANCED_FACE('',(#18382),#6515,.T.);
#18382 = FACE_BOUND('',#18383,.T.);
#18383 = EDGE_LOOP('',(#18384,#18385,#18386,#18387));
#18384 = ORIENTED_EDGE('',*,*,#6499,.F.);
#18385 = ORIENTED_EDGE('',*,*,#17847,.F.);
#18386 = ORIENTED_EDGE('',*,*,#12181,.T.);
#18387 = ORIENTED_EDGE('',*,*,#17822,.T.);
#18388 = ADVANCED_FACE('',(#18389),#6630,.T.);
#18389 = FACE_BOUND('',#18390,.T.);
#18390 = EDGE_LOOP('',(#18391,#18392,#18393,#18394));
#18391 = ORIENTED_EDGE('',*,*,#6614,.F.);
#18392 = ORIENTED_EDGE('',*,*,#17897,.F.);
#18393 = ORIENTED_EDGE('',*,*,#12276,.T.);
#18394 = ORIENTED_EDGE('',*,*,#17872,.T.);
#18395 = ADVANCED_FACE('',(#18396),#6745,.T.);
#18396 = FACE_BOUND('',#18397,.T.);
#18397 = EDGE_LOOP('',(#18398,#18399,#18400,#18401));
#18398 = ORIENTED_EDGE('',*,*,#6729,.F.);
#18399 = ORIENTED_EDGE('',*,*,#17947,.F.);
#18400 = ORIENTED_EDGE('',*,*,#12371,.T.);
#18401 = ORIENTED_EDGE('',*,*,#17922,.T.);
#18402 = ADVANCED_FACE('',(#18403),#6860,.T.);
#18403 = FACE_BOUND('',#18404,.T.);
#18404 = EDGE_LOOP('',(#18405,#18406,#18407,#18408));
#18405 = ORIENTED_EDGE('',*,*,#6844,.F.);
#18406 = ORIENTED_EDGE('',*,*,#17997,.F.);
#18407 = ORIENTED_EDGE('',*,*,#12466,.T.);
#18408 = ORIENTED_EDGE('',*,*,#17972,.T.);
#18409 = ( GEOMETRIC_REPRESENTATION_CONTEXT(3) 
GLOBAL_UNCERTAINTY_ASSIGNED_CONTEXT((#18413)) 
GLOBAL_UNIT_ASSIGNED_CONTEXT((#18410,#18411,#18412)) 
REPRESENTATION_CONTEXT('Context #1',
  '3D Context with UNIT and UNCERTAINTY') );
#18410 = ( LENGTH_UNIT() NAMED_UNIT(*) SI_UNIT(.MILLI.,.METRE.) );
#18411 = ( NAMED_UNIT(*) PLANE_ANGLE_UNIT() SI_UNIT($,.RADIAN.) );
#18412 = ( NAMED_UNIT(*) SI_UNIT($,.STERADIAN.) SOLID_ANGLE_UNIT() );
#18413 = UNCERTAINTY_MEASURE_WITH_UNIT(LENGTH_MEASURE(1.E-07),#18410,
  'distance_accuracy_value','confusion accuracy');
#18414 = PRODUCT_RELATED_PRODUCT_CATEGORY('part',$,(#7));
ENDSEC;
END-ISO-10303-21;
